time,vin,clk,v_code,code
0.000000000000000000e+00,4.887585530000000114e-04,1.000000000000000000e+00,9.775171065493646130e-04,1.000000000000000000e+00
1.000000000000000062e-09,7.327200880000000463e-04,1.000000000000000000e+00,9.775171065493646130e-04,1.000000000000000000e+00
2.000000000000000125e-09,9.766816219999999767e-04,1.000000000000000000e+00,9.775171065493646130e-04,1.000000000000000000e+00
2.999999999999999980e-09,1.220643160000000000e-03,0.000000000000000000e+00,9.775171065493646130e-04,1.000000000000000000e+00
4.000000000000000249e-09,1.464604690000000055e-03,1.000000000000000000e+00,1.955034213098729226e-03,2.000000000000000000e+00
5.000000000000000105e-09,1.708566219999999893e-03,0.000000000000000000e+00,1.955034213098729226e-03,2.000000000000000000e+00
5.999999999999999960e-09,1.952527759999999907e-03,0.000000000000000000e+00,1.955034213098729226e-03,2.000000000000000000e+00
6.999999999999999816e-09,2.196489289999999962e-03,0.000000000000000000e+00,1.955034213098729226e-03,2.000000000000000000e+00
8.000000000000000498e-09,2.440450829999999977e-03,1.000000000000000000e+00,2.932551319648093839e-03,3.000000000000000000e+00
8.999999999999999527e-09,2.684412360000000032e-03,0.000000000000000000e+00,2.932551319648093839e-03,3.000000000000000000e+00
1.000000000000000021e-08,2.928373900000000047e-03,0.000000000000000000e+00,2.932551319648093839e-03,3.000000000000000000e+00
1.099999999999999924e-08,3.172335430000000102e-03,0.000000000000000000e+00,2.932551319648093839e-03,3.000000000000000000e+00
1.199999999999999992e-08,3.416296960000000157e-03,0.000000000000000000e+00,3.910068426197458452e-03,4.000000000000000000e+00
1.300000000000000060e-08,3.660258500000000172e-03,0.000000000000000000e+00,3.910068426197458452e-03,4.000000000000000000e+00
1.399999999999999963e-08,3.904220029999999793e-03,0.000000000000000000e+00,3.910068426197458452e-03,4.000000000000000000e+00
1.499999999999999866e-08,4.148181570000000241e-03,0.000000000000000000e+00,3.910068426197458452e-03,4.000000000000000000e+00
1.600000000000000100e-08,4.392143099999999863e-03,1.000000000000000000e+00,4.887585532746823065e-03,5.000000000000000000e+00
1.700000000000000002e-08,4.636104640000000311e-03,0.000000000000000000e+00,4.887585532746823065e-03,5.000000000000000000e+00
1.799999999999999905e-08,4.880066169999999932e-03,0.000000000000000000e+00,4.887585532746823065e-03,5.000000000000000000e+00
1.900000000000000139e-08,5.124027700000000421e-03,1.000000000000000000e+00,4.887585532746823065e-03,5.000000000000000000e+00
2.000000000000000042e-08,5.367989240000000002e-03,0.000000000000000000e+00,5.865102639296187678e-03,6.000000000000000000e+00
2.099999999999999945e-08,5.611950769999999623e-03,0.000000000000000000e+00,5.865102639296187678e-03,6.000000000000000000e+00
2.199999999999999848e-08,5.855912310000000072e-03,0.000000000000000000e+00,5.865102639296187678e-03,6.000000000000000000e+00
2.300000000000000081e-08,6.099873839999999693e-03,0.000000000000000000e+00,5.865102639296187678e-03,6.000000000000000000e+00
2.399999999999999984e-08,6.343835380000000142e-03,0.000000000000000000e+00,6.842619745845552291e-03,7.000000000000000000e+00
2.499999999999999887e-08,6.587796909999999763e-03,0.000000000000000000e+00,6.842619745845552291e-03,7.000000000000000000e+00
2.600000000000000121e-08,6.831758440000000251e-03,0.000000000000000000e+00,6.842619745845552291e-03,7.000000000000000000e+00
2.700000000000000023e-08,7.075719979999999833e-03,0.000000000000000000e+00,6.842619745845552291e-03,7.000000000000000000e+00
2.799999999999999926e-08,7.319681510000000321e-03,0.000000000000000000e+00,7.820136852394916904e-03,8.000000000000000000e+00
2.900000000000000160e-08,7.563643049999999902e-03,0.000000000000000000e+00,7.820136852394916904e-03,8.000000000000000000e+00
2.999999999999999732e-08,7.807604580000000391e-03,0.000000000000000000e+00,7.820136852394916904e-03,8.000000000000000000e+00
3.099999999999999966e-08,8.051566120000000840e-03,0.000000000000000000e+00,7.820136852394916904e-03,8.000000000000000000e+00
3.200000000000000199e-08,8.295527650000000461e-03,1.000000000000000000e+00,8.797653958944280650e-03,9.000000000000000000e+00
3.299999999999999771e-08,8.539489180000000082e-03,0.000000000000000000e+00,8.797653958944280650e-03,9.000000000000000000e+00
3.400000000000000005e-08,8.783450720000000531e-03,0.000000000000000000e+00,8.797653958944280650e-03,9.000000000000000000e+00
3.500000000000000239e-08,9.027412250000000152e-03,1.000000000000000000e+00,8.797653958944280650e-03,9.000000000000000000e+00
3.599999999999999811e-08,9.271373790000000600e-03,0.000000000000000000e+00,9.775171065493646130e-03,1.000000000000000000e+01
3.700000000000000044e-08,9.515335320000000222e-03,0.000000000000000000e+00,9.775171065493646130e-03,1.000000000000000000e+01
3.800000000000000278e-08,9.759296860000000670e-03,1.000000000000000000e+00,9.775171065493646130e-03,1.000000000000000000e+01
3.899999999999999850e-08,1.000325839999999938e-02,0.000000000000000000e+00,9.775171065493646130e-03,1.000000000000000000e+01
4.000000000000000084e-08,1.024721989999999999e-02,0.000000000000000000e+00,9.775171065493646130e-03,1.000000000000000000e+01
4.100000000000000317e-08,1.049118150000000020e-02,1.000000000000000000e+00,1.075268817204301161e-02,1.100000000000000000e+01
4.199999999999999889e-08,1.073514300000000081e-02,0.000000000000000000e+00,1.075268817204301161e-02,1.100000000000000000e+01
4.300000000000000123e-08,1.097910449999999968e-02,0.000000000000000000e+00,1.075268817204301161e-02,1.100000000000000000e+01
4.399999999999999695e-08,1.122306609999999989e-02,0.000000000000000000e+00,1.075268817204301161e-02,1.100000000000000000e+01
4.499999999999999929e-08,1.146702760000000050e-02,0.000000000000000000e+00,1.173020527859237536e-02,1.200000000000000000e+01
4.600000000000000162e-08,1.171098909999999937e-02,0.000000000000000000e+00,1.173020527859237536e-02,1.200000000000000000e+01
4.699999999999999734e-08,1.195495069999999958e-02,0.000000000000000000e+00,1.173020527859237536e-02,1.200000000000000000e+01
4.799999999999999968e-08,1.219891220000000019e-02,0.000000000000000000e+00,1.173020527859237536e-02,1.200000000000000000e+01
4.900000000000000202e-08,1.244287370000000080e-02,0.000000000000000000e+00,1.270772238514173910e-02,1.300000000000000000e+01
4.999999999999999774e-08,1.268683529999999927e-02,0.000000000000000000e+00,1.270772238514173910e-02,1.300000000000000000e+01
5.100000000000000007e-08,1.293079679999999988e-02,0.000000000000000000e+00,1.270772238514173910e-02,1.300000000000000000e+01
5.200000000000000241e-08,1.317475830000000049e-02,0.000000000000000000e+00,1.270772238514173910e-02,1.300000000000000000e+01
5.299999999999999813e-08,1.341871990000000070e-02,0.000000000000000000e+00,1.368523949169110458e-02,1.400000000000000000e+01
5.400000000000000047e-08,1.366268139999999957e-02,0.000000000000000000e+00,1.368523949169110458e-02,1.400000000000000000e+01
5.500000000000000281e-08,1.390664290000000018e-02,0.000000000000000000e+00,1.368523949169110458e-02,1.400000000000000000e+01
5.599999999999999852e-08,1.415060450000000039e-02,0.000000000000000000e+00,1.368523949169110458e-02,1.400000000000000000e+01
5.700000000000000086e-08,1.439456599999999926e-02,0.000000000000000000e+00,1.466275659824047006e-02,1.500000000000000000e+01
5.800000000000000320e-08,1.463852749999999987e-02,0.000000000000000000e+00,1.466275659824047006e-02,1.500000000000000000e+01
5.899999999999999892e-08,1.488248910000000008e-02,0.000000000000000000e+00,1.466275659824047006e-02,1.500000000000000000e+01
5.999999999999999464e-08,1.512645060000000069e-02,0.000000000000000000e+00,1.466275659824047006e-02,1.500000000000000000e+01
6.100000000000000359e-08,1.537041209999999956e-02,0.000000000000000000e+00,1.564027370478983381e-02,1.600000000000000000e+01
6.199999999999999931e-08,1.561437369999999977e-02,0.000000000000000000e+00,1.564027370478983381e-02,1.600000000000000000e+01
6.299999999999999503e-08,1.585833520000000038e-02,0.000000000000000000e+00,1.564027370478983381e-02,1.600000000000000000e+01
6.400000000000000399e-08,1.610229670000000099e-02,1.000000000000000000e+00,1.564027370478983381e-02,1.600000000000000000e+01
6.499999999999999971e-08,1.634625829999999946e-02,0.000000000000000000e+00,1.661779081133919755e-02,1.700000000000000000e+01
6.599999999999999543e-08,1.659021980000000007e-02,0.000000000000000000e+00,1.661779081133919755e-02,1.700000000000000000e+01
6.700000000000000438e-08,1.683418139999999855e-02,1.000000000000000000e+00,1.661779081133919755e-02,1.700000000000000000e+01
6.800000000000000010e-08,1.707814289999999915e-02,0.000000000000000000e+00,1.661779081133919755e-02,1.700000000000000000e+01
6.899999999999999582e-08,1.732210439999999976e-02,0.000000000000000000e+00,1.759530791788856130e-02,1.800000000000000000e+01
7.000000000000000477e-08,1.756606600000000171e-02,1.000000000000000000e+00,1.759530791788856130e-02,1.800000000000000000e+01
7.100000000000000049e-08,1.781002749999999885e-02,0.000000000000000000e+00,1.759530791788856130e-02,1.800000000000000000e+01
7.199999999999999621e-08,1.805398899999999945e-02,0.000000000000000000e+00,1.759530791788856130e-02,1.800000000000000000e+01
7.300000000000000517e-08,1.829795060000000140e-02,1.000000000000000000e+00,1.857282502443792851e-02,1.900000000000000000e+01
7.400000000000000089e-08,1.854191209999999854e-02,0.000000000000000000e+00,1.857282502443792851e-02,1.900000000000000000e+01
7.499999999999999661e-08,1.878587359999999915e-02,0.000000000000000000e+00,1.857282502443792851e-02,1.900000000000000000e+01
7.600000000000000556e-08,1.902983520000000109e-02,1.000000000000000000e+00,1.857282502443792851e-02,1.900000000000000000e+01
7.700000000000000128e-08,1.927379670000000170e-02,0.000000000000000000e+00,1.955034213098729226e-02,2.000000000000000000e+01
7.799999999999999700e-08,1.951775819999999884e-02,0.000000000000000000e+00,1.955034213098729226e-02,2.000000000000000000e+01
7.900000000000000595e-08,1.976171980000000078e-02,1.000000000000000000e+00,1.955034213098729226e-02,2.000000000000000000e+01
8.000000000000000167e-08,2.000568130000000139e-02,0.000000000000000000e+00,1.955034213098729226e-02,2.000000000000000000e+01
8.099999999999999739e-08,2.024964279999999853e-02,0.000000000000000000e+00,2.052785923753665601e-02,2.100000000000000000e+01
8.200000000000000635e-08,2.049360440000000047e-02,1.000000000000000000e+00,2.052785923753665601e-02,2.100000000000000000e+01
8.300000000000000207e-08,2.073756590000000108e-02,0.000000000000000000e+00,2.052785923753665601e-02,2.100000000000000000e+01
8.399999999999999779e-08,2.098152740000000169e-02,0.000000000000000000e+00,2.052785923753665601e-02,2.100000000000000000e+01
8.499999999999999351e-08,2.122548900000000016e-02,0.000000000000000000e+00,2.150537634408602322e-02,2.200000000000000000e+01
8.600000000000000246e-08,2.146945050000000077e-02,0.000000000000000000e+00,2.150537634408602322e-02,2.200000000000000000e+01
8.699999999999999818e-08,2.171341200000000138e-02,0.000000000000000000e+00,2.150537634408602322e-02,2.200000000000000000e+01
8.799999999999999390e-08,2.195737359999999985e-02,0.000000000000000000e+00,2.150537634408602322e-02,2.200000000000000000e+01
8.900000000000000285e-08,2.220133510000000046e-02,0.000000000000000000e+00,2.248289345063538697e-02,2.300000000000000000e+01
8.999999999999999857e-08,2.244529660000000107e-02,0.000000000000000000e+00,2.248289345063538697e-02,2.300000000000000000e+01
9.099999999999999429e-08,2.268925819999999954e-02,0.000000000000000000e+00,2.248289345063538697e-02,2.300000000000000000e+01
9.200000000000000325e-08,2.293321970000000015e-02,0.000000000000000000e+00,2.248289345063538697e-02,2.300000000000000000e+01
9.299999999999999897e-08,2.317718120000000076e-02,0.000000000000000000e+00,2.346041055718475071e-02,2.400000000000000000e+01
9.399999999999999469e-08,2.342114279999999923e-02,0.000000000000000000e+00,2.346041055718475071e-02,2.400000000000000000e+01
9.500000000000000364e-08,2.366510429999999984e-02,0.000000000000000000e+00,2.346041055718475071e-02,2.400000000000000000e+01
9.599999999999999936e-08,2.390906580000000045e-02,0.000000000000000000e+00,2.346041055718475071e-02,2.400000000000000000e+01
9.699999999999999508e-08,2.415302739999999893e-02,0.000000000000000000e+00,2.443792766373411446e-02,2.500000000000000000e+01
9.800000000000000404e-08,2.439698889999999953e-02,0.000000000000000000e+00,2.443792766373411446e-02,2.500000000000000000e+01
9.899999999999999976e-08,2.464095040000000014e-02,0.000000000000000000e+00,2.443792766373411446e-02,2.500000000000000000e+01
9.999999999999999547e-08,2.488491199999999862e-02,0.000000000000000000e+00,2.443792766373411446e-02,2.500000000000000000e+01
1.010000000000000044e-07,2.512887349999999922e-02,0.000000000000000000e+00,2.541544477028347820e-02,2.600000000000000000e+01
1.020000000000000001e-07,2.537283510000000117e-02,0.000000000000000000e+00,2.541544477028347820e-02,2.600000000000000000e+01
1.029999999999999959e-07,2.561679659999999831e-02,0.000000000000000000e+00,2.541544477028347820e-02,2.600000000000000000e+01
1.040000000000000048e-07,2.586075809999999892e-02,0.000000000000000000e+00,2.541544477028347820e-02,2.600000000000000000e+01
1.050000000000000005e-07,2.610471970000000086e-02,0.000000000000000000e+00,2.639296187683284542e-02,2.700000000000000000e+01
1.059999999999999963e-07,2.634868120000000147e-02,0.000000000000000000e+00,2.639296187683284542e-02,2.700000000000000000e+01
1.070000000000000052e-07,2.659264269999999861e-02,0.000000000000000000e+00,2.639296187683284542e-02,2.700000000000000000e+01
1.080000000000000009e-07,2.683660430000000055e-02,0.000000000000000000e+00,2.639296187683284542e-02,2.700000000000000000e+01
1.089999999999999967e-07,2.708056580000000116e-02,0.000000000000000000e+00,2.737047898338220916e-02,2.800000000000000000e+01
1.100000000000000056e-07,2.732452729999999830e-02,0.000000000000000000e+00,2.737047898338220916e-02,2.800000000000000000e+01
1.110000000000000013e-07,2.756848890000000024e-02,0.000000000000000000e+00,2.737047898338220916e-02,2.800000000000000000e+01
1.119999999999999970e-07,2.781245040000000085e-02,0.000000000000000000e+00,2.737047898338220916e-02,2.800000000000000000e+01
1.130000000000000060e-07,2.805641190000000146e-02,0.000000000000000000e+00,2.834799608993157291e-02,2.900000000000000000e+01
1.140000000000000017e-07,2.830037349999999993e-02,0.000000000000000000e+00,2.834799608993157291e-02,2.900000000000000000e+01
1.149999999999999974e-07,2.854433500000000054e-02,0.000000000000000000e+00,2.834799608993157291e-02,2.900000000000000000e+01
1.160000000000000064e-07,2.878829650000000115e-02,0.000000000000000000e+00,2.834799608993157291e-02,2.900000000000000000e+01
1.170000000000000021e-07,2.903225809999999962e-02,0.000000000000000000e+00,2.932551319648094013e-02,3.000000000000000000e+01
1.179999999999999978e-07,2.927621960000000023e-02,0.000000000000000000e+00,2.932551319648094013e-02,3.000000000000000000e+01
1.189999999999999936e-07,2.952018110000000084e-02,0.000000000000000000e+00,2.932551319648094013e-02,3.000000000000000000e+01
1.199999999999999893e-07,2.976414269999999931e-02,0.000000000000000000e+00,2.932551319648094013e-02,3.000000000000000000e+01
1.210000000000000115e-07,3.000810419999999992e-02,1.000000000000000000e+00,3.030303030303030387e-02,3.100000000000000000e+01
1.220000000000000072e-07,3.025206570000000053e-02,0.000000000000000000e+00,3.030303030303030387e-02,3.100000000000000000e+01
1.230000000000000029e-07,3.049602729999999901e-02,0.000000000000000000e+00,3.030303030303030387e-02,3.100000000000000000e+01
1.239999999999999986e-07,3.073998879999999961e-02,0.000000000000000000e+00,3.030303030303030387e-02,3.100000000000000000e+01
1.249999999999999943e-07,3.098395030000000022e-02,0.000000000000000000e+00,3.128054740957966762e-02,3.200000000000000000e+01
1.259999999999999901e-07,3.122791189999999870e-02,0.000000000000000000e+00,3.128054740957966762e-02,3.200000000000000000e+01
1.270000000000000123e-07,3.147187340000000277e-02,1.000000000000000000e+00,3.128054740957966762e-02,3.200000000000000000e+01
1.280000000000000080e-07,3.171583490000000338e-02,1.000000000000000000e+00,3.128054740957966762e-02,3.200000000000000000e+01
1.290000000000000037e-07,3.195979649999999839e-02,0.000000000000000000e+00,3.225806451612903136e-02,3.300000000000000000e+01
1.299999999999999994e-07,3.220375799999999900e-02,0.000000000000000000e+00,3.225806451612903136e-02,3.300000000000000000e+01
1.309999999999999951e-07,3.244771949999999960e-02,0.000000000000000000e+00,3.225806451612903136e-02,3.300000000000000000e+01
1.319999999999999909e-07,3.269168110000000155e-02,0.000000000000000000e+00,3.225806451612903136e-02,3.300000000000000000e+01
1.330000000000000130e-07,3.293564260000000216e-02,1.000000000000000000e+00,3.323558162267839511e-02,3.400000000000000000e+01
1.340000000000000088e-07,3.317960410000000276e-02,1.000000000000000000e+00,3.323558162267839511e-02,3.400000000000000000e+01
1.350000000000000045e-07,3.342356569999999777e-02,0.000000000000000000e+00,3.323558162267839511e-02,3.400000000000000000e+01
1.360000000000000002e-07,3.366752719999999838e-02,0.000000000000000000e+00,3.323558162267839511e-02,3.400000000000000000e+01
1.369999999999999959e-07,3.391148880000000032e-02,0.000000000000000000e+00,3.421309872922775885e-02,3.500000000000000000e+01
1.379999999999999916e-07,3.415545030000000093e-02,0.000000000000000000e+00,3.421309872922775885e-02,3.500000000000000000e+01
1.389999999999999874e-07,3.439941180000000154e-02,0.000000000000000000e+00,3.421309872922775885e-02,3.500000000000000000e+01
1.400000000000000095e-07,3.464337339999999654e-02,1.000000000000000000e+00,3.421309872922775885e-02,3.500000000000000000e+01
1.410000000000000053e-07,3.488733489999999715e-02,0.000000000000000000e+00,3.519061583577712260e-02,3.600000000000000000e+01
1.420000000000000010e-07,3.513129639999999776e-02,0.000000000000000000e+00,3.519061583577712260e-02,3.600000000000000000e+01
1.429999999999999967e-07,3.537525799999999970e-02,0.000000000000000000e+00,3.519061583577712260e-02,3.600000000000000000e+01
1.439999999999999924e-07,3.561921950000000031e-02,0.000000000000000000e+00,3.519061583577712260e-02,3.600000000000000000e+01
1.449999999999999881e-07,3.586318100000000092e-02,0.000000000000000000e+00,3.616813294232649328e-02,3.700000000000000000e+01
1.460000000000000103e-07,3.610714260000000286e-02,1.000000000000000000e+00,3.616813294232649328e-02,3.700000000000000000e+01
1.470000000000000061e-07,3.635110409999999653e-02,0.000000000000000000e+00,3.616813294232649328e-02,3.700000000000000000e+01
1.480000000000000018e-07,3.659506559999999714e-02,0.000000000000000000e+00,3.616813294232649328e-02,3.700000000000000000e+01
1.489999999999999975e-07,3.683902719999999908e-02,0.000000000000000000e+00,3.714565004887585703e-02,3.800000000000000000e+01
1.499999999999999932e-07,3.708298869999999969e-02,0.000000000000000000e+00,3.714565004887585703e-02,3.800000000000000000e+01
1.509999999999999889e-07,3.732695020000000030e-02,0.000000000000000000e+00,3.714565004887585703e-02,3.800000000000000000e+01
1.520000000000000111e-07,3.757091180000000225e-02,1.000000000000000000e+00,3.714565004887585703e-02,3.800000000000000000e+01
1.530000000000000068e-07,3.781487330000000285e-02,0.000000000000000000e+00,3.812316715542522078e-02,3.900000000000000000e+01
1.540000000000000026e-07,3.805883480000000346e-02,0.000000000000000000e+00,3.812316715542522078e-02,3.900000000000000000e+01
1.549999999999999983e-07,3.830279639999999847e-02,0.000000000000000000e+00,3.812316715542522078e-02,3.900000000000000000e+01
1.559999999999999940e-07,3.854675789999999908e-02,0.000000000000000000e+00,3.812316715542522078e-02,3.900000000000000000e+01
1.569999999999999897e-07,3.879071939999999968e-02,0.000000000000000000e+00,3.910068426197458452e-02,4.000000000000000000e+01
1.580000000000000119e-07,3.903468100000000163e-02,1.000000000000000000e+00,3.910068426197458452e-02,4.000000000000000000e+01
1.590000000000000076e-07,3.927864250000000224e-02,0.000000000000000000e+00,3.910068426197458452e-02,4.000000000000000000e+01
1.600000000000000033e-07,3.952260400000000284e-02,0.000000000000000000e+00,3.910068426197458452e-02,4.000000000000000000e+01
1.609999999999999991e-07,3.976656559999999785e-02,0.000000000000000000e+00,4.007820136852394827e-02,4.100000000000000000e+01
1.619999999999999948e-07,4.001052709999999846e-02,0.000000000000000000e+00,4.007820136852394827e-02,4.100000000000000000e+01
1.629999999999999905e-07,4.025448859999999907e-02,0.000000000000000000e+00,4.007820136852394827e-02,4.100000000000000000e+01
1.640000000000000127e-07,4.049845020000000101e-02,1.000000000000000000e+00,4.007820136852394827e-02,4.100000000000000000e+01
1.650000000000000084e-07,4.074241170000000162e-02,0.000000000000000000e+00,4.105571847507331201e-02,4.200000000000000000e+01
1.660000000000000041e-07,4.098637320000000223e-02,0.000000000000000000e+00,4.105571847507331201e-02,4.200000000000000000e+01
1.669999999999999999e-07,4.123033479999999723e-02,0.000000000000000000e+00,4.105571847507331201e-02,4.200000000000000000e+01
1.679999999999999956e-07,4.147429629999999784e-02,0.000000000000000000e+00,4.105571847507331201e-02,4.200000000000000000e+01
1.689999999999999913e-07,4.171825779999999845e-02,0.000000000000000000e+00,4.203323558162267576e-02,4.300000000000000000e+01
1.699999999999999870e-07,4.196221940000000039e-02,0.000000000000000000e+00,4.203323558162267576e-02,4.300000000000000000e+01
1.710000000000000092e-07,4.220618090000000100e-02,0.000000000000000000e+00,4.203323558162267576e-02,4.300000000000000000e+01
1.720000000000000049e-07,4.245014250000000294e-02,0.000000000000000000e+00,4.203323558162267576e-02,4.300000000000000000e+01
1.730000000000000006e-07,4.269410399999999661e-02,0.000000000000000000e+00,4.301075268817204644e-02,4.400000000000000000e+01
1.739999999999999964e-07,4.293806549999999722e-02,0.000000000000000000e+00,4.301075268817204644e-02,4.400000000000000000e+01
1.749999999999999921e-07,4.318202709999999916e-02,0.000000000000000000e+00,4.301075268817204644e-02,4.400000000000000000e+01
1.759999999999999878e-07,4.342598859999999977e-02,0.000000000000000000e+00,4.301075268817204644e-02,4.400000000000000000e+01
1.770000000000000100e-07,4.366995010000000038e-02,0.000000000000000000e+00,4.398826979472141019e-02,4.500000000000000000e+01
1.780000000000000057e-07,4.391391170000000232e-02,0.000000000000000000e+00,4.398826979472141019e-02,4.500000000000000000e+01
1.790000000000000014e-07,4.415787320000000293e-02,0.000000000000000000e+00,4.398826979472141019e-02,4.500000000000000000e+01
1.799999999999999971e-07,4.440183469999999660e-02,0.000000000000000000e+00,4.398826979472141019e-02,4.500000000000000000e+01
1.809999999999999929e-07,4.464579629999999855e-02,0.000000000000000000e+00,4.496578690127077393e-02,4.600000000000000000e+01
1.819999999999999886e-07,4.488975779999999915e-02,0.000000000000000000e+00,4.496578690127077393e-02,4.600000000000000000e+01
1.830000000000000108e-07,4.513371929999999976e-02,0.000000000000000000e+00,4.496578690127077393e-02,4.600000000000000000e+01
1.840000000000000065e-07,4.537768090000000171e-02,0.000000000000000000e+00,4.496578690127077393e-02,4.600000000000000000e+01
1.850000000000000022e-07,4.562164240000000232e-02,0.000000000000000000e+00,4.594330400782013768e-02,4.700000000000000000e+01
1.859999999999999979e-07,4.586560390000000292e-02,0.000000000000000000e+00,4.594330400782013768e-02,4.700000000000000000e+01
1.869999999999999937e-07,4.610956549999999793e-02,0.000000000000000000e+00,4.594330400782013768e-02,4.700000000000000000e+01
1.879999999999999894e-07,4.635352699999999854e-02,0.000000000000000000e+00,4.594330400782013768e-02,4.700000000000000000e+01
1.890000000000000116e-07,4.659748849999999915e-02,0.000000000000000000e+00,4.692082111436950143e-02,4.800000000000000000e+01
1.900000000000000073e-07,4.684145010000000109e-02,0.000000000000000000e+00,4.692082111436950143e-02,4.800000000000000000e+01
1.910000000000000030e-07,4.708541160000000170e-02,0.000000000000000000e+00,4.692082111436950143e-02,4.800000000000000000e+01
1.919999999999999987e-07,4.732937310000000231e-02,0.000000000000000000e+00,4.692082111436950143e-02,4.800000000000000000e+01
1.929999999999999944e-07,4.757333469999999731e-02,0.000000000000000000e+00,4.789833822091886517e-02,4.900000000000000000e+01
1.939999999999999902e-07,4.781729619999999792e-02,0.000000000000000000e+00,4.789833822091886517e-02,4.900000000000000000e+01
1.950000000000000124e-07,4.806125769999999853e-02,1.000000000000000000e+00,4.789833822091886517e-02,4.900000000000000000e+01
1.960000000000000081e-07,4.830521930000000047e-02,0.000000000000000000e+00,4.789833822091886517e-02,4.900000000000000000e+01
1.970000000000000038e-07,4.854918080000000108e-02,0.000000000000000000e+00,4.887585532746822892e-02,5.000000000000000000e+01
1.979999999999999995e-07,4.879314230000000169e-02,0.000000000000000000e+00,4.887585532746822892e-02,5.000000000000000000e+01
1.989999999999999952e-07,4.903710389999999669e-02,0.000000000000000000e+00,4.887585532746822892e-02,5.000000000000000000e+01
1.999999999999999909e-07,4.928106539999999730e-02,0.000000000000000000e+00,4.887585532746822892e-02,5.000000000000000000e+01
2.010000000000000131e-07,4.952502689999999791e-02,1.000000000000000000e+00,4.985337243401759266e-02,5.100000000000000000e+01
2.020000000000000089e-07,4.976898849999999985e-02,0.000000000000000000e+00,4.985337243401759266e-02,5.100000000000000000e+01
2.030000000000000046e-07,5.001295000000000046e-02,0.000000000000000000e+00,4.985337243401759266e-02,5.100000000000000000e+01
2.040000000000000003e-07,5.025691150000000107e-02,0.000000000000000000e+00,4.985337243401759266e-02,5.100000000000000000e+01
2.049999999999999960e-07,5.050087310000000301e-02,0.000000000000000000e+00,5.083088954056695641e-02,5.200000000000000000e+01
2.059999999999999917e-07,5.074483459999999668e-02,0.000000000000000000e+00,5.083088954056695641e-02,5.200000000000000000e+01
2.069999999999999875e-07,5.098879619999999863e-02,0.000000000000000000e+00,5.083088954056695641e-02,5.200000000000000000e+01
2.080000000000000096e-07,5.123275769999999923e-02,0.000000000000000000e+00,5.083088954056695641e-02,5.200000000000000000e+01
2.090000000000000054e-07,5.147671919999999984e-02,0.000000000000000000e+00,5.180840664711632709e-02,5.300000000000000000e+01
2.100000000000000011e-07,5.172068080000000179e-02,0.000000000000000000e+00,5.180840664711632709e-02,5.300000000000000000e+01
2.109999999999999968e-07,5.196464230000000240e-02,0.000000000000000000e+00,5.180840664711632709e-02,5.300000000000000000e+01
2.119999999999999925e-07,5.220860380000000300e-02,0.000000000000000000e+00,5.180840664711632709e-02,5.300000000000000000e+01
2.129999999999999882e-07,5.245256539999999801e-02,0.000000000000000000e+00,5.278592375366569084e-02,5.400000000000000000e+01
2.140000000000000104e-07,5.269652689999999862e-02,0.000000000000000000e+00,5.278592375366569084e-02,5.400000000000000000e+01
2.150000000000000062e-07,5.294048839999999923e-02,0.000000000000000000e+00,5.278592375366569084e-02,5.400000000000000000e+01
2.160000000000000019e-07,5.318445000000000117e-02,0.000000000000000000e+00,5.278592375366569084e-02,5.400000000000000000e+01
2.169999999999999976e-07,5.342841150000000178e-02,0.000000000000000000e+00,5.376344086021505458e-02,5.500000000000000000e+01
2.179999999999999933e-07,5.367237300000000239e-02,0.000000000000000000e+00,5.376344086021505458e-02,5.500000000000000000e+01
2.189999999999999890e-07,5.391633459999999739e-02,0.000000000000000000e+00,5.376344086021505458e-02,5.500000000000000000e+01
2.200000000000000112e-07,5.416029609999999800e-02,0.000000000000000000e+00,5.376344086021505458e-02,5.500000000000000000e+01
2.210000000000000069e-07,5.440425759999999861e-02,0.000000000000000000e+00,5.474095796676441833e-02,5.600000000000000000e+01
2.220000000000000027e-07,5.464821920000000055e-02,0.000000000000000000e+00,5.474095796676441833e-02,5.600000000000000000e+01
2.229999999999999984e-07,5.489218070000000116e-02,0.000000000000000000e+00,5.474095796676441833e-02,5.600000000000000000e+01
2.239999999999999941e-07,5.513614220000000177e-02,0.000000000000000000e+00,5.474095796676441833e-02,5.600000000000000000e+01
2.249999999999999898e-07,5.538010379999999677e-02,0.000000000000000000e+00,5.571847507331378208e-02,5.700000000000000000e+01
2.260000000000000120e-07,5.562406529999999738e-02,0.000000000000000000e+00,5.571847507331378208e-02,5.700000000000000000e+01
2.270000000000000077e-07,5.586802679999999799e-02,0.000000000000000000e+00,5.571847507331378208e-02,5.700000000000000000e+01
2.280000000000000034e-07,5.611198839999999993e-02,0.000000000000000000e+00,5.571847507331378208e-02,5.700000000000000000e+01
2.289999999999999992e-07,5.635594990000000054e-02,0.000000000000000000e+00,5.669599217986314582e-02,5.800000000000000000e+01
2.299999999999999949e-07,5.659991140000000115e-02,0.000000000000000000e+00,5.669599217986314582e-02,5.800000000000000000e+01
2.309999999999999906e-07,5.684387300000000309e-02,0.000000000000000000e+00,5.669599217986314582e-02,5.800000000000000000e+01
2.320000000000000128e-07,5.708783449999999676e-02,0.000000000000000000e+00,5.669599217986314582e-02,5.800000000000000000e+01
2.330000000000000085e-07,5.733179599999999737e-02,0.000000000000000000e+00,5.767350928641250957e-02,5.900000000000000000e+01
2.340000000000000042e-07,5.757575759999999931e-02,0.000000000000000000e+00,5.767350928641250957e-02,5.900000000000000000e+01
2.350000000000000000e-07,5.781971909999999992e-02,0.000000000000000000e+00,5.767350928641250957e-02,5.900000000000000000e+01
2.359999999999999957e-07,5.806368060000000053e-02,0.000000000000000000e+00,5.767350928641250957e-02,5.900000000000000000e+01
2.369999999999999914e-07,5.830764220000000247e-02,0.000000000000000000e+00,5.865102639296188025e-02,6.000000000000000000e+01
2.379999999999999871e-07,5.855160370000000308e-02,0.000000000000000000e+00,5.865102639296188025e-02,6.000000000000000000e+01
2.390000000000000093e-07,5.879556519999999675e-02,0.000000000000000000e+00,5.865102639296188025e-02,6.000000000000000000e+01
2.399999999999999786e-07,5.903952679999999870e-02,0.000000000000000000e+00,5.865102639296188025e-02,6.000000000000000000e+01
2.410000000000000007e-07,5.928348829999999930e-02,0.000000000000000000e+00,5.962854349951124400e-02,6.100000000000000000e+01
2.420000000000000229e-07,5.952744990000000125e-02,1.000000000000000000e+00,5.962854349951124400e-02,6.100000000000000000e+01
2.429999999999999922e-07,5.977141140000000186e-02,0.000000000000000000e+00,5.962854349951124400e-02,6.100000000000000000e+01
2.440000000000000144e-07,6.001537290000000247e-02,0.000000000000000000e+00,5.962854349951124400e-02,6.100000000000000000e+01
2.449999999999999836e-07,6.025933449999999747e-02,0.000000000000000000e+00,6.060606060606060774e-02,6.200000000000000000e+01
2.460000000000000058e-07,6.050329599999999808e-02,0.000000000000000000e+00,6.060606060606060774e-02,6.200000000000000000e+01
2.469999999999999751e-07,6.074725749999999869e-02,0.000000000000000000e+00,6.060606060606060774e-02,6.200000000000000000e+01
2.479999999999999972e-07,6.099121910000000063e-02,0.000000000000000000e+00,6.060606060606060774e-02,6.200000000000000000e+01
2.490000000000000194e-07,6.123518060000000124e-02,1.000000000000000000e+00,6.158357771260997149e-02,6.300000000000000000e+01
2.499999999999999887e-07,6.147914210000000185e-02,0.000000000000000000e+00,6.158357771260997149e-02,6.300000000000000000e+01
2.510000000000000109e-07,6.172310369999999685e-02,0.000000000000000000e+00,6.158357771260997149e-02,6.300000000000000000e+01
2.519999999999999801e-07,6.196706519999999746e-02,0.000000000000000000e+00,6.158357771260997149e-02,6.300000000000000000e+01
2.530000000000000023e-07,6.221102669999999807e-02,0.000000000000000000e+00,6.256109481915933523e-02,6.400000000000000000e+01
2.540000000000000245e-07,6.245498830000000001e-02,1.000000000000000000e+00,6.256109481915933523e-02,6.400000000000000000e+01
2.549999999999999938e-07,6.269894980000000062e-02,0.000000000000000000e+00,6.256109481915933523e-02,6.400000000000000000e+01
2.560000000000000159e-07,6.294291130000000123e-02,1.000000000000000000e+00,6.256109481915933523e-02,6.400000000000000000e+01
2.569999999999999852e-07,6.318687289999999623e-02,0.000000000000000000e+00,6.353861192570869898e-02,6.500000000000000000e+01
2.580000000000000074e-07,6.343083439999999684e-02,0.000000000000000000e+00,6.353861192570869898e-02,6.500000000000000000e+01
2.589999999999999766e-07,6.367479589999999745e-02,0.000000000000000000e+00,6.353861192570869898e-02,6.500000000000000000e+01
2.599999999999999988e-07,6.391875750000000633e-02,0.000000000000000000e+00,6.353861192570869898e-02,6.500000000000000000e+01
2.610000000000000210e-07,6.416271899999999306e-02,1.000000000000000000e+00,6.451612903225806273e-02,6.600000000000000000e+01
2.619999999999999903e-07,6.440668049999999367e-02,0.000000000000000000e+00,6.451612903225806273e-02,6.600000000000000000e+01
2.630000000000000125e-07,6.465064210000000255e-02,0.000000000000000000e+00,6.451612903225806273e-02,6.600000000000000000e+01
2.639999999999999817e-07,6.489460360000000316e-02,0.000000000000000000e+00,6.451612903225806273e-02,6.600000000000000000e+01
2.650000000000000039e-07,6.513856510000000377e-02,0.000000000000000000e+00,6.549364613880742647e-02,6.700000000000000000e+01
2.660000000000000261e-07,6.538252669999999878e-02,1.000000000000000000e+00,6.549364613880742647e-02,6.700000000000000000e+01
2.669999999999999953e-07,6.562648819999999938e-02,0.000000000000000000e+00,6.549364613880742647e-02,6.700000000000000000e+01
2.680000000000000175e-07,6.587044969999999999e-02,1.000000000000000000e+00,6.549364613880742647e-02,6.700000000000000000e+01
2.689999999999999868e-07,6.611441129999999500e-02,0.000000000000000000e+00,6.647116324535679022e-02,6.800000000000000000e+01
2.700000000000000090e-07,6.635837279999999561e-02,0.000000000000000000e+00,6.647116324535679022e-02,6.800000000000000000e+01
2.709999999999999782e-07,6.660233429999999621e-02,0.000000000000000000e+00,6.647116324535679022e-02,6.800000000000000000e+01
2.720000000000000004e-07,6.684629590000000510e-02,0.000000000000000000e+00,6.647116324535679022e-02,6.800000000000000000e+01
2.730000000000000226e-07,6.709025740000000571e-02,1.000000000000000000e+00,6.744868035190615396e-02,6.900000000000000000e+01
2.739999999999999918e-07,6.733421890000000631e-02,0.000000000000000000e+00,6.744868035190615396e-02,6.900000000000000000e+01
2.750000000000000140e-07,6.757818050000000132e-02,0.000000000000000000e+00,6.744868035190615396e-02,6.900000000000000000e+01
2.759999999999999833e-07,6.782214200000000193e-02,0.000000000000000000e+00,6.744868035190615396e-02,6.900000000000000000e+01
2.770000000000000055e-07,6.806610350000000254e-02,0.000000000000000000e+00,6.842619745845551771e-02,7.000000000000000000e+01
2.779999999999999747e-07,6.831006509999999754e-02,0.000000000000000000e+00,6.842619745845551771e-02,7.000000000000000000e+01
2.789999999999999969e-07,6.855402659999999815e-02,0.000000000000000000e+00,6.842619745845551771e-02,7.000000000000000000e+01
2.800000000000000191e-07,6.879798819999999315e-02,1.000000000000000000e+00,6.842619745845551771e-02,7.000000000000000000e+01
2.809999999999999883e-07,6.904194969999999376e-02,0.000000000000000000e+00,6.940371456500488145e-02,7.100000000000000000e+01
2.820000000000000105e-07,6.928591119999999437e-02,0.000000000000000000e+00,6.940371456500488145e-02,7.100000000000000000e+01
2.829999999999999798e-07,6.952987280000000325e-02,0.000000000000000000e+00,6.940371456500488145e-02,7.100000000000000000e+01
2.840000000000000020e-07,6.977383430000000386e-02,0.000000000000000000e+00,6.940371456500488145e-02,7.100000000000000000e+01
2.850000000000000242e-07,7.001779580000000447e-02,1.000000000000000000e+00,7.038123167155424520e-02,7.200000000000000000e+01
2.859999999999999934e-07,7.026175739999999947e-02,0.000000000000000000e+00,7.038123167155424520e-02,7.200000000000000000e+01
2.870000000000000156e-07,7.050571890000000008e-02,0.000000000000000000e+00,7.038123167155424520e-02,7.200000000000000000e+01
2.879999999999999848e-07,7.074968040000000069e-02,0.000000000000000000e+00,7.038123167155424520e-02,7.200000000000000000e+01
2.890000000000000070e-07,7.099364199999999570e-02,0.000000000000000000e+00,7.135874877810362282e-02,7.300000000000000000e+01
2.899999999999999763e-07,7.123760349999999630e-02,0.000000000000000000e+00,7.135874877810362282e-02,7.300000000000000000e+01
2.909999999999999985e-07,7.148156499999999691e-02,0.000000000000000000e+00,7.135874877810362282e-02,7.300000000000000000e+01
2.920000000000000207e-07,7.172552660000000579e-02,1.000000000000000000e+00,7.135874877810362282e-02,7.300000000000000000e+01
2.929999999999999899e-07,7.196948810000000640e-02,0.000000000000000000e+00,7.233626588465298657e-02,7.400000000000000000e+01
2.940000000000000121e-07,7.221344959999999313e-02,0.000000000000000000e+00,7.233626588465298657e-02,7.400000000000000000e+01
2.949999999999999814e-07,7.245741120000000202e-02,0.000000000000000000e+00,7.233626588465298657e-02,7.400000000000000000e+01
2.960000000000000035e-07,7.270137270000000262e-02,0.000000000000000000e+00,7.233626588465298657e-02,7.400000000000000000e+01
2.970000000000000257e-07,7.294533420000000323e-02,1.000000000000000000e+00,7.331378299120235031e-02,7.500000000000000000e+01
2.979999999999999950e-07,7.318929579999999824e-02,0.000000000000000000e+00,7.331378299120235031e-02,7.500000000000000000e+01
2.990000000000000172e-07,7.343325729999999885e-02,0.000000000000000000e+00,7.331378299120235031e-02,7.500000000000000000e+01
2.999999999999999864e-07,7.367721879999999945e-02,0.000000000000000000e+00,7.331378299120235031e-02,7.500000000000000000e+01
3.010000000000000086e-07,7.392118039999999446e-02,0.000000000000000000e+00,7.429130009775171406e-02,7.600000000000000000e+01
3.019999999999999779e-07,7.416514189999999507e-02,0.000000000000000000e+00,7.429130009775171406e-02,7.600000000000000000e+01
3.030000000000000001e-07,7.440910339999999568e-02,0.000000000000000000e+00,7.429130009775171406e-02,7.600000000000000000e+01
3.040000000000000222e-07,7.465306500000000456e-02,1.000000000000000000e+00,7.429130009775171406e-02,7.600000000000000000e+01
3.049999999999999915e-07,7.489702650000000517e-02,0.000000000000000000e+00,7.526881720430107781e-02,7.700000000000000000e+01
3.060000000000000137e-07,7.514098800000000578e-02,0.000000000000000000e+00,7.526881720430107781e-02,7.700000000000000000e+01
3.069999999999999829e-07,7.538494960000000078e-02,0.000000000000000000e+00,7.526881720430107781e-02,7.700000000000000000e+01
3.080000000000000051e-07,7.562891110000000139e-02,0.000000000000000000e+00,7.526881720430107781e-02,7.700000000000000000e+01
3.089999999999999744e-07,7.587287260000000200e-02,0.000000000000000000e+00,7.624633431085044155e-02,7.800000000000000000e+01
3.099999999999999966e-07,7.611683419999999700e-02,0.000000000000000000e+00,7.624633431085044155e-02,7.800000000000000000e+01
3.110000000000000187e-07,7.636079569999999761e-02,0.000000000000000000e+00,7.624633431085044155e-02,7.800000000000000000e+01
3.119999999999999880e-07,7.660475719999999822e-02,0.000000000000000000e+00,7.624633431085044155e-02,7.800000000000000000e+01
3.130000000000000102e-07,7.684871879999999322e-02,0.000000000000000000e+00,7.722385141739980530e-02,7.900000000000000000e+01
3.139999999999999794e-07,7.709268029999999383e-02,0.000000000000000000e+00,7.722385141739980530e-02,7.900000000000000000e+01
3.150000000000000016e-07,7.733664190000000271e-02,0.000000000000000000e+00,7.722385141739980530e-02,7.900000000000000000e+01
3.160000000000000238e-07,7.758060340000000332e-02,1.000000000000000000e+00,7.722385141739980530e-02,7.900000000000000000e+01
3.169999999999999931e-07,7.782456490000000393e-02,0.000000000000000000e+00,7.820136852394916904e-02,8.000000000000000000e+01
3.180000000000000153e-07,7.806852649999999894e-02,0.000000000000000000e+00,7.820136852394916904e-02,8.000000000000000000e+01
3.189999999999999845e-07,7.831248799999999954e-02,0.000000000000000000e+00,7.820136852394916904e-02,8.000000000000000000e+01
3.200000000000000067e-07,7.855644950000000015e-02,0.000000000000000000e+00,7.820136852394916904e-02,8.000000000000000000e+01
3.209999999999999759e-07,7.880041109999999516e-02,0.000000000000000000e+00,7.917888563049853279e-02,8.100000000000000000e+01
3.219999999999999981e-07,7.904437259999999577e-02,0.000000000000000000e+00,7.917888563049853279e-02,8.100000000000000000e+01
3.230000000000000203e-07,7.928833409999999637e-02,1.000000000000000000e+00,7.917888563049853279e-02,8.100000000000000000e+01
3.239999999999999896e-07,7.953229570000000526e-02,0.000000000000000000e+00,7.917888563049853279e-02,8.100000000000000000e+01
3.250000000000000118e-07,7.977625720000000586e-02,0.000000000000000000e+00,8.015640273704789653e-02,8.200000000000000000e+01
3.259999999999999810e-07,8.002021870000000647e-02,0.000000000000000000e+00,8.015640273704789653e-02,8.200000000000000000e+01
3.270000000000000032e-07,8.026418030000000148e-02,0.000000000000000000e+00,8.015640273704789653e-02,8.200000000000000000e+01
3.280000000000000254e-07,8.050814180000000209e-02,1.000000000000000000e+00,8.015640273704789653e-02,8.200000000000000000e+01
3.289999999999999946e-07,8.075210330000000269e-02,0.000000000000000000e+00,8.113391984359726028e-02,8.300000000000000000e+01
3.300000000000000168e-07,8.099606489999999770e-02,0.000000000000000000e+00,8.113391984359726028e-02,8.300000000000000000e+01
3.309999999999999861e-07,8.124002639999999831e-02,0.000000000000000000e+00,8.113391984359726028e-02,8.300000000000000000e+01
3.320000000000000083e-07,8.148398789999999892e-02,0.000000000000000000e+00,8.113391984359726028e-02,8.300000000000000000e+01
3.329999999999999775e-07,8.172794949999999392e-02,0.000000000000000000e+00,8.211143695014662403e-02,8.400000000000000000e+01
3.339999999999999997e-07,8.197191099999999453e-02,0.000000000000000000e+00,8.211143695014662403e-02,8.400000000000000000e+01
3.350000000000000219e-07,8.221587249999999514e-02,1.000000000000000000e+00,8.211143695014662403e-02,8.400000000000000000e+01
3.359999999999999911e-07,8.245983410000000402e-02,0.000000000000000000e+00,8.211143695014662403e-02,8.400000000000000000e+01
3.370000000000000133e-07,8.270379560000000463e-02,0.000000000000000000e+00,8.308895405669598777e-02,8.500000000000000000e+01
3.379999999999999826e-07,8.294775710000000524e-02,0.000000000000000000e+00,8.308895405669598777e-02,8.500000000000000000e+01
3.390000000000000048e-07,8.319171870000000024e-02,0.000000000000000000e+00,8.308895405669598777e-02,8.500000000000000000e+01
3.399999999999999740e-07,8.343568020000000085e-02,0.000000000000000000e+00,8.308895405669598777e-02,8.500000000000000000e+01
3.409999999999999962e-07,8.367964170000000146e-02,0.000000000000000000e+00,8.406647116324535152e-02,8.600000000000000000e+01
3.420000000000000184e-07,8.392360329999999646e-02,0.000000000000000000e+00,8.406647116324535152e-02,8.600000000000000000e+01
3.429999999999999877e-07,8.416756479999999707e-02,0.000000000000000000e+00,8.406647116324535152e-02,8.600000000000000000e+01
3.440000000000000098e-07,8.441152629999999768e-02,0.000000000000000000e+00,8.406647116324535152e-02,8.600000000000000000e+01
3.449999999999999791e-07,8.465548790000000656e-02,0.000000000000000000e+00,8.504398826979471526e-02,8.700000000000000000e+01
3.460000000000000013e-07,8.489944939999999329e-02,0.000000000000000000e+00,8.504398826979471526e-02,8.700000000000000000e+01
3.470000000000000235e-07,8.514341089999999390e-02,1.000000000000000000e+00,8.504398826979471526e-02,8.700000000000000000e+01
3.479999999999999927e-07,8.538737250000000278e-02,0.000000000000000000e+00,8.504398826979471526e-02,8.700000000000000000e+01
3.490000000000000149e-07,8.563133400000000339e-02,0.000000000000000000e+00,8.602150537634409289e-02,8.800000000000000000e+01
3.499999999999999842e-07,8.587529559999999840e-02,0.000000000000000000e+00,8.602150537634409289e-02,8.800000000000000000e+01
3.510000000000000064e-07,8.611925709999999901e-02,0.000000000000000000e+00,8.602150537634409289e-02,8.800000000000000000e+01
3.519999999999999756e-07,8.636321859999999961e-02,0.000000000000000000e+00,8.602150537634409289e-02,8.800000000000000000e+01
3.529999999999999978e-07,8.660718019999999462e-02,0.000000000000000000e+00,8.699902248289345663e-02,8.900000000000000000e+01
3.540000000000000200e-07,8.685114169999999523e-02,0.000000000000000000e+00,8.699902248289345663e-02,8.900000000000000000e+01
3.549999999999999892e-07,8.709510319999999584e-02,0.000000000000000000e+00,8.699902248289345663e-02,8.900000000000000000e+01
3.560000000000000114e-07,8.733906480000000472e-02,0.000000000000000000e+00,8.699902248289345663e-02,8.900000000000000000e+01
3.569999999999999807e-07,8.758302630000000533e-02,0.000000000000000000e+00,8.797653958944282038e-02,9.000000000000000000e+01
3.580000000000000029e-07,8.782698780000000593e-02,0.000000000000000000e+00,8.797653958944282038e-02,9.000000000000000000e+01
3.590000000000000250e-07,8.807094940000000094e-02,1.000000000000000000e+00,8.797653958944282038e-02,9.000000000000000000e+01
3.599999999999999943e-07,8.831491090000000155e-02,0.000000000000000000e+00,8.797653958944282038e-02,9.000000000000000000e+01
3.610000000000000165e-07,8.855887240000000216e-02,0.000000000000000000e+00,8.895405669599218412e-02,9.100000000000000000e+01
3.619999999999999857e-07,8.880283399999999716e-02,0.000000000000000000e+00,8.895405669599218412e-02,9.100000000000000000e+01
3.630000000000000079e-07,8.904679549999999777e-02,0.000000000000000000e+00,8.895405669599218412e-02,9.100000000000000000e+01
3.639999999999999772e-07,8.929075699999999838e-02,0.000000000000000000e+00,8.895405669599218412e-02,9.100000000000000000e+01
3.649999999999999994e-07,8.953471859999999338e-02,0.000000000000000000e+00,8.993157380254154787e-02,9.200000000000000000e+01
3.660000000000000216e-07,8.977868009999999399e-02,0.000000000000000000e+00,8.993157380254154787e-02,9.200000000000000000e+01
3.669999999999999908e-07,9.002264159999999460e-02,0.000000000000000000e+00,8.993157380254154787e-02,9.200000000000000000e+01
3.680000000000000130e-07,9.026660320000000348e-02,0.000000000000000000e+00,8.993157380254154787e-02,9.200000000000000000e+01
3.689999999999999822e-07,9.051056470000000409e-02,0.000000000000000000e+00,9.090909090909091161e-02,9.300000000000000000e+01
3.700000000000000044e-07,9.075452620000000470e-02,0.000000000000000000e+00,9.090909090909091161e-02,9.300000000000000000e+01
3.709999999999999737e-07,9.099848779999999970e-02,0.000000000000000000e+00,9.090909090909091161e-02,9.300000000000000000e+01
3.719999999999999959e-07,9.124244930000000031e-02,0.000000000000000000e+00,9.090909090909091161e-02,9.300000000000000000e+01
3.730000000000000181e-07,9.148641080000000092e-02,0.000000000000000000e+00,9.188660801564027536e-02,9.400000000000000000e+01
3.739999999999999873e-07,9.173037239999999592e-02,0.000000000000000000e+00,9.188660801564027536e-02,9.400000000000000000e+01
3.750000000000000095e-07,9.197433389999999653e-02,0.000000000000000000e+00,9.188660801564027536e-02,9.400000000000000000e+01
3.759999999999999788e-07,9.221829539999999714e-02,0.000000000000000000e+00,9.188660801564027536e-02,9.400000000000000000e+01
3.770000000000000009e-07,9.246225700000000602e-02,0.000000000000000000e+00,9.286412512218963911e-02,9.500000000000000000e+01
3.780000000000000231e-07,9.270621850000000663e-02,0.000000000000000000e+00,9.286412512218963911e-02,9.500000000000000000e+01
3.789999999999999924e-07,9.295017999999999336e-02,0.000000000000000000e+00,9.286412512218963911e-02,9.500000000000000000e+01
3.800000000000000146e-07,9.319414160000000225e-02,0.000000000000000000e+00,9.286412512218963911e-02,9.500000000000000000e+01
3.809999999999999838e-07,9.343810310000000285e-02,0.000000000000000000e+00,9.384164222873900285e-02,9.600000000000000000e+01
3.820000000000000060e-07,9.368206460000000346e-02,0.000000000000000000e+00,9.384164222873900285e-02,9.600000000000000000e+01
3.829999999999999753e-07,9.392602619999999847e-02,0.000000000000000000e+00,9.384164222873900285e-02,9.600000000000000000e+01
3.839999999999999974e-07,9.416998769999999908e-02,0.000000000000000000e+00,9.384164222873900285e-02,9.600000000000000000e+01
3.850000000000000196e-07,9.441394929999999408e-02,0.000000000000000000e+00,9.481915933528836660e-02,9.700000000000000000e+01
3.859999999999999889e-07,9.465791079999999469e-02,0.000000000000000000e+00,9.481915933528836660e-02,9.700000000000000000e+01
3.870000000000000111e-07,9.490187229999999530e-02,0.000000000000000000e+00,9.481915933528836660e-02,9.700000000000000000e+01
3.879999999999999803e-07,9.514583390000000418e-02,0.000000000000000000e+00,9.481915933528836660e-02,9.700000000000000000e+01
3.890000000000000025e-07,9.538979540000000479e-02,0.000000000000000000e+00,9.579667644183773034e-02,9.800000000000000000e+01
3.900000000000000247e-07,9.563375690000000540e-02,1.000000000000000000e+00,9.579667644183773034e-02,9.800000000000000000e+01
3.909999999999999940e-07,9.587771850000000040e-02,0.000000000000000000e+00,9.579667644183773034e-02,9.800000000000000000e+01
3.920000000000000161e-07,9.612168000000000101e-02,0.000000000000000000e+00,9.579667644183773034e-02,9.800000000000000000e+01
3.929999999999999854e-07,9.636564150000000162e-02,0.000000000000000000e+00,9.677419354838709409e-02,9.900000000000000000e+01
3.940000000000000076e-07,9.660960309999999662e-02,0.000000000000000000e+00,9.677419354838709409e-02,9.900000000000000000e+01
3.949999999999999768e-07,9.685356459999999723e-02,0.000000000000000000e+00,9.677419354838709409e-02,9.900000000000000000e+01
3.959999999999999990e-07,9.709752609999999784e-02,0.000000000000000000e+00,9.677419354838709409e-02,9.900000000000000000e+01
3.970000000000000212e-07,9.734148770000000672e-02,0.000000000000000000e+00,9.775171065493645783e-02,1.000000000000000000e+02
3.979999999999999905e-07,9.758544919999999345e-02,0.000000000000000000e+00,9.775171065493645783e-02,1.000000000000000000e+02
3.990000000000000126e-07,9.782941069999999406e-02,0.000000000000000000e+00,9.775171065493645783e-02,1.000000000000000000e+02
3.999999999999999819e-07,9.807337230000000294e-02,0.000000000000000000e+00,9.775171065493645783e-02,1.000000000000000000e+02
4.010000000000000041e-07,9.831733380000000355e-02,0.000000000000000000e+00,9.872922776148582158e-02,1.010000000000000000e+02
4.020000000000000263e-07,9.856129530000000416e-02,1.000000000000000000e+00,9.872922776148582158e-02,1.010000000000000000e+02
4.029999999999999955e-07,9.880525689999999917e-02,0.000000000000000000e+00,9.872922776148582158e-02,1.010000000000000000e+02
4.040000000000000177e-07,9.904921839999999977e-02,0.000000000000000000e+00,9.872922776148582158e-02,1.010000000000000000e+02
4.049999999999999870e-07,9.929317990000000038e-02,0.000000000000000000e+00,9.970674486803518533e-02,1.020000000000000000e+02
4.060000000000000092e-07,9.953714149999999539e-02,0.000000000000000000e+00,9.970674486803518533e-02,1.020000000000000000e+02
4.069999999999999784e-07,9.978110299999999599e-02,0.000000000000000000e+00,9.970674486803518533e-02,1.020000000000000000e+02
4.080000000000000006e-07,1.000250649999999963e-01,0.000000000000000000e+00,9.970674486803518533e-02,1.020000000000000000e+02
4.090000000000000228e-07,1.002690259999999972e-01,0.000000000000000000e+00,1.006842619745845491e-01,1.030000000000000000e+02
4.099999999999999920e-07,1.005129879999999976e-01,0.000000000000000000e+00,1.006842619745845491e-01,1.030000000000000000e+02
4.110000000000000142e-07,1.007569489999999984e-01,0.000000000000000000e+00,1.006842619745845491e-01,1.030000000000000000e+02
4.119999999999999835e-07,1.010009109999999988e-01,0.000000000000000000e+00,1.006842619745845491e-01,1.030000000000000000e+02
4.130000000000000057e-07,1.012448719999999996e-01,0.000000000000000000e+00,1.016617790811339128e-01,1.040000000000000000e+02
4.139999999999999749e-07,1.014888340000000000e-01,0.000000000000000000e+00,1.016617790811339128e-01,1.040000000000000000e+02
4.149999999999999971e-07,1.017327950000000009e-01,0.000000000000000000e+00,1.016617790811339128e-01,1.040000000000000000e+02
4.160000000000000193e-07,1.019767570000000012e-01,0.000000000000000000e+00,1.016617790811339128e-01,1.040000000000000000e+02
4.169999999999999885e-07,1.022207180000000021e-01,0.000000000000000000e+00,1.026392961876832904e-01,1.050000000000000000e+02
4.180000000000000107e-07,1.024646800000000024e-01,0.000000000000000000e+00,1.026392961876832904e-01,1.050000000000000000e+02
4.189999999999999800e-07,1.027086410000000033e-01,0.000000000000000000e+00,1.026392961876832904e-01,1.050000000000000000e+02
4.200000000000000022e-07,1.029526030000000036e-01,0.000000000000000000e+00,1.026392961876832904e-01,1.050000000000000000e+02
4.210000000000000244e-07,1.031965640000000045e-01,0.000000000000000000e+00,1.036168132942326542e-01,1.060000000000000000e+02
4.219999999999999936e-07,1.034405260000000049e-01,0.000000000000000000e+00,1.036168132942326542e-01,1.060000000000000000e+02
4.230000000000000158e-07,1.036844880000000052e-01,0.000000000000000000e+00,1.036168132942326542e-01,1.060000000000000000e+02
4.239999999999999850e-07,1.039284490000000061e-01,0.000000000000000000e+00,1.036168132942326542e-01,1.060000000000000000e+02
4.250000000000000072e-07,1.041724110000000064e-01,0.000000000000000000e+00,1.045943304007820179e-01,1.070000000000000000e+02
4.259999999999999765e-07,1.044163719999999934e-01,0.000000000000000000e+00,1.045943304007820179e-01,1.070000000000000000e+02
4.269999999999999987e-07,1.046603339999999938e-01,0.000000000000000000e+00,1.045943304007820179e-01,1.070000000000000000e+02
4.280000000000000209e-07,1.049042949999999946e-01,0.000000000000000000e+00,1.045943304007820179e-01,1.070000000000000000e+02
4.289999999999999901e-07,1.051482569999999950e-01,0.000000000000000000e+00,1.055718475073313817e-01,1.080000000000000000e+02
4.300000000000000123e-07,1.053922179999999958e-01,0.000000000000000000e+00,1.055718475073313817e-01,1.080000000000000000e+02
4.309999999999999816e-07,1.056361799999999962e-01,0.000000000000000000e+00,1.055718475073313817e-01,1.080000000000000000e+02
4.320000000000000037e-07,1.058801409999999971e-01,0.000000000000000000e+00,1.055718475073313817e-01,1.080000000000000000e+02
4.330000000000000259e-07,1.061241029999999974e-01,0.000000000000000000e+00,1.065493646138807454e-01,1.090000000000000000e+02
4.339999999999999952e-07,1.063680639999999983e-01,0.000000000000000000e+00,1.065493646138807454e-01,1.090000000000000000e+02
4.350000000000000174e-07,1.066120259999999986e-01,0.000000000000000000e+00,1.065493646138807454e-01,1.090000000000000000e+02
4.359999999999999866e-07,1.068559879999999990e-01,0.000000000000000000e+00,1.065493646138807454e-01,1.090000000000000000e+02
4.370000000000000088e-07,1.070999489999999998e-01,0.000000000000000000e+00,1.075268817204301092e-01,1.100000000000000000e+02
4.379999999999999781e-07,1.073439110000000002e-01,0.000000000000000000e+00,1.075268817204301092e-01,1.100000000000000000e+02
4.390000000000000003e-07,1.075878720000000011e-01,0.000000000000000000e+00,1.075268817204301092e-01,1.100000000000000000e+02
4.400000000000000224e-07,1.078318340000000014e-01,0.000000000000000000e+00,1.075268817204301092e-01,1.100000000000000000e+02
4.409999999999999917e-07,1.080757950000000023e-01,0.000000000000000000e+00,1.085043988269794729e-01,1.110000000000000000e+02
4.420000000000000139e-07,1.083197570000000026e-01,0.000000000000000000e+00,1.085043988269794729e-01,1.110000000000000000e+02
4.429999999999999831e-07,1.085637180000000035e-01,0.000000000000000000e+00,1.085043988269794729e-01,1.110000000000000000e+02
4.440000000000000053e-07,1.088076800000000038e-01,0.000000000000000000e+00,1.085043988269794729e-01,1.110000000000000000e+02
4.449999999999999746e-07,1.090516410000000047e-01,0.000000000000000000e+00,1.094819159335288367e-01,1.120000000000000000e+02
4.459999999999999968e-07,1.092956030000000051e-01,0.000000000000000000e+00,1.094819159335288367e-01,1.120000000000000000e+02
4.470000000000000189e-07,1.095395640000000059e-01,0.000000000000000000e+00,1.094819159335288367e-01,1.120000000000000000e+02
4.479999999999999882e-07,1.097835260000000063e-01,0.000000000000000000e+00,1.094819159335288367e-01,1.120000000000000000e+02
4.490000000000000104e-07,1.100274869999999933e-01,0.000000000000000000e+00,1.104594330400782004e-01,1.130000000000000000e+02
4.499999999999999796e-07,1.102714489999999936e-01,0.000000000000000000e+00,1.104594330400782004e-01,1.130000000000000000e+02
4.510000000000000018e-07,1.105154109999999940e-01,0.000000000000000000e+00,1.104594330400782004e-01,1.130000000000000000e+02
4.520000000000000240e-07,1.107593719999999948e-01,0.000000000000000000e+00,1.104594330400782004e-01,1.130000000000000000e+02
4.529999999999999933e-07,1.110033339999999952e-01,0.000000000000000000e+00,1.114369501466275642e-01,1.140000000000000000e+02
4.540000000000000155e-07,1.112472949999999960e-01,0.000000000000000000e+00,1.114369501466275642e-01,1.140000000000000000e+02
4.549999999999999847e-07,1.114912569999999964e-01,0.000000000000000000e+00,1.114369501466275642e-01,1.140000000000000000e+02
4.560000000000000069e-07,1.117352179999999973e-01,0.000000000000000000e+00,1.114369501466275642e-01,1.140000000000000000e+02
4.569999999999999761e-07,1.119791799999999976e-01,0.000000000000000000e+00,1.124144672531769279e-01,1.150000000000000000e+02
4.579999999999999983e-07,1.122231409999999985e-01,0.000000000000000000e+00,1.124144672531769279e-01,1.150000000000000000e+02
4.590000000000000205e-07,1.124671029999999988e-01,0.000000000000000000e+00,1.124144672531769279e-01,1.150000000000000000e+02
4.599999999999999898e-07,1.127110639999999997e-01,0.000000000000000000e+00,1.124144672531769279e-01,1.150000000000000000e+02
4.610000000000000120e-07,1.129550260000000000e-01,0.000000000000000000e+00,1.133919843597262916e-01,1.160000000000000000e+02
4.619999999999999812e-07,1.131989870000000009e-01,0.000000000000000000e+00,1.133919843597262916e-01,1.160000000000000000e+02
4.630000000000000034e-07,1.134429490000000013e-01,0.000000000000000000e+00,1.133919843597262916e-01,1.160000000000000000e+02
4.640000000000000256e-07,1.136869100000000021e-01,0.000000000000000000e+00,1.133919843597262916e-01,1.160000000000000000e+02
4.649999999999999948e-07,1.139308720000000025e-01,0.000000000000000000e+00,1.143695014662756554e-01,1.170000000000000000e+02
4.660000000000000170e-07,1.141748340000000028e-01,0.000000000000000000e+00,1.143695014662756554e-01,1.170000000000000000e+02
4.669999999999999863e-07,1.144187950000000037e-01,0.000000000000000000e+00,1.143695014662756554e-01,1.170000000000000000e+02
4.680000000000000085e-07,1.146627570000000040e-01,0.000000000000000000e+00,1.143695014662756554e-01,1.170000000000000000e+02
4.689999999999999777e-07,1.149067180000000049e-01,0.000000000000000000e+00,1.153470185728250191e-01,1.180000000000000000e+02
4.699999999999999999e-07,1.151506800000000053e-01,0.000000000000000000e+00,1.153470185728250191e-01,1.180000000000000000e+02
4.710000000000000221e-07,1.153946410000000061e-01,0.000000000000000000e+00,1.153470185728250191e-01,1.180000000000000000e+02
4.719999999999999913e-07,1.156386030000000065e-01,0.000000000000000000e+00,1.153470185728250191e-01,1.180000000000000000e+02
4.730000000000000135e-07,1.158825639999999935e-01,0.000000000000000000e+00,1.163245356793743829e-01,1.190000000000000000e+02
4.739999999999999828e-07,1.161265259999999938e-01,0.000000000000000000e+00,1.163245356793743829e-01,1.190000000000000000e+02
4.750000000000000050e-07,1.163704869999999947e-01,0.000000000000000000e+00,1.163245356793743829e-01,1.190000000000000000e+02
4.759999999999999742e-07,1.166144489999999950e-01,0.000000000000000000e+00,1.163245356793743829e-01,1.190000000000000000e+02
4.770000000000000494e-07,1.168584099999999959e-01,1.000000000000000000e+00,1.173020527859237605e-01,1.200000000000000000e+02
4.780000000000000186e-07,1.171023719999999962e-01,0.000000000000000000e+00,1.173020527859237605e-01,1.200000000000000000e+02
4.789999999999999879e-07,1.173463329999999971e-01,0.000000000000000000e+00,1.173020527859237605e-01,1.200000000000000000e+02
4.799999999999999571e-07,1.175902949999999975e-01,0.000000000000000000e+00,1.173020527859237605e-01,1.200000000000000000e+02
4.810000000000000322e-07,1.178342569999999978e-01,1.000000000000000000e+00,1.182795698924731242e-01,1.210000000000000000e+02
4.820000000000000015e-07,1.180782179999999987e-01,0.000000000000000000e+00,1.182795698924731242e-01,1.210000000000000000e+02
4.829999999999999707e-07,1.183221799999999990e-01,0.000000000000000000e+00,1.182795698924731242e-01,1.210000000000000000e+02
4.840000000000000459e-07,1.185661409999999999e-01,1.000000000000000000e+00,1.182795698924731242e-01,1.210000000000000000e+02
4.850000000000000151e-07,1.188101030000000002e-01,0.000000000000000000e+00,1.192570869990224880e-01,1.220000000000000000e+02
4.859999999999999844e-07,1.190540640000000011e-01,0.000000000000000000e+00,1.192570869990224880e-01,1.220000000000000000e+02
4.869999999999999536e-07,1.192980260000000015e-01,0.000000000000000000e+00,1.192570869990224880e-01,1.220000000000000000e+02
4.880000000000000287e-07,1.195419870000000023e-01,0.000000000000000000e+00,1.192570869990224880e-01,1.220000000000000000e+02
4.889999999999999980e-07,1.197859490000000027e-01,0.000000000000000000e+00,1.202346041055718517e-01,1.230000000000000000e+02
4.899999999999999672e-07,1.200299100000000035e-01,0.000000000000000000e+00,1.202346041055718517e-01,1.230000000000000000e+02
4.910000000000000424e-07,1.202738720000000039e-01,1.000000000000000000e+00,1.202346041055718517e-01,1.230000000000000000e+02
4.920000000000000116e-07,1.205178330000000048e-01,0.000000000000000000e+00,1.202346041055718517e-01,1.230000000000000000e+02
4.929999999999999809e-07,1.207617950000000051e-01,0.000000000000000000e+00,1.212121212121212155e-01,1.240000000000000000e+02
4.939999999999999501e-07,1.210057560000000060e-01,0.000000000000000000e+00,1.212121212121212155e-01,1.240000000000000000e+02
4.950000000000000252e-07,1.212497180000000063e-01,0.000000000000000000e+00,1.212121212121212155e-01,1.240000000000000000e+02
4.959999999999999945e-07,1.214936800000000067e-01,0.000000000000000000e+00,1.212121212121212155e-01,1.240000000000000000e+02
4.969999999999999637e-07,1.217376409999999937e-01,0.000000000000000000e+00,1.221896383186705792e-01,1.250000000000000000e+02
4.980000000000000389e-07,1.219816029999999940e-01,1.000000000000000000e+00,1.221896383186705792e-01,1.250000000000000000e+02
4.990000000000000081e-07,1.222255639999999949e-01,0.000000000000000000e+00,1.221896383186705792e-01,1.250000000000000000e+02
4.999999999999999774e-07,1.224695259999999952e-01,0.000000000000000000e+00,1.221896383186705792e-01,1.250000000000000000e+02
5.010000000000000525e-07,1.227134869999999961e-01,1.000000000000000000e+00,1.231671554252199430e-01,1.260000000000000000e+02
5.020000000000000218e-07,1.229574489999999964e-01,0.000000000000000000e+00,1.231671554252199430e-01,1.260000000000000000e+02
5.029999999999999910e-07,1.232014099999999973e-01,0.000000000000000000e+00,1.231671554252199430e-01,1.260000000000000000e+02
5.039999999999999603e-07,1.234453719999999977e-01,0.000000000000000000e+00,1.231671554252199430e-01,1.260000000000000000e+02
5.050000000000000354e-07,1.236893329999999985e-01,1.000000000000000000e+00,1.241446725317693067e-01,1.270000000000000000e+02
5.060000000000000046e-07,1.239332949999999989e-01,0.000000000000000000e+00,1.241446725317693067e-01,1.270000000000000000e+02
5.069999999999999739e-07,1.241772559999999997e-01,0.000000000000000000e+00,1.241446725317693067e-01,1.270000000000000000e+02
5.080000000000000490e-07,1.244212180000000001e-01,1.000000000000000000e+00,1.241446725317693067e-01,1.270000000000000000e+02
5.090000000000000183e-07,1.246651800000000004e-01,0.000000000000000000e+00,1.251221896383186705e-01,1.280000000000000000e+02
5.099999999999999875e-07,1.249091410000000013e-01,0.000000000000000000e+00,1.251221896383186705e-01,1.280000000000000000e+02
5.109999999999999568e-07,1.251531029999999878e-01,0.000000000000000000e+00,1.251221896383186705e-01,1.280000000000000000e+02
5.120000000000000319e-07,1.253970640000000025e-01,1.000000000000000000e+00,1.251221896383186705e-01,1.280000000000000000e+02
5.130000000000000011e-07,1.256410259999999890e-01,0.000000000000000000e+00,1.260997067448680342e-01,1.290000000000000000e+02
5.139999999999999704e-07,1.258849870000000037e-01,0.000000000000000000e+00,1.260997067448680342e-01,1.290000000000000000e+02
5.150000000000000455e-07,1.261289489999999902e-01,1.000000000000000000e+00,1.260997067448680342e-01,1.290000000000000000e+02
5.160000000000000148e-07,1.263729100000000050e-01,0.000000000000000000e+00,1.260997067448680342e-01,1.290000000000000000e+02
5.169999999999999840e-07,1.266168719999999914e-01,0.000000000000000000e+00,1.270772238514173980e-01,1.300000000000000000e+02
5.179999999999999533e-07,1.268608330000000062e-01,0.000000000000000000e+00,1.270772238514173980e-01,1.300000000000000000e+02
5.190000000000000284e-07,1.271047949999999926e-01,0.000000000000000000e+00,1.270772238514173980e-01,1.300000000000000000e+02
5.199999999999999976e-07,1.273487560000000074e-01,0.000000000000000000e+00,1.270772238514173980e-01,1.300000000000000000e+02
5.209999999999999669e-07,1.275927179999999939e-01,0.000000000000000000e+00,1.280547409579667617e-01,1.310000000000000000e+02
5.220000000000000420e-07,1.278366790000000086e-01,1.000000000000000000e+00,1.280547409579667617e-01,1.310000000000000000e+02
5.230000000000000113e-07,1.280806409999999951e-01,0.000000000000000000e+00,1.280547409579667617e-01,1.310000000000000000e+02
5.239999999999999805e-07,1.283246030000000093e-01,0.000000000000000000e+00,1.280547409579667617e-01,1.310000000000000000e+02
5.249999999999999498e-07,1.285685639999999963e-01,0.000000000000000000e+00,1.290322580645161255e-01,1.320000000000000000e+02
5.260000000000000249e-07,1.288125260000000105e-01,0.000000000000000000e+00,1.290322580645161255e-01,1.320000000000000000e+02
5.269999999999999942e-07,1.290564869999999975e-01,0.000000000000000000e+00,1.290322580645161255e-01,1.320000000000000000e+02
5.279999999999999634e-07,1.293004490000000117e-01,0.000000000000000000e+00,1.290322580645161255e-01,1.320000000000000000e+02
5.290000000000000385e-07,1.295444099999999987e-01,1.000000000000000000e+00,1.300097751710654892e-01,1.330000000000000000e+02
5.300000000000000078e-07,1.297883720000000130e-01,0.000000000000000000e+00,1.300097751710654892e-01,1.330000000000000000e+02
5.309999999999999770e-07,1.300323329999999999e-01,0.000000000000000000e+00,1.300097751710654892e-01,1.330000000000000000e+02
5.320000000000000522e-07,1.302762949999999864e-01,1.000000000000000000e+00,1.300097751710654892e-01,1.330000000000000000e+02
5.330000000000000214e-07,1.305202560000000012e-01,0.000000000000000000e+00,1.309872922776148529e-01,1.340000000000000000e+02
5.339999999999999907e-07,1.307642179999999876e-01,0.000000000000000000e+00,1.309872922776148529e-01,1.340000000000000000e+02
5.349999999999999599e-07,1.310081790000000024e-01,0.000000000000000000e+00,1.309872922776148529e-01,1.340000000000000000e+02
5.360000000000000350e-07,1.312521409999999888e-01,1.000000000000000000e+00,1.309872922776148529e-01,1.340000000000000000e+02
5.370000000000000043e-07,1.314961020000000036e-01,0.000000000000000000e+00,1.319648093841642167e-01,1.350000000000000000e+02
5.379999999999999735e-07,1.317400639999999901e-01,0.000000000000000000e+00,1.319648093841642167e-01,1.350000000000000000e+02
5.390000000000000487e-07,1.319840260000000043e-01,1.000000000000000000e+00,1.319648093841642167e-01,1.350000000000000000e+02
5.400000000000000179e-07,1.322279869999999913e-01,0.000000000000000000e+00,1.319648093841642167e-01,1.350000000000000000e+02
5.409999999999999872e-07,1.324719490000000055e-01,0.000000000000000000e+00,1.329423264907135804e-01,1.360000000000000000e+02
5.419999999999999564e-07,1.327159099999999925e-01,0.000000000000000000e+00,1.329423264907135804e-01,1.360000000000000000e+02
5.430000000000000315e-07,1.329598720000000067e-01,0.000000000000000000e+00,1.329423264907135804e-01,1.360000000000000000e+02
5.440000000000000008e-07,1.332038329999999937e-01,0.000000000000000000e+00,1.329423264907135804e-01,1.360000000000000000e+02
5.449999999999999700e-07,1.334477950000000079e-01,0.000000000000000000e+00,1.339198435972629442e-01,1.370000000000000000e+02
5.460000000000000452e-07,1.336917559999999949e-01,1.000000000000000000e+00,1.339198435972629442e-01,1.370000000000000000e+02
5.470000000000000144e-07,1.339357180000000092e-01,0.000000000000000000e+00,1.339198435972629442e-01,1.370000000000000000e+02
5.479999999999999837e-07,1.341796789999999961e-01,0.000000000000000000e+00,1.339198435972629442e-01,1.370000000000000000e+02
5.489999999999999529e-07,1.344236410000000104e-01,0.000000000000000000e+00,1.348973607038123079e-01,1.380000000000000000e+02
5.500000000000000281e-07,1.346676019999999974e-01,0.000000000000000000e+00,1.348973607038123079e-01,1.380000000000000000e+02
5.509999999999999973e-07,1.349115640000000116e-01,0.000000000000000000e+00,1.348973607038123079e-01,1.380000000000000000e+02
5.519999999999999666e-07,1.351555249999999986e-01,0.000000000000000000e+00,1.348973607038123079e-01,1.380000000000000000e+02
5.530000000000000417e-07,1.353994870000000128e-01,1.000000000000000000e+00,1.358748778103616717e-01,1.390000000000000000e+02
5.540000000000000109e-07,1.356434489999999993e-01,0.000000000000000000e+00,1.358748778103616717e-01,1.390000000000000000e+02
5.549999999999999802e-07,1.358874099999999863e-01,0.000000000000000000e+00,1.358748778103616717e-01,1.390000000000000000e+02
5.559999999999999494e-07,1.361313720000000005e-01,0.000000000000000000e+00,1.358748778103616717e-01,1.390000000000000000e+02
5.570000000000000246e-07,1.363753329999999875e-01,0.000000000000000000e+00,1.368523949169110354e-01,1.400000000000000000e+02
5.579999999999999938e-07,1.366192950000000017e-01,0.000000000000000000e+00,1.368523949169110354e-01,1.400000000000000000e+02
5.589999999999999631e-07,1.368632559999999887e-01,0.000000000000000000e+00,1.368523949169110354e-01,1.400000000000000000e+02
5.600000000000000382e-07,1.371072180000000029e-01,1.000000000000000000e+00,1.368523949169110354e-01,1.400000000000000000e+02
5.610000000000000074e-07,1.373511789999999899e-01,0.000000000000000000e+00,1.378299120234603992e-01,1.410000000000000000e+02
5.619999999999999767e-07,1.375951410000000041e-01,0.000000000000000000e+00,1.378299120234603992e-01,1.410000000000000000e+02
5.630000000000000518e-07,1.378391019999999911e-01,1.000000000000000000e+00,1.378299120234603992e-01,1.410000000000000000e+02
5.640000000000000211e-07,1.380830640000000054e-01,0.000000000000000000e+00,1.378299120234603992e-01,1.410000000000000000e+02
5.649999999999999903e-07,1.383270249999999923e-01,0.000000000000000000e+00,1.388074291300097629e-01,1.420000000000000000e+02
5.659999999999999596e-07,1.385709870000000066e-01,0.000000000000000000e+00,1.388074291300097629e-01,1.420000000000000000e+02
5.670000000000000347e-07,1.388149479999999936e-01,0.000000000000000000e+00,1.388074291300097629e-01,1.420000000000000000e+02
5.680000000000000039e-07,1.390589100000000078e-01,0.000000000000000000e+00,1.388074291300097629e-01,1.420000000000000000e+02
5.689999999999999732e-07,1.393028719999999943e-01,0.000000000000000000e+00,1.397849462365591267e-01,1.430000000000000000e+02
5.700000000000000483e-07,1.395468330000000090e-01,1.000000000000000000e+00,1.397849462365591267e-01,1.430000000000000000e+02
5.710000000000000176e-07,1.397907949999999955e-01,0.000000000000000000e+00,1.397849462365591267e-01,1.430000000000000000e+02
5.719999999999999868e-07,1.400347560000000102e-01,0.000000000000000000e+00,1.397849462365591267e-01,1.430000000000000000e+02
5.729999999999999561e-07,1.402787179999999967e-01,0.000000000000000000e+00,1.407624633431084904e-01,1.440000000000000000e+02
5.740000000000000312e-07,1.405226790000000114e-01,0.000000000000000000e+00,1.407624633431084904e-01,1.440000000000000000e+02
5.750000000000000004e-07,1.407666409999999979e-01,0.000000000000000000e+00,1.407624633431084904e-01,1.440000000000000000e+02
5.759999999999999697e-07,1.410106020000000127e-01,0.000000000000000000e+00,1.407624633431084904e-01,1.440000000000000000e+02
5.770000000000000448e-07,1.412545639999999991e-01,1.000000000000000000e+00,1.417399804496578819e-01,1.450000000000000000e+02
5.780000000000000141e-07,1.414985250000000139e-01,0.000000000000000000e+00,1.417399804496578819e-01,1.450000000000000000e+02
5.789999999999999833e-07,1.417424870000000003e-01,0.000000000000000000e+00,1.417399804496578819e-01,1.450000000000000000e+02
5.799999999999999526e-07,1.419864479999999873e-01,0.000000000000000000e+00,1.417399804496578819e-01,1.450000000000000000e+02
5.810000000000000277e-07,1.422304100000000016e-01,0.000000000000000000e+00,1.427174975562072456e-01,1.460000000000000000e+02
5.819999999999999970e-07,1.424743719999999880e-01,0.000000000000000000e+00,1.427174975562072456e-01,1.460000000000000000e+02
5.829999999999999662e-07,1.427183330000000028e-01,0.000000000000000000e+00,1.427174975562072456e-01,1.460000000000000000e+02
5.840000000000000413e-07,1.429622949999999892e-01,1.000000000000000000e+00,1.427174975562072456e-01,1.460000000000000000e+02
5.850000000000000106e-07,1.432062560000000040e-01,0.000000000000000000e+00,1.436950146627566094e-01,1.470000000000000000e+02
5.859999999999999798e-07,1.434502179999999905e-01,0.000000000000000000e+00,1.436950146627566094e-01,1.470000000000000000e+02
5.869999999999999491e-07,1.436941790000000052e-01,0.000000000000000000e+00,1.436950146627566094e-01,1.470000000000000000e+02
5.880000000000000242e-07,1.439381409999999917e-01,0.000000000000000000e+00,1.436950146627566094e-01,1.470000000000000000e+02
5.889999999999999935e-07,1.441821020000000064e-01,0.000000000000000000e+00,1.446725317693059731e-01,1.480000000000000000e+02
5.899999999999999627e-07,1.444260639999999929e-01,0.000000000000000000e+00,1.446725317693059731e-01,1.480000000000000000e+02
5.910000000000000378e-07,1.446700250000000076e-01,1.000000000000000000e+00,1.446725317693059731e-01,1.480000000000000000e+02
5.920000000000000071e-07,1.449139869999999941e-01,0.000000000000000000e+00,1.446725317693059731e-01,1.480000000000000000e+02
5.929999999999999763e-07,1.451579480000000089e-01,0.000000000000000000e+00,1.456500488758553369e-01,1.490000000000000000e+02
5.940000000000000515e-07,1.454019099999999953e-01,1.000000000000000000e+00,1.456500488758553369e-01,1.490000000000000000e+02
5.950000000000000207e-07,1.456458710000000101e-01,0.000000000000000000e+00,1.456500488758553369e-01,1.490000000000000000e+02
5.959999999999999900e-07,1.458898329999999965e-01,0.000000000000000000e+00,1.456500488758553369e-01,1.490000000000000000e+02
5.969999999999999592e-07,1.461337950000000108e-01,0.000000000000000000e+00,1.466275659824047006e-01,1.500000000000000000e+02
5.980000000000000343e-07,1.463777559999999978e-01,0.000000000000000000e+00,1.466275659824047006e-01,1.500000000000000000e+02
5.990000000000000036e-07,1.466217180000000120e-01,0.000000000000000000e+00,1.466275659824047006e-01,1.500000000000000000e+02
5.999999999999999728e-07,1.468656789999999990e-01,0.000000000000000000e+00,1.466275659824047006e-01,1.500000000000000000e+02
6.010000000000000480e-07,1.471096410000000132e-01,1.000000000000000000e+00,1.476050830889540644e-01,1.510000000000000000e+02
6.020000000000000172e-07,1.473536020000000002e-01,0.000000000000000000e+00,1.476050830889540644e-01,1.510000000000000000e+02
6.029999999999999865e-07,1.475975639999999867e-01,0.000000000000000000e+00,1.476050830889540644e-01,1.510000000000000000e+02
6.039999999999999557e-07,1.478415250000000014e-01,0.000000000000000000e+00,1.476050830889540644e-01,1.510000000000000000e+02
6.050000000000000309e-07,1.480854869999999879e-01,0.000000000000000000e+00,1.485826001955034281e-01,1.520000000000000000e+02
6.060000000000000001e-07,1.483294480000000026e-01,0.000000000000000000e+00,1.485826001955034281e-01,1.520000000000000000e+02
6.069999999999999694e-07,1.485734099999999891e-01,0.000000000000000000e+00,1.485826001955034281e-01,1.520000000000000000e+02
6.080000000000000445e-07,1.488173710000000038e-01,1.000000000000000000e+00,1.485826001955034281e-01,1.520000000000000000e+02
6.090000000000000137e-07,1.490613329999999903e-01,0.000000000000000000e+00,1.495601173020527919e-01,1.530000000000000000e+02
6.099999999999999830e-07,1.493052940000000051e-01,0.000000000000000000e+00,1.495601173020527919e-01,1.530000000000000000e+02
6.109999999999999522e-07,1.495492559999999915e-01,0.000000000000000000e+00,1.495601173020527919e-01,1.530000000000000000e+02
6.120000000000000274e-07,1.497932180000000058e-01,0.000000000000000000e+00,1.495601173020527919e-01,1.530000000000000000e+02
6.129999999999999966e-07,1.500371789999999927e-01,0.000000000000000000e+00,1.505376344086021556e-01,1.540000000000000000e+02
6.139999999999999659e-07,1.502811410000000070e-01,0.000000000000000000e+00,1.505376344086021556e-01,1.540000000000000000e+02
6.150000000000000410e-07,1.505251019999999940e-01,1.000000000000000000e+00,1.505376344086021556e-01,1.540000000000000000e+02
6.160000000000000102e-07,1.507690640000000082e-01,0.000000000000000000e+00,1.505376344086021556e-01,1.540000000000000000e+02
6.169999999999999795e-07,1.510130249999999952e-01,0.000000000000000000e+00,1.515151515151515194e-01,1.550000000000000000e+02
6.179999999999999487e-07,1.512569870000000094e-01,0.000000000000000000e+00,1.515151515151515194e-01,1.550000000000000000e+02
6.190000000000000239e-07,1.515009479999999964e-01,0.000000000000000000e+00,1.515151515151515194e-01,1.550000000000000000e+02
6.199999999999999931e-07,1.517449100000000106e-01,0.000000000000000000e+00,1.515151515151515194e-01,1.550000000000000000e+02
6.209999999999999624e-07,1.519888709999999976e-01,0.000000000000000000e+00,1.524926686217008831e-01,1.560000000000000000e+02
6.220000000000000375e-07,1.522328330000000118e-01,0.000000000000000000e+00,1.524926686217008831e-01,1.560000000000000000e+02
6.230000000000000067e-07,1.524767939999999988e-01,0.000000000000000000e+00,1.524926686217008831e-01,1.560000000000000000e+02
6.239999999999999760e-07,1.527207560000000131e-01,0.000000000000000000e+00,1.524926686217008831e-01,1.560000000000000000e+02
6.250000000000000511e-07,1.529647170000000000e-01,1.000000000000000000e+00,1.524926686217008831e-01,1.560000000000000000e+02
6.260000000000000204e-07,1.532086789999999865e-01,0.000000000000000000e+00,1.534701857282502468e-01,1.570000000000000000e+02
6.269999999999999896e-07,1.534526410000000007e-01,0.000000000000000000e+00,1.534701857282502468e-01,1.570000000000000000e+02
6.279999999999999589e-07,1.536966019999999877e-01,0.000000000000000000e+00,1.534701857282502468e-01,1.570000000000000000e+02
6.290000000000000340e-07,1.539405640000000020e-01,0.000000000000000000e+00,1.534701857282502468e-01,1.570000000000000000e+02
6.300000000000000033e-07,1.541845249999999889e-01,0.000000000000000000e+00,1.544477028347996106e-01,1.580000000000000000e+02
6.309999999999999725e-07,1.544284870000000032e-01,0.000000000000000000e+00,1.544477028347996106e-01,1.580000000000000000e+02
6.320000000000000476e-07,1.546724479999999902e-01,1.000000000000000000e+00,1.544477028347996106e-01,1.580000000000000000e+02
6.330000000000000169e-07,1.549164100000000044e-01,0.000000000000000000e+00,1.544477028347996106e-01,1.580000000000000000e+02
6.339999999999999861e-07,1.551603709999999914e-01,0.000000000000000000e+00,1.554252199413489743e-01,1.590000000000000000e+02
6.349999999999999554e-07,1.554043330000000056e-01,0.000000000000000000e+00,1.554252199413489743e-01,1.590000000000000000e+02
6.360000000000000305e-07,1.556482939999999926e-01,0.000000000000000000e+00,1.554252199413489743e-01,1.590000000000000000e+02
6.369999999999999998e-07,1.558922560000000068e-01,0.000000000000000000e+00,1.554252199413489743e-01,1.590000000000000000e+02
6.379999999999999690e-07,1.561362169999999938e-01,0.000000000000000000e+00,1.564027370478983381e-01,1.600000000000000000e+02
6.390000000000000441e-07,1.563801790000000080e-01,1.000000000000000000e+00,1.564027370478983381e-01,1.600000000000000000e+02
6.400000000000000134e-07,1.566241399999999950e-01,0.000000000000000000e+00,1.564027370478983381e-01,1.600000000000000000e+02
6.409999999999999826e-07,1.568681020000000093e-01,0.000000000000000000e+00,1.564027370478983381e-01,1.600000000000000000e+02
6.419999999999999519e-07,1.571120639999999957e-01,0.000000000000000000e+00,1.573802541544477018e-01,1.610000000000000000e+02
6.430000000000000270e-07,1.573560250000000105e-01,0.000000000000000000e+00,1.573802541544477018e-01,1.610000000000000000e+02
6.439999999999999963e-07,1.575999869999999969e-01,0.000000000000000000e+00,1.573802541544477018e-01,1.610000000000000000e+02
6.449999999999999655e-07,1.578439480000000117e-01,0.000000000000000000e+00,1.573802541544477018e-01,1.610000000000000000e+02
6.460000000000000406e-07,1.580879099999999982e-01,1.000000000000000000e+00,1.583577712609970656e-01,1.620000000000000000e+02
6.470000000000000099e-07,1.583318710000000129e-01,0.000000000000000000e+00,1.583577712609970656e-01,1.620000000000000000e+02
6.479999999999999791e-07,1.585758329999999994e-01,0.000000000000000000e+00,1.583577712609970656e-01,1.620000000000000000e+02
6.489999999999999484e-07,1.588197939999999864e-01,0.000000000000000000e+00,1.583577712609970656e-01,1.620000000000000000e+02
6.500000000000000235e-07,1.590637560000000006e-01,0.000000000000000000e+00,1.593352883675464293e-01,1.630000000000000000e+02
6.509999999999999928e-07,1.593077169999999876e-01,0.000000000000000000e+00,1.593352883675464293e-01,1.630000000000000000e+02
6.519999999999999620e-07,1.595516790000000018e-01,0.000000000000000000e+00,1.593352883675464293e-01,1.630000000000000000e+02
6.530000000000000372e-07,1.597956399999999888e-01,0.000000000000000000e+00,1.593352883675464293e-01,1.630000000000000000e+02
6.540000000000000064e-07,1.600396020000000030e-01,0.000000000000000000e+00,1.603128054740957931e-01,1.640000000000000000e+02
6.549999999999999757e-07,1.602835639999999895e-01,0.000000000000000000e+00,1.603128054740957931e-01,1.640000000000000000e+02
6.560000000000000508e-07,1.605275250000000042e-01,1.000000000000000000e+00,1.603128054740957931e-01,1.640000000000000000e+02
6.570000000000000200e-07,1.607714869999999907e-01,0.000000000000000000e+00,1.603128054740957931e-01,1.640000000000000000e+02
6.579999999999999893e-07,1.610154480000000055e-01,0.000000000000000000e+00,1.612903225806451568e-01,1.650000000000000000e+02
6.589999999999999585e-07,1.612594099999999919e-01,0.000000000000000000e+00,1.612903225806451568e-01,1.650000000000000000e+02
6.600000000000000337e-07,1.615033710000000067e-01,0.000000000000000000e+00,1.612903225806451568e-01,1.650000000000000000e+02
6.610000000000000029e-07,1.617473329999999931e-01,0.000000000000000000e+00,1.612903225806451568e-01,1.650000000000000000e+02
6.619999999999999722e-07,1.619912940000000079e-01,0.000000000000000000e+00,1.622678396871945206e-01,1.660000000000000000e+02
6.630000000000000473e-07,1.622352559999999944e-01,1.000000000000000000e+00,1.622678396871945206e-01,1.660000000000000000e+02
6.640000000000000165e-07,1.624792170000000091e-01,0.000000000000000000e+00,1.622678396871945206e-01,1.660000000000000000e+02
6.649999999999999858e-07,1.627231789999999956e-01,0.000000000000000000e+00,1.622678396871945206e-01,1.660000000000000000e+02
6.659999999999999550e-07,1.629671400000000103e-01,0.000000000000000000e+00,1.632453567937438843e-01,1.670000000000000000e+02
6.670000000000000302e-07,1.632111019999999968e-01,0.000000000000000000e+00,1.632453567937438843e-01,1.670000000000000000e+02
6.679999999999999994e-07,1.634550630000000115e-01,0.000000000000000000e+00,1.632453567937438843e-01,1.670000000000000000e+02
6.689999999999999687e-07,1.636990249999999980e-01,0.000000000000000000e+00,1.632453567937438843e-01,1.670000000000000000e+02
6.700000000000000438e-07,1.639429870000000122e-01,1.000000000000000000e+00,1.642228739002932481e-01,1.680000000000000000e+02
6.710000000000000130e-07,1.641869479999999992e-01,0.000000000000000000e+00,1.642228739002932481e-01,1.680000000000000000e+02
6.719999999999999823e-07,1.644309100000000134e-01,0.000000000000000000e+00,1.642228739002932481e-01,1.680000000000000000e+02
6.729999999999999515e-07,1.646748710000000004e-01,0.000000000000000000e+00,1.642228739002932481e-01,1.680000000000000000e+02
6.740000000000000267e-07,1.649188329999999869e-01,0.000000000000000000e+00,1.652003910068426118e-01,1.690000000000000000e+02
6.749999999999999959e-07,1.651627940000000017e-01,0.000000000000000000e+00,1.652003910068426118e-01,1.690000000000000000e+02
6.759999999999999652e-07,1.654067559999999881e-01,0.000000000000000000e+00,1.652003910068426118e-01,1.690000000000000000e+02
6.770000000000000403e-07,1.656507170000000029e-01,0.000000000000000000e+00,1.652003910068426118e-01,1.690000000000000000e+02
6.780000000000000096e-07,1.658946789999999893e-01,0.000000000000000000e+00,1.661779081133919755e-01,1.700000000000000000e+02
6.789999999999999788e-07,1.661386400000000041e-01,0.000000000000000000e+00,1.661779081133919755e-01,1.700000000000000000e+02
6.799999999999999481e-07,1.663826019999999906e-01,0.000000000000000000e+00,1.661779081133919755e-01,1.700000000000000000e+02
6.810000000000000232e-07,1.666265630000000053e-01,0.000000000000000000e+00,1.661779081133919755e-01,1.700000000000000000e+02
6.819999999999999924e-07,1.668705249999999918e-01,0.000000000000000000e+00,1.671554252199413393e-01,1.710000000000000000e+02
6.829999999999999617e-07,1.671144860000000065e-01,0.000000000000000000e+00,1.671554252199413393e-01,1.710000000000000000e+02
6.840000000000000368e-07,1.673584479999999930e-01,0.000000000000000000e+00,1.671554252199413393e-01,1.710000000000000000e+02
6.850000000000000061e-07,1.676024100000000072e-01,0.000000000000000000e+00,1.671554252199413393e-01,1.710000000000000000e+02
6.859999999999999753e-07,1.678463709999999942e-01,0.000000000000000000e+00,1.681329423264907030e-01,1.720000000000000000e+02
6.870000000000000504e-07,1.680903330000000084e-01,1.000000000000000000e+00,1.681329423264907030e-01,1.720000000000000000e+02
6.880000000000000197e-07,1.683342939999999954e-01,0.000000000000000000e+00,1.681329423264907030e-01,1.720000000000000000e+02
6.889999999999999889e-07,1.685782560000000097e-01,0.000000000000000000e+00,1.681329423264907030e-01,1.720000000000000000e+02
6.899999999999999582e-07,1.688222169999999966e-01,0.000000000000000000e+00,1.691104594330400668e-01,1.730000000000000000e+02
6.910000000000000333e-07,1.690661790000000109e-01,0.000000000000000000e+00,1.691104594330400668e-01,1.730000000000000000e+02
6.920000000000000026e-07,1.693101399999999979e-01,0.000000000000000000e+00,1.691104594330400668e-01,1.730000000000000000e+02
6.929999999999999718e-07,1.695541020000000121e-01,0.000000000000000000e+00,1.691104594330400668e-01,1.730000000000000000e+02
6.940000000000000469e-07,1.697980629999999991e-01,1.000000000000000000e+00,1.700879765395894305e-01,1.740000000000000000e+02
6.950000000000000162e-07,1.700420250000000133e-01,0.000000000000000000e+00,1.700879765395894305e-01,1.740000000000000000e+02
6.959999999999999854e-07,1.702859860000000003e-01,0.000000000000000000e+00,1.700879765395894305e-01,1.740000000000000000e+02
6.969999999999999547e-07,1.705299479999999868e-01,0.000000000000000000e+00,1.700879765395894305e-01,1.740000000000000000e+02
6.980000000000000298e-07,1.707739090000000015e-01,0.000000000000000000e+00,1.710654936461387943e-01,1.750000000000000000e+02
6.989999999999999991e-07,1.710178709999999880e-01,0.000000000000000000e+00,1.710654936461387943e-01,1.750000000000000000e+02
6.999999999999999683e-07,1.712618330000000022e-01,0.000000000000000000e+00,1.710654936461387943e-01,1.750000000000000000e+02
7.010000000000000435e-07,1.715057939999999892e-01,0.000000000000000000e+00,1.710654936461387943e-01,1.750000000000000000e+02
7.020000000000000127e-07,1.717497560000000034e-01,0.000000000000000000e+00,1.720430107526881858e-01,1.760000000000000000e+02
7.029999999999999820e-07,1.719937169999999904e-01,0.000000000000000000e+00,1.720430107526881858e-01,1.760000000000000000e+02
7.039999999999999512e-07,1.722376790000000046e-01,0.000000000000000000e+00,1.720430107526881858e-01,1.760000000000000000e+02
7.050000000000000263e-07,1.724816399999999916e-01,0.000000000000000000e+00,1.720430107526881858e-01,1.760000000000000000e+02
7.059999999999999956e-07,1.727256020000000059e-01,0.000000000000000000e+00,1.730205278592375495e-01,1.770000000000000000e+02
7.069999999999999648e-07,1.729695629999999928e-01,0.000000000000000000e+00,1.730205278592375495e-01,1.770000000000000000e+02
7.080000000000000400e-07,1.732135250000000071e-01,0.000000000000000000e+00,1.730205278592375495e-01,1.770000000000000000e+02
7.090000000000000092e-07,1.734574859999999941e-01,0.000000000000000000e+00,1.730205278592375495e-01,1.770000000000000000e+02
7.099999999999999785e-07,1.737014480000000083e-01,0.000000000000000000e+00,1.739980449657869133e-01,1.780000000000000000e+02
7.109999999999999477e-07,1.739454089999999953e-01,0.000000000000000000e+00,1.739980449657869133e-01,1.780000000000000000e+02
7.120000000000000228e-07,1.741893710000000095e-01,0.000000000000000000e+00,1.739980449657869133e-01,1.780000000000000000e+02
7.129999999999999921e-07,1.744333319999999965e-01,0.000000000000000000e+00,1.739980449657869133e-01,1.780000000000000000e+02
7.139999999999999613e-07,1.746772940000000107e-01,0.000000000000000000e+00,1.749755620723362770e-01,1.790000000000000000e+02
7.150000000000000365e-07,1.749212559999999972e-01,0.000000000000000000e+00,1.749755620723362770e-01,1.790000000000000000e+02
7.160000000000000057e-07,1.751652170000000119e-01,0.000000000000000000e+00,1.749755620723362770e-01,1.790000000000000000e+02
7.169999999999999750e-07,1.754091789999999984e-01,0.000000000000000000e+00,1.749755620723362770e-01,1.790000000000000000e+02
7.180000000000000501e-07,1.756531400000000132e-01,1.000000000000000000e+00,1.759530791788856408e-01,1.800000000000000000e+02
7.190000000000000193e-07,1.758971019999999996e-01,0.000000000000000000e+00,1.759530791788856408e-01,1.800000000000000000e+02
7.199999999999999886e-07,1.761410629999999866e-01,0.000000000000000000e+00,1.759530791788856408e-01,1.800000000000000000e+02
7.209999999999999578e-07,1.763850250000000008e-01,0.000000000000000000e+00,1.759530791788856408e-01,1.800000000000000000e+02
7.220000000000000330e-07,1.766289859999999878e-01,0.000000000000000000e+00,1.769305962854350045e-01,1.810000000000000000e+02
7.230000000000000022e-07,1.768729480000000021e-01,0.000000000000000000e+00,1.769305962854350045e-01,1.810000000000000000e+02
7.239999999999999715e-07,1.771169089999999890e-01,0.000000000000000000e+00,1.769305962854350045e-01,1.810000000000000000e+02
7.250000000000000466e-07,1.773608710000000033e-01,1.000000000000000000e+00,1.769305962854350045e-01,1.810000000000000000e+02
7.260000000000000159e-07,1.776048319999999903e-01,0.000000000000000000e+00,1.779081133919843682e-01,1.820000000000000000e+02
7.269999999999999851e-07,1.778487940000000045e-01,0.000000000000000000e+00,1.779081133919843682e-01,1.820000000000000000e+02
7.279999999999999544e-07,1.780927559999999910e-01,0.000000000000000000e+00,1.779081133919843682e-01,1.820000000000000000e+02
7.290000000000000295e-07,1.783367170000000057e-01,0.000000000000000000e+00,1.779081133919843682e-01,1.820000000000000000e+02
7.299999999999999987e-07,1.785806789999999922e-01,0.000000000000000000e+00,1.788856304985337320e-01,1.830000000000000000e+02
7.309999999999999680e-07,1.788246400000000069e-01,0.000000000000000000e+00,1.788856304985337320e-01,1.830000000000000000e+02
7.320000000000000431e-07,1.790686019999999934e-01,0.000000000000000000e+00,1.788856304985337320e-01,1.830000000000000000e+02
7.330000000000000124e-07,1.793125630000000081e-01,0.000000000000000000e+00,1.788856304985337320e-01,1.830000000000000000e+02
7.339999999999999816e-07,1.795565249999999946e-01,0.000000000000000000e+00,1.798631476050830957e-01,1.840000000000000000e+02
7.349999999999999509e-07,1.798004860000000094e-01,0.000000000000000000e+00,1.798631476050830957e-01,1.840000000000000000e+02
7.360000000000000260e-07,1.800444479999999958e-01,0.000000000000000000e+00,1.798631476050830957e-01,1.840000000000000000e+02
7.369999999999999952e-07,1.802884090000000106e-01,0.000000000000000000e+00,1.798631476050830957e-01,1.840000000000000000e+02
7.379999999999999645e-07,1.805323709999999970e-01,0.000000000000000000e+00,1.808406647116324595e-01,1.850000000000000000e+02
7.390000000000000396e-07,1.807763320000000118e-01,0.000000000000000000e+00,1.808406647116324595e-01,1.850000000000000000e+02
7.400000000000000089e-07,1.810202939999999983e-01,0.000000000000000000e+00,1.808406647116324595e-01,1.850000000000000000e+02
7.409999999999999781e-07,1.812642550000000130e-01,0.000000000000000000e+00,1.808406647116324595e-01,1.850000000000000000e+02
7.419999999999999474e-07,1.815082169999999995e-01,0.000000000000000000e+00,1.818181818181818232e-01,1.860000000000000000e+02
7.430000000000000225e-07,1.817521790000000137e-01,0.000000000000000000e+00,1.818181818181818232e-01,1.860000000000000000e+02
7.439999999999999917e-07,1.819961400000000007e-01,0.000000000000000000e+00,1.818181818181818232e-01,1.860000000000000000e+02
7.449999999999999610e-07,1.822401019999999872e-01,0.000000000000000000e+00,1.818181818181818232e-01,1.860000000000000000e+02
7.460000000000000361e-07,1.824840630000000019e-01,0.000000000000000000e+00,1.827956989247311870e-01,1.870000000000000000e+02
7.470000000000000054e-07,1.827280249999999884e-01,0.000000000000000000e+00,1.827956989247311870e-01,1.870000000000000000e+02
7.479999999999999746e-07,1.829719860000000031e-01,0.000000000000000000e+00,1.827956989247311870e-01,1.870000000000000000e+02
7.490000000000000498e-07,1.832159479999999896e-01,1.000000000000000000e+00,1.827956989247311870e-01,1.870000000000000000e+02
7.500000000000000190e-07,1.834599090000000043e-01,0.000000000000000000e+00,1.837732160312805507e-01,1.880000000000000000e+02
7.509999999999999883e-07,1.837038709999999908e-01,0.000000000000000000e+00,1.837732160312805507e-01,1.880000000000000000e+02
7.519999999999999575e-07,1.839478320000000056e-01,0.000000000000000000e+00,1.837732160312805507e-01,1.880000000000000000e+02
7.530000000000000326e-07,1.841917939999999920e-01,0.000000000000000000e+00,1.837732160312805507e-01,1.880000000000000000e+02
7.540000000000000019e-07,1.844357550000000068e-01,0.000000000000000000e+00,1.847507331378299145e-01,1.890000000000000000e+02
7.549999999999999711e-07,1.846797169999999932e-01,0.000000000000000000e+00,1.847507331378299145e-01,1.890000000000000000e+02
7.560000000000000463e-07,1.849236780000000080e-01,0.000000000000000000e+00,1.847507331378299145e-01,1.890000000000000000e+02
7.570000000000000155e-07,1.851676399999999945e-01,0.000000000000000000e+00,1.847507331378299145e-01,1.890000000000000000e+02
7.579999999999999848e-07,1.854116020000000087e-01,0.000000000000000000e+00,1.857282502443792782e-01,1.900000000000000000e+02
7.589999999999999540e-07,1.856555629999999957e-01,0.000000000000000000e+00,1.857282502443792782e-01,1.900000000000000000e+02
7.600000000000000291e-07,1.858995250000000099e-01,0.000000000000000000e+00,1.857282502443792782e-01,1.900000000000000000e+02
7.609999999999999984e-07,1.861434859999999969e-01,0.000000000000000000e+00,1.857282502443792782e-01,1.900000000000000000e+02
7.619999999999999676e-07,1.863874480000000111e-01,0.000000000000000000e+00,1.867057673509286420e-01,1.910000000000000000e+02
7.630000000000000428e-07,1.866314089999999981e-01,0.000000000000000000e+00,1.867057673509286420e-01,1.910000000000000000e+02
7.640000000000000120e-07,1.868753710000000123e-01,0.000000000000000000e+00,1.867057673509286420e-01,1.910000000000000000e+02
7.649999999999999813e-07,1.871193319999999993e-01,0.000000000000000000e+00,1.867057673509286420e-01,1.910000000000000000e+02
7.659999999999999505e-07,1.873632940000000136e-01,0.000000000000000000e+00,1.876832844574780057e-01,1.920000000000000000e+02
7.670000000000000256e-07,1.876072550000000005e-01,0.000000000000000000e+00,1.876832844574780057e-01,1.920000000000000000e+02
7.679999999999999949e-07,1.878512169999999870e-01,0.000000000000000000e+00,1.876832844574780057e-01,1.920000000000000000e+02
7.689999999999999641e-07,1.880951780000000018e-01,0.000000000000000000e+00,1.876832844574780057e-01,1.920000000000000000e+02
7.700000000000000393e-07,1.883391399999999882e-01,0.000000000000000000e+00,1.886608015640273694e-01,1.930000000000000000e+02
7.710000000000000085e-07,1.885831010000000030e-01,0.000000000000000000e+00,1.886608015640273694e-01,1.930000000000000000e+02
7.719999999999999778e-07,1.888270629999999894e-01,0.000000000000000000e+00,1.886608015640273694e-01,1.930000000000000000e+02
7.730000000000000529e-07,1.890710250000000037e-01,1.000000000000000000e+00,1.886608015640273694e-01,1.930000000000000000e+02
7.740000000000000221e-07,1.893149859999999907e-01,0.000000000000000000e+00,1.896383186705767332e-01,1.940000000000000000e+02
7.749999999999999914e-07,1.895589480000000049e-01,0.000000000000000000e+00,1.896383186705767332e-01,1.940000000000000000e+02
7.759999999999999606e-07,1.898029089999999919e-01,0.000000000000000000e+00,1.896383186705767332e-01,1.940000000000000000e+02
7.770000000000000358e-07,1.900468710000000061e-01,0.000000000000000000e+00,1.896383186705767332e-01,1.940000000000000000e+02
7.780000000000000050e-07,1.902908319999999931e-01,0.000000000000000000e+00,1.906158357771260969e-01,1.950000000000000000e+02
7.789999999999999743e-07,1.905347940000000073e-01,0.000000000000000000e+00,1.906158357771260969e-01,1.950000000000000000e+02
7.800000000000000494e-07,1.907787549999999943e-01,1.000000000000000000e+00,1.906158357771260969e-01,1.950000000000000000e+02
7.810000000000000187e-07,1.910227170000000085e-01,0.000000000000000000e+00,1.906158357771260969e-01,1.950000000000000000e+02
7.819999999999999879e-07,1.912666779999999955e-01,0.000000000000000000e+00,1.915933528836754607e-01,1.960000000000000000e+02
7.829999999999999572e-07,1.915106400000000098e-01,0.000000000000000000e+00,1.915933528836754607e-01,1.960000000000000000e+02
7.840000000000000323e-07,1.917546009999999967e-01,0.000000000000000000e+00,1.915933528836754607e-01,1.960000000000000000e+02
7.850000000000000015e-07,1.919985630000000110e-01,0.000000000000000000e+00,1.915933528836754607e-01,1.960000000000000000e+02
7.859999999999999708e-07,1.922425249999999974e-01,0.000000000000000000e+00,1.925708699902248244e-01,1.970000000000000000e+02
7.870000000000000459e-07,1.924864860000000122e-01,0.000000000000000000e+00,1.925708699902248244e-01,1.970000000000000000e+02
7.880000000000000152e-07,1.927304479999999987e-01,0.000000000000000000e+00,1.925708699902248244e-01,1.970000000000000000e+02
7.889999999999999844e-07,1.929744090000000134e-01,0.000000000000000000e+00,1.925708699902248244e-01,1.970000000000000000e+02
7.899999999999999537e-07,1.932183709999999999e-01,0.000000000000000000e+00,1.935483870967741882e-01,1.980000000000000000e+02
7.910000000000000288e-07,1.934623319999999869e-01,0.000000000000000000e+00,1.935483870967741882e-01,1.980000000000000000e+02
7.919999999999999980e-07,1.937062940000000011e-01,0.000000000000000000e+00,1.935483870967741882e-01,1.980000000000000000e+02
7.929999999999999673e-07,1.939502549999999881e-01,0.000000000000000000e+00,1.935483870967741882e-01,1.980000000000000000e+02
7.940000000000000424e-07,1.941942170000000023e-01,0.000000000000000000e+00,1.945259042033235519e-01,1.990000000000000000e+02
7.950000000000000117e-07,1.944381779999999893e-01,0.000000000000000000e+00,1.945259042033235519e-01,1.990000000000000000e+02
7.959999999999999809e-07,1.946821400000000035e-01,0.000000000000000000e+00,1.945259042033235519e-01,1.990000000000000000e+02
7.969999999999999502e-07,1.949261009999999905e-01,0.000000000000000000e+00,1.945259042033235519e-01,1.990000000000000000e+02
7.980000000000000253e-07,1.951700630000000047e-01,0.000000000000000000e+00,1.955034213098729157e-01,2.000000000000000000e+02
7.989999999999999945e-07,1.954140239999999917e-01,0.000000000000000000e+00,1.955034213098729157e-01,2.000000000000000000e+02
7.999999999999999638e-07,1.956579860000000060e-01,0.000000000000000000e+00,1.955034213098729157e-01,2.000000000000000000e+02
8.010000000000000389e-07,1.959019479999999924e-01,0.000000000000000000e+00,1.955034213098729157e-01,2.000000000000000000e+02
8.020000000000000082e-07,1.961459090000000072e-01,0.000000000000000000e+00,1.964809384164222794e-01,2.010000000000000000e+02
8.029999999999999774e-07,1.963898709999999936e-01,0.000000000000000000e+00,1.964809384164222794e-01,2.010000000000000000e+02
8.040000000000000526e-07,1.966338320000000084e-01,1.000000000000000000e+00,1.964809384164222794e-01,2.010000000000000000e+02
8.050000000000000218e-07,1.968777939999999949e-01,0.000000000000000000e+00,1.964809384164222794e-01,2.010000000000000000e+02
8.059999999999999911e-07,1.971217550000000096e-01,0.000000000000000000e+00,1.974584555229716432e-01,2.020000000000000000e+02
8.069999999999999603e-07,1.973657169999999961e-01,0.000000000000000000e+00,1.974584555229716432e-01,2.020000000000000000e+02
8.080000000000000354e-07,1.976096780000000108e-01,0.000000000000000000e+00,1.974584555229716432e-01,2.020000000000000000e+02
8.090000000000000047e-07,1.978536399999999973e-01,0.000000000000000000e+00,1.974584555229716432e-01,2.020000000000000000e+02
8.099999999999999739e-07,1.980976010000000120e-01,0.000000000000000000e+00,1.984359726295210069e-01,2.030000000000000000e+02
8.110000000000000491e-07,1.983415629999999985e-01,0.000000000000000000e+00,1.984359726295210069e-01,2.030000000000000000e+02
8.120000000000000183e-07,1.985855240000000133e-01,0.000000000000000000e+00,1.984359726295210069e-01,2.030000000000000000e+02
8.129999999999999876e-07,1.988294859999999997e-01,0.000000000000000000e+00,1.984359726295210069e-01,2.030000000000000000e+02
8.139999999999999568e-07,1.990734469999999867e-01,0.000000000000000000e+00,1.994134897360703707e-01,2.040000000000000000e+02
8.150000000000000319e-07,1.993174090000000009e-01,0.000000000000000000e+00,1.994134897360703707e-01,2.040000000000000000e+02
8.160000000000000012e-07,1.995613709999999874e-01,0.000000000000000000e+00,1.994134897360703707e-01,2.040000000000000000e+02
8.169999999999999704e-07,1.998053320000000022e-01,0.000000000000000000e+00,1.994134897360703707e-01,2.040000000000000000e+02
8.180000000000000456e-07,2.000492939999999886e-01,0.000000000000000000e+00,2.003910068426197344e-01,2.050000000000000000e+02
8.190000000000000148e-07,2.002932550000000034e-01,0.000000000000000000e+00,2.003910068426197344e-01,2.050000000000000000e+02
8.199999999999999841e-07,2.005372169999999898e-01,0.000000000000000000e+00,2.003910068426197344e-01,2.050000000000000000e+02
8.209999999999999533e-07,2.007811780000000046e-01,0.000000000000000000e+00,2.003910068426197344e-01,2.050000000000000000e+02
8.220000000000000284e-07,2.010251399999999911e-01,0.000000000000000000e+00,2.013685239491690981e-01,2.060000000000000000e+02
8.229999999999999977e-07,2.012691010000000058e-01,0.000000000000000000e+00,2.013685239491690981e-01,2.060000000000000000e+02
8.239999999999999669e-07,2.015130629999999923e-01,0.000000000000000000e+00,2.013685239491690981e-01,2.060000000000000000e+02
8.250000000000000421e-07,2.017570240000000070e-01,0.000000000000000000e+00,2.013685239491690981e-01,2.060000000000000000e+02
8.260000000000000113e-07,2.020009859999999935e-01,0.000000000000000000e+00,2.023460410557184619e-01,2.070000000000000000e+02
8.269999999999999806e-07,2.022449470000000082e-01,0.000000000000000000e+00,2.023460410557184619e-01,2.070000000000000000e+02
8.279999999999999498e-07,2.024889089999999947e-01,0.000000000000000000e+00,2.023460410557184619e-01,2.070000000000000000e+02
8.290000000000000250e-07,2.027328700000000095e-01,0.000000000000000000e+00,2.023460410557184619e-01,2.070000000000000000e+02
8.299999999999999942e-07,2.029768319999999959e-01,0.000000000000000000e+00,2.033235581622678256e-01,2.080000000000000000e+02
8.309999999999999635e-07,2.032207940000000101e-01,0.000000000000000000e+00,2.033235581622678256e-01,2.080000000000000000e+02
8.320000000000000386e-07,2.034647549999999971e-01,0.000000000000000000e+00,2.033235581622678256e-01,2.080000000000000000e+02
8.330000000000000078e-07,2.037087170000000114e-01,0.000000000000000000e+00,2.033235581622678256e-01,2.080000000000000000e+02
8.339999999999999771e-07,2.039526779999999984e-01,0.000000000000000000e+00,2.043010752688172171e-01,2.090000000000000000e+02
8.350000000000000522e-07,2.041966400000000126e-01,1.000000000000000000e+00,2.043010752688172171e-01,2.090000000000000000e+02
8.360000000000000215e-07,2.044406009999999996e-01,0.000000000000000000e+00,2.043010752688172171e-01,2.090000000000000000e+02
8.369999999999999907e-07,2.046845630000000138e-01,0.000000000000000000e+00,2.043010752688172171e-01,2.090000000000000000e+02
8.379999999999999600e-07,2.049285240000000008e-01,0.000000000000000000e+00,2.052785923753665809e-01,2.100000000000000000e+02
8.390000000000000351e-07,2.051724859999999873e-01,0.000000000000000000e+00,2.052785923753665809e-01,2.100000000000000000e+02
8.400000000000000043e-07,2.054164470000000020e-01,0.000000000000000000e+00,2.052785923753665809e-01,2.100000000000000000e+02
8.409999999999999736e-07,2.056604089999999885e-01,0.000000000000000000e+00,2.052785923753665809e-01,2.100000000000000000e+02
8.420000000000000487e-07,2.059043700000000032e-01,0.000000000000000000e+00,2.062561094819159446e-01,2.110000000000000000e+02
8.430000000000000180e-07,2.061483319999999897e-01,0.000000000000000000e+00,2.062561094819159446e-01,2.110000000000000000e+02
8.439999999999999872e-07,2.063922930000000044e-01,0.000000000000000000e+00,2.062561094819159446e-01,2.110000000000000000e+02
8.449999999999999565e-07,2.066362549999999909e-01,0.000000000000000000e+00,2.062561094819159446e-01,2.110000000000000000e+02
8.460000000000000316e-07,2.068802170000000051e-01,0.000000000000000000e+00,2.072336265884653084e-01,2.120000000000000000e+02
8.470000000000000008e-07,2.071241779999999921e-01,0.000000000000000000e+00,2.072336265884653084e-01,2.120000000000000000e+02
8.479999999999999701e-07,2.073681400000000064e-01,0.000000000000000000e+00,2.072336265884653084e-01,2.120000000000000000e+02
8.490000000000000452e-07,2.076121009999999933e-01,0.000000000000000000e+00,2.072336265884653084e-01,2.120000000000000000e+02
8.500000000000000145e-07,2.078560630000000076e-01,0.000000000000000000e+00,2.082111436950146721e-01,2.130000000000000000e+02
8.509999999999999837e-07,2.081000239999999946e-01,0.000000000000000000e+00,2.082111436950146721e-01,2.130000000000000000e+02
8.519999999999999530e-07,2.083439860000000088e-01,0.000000000000000000e+00,2.082111436950146721e-01,2.130000000000000000e+02
8.530000000000000281e-07,2.085879469999999958e-01,0.000000000000000000e+00,2.082111436950146721e-01,2.130000000000000000e+02
8.539999999999999974e-07,2.088319090000000100e-01,0.000000000000000000e+00,2.091886608015640359e-01,2.140000000000000000e+02
8.549999999999999666e-07,2.090758699999999970e-01,0.000000000000000000e+00,2.091886608015640359e-01,2.140000000000000000e+02
8.560000000000000417e-07,2.093198320000000112e-01,0.000000000000000000e+00,2.091886608015640359e-01,2.140000000000000000e+02
8.570000000000000110e-07,2.095637929999999982e-01,0.000000000000000000e+00,2.091886608015640359e-01,2.140000000000000000e+02
8.579999999999999802e-07,2.098077550000000124e-01,0.000000000000000000e+00,2.101661779081133996e-01,2.150000000000000000e+02
8.589999999999999495e-07,2.100517169999999989e-01,0.000000000000000000e+00,2.101661779081133996e-01,2.150000000000000000e+02
8.600000000000000246e-07,2.102956780000000137e-01,0.000000000000000000e+00,2.101661779081133996e-01,2.150000000000000000e+02
8.609999999999999939e-07,2.105396400000000001e-01,0.000000000000000000e+00,2.101661779081133996e-01,2.150000000000000000e+02
8.619999999999999631e-07,2.107836009999999871e-01,0.000000000000000000e+00,2.111436950146627634e-01,2.160000000000000000e+02
8.630000000000000382e-07,2.110275630000000013e-01,0.000000000000000000e+00,2.111436950146627634e-01,2.160000000000000000e+02
8.640000000000000075e-07,2.112715239999999883e-01,0.000000000000000000e+00,2.111436950146627634e-01,2.160000000000000000e+02
8.649999999999999767e-07,2.115154860000000026e-01,0.000000000000000000e+00,2.111436950146627634e-01,2.160000000000000000e+02
8.660000000000000519e-07,2.117594469999999895e-01,0.000000000000000000e+00,2.121212121212121271e-01,2.170000000000000000e+02
8.670000000000000211e-07,2.120034090000000038e-01,0.000000000000000000e+00,2.121212121212121271e-01,2.170000000000000000e+02
8.679999999999999904e-07,2.122473699999999908e-01,0.000000000000000000e+00,2.121212121212121271e-01,2.170000000000000000e+02
8.689999999999999596e-07,2.124913320000000050e-01,0.000000000000000000e+00,2.121212121212121271e-01,2.170000000000000000e+02
8.700000000000000347e-07,2.127352929999999920e-01,0.000000000000000000e+00,2.130987292277614908e-01,2.180000000000000000e+02
8.710000000000000040e-07,2.129792550000000062e-01,0.000000000000000000e+00,2.130987292277614908e-01,2.180000000000000000e+02
8.719999999999999732e-07,2.132232159999999932e-01,0.000000000000000000e+00,2.130987292277614908e-01,2.180000000000000000e+02
8.730000000000000484e-07,2.134671780000000074e-01,0.000000000000000000e+00,2.130987292277614908e-01,2.180000000000000000e+02
8.740000000000000176e-07,2.137111399999999939e-01,0.000000000000000000e+00,2.140762463343108546e-01,2.190000000000000000e+02
8.749999999999999869e-07,2.139551010000000086e-01,0.000000000000000000e+00,2.140762463343108546e-01,2.190000000000000000e+02
8.759999999999999561e-07,2.141990629999999951e-01,0.000000000000000000e+00,2.140762463343108546e-01,2.190000000000000000e+02
8.770000000000000313e-07,2.144430240000000099e-01,0.000000000000000000e+00,2.140762463343108546e-01,2.190000000000000000e+02
8.780000000000000005e-07,2.146869859999999963e-01,0.000000000000000000e+00,2.150537634408602183e-01,2.200000000000000000e+02
8.789999999999999698e-07,2.149309470000000111e-01,0.000000000000000000e+00,2.150537634408602183e-01,2.200000000000000000e+02
8.800000000000000449e-07,2.151749089999999975e-01,0.000000000000000000e+00,2.150537634408602183e-01,2.200000000000000000e+02
8.810000000000000141e-07,2.154188700000000123e-01,0.000000000000000000e+00,2.150537634408602183e-01,2.200000000000000000e+02
8.819999999999999834e-07,2.156628319999999988e-01,0.000000000000000000e+00,2.160312805474095821e-01,2.210000000000000000e+02
8.829999999999999526e-07,2.159067930000000135e-01,0.000000000000000000e+00,2.160312805474095821e-01,2.210000000000000000e+02
8.840000000000000278e-07,2.161507550000000000e-01,0.000000000000000000e+00,2.160312805474095821e-01,2.210000000000000000e+02
8.849999999999999970e-07,2.163947159999999870e-01,0.000000000000000000e+00,2.160312805474095821e-01,2.210000000000000000e+02
8.859999999999999663e-07,2.166386780000000012e-01,0.000000000000000000e+00,2.170087976539589458e-01,2.220000000000000000e+02
8.870000000000000414e-07,2.168826389999999882e-01,0.000000000000000000e+00,2.170087976539589458e-01,2.220000000000000000e+02
8.880000000000000106e-07,2.171266010000000024e-01,0.000000000000000000e+00,2.170087976539589458e-01,2.220000000000000000e+02
8.889999999999999799e-07,2.173705629999999889e-01,0.000000000000000000e+00,2.170087976539589458e-01,2.220000000000000000e+02
8.899999999999999491e-07,2.176145240000000036e-01,0.000000000000000000e+00,2.179863147605083096e-01,2.230000000000000000e+02
8.910000000000000243e-07,2.178584859999999901e-01,0.000000000000000000e+00,2.179863147605083096e-01,2.230000000000000000e+02
8.919999999999999935e-07,2.181024470000000048e-01,0.000000000000000000e+00,2.179863147605083096e-01,2.230000000000000000e+02
8.929999999999999628e-07,2.183464089999999913e-01,0.000000000000000000e+00,2.179863147605083096e-01,2.230000000000000000e+02
8.940000000000000379e-07,2.185903700000000061e-01,0.000000000000000000e+00,2.189638318670576733e-01,2.240000000000000000e+02
8.950000000000000071e-07,2.188343319999999925e-01,0.000000000000000000e+00,2.189638318670576733e-01,2.240000000000000000e+02
8.959999999999999764e-07,2.190782930000000073e-01,0.000000000000000000e+00,2.189638318670576733e-01,2.240000000000000000e+02
8.970000000000000515e-07,2.193222549999999937e-01,0.000000000000000000e+00,2.189638318670576733e-01,2.240000000000000000e+02
8.980000000000000208e-07,2.195662160000000085e-01,0.000000000000000000e+00,2.199413489736070371e-01,2.250000000000000000e+02
8.989999999999999900e-07,2.198101779999999950e-01,0.000000000000000000e+00,2.199413489736070371e-01,2.250000000000000000e+02
8.999999999999999593e-07,2.200541390000000097e-01,0.000000000000000000e+00,2.199413489736070371e-01,2.250000000000000000e+02
9.010000000000000344e-07,2.202981009999999962e-01,0.000000000000000000e+00,2.199413489736070371e-01,2.250000000000000000e+02
9.020000000000000037e-07,2.205420620000000109e-01,0.000000000000000000e+00,2.209188660801564008e-01,2.260000000000000000e+02
9.029999999999999729e-07,2.207860239999999974e-01,0.000000000000000000e+00,2.209188660801564008e-01,2.260000000000000000e+02
9.040000000000000480e-07,2.210299860000000116e-01,0.000000000000000000e+00,2.209188660801564008e-01,2.260000000000000000e+02
9.050000000000000173e-07,2.212739469999999986e-01,0.000000000000000000e+00,2.209188660801564008e-01,2.260000000000000000e+02
9.059999999999999865e-07,2.215179090000000128e-01,0.000000000000000000e+00,2.218963831867057646e-01,2.270000000000000000e+02
9.069999999999999558e-07,2.217618699999999998e-01,0.000000000000000000e+00,2.218963831867057646e-01,2.270000000000000000e+02
9.080000000000000309e-07,2.220058319999999863e-01,0.000000000000000000e+00,2.218963831867057646e-01,2.270000000000000000e+02
9.090000000000000002e-07,2.222497930000000010e-01,0.000000000000000000e+00,2.218963831867057646e-01,2.270000000000000000e+02
9.099999999999999694e-07,2.224937549999999875e-01,0.000000000000000000e+00,2.228739002932551283e-01,2.280000000000000000e+02
9.110000000000000445e-07,2.227377160000000023e-01,0.000000000000000000e+00,2.228739002932551283e-01,2.280000000000000000e+02
9.120000000000000138e-07,2.229816779999999887e-01,0.000000000000000000e+00,2.228739002932551283e-01,2.280000000000000000e+02
9.129999999999999830e-07,2.232256390000000035e-01,0.000000000000000000e+00,2.228739002932551283e-01,2.280000000000000000e+02
9.139999999999999523e-07,2.234696009999999899e-01,0.000000000000000000e+00,2.238514173998044920e-01,2.290000000000000000e+02
9.150000000000000274e-07,2.237135620000000047e-01,0.000000000000000000e+00,2.238514173998044920e-01,2.290000000000000000e+02
9.159999999999999967e-07,2.239575239999999912e-01,0.000000000000000000e+00,2.238514173998044920e-01,2.290000000000000000e+02
9.169999999999999659e-07,2.242014850000000059e-01,0.000000000000000000e+00,2.238514173998044920e-01,2.290000000000000000e+02
9.180000000000000410e-07,2.244454469999999924e-01,0.000000000000000000e+00,2.248289345063538558e-01,2.300000000000000000e+02
9.190000000000000103e-07,2.246894090000000066e-01,0.000000000000000000e+00,2.248289345063538558e-01,2.300000000000000000e+02
9.199999999999999795e-07,2.249333699999999936e-01,0.000000000000000000e+00,2.248289345063538558e-01,2.300000000000000000e+02
9.209999999999999488e-07,2.251773320000000078e-01,0.000000000000000000e+00,2.248289345063538558e-01,2.300000000000000000e+02
9.220000000000000239e-07,2.254212929999999948e-01,0.000000000000000000e+00,2.258064516129032195e-01,2.310000000000000000e+02
9.229999999999999932e-07,2.256652550000000090e-01,0.000000000000000000e+00,2.258064516129032195e-01,2.310000000000000000e+02
9.239999999999999624e-07,2.259092159999999960e-01,0.000000000000000000e+00,2.258064516129032195e-01,2.310000000000000000e+02
9.250000000000000376e-07,2.261531780000000103e-01,0.000000000000000000e+00,2.258064516129032195e-01,2.310000000000000000e+02
9.260000000000000068e-07,2.263971389999999972e-01,0.000000000000000000e+00,2.267839687194525833e-01,2.320000000000000000e+02
9.269999999999999761e-07,2.266411010000000115e-01,0.000000000000000000e+00,2.267839687194525833e-01,2.320000000000000000e+02
9.280000000000000512e-07,2.268850619999999985e-01,0.000000000000000000e+00,2.267839687194525833e-01,2.320000000000000000e+02
9.290000000000000204e-07,2.271290240000000127e-01,0.000000000000000000e+00,2.267839687194525833e-01,2.320000000000000000e+02
9.299999999999999897e-07,2.273729849999999997e-01,0.000000000000000000e+00,2.277614858260019470e-01,2.330000000000000000e+02
9.309999999999999589e-07,2.276169469999999861e-01,0.000000000000000000e+00,2.277614858260019470e-01,2.330000000000000000e+02
9.320000000000000341e-07,2.278609090000000004e-01,0.000000000000000000e+00,2.277614858260019470e-01,2.330000000000000000e+02
9.330000000000000033e-07,2.281048699999999874e-01,0.000000000000000000e+00,2.277614858260019470e-01,2.330000000000000000e+02
9.339999999999999726e-07,2.283488320000000016e-01,0.000000000000000000e+00,2.287390029325513108e-01,2.340000000000000000e+02
9.350000000000000477e-07,2.285927929999999886e-01,0.000000000000000000e+00,2.287390029325513108e-01,2.340000000000000000e+02
9.360000000000000169e-07,2.288367550000000028e-01,0.000000000000000000e+00,2.287390029325513108e-01,2.340000000000000000e+02
9.369999999999999862e-07,2.290807159999999898e-01,0.000000000000000000e+00,2.287390029325513108e-01,2.340000000000000000e+02
9.379999999999999554e-07,2.293246780000000040e-01,0.000000000000000000e+00,2.297165200391006745e-01,2.350000000000000000e+02
9.390000000000000306e-07,2.295686389999999910e-01,0.000000000000000000e+00,2.297165200391006745e-01,2.350000000000000000e+02
9.399999999999999998e-07,2.298126010000000052e-01,0.000000000000000000e+00,2.297165200391006745e-01,2.350000000000000000e+02
9.409999999999999691e-07,2.300565619999999922e-01,0.000000000000000000e+00,2.297165200391006745e-01,2.350000000000000000e+02
9.420000000000000442e-07,2.303005240000000065e-01,0.000000000000000000e+00,2.306940371456500383e-01,2.360000000000000000e+02
9.430000000000000134e-07,2.305444849999999934e-01,0.000000000000000000e+00,2.306940371456500383e-01,2.360000000000000000e+02
9.439999999999999827e-07,2.307884470000000077e-01,0.000000000000000000e+00,2.306940371456500383e-01,2.360000000000000000e+02
9.449999999999999519e-07,2.310324079999999947e-01,0.000000000000000000e+00,2.306940371456500383e-01,2.360000000000000000e+02
9.460000000000000271e-07,2.312763700000000089e-01,0.000000000000000000e+00,2.316715542521994020e-01,2.370000000000000000e+02
9.469999999999999963e-07,2.315203319999999954e-01,0.000000000000000000e+00,2.316715542521994020e-01,2.370000000000000000e+02
9.479999999999999656e-07,2.317642930000000101e-01,0.000000000000000000e+00,2.316715542521994020e-01,2.370000000000000000e+02
9.490000000000000407e-07,2.320082549999999966e-01,0.000000000000000000e+00,2.316715542521994020e-01,2.370000000000000000e+02
9.500000000000000100e-07,2.322522160000000113e-01,0.000000000000000000e+00,2.326490713587487658e-01,2.380000000000000000e+02
9.509999999999999792e-07,2.324961779999999978e-01,0.000000000000000000e+00,2.326490713587487658e-01,2.380000000000000000e+02
9.519999999999999484e-07,2.327401390000000125e-01,0.000000000000000000e+00,2.326490713587487658e-01,2.380000000000000000e+02
9.530000000000000236e-07,2.329841009999999990e-01,0.000000000000000000e+00,2.326490713587487658e-01,2.380000000000000000e+02
9.540000000000000987e-07,2.332280620000000138e-01,1.000000000000000000e+00,2.336265884652981295e-01,2.390000000000000000e+02
9.549999999999999621e-07,2.334720240000000002e-01,0.000000000000000000e+00,2.336265884652981295e-01,2.390000000000000000e+02
9.560000000000000372e-07,2.337159849999999872e-01,0.000000000000000000e+00,2.336265884652981295e-01,2.390000000000000000e+02
9.569999999999999006e-07,2.339599470000000014e-01,0.000000000000000000e+00,2.336265884652981295e-01,2.390000000000000000e+02
9.579999999999999757e-07,2.342039079999999884e-01,0.000000000000000000e+00,2.346041055718475210e-01,2.400000000000000000e+02
9.590000000000000508e-07,2.344478700000000027e-01,0.000000000000000000e+00,2.346041055718475210e-01,2.400000000000000000e+02
9.599999999999999142e-07,2.346918309999999896e-01,0.000000000000000000e+00,2.346041055718475210e-01,2.400000000000000000e+02
9.609999999999999893e-07,2.349357930000000039e-01,0.000000000000000000e+00,2.346041055718475210e-01,2.400000000000000000e+02
9.620000000000000645e-07,2.351797549999999903e-01,1.000000000000000000e+00,2.355816226783968848e-01,2.410000000000000000e+02
9.629999999999999278e-07,2.354237160000000051e-01,0.000000000000000000e+00,2.355816226783968848e-01,2.410000000000000000e+02
9.640000000000000030e-07,2.356676779999999916e-01,0.000000000000000000e+00,2.355816226783968848e-01,2.410000000000000000e+02
9.650000000000000781e-07,2.359116390000000063e-01,1.000000000000000000e+00,2.355816226783968848e-01,2.410000000000000000e+02
9.659999999999999415e-07,2.361556009999999928e-01,0.000000000000000000e+00,2.365591397849462485e-01,2.420000000000000000e+02
9.670000000000000166e-07,2.363995620000000075e-01,0.000000000000000000e+00,2.365591397849462485e-01,2.420000000000000000e+02
9.680000000000000917e-07,2.366435239999999940e-01,1.000000000000000000e+00,2.365591397849462485e-01,2.420000000000000000e+02
9.689999999999999551e-07,2.368874850000000087e-01,0.000000000000000000e+00,2.365591397849462485e-01,2.420000000000000000e+02
9.700000000000000302e-07,2.371314469999999952e-01,0.000000000000000000e+00,2.375366568914956122e-01,2.430000000000000000e+02
9.710000000000001053e-07,2.373754080000000100e-01,1.000000000000000000e+00,2.375366568914956122e-01,2.430000000000000000e+02
9.719999999999999687e-07,2.376193699999999964e-01,0.000000000000000000e+00,2.375366568914956122e-01,2.430000000000000000e+02
9.730000000000000438e-07,2.378633310000000112e-01,0.000000000000000000e+00,2.375366568914956122e-01,2.430000000000000000e+02
9.739999999999999072e-07,2.381072929999999976e-01,0.000000000000000000e+00,2.385141739980449760e-01,2.440000000000000000e+02
9.749999999999999823e-07,2.383512540000000124e-01,0.000000000000000000e+00,2.385141739980449760e-01,2.440000000000000000e+02
9.760000000000000575e-07,2.385952159999999989e-01,0.000000000000000000e+00,2.385141739980449760e-01,2.440000000000000000e+02
9.769999999999999208e-07,2.388391780000000131e-01,0.000000000000000000e+00,2.385141739980449760e-01,2.440000000000000000e+02
9.779999999999999960e-07,2.390831390000000001e-01,0.000000000000000000e+00,2.394916911045943397e-01,2.450000000000000000e+02
9.790000000000000711e-07,2.393271009999999865e-01,1.000000000000000000e+00,2.394916911045943397e-01,2.450000000000000000e+02
9.799999999999999345e-07,2.395710620000000013e-01,0.000000000000000000e+00,2.394916911045943397e-01,2.450000000000000000e+02
9.810000000000000096e-07,2.398150239999999878e-01,0.000000000000000000e+00,2.394916911045943397e-01,2.450000000000000000e+02
9.820000000000000847e-07,2.400589850000000025e-01,1.000000000000000000e+00,2.404692082111437035e-01,2.460000000000000000e+02
9.829999999999999481e-07,2.403029469999999890e-01,0.000000000000000000e+00,2.404692082111437035e-01,2.460000000000000000e+02
9.840000000000000232e-07,2.405469080000000037e-01,0.000000000000000000e+00,2.404692082111437035e-01,2.460000000000000000e+02
9.850000000000000984e-07,2.407908699999999902e-01,1.000000000000000000e+00,2.404692082111437035e-01,2.460000000000000000e+02
9.859999999999999617e-07,2.410348310000000049e-01,0.000000000000000000e+00,2.414467253176930672e-01,2.470000000000000000e+02
9.870000000000000369e-07,2.412787929999999914e-01,0.000000000000000000e+00,2.414467253176930672e-01,2.470000000000000000e+02
9.879999999999999002e-07,2.415227540000000062e-01,0.000000000000000000e+00,2.414467253176930672e-01,2.470000000000000000e+02
9.889999999999999754e-07,2.417667159999999926e-01,0.000000000000000000e+00,2.414467253176930672e-01,2.470000000000000000e+02
9.900000000000000505e-07,2.420106770000000074e-01,0.000000000000000000e+00,2.424242424242424310e-01,2.480000000000000000e+02
9.909999999999999139e-07,2.422546389999999938e-01,0.000000000000000000e+00,2.424242424242424310e-01,2.480000000000000000e+02
9.919999999999999890e-07,2.424986010000000081e-01,0.000000000000000000e+00,2.424242424242424310e-01,2.480000000000000000e+02
9.930000000000000641e-07,2.427425619999999951e-01,1.000000000000000000e+00,2.424242424242424310e-01,2.480000000000000000e+02
9.939999999999999275e-07,2.429865240000000093e-01,0.000000000000000000e+00,2.434017595307917947e-01,2.490000000000000000e+02
9.950000000000000026e-07,2.432304849999999963e-01,0.000000000000000000e+00,2.434017595307917947e-01,2.490000000000000000e+02
9.960000000000000777e-07,2.434744470000000105e-01,1.000000000000000000e+00,2.434017595307917947e-01,2.490000000000000000e+02
9.969999999999999411e-07,2.437184079999999975e-01,0.000000000000000000e+00,2.434017595307917947e-01,2.490000000000000000e+02
9.980000000000000162e-07,2.439623700000000117e-01,0.000000000000000000e+00,2.443792766373411585e-01,2.500000000000000000e+02
9.990000000000000914e-07,2.442063309999999987e-01,1.000000000000000000e+00,2.443792766373411585e-01,2.500000000000000000e+02
9.999999999999999547e-07,2.444502930000000129e-01,0.000000000000000000e+00,2.443792766373411585e-01,2.500000000000000000e+02
1.001000000000000030e-06,2.446942539999999999e-01,0.000000000000000000e+00,2.443792766373411585e-01,2.500000000000000000e+02
1.002000000000000105e-06,2.449382159999999864e-01,1.000000000000000000e+00,2.453567937438905222e-01,2.510000000000000000e+02
1.002999999999999968e-06,2.451821770000000011e-01,0.000000000000000000e+00,2.453567937438905222e-01,2.510000000000000000e+02
1.004000000000000044e-06,2.454261389999999876e-01,0.000000000000000000e+00,2.453567937438905222e-01,2.510000000000000000e+02
1.004999999999999907e-06,2.456701010000000018e-01,0.000000000000000000e+00,2.453567937438905222e-01,2.510000000000000000e+02
1.005999999999999982e-06,2.459140619999999888e-01,0.000000000000000000e+00,2.463343108504398860e-01,2.520000000000000000e+02
1.007000000000000057e-06,2.461580240000000031e-01,0.000000000000000000e+00,2.463343108504398860e-01,2.520000000000000000e+02
1.007999999999999921e-06,2.464019849999999900e-01,0.000000000000000000e+00,2.463343108504398860e-01,2.520000000000000000e+02
1.008999999999999996e-06,2.466459470000000043e-01,0.000000000000000000e+00,2.463343108504398860e-01,2.520000000000000000e+02
1.010000000000000071e-06,2.468899079999999913e-01,1.000000000000000000e+00,2.473118279569892497e-01,2.530000000000000000e+02
1.010999999999999934e-06,2.471338700000000055e-01,0.000000000000000000e+00,2.473118279569892497e-01,2.530000000000000000e+02
1.012000000000000009e-06,2.473778309999999925e-01,0.000000000000000000e+00,2.473118279569892497e-01,2.530000000000000000e+02
1.013000000000000084e-06,2.476217930000000067e-01,1.000000000000000000e+00,2.473118279569892497e-01,2.530000000000000000e+02
1.013999999999999948e-06,2.478657539999999937e-01,0.000000000000000000e+00,2.482893450635386134e-01,2.540000000000000000e+02
1.015000000000000023e-06,2.481097160000000079e-01,0.000000000000000000e+00,2.482893450635386134e-01,2.540000000000000000e+02
1.016000000000000098e-06,2.483536769999999949e-01,1.000000000000000000e+00,2.482893450635386134e-01,2.540000000000000000e+02
1.016999999999999961e-06,2.485976390000000091e-01,0.000000000000000000e+00,2.482893450635386134e-01,2.540000000000000000e+02
1.018000000000000037e-06,2.488415999999999961e-01,0.000000000000000000e+00,2.492668621700879772e-01,2.550000000000000000e+02
1.018999999999999900e-06,2.490855620000000104e-01,0.000000000000000000e+00,2.492668621700879772e-01,2.550000000000000000e+02
1.019999999999999975e-06,2.493295239999999968e-01,0.000000000000000000e+00,2.492668621700879772e-01,2.550000000000000000e+02
1.021000000000000050e-06,2.495734850000000116e-01,0.000000000000000000e+00,2.492668621700879772e-01,2.550000000000000000e+02
1.021999999999999914e-06,2.498174469999999980e-01,0.000000000000000000e+00,2.502443792766373409e-01,2.560000000000000000e+02
1.022999999999999989e-06,2.500614079999999850e-01,0.000000000000000000e+00,2.502443792766373409e-01,2.560000000000000000e+02
1.024000000000000064e-06,2.503053700000000270e-01,1.000000000000000000e+00,2.502443792766373409e-01,2.560000000000000000e+02
1.024999999999999927e-06,2.505493309999999862e-01,0.000000000000000000e+00,2.502443792766373409e-01,2.560000000000000000e+02
1.026000000000000002e-06,2.507932929999999727e-01,0.000000000000000000e+00,2.512218963831867047e-01,2.570000000000000000e+02
1.027000000000000077e-06,2.510372539999999875e-01,1.000000000000000000e+00,2.512218963831867047e-01,2.570000000000000000e+02
1.027999999999999941e-06,2.512812159999999739e-01,0.000000000000000000e+00,2.512218963831867047e-01,2.570000000000000000e+02
1.029000000000000016e-06,2.515251769999999887e-01,0.000000000000000000e+00,2.512218963831867047e-01,2.570000000000000000e+02
1.030000000000000091e-06,2.517691389999999751e-01,1.000000000000000000e+00,2.521994134897360684e-01,2.580000000000000000e+02
1.030999999999999954e-06,2.520130999999999899e-01,0.000000000000000000e+00,2.521994134897360684e-01,2.580000000000000000e+02
1.032000000000000030e-06,2.522570619999999764e-01,0.000000000000000000e+00,2.521994134897360684e-01,2.580000000000000000e+02
1.033000000000000105e-06,2.525010229999999911e-01,1.000000000000000000e+00,2.521994134897360684e-01,2.580000000000000000e+02
1.033999999999999968e-06,2.527449849999999776e-01,0.000000000000000000e+00,2.531769305962854322e-01,2.590000000000000000e+02
1.035000000000000043e-06,2.529889470000000196e-01,0.000000000000000000e+00,2.531769305962854322e-01,2.590000000000000000e+02
1.035999999999999907e-06,2.532329079999999788e-01,0.000000000000000000e+00,2.531769305962854322e-01,2.590000000000000000e+02
1.036999999999999982e-06,2.534768700000000208e-01,0.000000000000000000e+00,2.531769305962854322e-01,2.590000000000000000e+02
1.038000000000000057e-06,2.537208309999999800e-01,0.000000000000000000e+00,2.541544477028347959e-01,2.600000000000000000e+02
1.038999999999999920e-06,2.539647930000000220e-01,0.000000000000000000e+00,2.541544477028347959e-01,2.600000000000000000e+02
1.039999999999999995e-06,2.542087539999999812e-01,0.000000000000000000e+00,2.541544477028347959e-01,2.600000000000000000e+02
1.041000000000000070e-06,2.544527160000000232e-01,1.000000000000000000e+00,2.541544477028347959e-01,2.600000000000000000e+02
1.041999999999999934e-06,2.546966769999999824e-01,0.000000000000000000e+00,2.551319648093841597e-01,2.610000000000000000e+02
1.043000000000000009e-06,2.549406390000000244e-01,0.000000000000000000e+00,2.551319648093841597e-01,2.610000000000000000e+02
1.044000000000000084e-06,2.551845999999999837e-01,1.000000000000000000e+00,2.551319648093841597e-01,2.610000000000000000e+02
1.044999999999999947e-06,2.554285620000000256e-01,0.000000000000000000e+00,2.551319648093841597e-01,2.610000000000000000e+02
1.046000000000000023e-06,2.556725229999999849e-01,0.000000000000000000e+00,2.561094819159335234e-01,2.620000000000000000e+02
1.047000000000000098e-06,2.559164850000000269e-01,1.000000000000000000e+00,2.561094819159335234e-01,2.620000000000000000e+02
1.047999999999999961e-06,2.561604459999999861e-01,0.000000000000000000e+00,2.561094819159335234e-01,2.620000000000000000e+02
1.049000000000000036e-06,2.564044079999999726e-01,0.000000000000000000e+00,2.561094819159335234e-01,2.620000000000000000e+02
1.049999999999999900e-06,2.566483700000000145e-01,0.000000000000000000e+00,2.570869990224828872e-01,2.630000000000000000e+02
1.050999999999999975e-06,2.568923309999999738e-01,0.000000000000000000e+00,2.570869990224828872e-01,2.630000000000000000e+02
1.052000000000000050e-06,2.571362930000000158e-01,0.000000000000000000e+00,2.570869990224828872e-01,2.630000000000000000e+02
1.052999999999999913e-06,2.573802539999999750e-01,0.000000000000000000e+00,2.570869990224828872e-01,2.630000000000000000e+02
1.053999999999999988e-06,2.576242160000000170e-01,0.000000000000000000e+00,2.580645161290322509e-01,2.640000000000000000e+02
1.055000000000000063e-06,2.578681769999999762e-01,0.000000000000000000e+00,2.580645161290322509e-01,2.640000000000000000e+02
1.055999999999999927e-06,2.581121390000000182e-01,0.000000000000000000e+00,2.580645161290322509e-01,2.640000000000000000e+02
1.057000000000000002e-06,2.583560999999999774e-01,0.000000000000000000e+00,2.580645161290322509e-01,2.640000000000000000e+02
1.058000000000000077e-06,2.586000620000000194e-01,1.000000000000000000e+00,2.590420332355816146e-01,2.650000000000000000e+02
1.058999999999999940e-06,2.588440229999999787e-01,0.000000000000000000e+00,2.590420332355816146e-01,2.650000000000000000e+02
1.060000000000000016e-06,2.590879850000000206e-01,0.000000000000000000e+00,2.590420332355816146e-01,2.650000000000000000e+02
1.061000000000000091e-06,2.593319459999999799e-01,1.000000000000000000e+00,2.590420332355816146e-01,2.650000000000000000e+02
1.061999999999999954e-06,2.595759080000000218e-01,0.000000000000000000e+00,2.600195503421309784e-01,2.660000000000000000e+02
1.063000000000000029e-06,2.598198689999999811e-01,0.000000000000000000e+00,2.600195503421309784e-01,2.660000000000000000e+02
1.064000000000000104e-06,2.600638310000000231e-01,1.000000000000000000e+00,2.600195503421309784e-01,2.660000000000000000e+02
1.064999999999999968e-06,2.603077930000000095e-01,0.000000000000000000e+00,2.600195503421309784e-01,2.660000000000000000e+02
1.066000000000000043e-06,2.605517540000000243e-01,0.000000000000000000e+00,2.609970674486803421e-01,2.670000000000000000e+02
1.066999999999999906e-06,2.607957160000000107e-01,0.000000000000000000e+00,2.609970674486803421e-01,2.670000000000000000e+02
1.067999999999999981e-06,2.610396770000000255e-01,0.000000000000000000e+00,2.609970674486803421e-01,2.670000000000000000e+02
1.069000000000000056e-06,2.612836390000000120e-01,0.000000000000000000e+00,2.609970674486803421e-01,2.670000000000000000e+02
1.069999999999999920e-06,2.615276000000000267e-01,0.000000000000000000e+00,2.619745845552297059e-01,2.680000000000000000e+02
1.070999999999999995e-06,2.617715620000000132e-01,0.000000000000000000e+00,2.619745845552297059e-01,2.680000000000000000e+02
1.072000000000000070e-06,2.620155229999999724e-01,1.000000000000000000e+00,2.619745845552297059e-01,2.680000000000000000e+02
1.072999999999999933e-06,2.622594850000000144e-01,0.000000000000000000e+00,2.619745845552297059e-01,2.680000000000000000e+02
1.074000000000000009e-06,2.625034459999999736e-01,0.000000000000000000e+00,2.629521016617790696e-01,2.690000000000000000e+02
1.075000000000000084e-06,2.627474080000000156e-01,1.000000000000000000e+00,2.629521016617790696e-01,2.690000000000000000e+02
1.075999999999999947e-06,2.629913689999999749e-01,0.000000000000000000e+00,2.629521016617790696e-01,2.690000000000000000e+02
1.077000000000000022e-06,2.632353310000000168e-01,0.000000000000000000e+00,2.629521016617790696e-01,2.690000000000000000e+02
1.078000000000000097e-06,2.634792930000000033e-01,1.000000000000000000e+00,2.639296187683284334e-01,2.700000000000000000e+02
1.078999999999999961e-06,2.637232540000000180e-01,0.000000000000000000e+00,2.639296187683284334e-01,2.700000000000000000e+02
1.080000000000000036e-06,2.639672160000000045e-01,0.000000000000000000e+00,2.639296187683284334e-01,2.700000000000000000e+02
1.080999999999999899e-06,2.642111770000000193e-01,0.000000000000000000e+00,2.639296187683284334e-01,2.700000000000000000e+02
1.081999999999999974e-06,2.644551390000000057e-01,0.000000000000000000e+00,2.649071358748777971e-01,2.710000000000000000e+02
1.083000000000000049e-06,2.646991000000000205e-01,0.000000000000000000e+00,2.649071358748777971e-01,2.710000000000000000e+02
1.083999999999999913e-06,2.649430620000000070e-01,0.000000000000000000e+00,2.649071358748777971e-01,2.710000000000000000e+02
1.084999999999999988e-06,2.651870230000000217e-01,0.000000000000000000e+00,2.649071358748777971e-01,2.710000000000000000e+02
1.086000000000000063e-06,2.654309850000000082e-01,0.000000000000000000e+00,2.658846529814271609e-01,2.720000000000000000e+02
1.086999999999999926e-06,2.656749460000000229e-01,0.000000000000000000e+00,2.658846529814271609e-01,2.720000000000000000e+02
1.088000000000000002e-06,2.659189080000000094e-01,0.000000000000000000e+00,2.658846529814271609e-01,2.720000000000000000e+02
1.089000000000000077e-06,2.661628690000000241e-01,1.000000000000000000e+00,2.658846529814271609e-01,2.720000000000000000e+02
1.089999999999999940e-06,2.664068310000000106e-01,0.000000000000000000e+00,2.668621700879765246e-01,2.730000000000000000e+02
1.091000000000000015e-06,2.666507920000000254e-01,0.000000000000000000e+00,2.668621700879765246e-01,2.730000000000000000e+02
1.092000000000000090e-06,2.668947540000000118e-01,1.000000000000000000e+00,2.668621700879765246e-01,2.730000000000000000e+02
1.092999999999999954e-06,2.671387159999999983e-01,0.000000000000000000e+00,2.668621700879765246e-01,2.730000000000000000e+02
1.094000000000000029e-06,2.673826770000000130e-01,0.000000000000000000e+00,2.678396871945258884e-01,2.740000000000000000e+02
1.095000000000000104e-06,2.676266389999999995e-01,1.000000000000000000e+00,2.678396871945258884e-01,2.740000000000000000e+02
1.095999999999999967e-06,2.678706000000000143e-01,0.000000000000000000e+00,2.678396871945258884e-01,2.740000000000000000e+02
1.097000000000000042e-06,2.681145620000000007e-01,0.000000000000000000e+00,2.678396871945258884e-01,2.740000000000000000e+02
1.097999999999999906e-06,2.683585230000000155e-01,0.000000000000000000e+00,2.688172043010752521e-01,2.750000000000000000e+02
1.098999999999999981e-06,2.686024850000000019e-01,0.000000000000000000e+00,2.688172043010752521e-01,2.750000000000000000e+02
1.100000000000000056e-06,2.688464460000000167e-01,0.000000000000000000e+00,2.688172043010752521e-01,2.750000000000000000e+02
1.100999999999999919e-06,2.690904080000000032e-01,0.000000000000000000e+00,2.688172043010752521e-01,2.750000000000000000e+02
1.101999999999999995e-06,2.693343690000000179e-01,0.000000000000000000e+00,2.697947214076246158e-01,2.760000000000000000e+02
1.103000000000000070e-06,2.695783310000000044e-01,1.000000000000000000e+00,2.697947214076246158e-01,2.760000000000000000e+02
1.103999999999999933e-06,2.698222920000000191e-01,0.000000000000000000e+00,2.697947214076246158e-01,2.760000000000000000e+02
1.105000000000000008e-06,2.700662540000000056e-01,0.000000000000000000e+00,2.697947214076246158e-01,2.760000000000000000e+02
1.106000000000000083e-06,2.703102150000000203e-01,1.000000000000000000e+00,2.707722385141739796e-01,2.770000000000000000e+02
1.106999999999999947e-06,2.705541770000000068e-01,0.000000000000000000e+00,2.707722385141739796e-01,2.770000000000000000e+02
1.108000000000000022e-06,2.707981389999999933e-01,0.000000000000000000e+00,2.707722385141739796e-01,2.770000000000000000e+02
1.109000000000000097e-06,2.710421000000000080e-01,1.000000000000000000e+00,2.707722385141739796e-01,2.770000000000000000e+02
1.109999999999999960e-06,2.712860619999999945e-01,0.000000000000000000e+00,2.717497556207233433e-01,2.780000000000000000e+02
1.111000000000000035e-06,2.715300230000000092e-01,0.000000000000000000e+00,2.717497556207233433e-01,2.780000000000000000e+02
1.111999999999999899e-06,2.717739849999999957e-01,0.000000000000000000e+00,2.717497556207233433e-01,2.780000000000000000e+02
1.112999999999999974e-06,2.720179460000000105e-01,0.000000000000000000e+00,2.717497556207233433e-01,2.780000000000000000e+02
1.114000000000000049e-06,2.722619079999999969e-01,0.000000000000000000e+00,2.727272727272727071e-01,2.790000000000000000e+02
1.114999999999999912e-06,2.725058690000000117e-01,0.000000000000000000e+00,2.727272727272727071e-01,2.790000000000000000e+02
1.115999999999999988e-06,2.727498309999999981e-01,0.000000000000000000e+00,2.727272727272727071e-01,2.790000000000000000e+02
1.117000000000000063e-06,2.729937920000000129e-01,0.000000000000000000e+00,2.727272727272727071e-01,2.790000000000000000e+02
1.117999999999999926e-06,2.732377539999999994e-01,0.000000000000000000e+00,2.737047898338220708e-01,2.800000000000000000e+02
1.119000000000000001e-06,2.734817150000000141e-01,0.000000000000000000e+00,2.737047898338220708e-01,2.800000000000000000e+02
1.120000000000000076e-06,2.737256770000000006e-01,1.000000000000000000e+00,2.737047898338220708e-01,2.800000000000000000e+02
1.120999999999999940e-06,2.739696380000000153e-01,0.000000000000000000e+00,2.737047898338220708e-01,2.800000000000000000e+02
1.122000000000000015e-06,2.742136000000000018e-01,0.000000000000000000e+00,2.746823069403714346e-01,2.810000000000000000e+02
1.123000000000000090e-06,2.744575619999999883e-01,1.000000000000000000e+00,2.746823069403714346e-01,2.810000000000000000e+02
1.123999999999999953e-06,2.747015230000000030e-01,0.000000000000000000e+00,2.746823069403714346e-01,2.810000000000000000e+02
1.125000000000000029e-06,2.749454849999999895e-01,0.000000000000000000e+00,2.746823069403714346e-01,2.810000000000000000e+02
1.126000000000000104e-06,2.751894460000000042e-01,1.000000000000000000e+00,2.756598240469207983e-01,2.820000000000000000e+02
1.126999999999999967e-06,2.754334079999999907e-01,0.000000000000000000e+00,2.756598240469207983e-01,2.820000000000000000e+02
1.128000000000000042e-06,2.756773690000000054e-01,0.000000000000000000e+00,2.756598240469207983e-01,2.820000000000000000e+02
1.128999999999999906e-06,2.759213309999999919e-01,0.000000000000000000e+00,2.756598240469207983e-01,2.820000000000000000e+02
1.129999999999999981e-06,2.761652920000000067e-01,0.000000000000000000e+00,2.766373411534701621e-01,2.830000000000000000e+02
1.131000000000000056e-06,2.764092539999999931e-01,0.000000000000000000e+00,2.766373411534701621e-01,2.830000000000000000e+02
1.131999999999999919e-06,2.766532150000000079e-01,0.000000000000000000e+00,2.766373411534701621e-01,2.830000000000000000e+02
1.132999999999999994e-06,2.768971769999999943e-01,0.000000000000000000e+00,2.766373411534701621e-01,2.830000000000000000e+02
1.134000000000000069e-06,2.771411380000000091e-01,0.000000000000000000e+00,2.776148582600195258e-01,2.840000000000000000e+02
1.134999999999999933e-06,2.773850999999999956e-01,0.000000000000000000e+00,2.776148582600195258e-01,2.840000000000000000e+02
1.136000000000000008e-06,2.776290610000000103e-01,0.000000000000000000e+00,2.776148582600195258e-01,2.840000000000000000e+02
1.137000000000000083e-06,2.778730229999999968e-01,1.000000000000000000e+00,2.776148582600195258e-01,2.840000000000000000e+02
1.137999999999999946e-06,2.781169849999999832e-01,0.000000000000000000e+00,2.785923753665688896e-01,2.850000000000000000e+02
1.139000000000000022e-06,2.783609459999999980e-01,0.000000000000000000e+00,2.785923753665688896e-01,2.850000000000000000e+02
1.140000000000000097e-06,2.786049079999999845e-01,1.000000000000000000e+00,2.785923753665688896e-01,2.850000000000000000e+02
1.140999999999999960e-06,2.788488689999999992e-01,0.000000000000000000e+00,2.785923753665688896e-01,2.850000000000000000e+02
1.142000000000000035e-06,2.790928309999999857e-01,0.000000000000000000e+00,2.795698924731182533e-01,2.860000000000000000e+02
1.142999999999999899e-06,2.793367920000000004e-01,0.000000000000000000e+00,2.795698924731182533e-01,2.860000000000000000e+02
1.143999999999999974e-06,2.795807539999999869e-01,0.000000000000000000e+00,2.795698924731182533e-01,2.860000000000000000e+02
1.145000000000000049e-06,2.798247150000000016e-01,0.000000000000000000e+00,2.795698924731182533e-01,2.860000000000000000e+02
1.145999999999999912e-06,2.800686769999999881e-01,0.000000000000000000e+00,2.805474095796676171e-01,2.870000000000000000e+02
1.146999999999999987e-06,2.803126380000000029e-01,0.000000000000000000e+00,2.805474095796676171e-01,2.870000000000000000e+02
1.148000000000000062e-06,2.805565999999999893e-01,0.000000000000000000e+00,2.805474095796676171e-01,2.870000000000000000e+02
1.148999999999999926e-06,2.808005610000000041e-01,0.000000000000000000e+00,2.805474095796676171e-01,2.870000000000000000e+02
1.150000000000000001e-06,2.810445229999999905e-01,0.000000000000000000e+00,2.815249266862169808e-01,2.880000000000000000e+02
1.151000000000000076e-06,2.812884849999999770e-01,1.000000000000000000e+00,2.815249266862169808e-01,2.880000000000000000e+02
1.151999999999999939e-06,2.815324459999999918e-01,0.000000000000000000e+00,2.815249266862169808e-01,2.880000000000000000e+02
1.153000000000000015e-06,2.817764079999999782e-01,0.000000000000000000e+00,2.815249266862169808e-01,2.880000000000000000e+02
1.154000000000000090e-06,2.820203689999999930e-01,1.000000000000000000e+00,2.825024437927664001e-01,2.890000000000000000e+02
1.154999999999999953e-06,2.822643309999999794e-01,0.000000000000000000e+00,2.825024437927664001e-01,2.890000000000000000e+02
1.156000000000000028e-06,2.825082919999999942e-01,0.000000000000000000e+00,2.825024437927664001e-01,2.890000000000000000e+02
1.157000000000000103e-06,2.827522539999999807e-01,1.000000000000000000e+00,2.825024437927664001e-01,2.890000000000000000e+02
1.157999999999999967e-06,2.829962149999999954e-01,0.000000000000000000e+00,2.834799608993157638e-01,2.900000000000000000e+02
1.159000000000000042e-06,2.832401769999999819e-01,0.000000000000000000e+00,2.834799608993157638e-01,2.900000000000000000e+02
1.159999999999999905e-06,2.834841379999999966e-01,0.000000000000000000e+00,2.834799608993157638e-01,2.900000000000000000e+02
1.160999999999999980e-06,2.837280999999999831e-01,0.000000000000000000e+00,2.834799608993157638e-01,2.900000000000000000e+02
1.162000000000000055e-06,2.839720609999999978e-01,0.000000000000000000e+00,2.844574780058651275e-01,2.910000000000000000e+02
1.162999999999999919e-06,2.842160229999999843e-01,0.000000000000000000e+00,2.844574780058651275e-01,2.910000000000000000e+02
1.163999999999999994e-06,2.844599839999999991e-01,0.000000000000000000e+00,2.844574780058651275e-01,2.910000000000000000e+02
1.165000000000000069e-06,2.847039459999999855e-01,0.000000000000000000e+00,2.844574780058651275e-01,2.910000000000000000e+02
1.165999999999999932e-06,2.849479080000000275e-01,0.000000000000000000e+00,2.854349951124144913e-01,2.920000000000000000e+02
1.167000000000000008e-06,2.851918689999999867e-01,0.000000000000000000e+00,2.854349951124144913e-01,2.920000000000000000e+02
1.168000000000000083e-06,2.854358309999999732e-01,1.000000000000000000e+00,2.854349951124144913e-01,2.920000000000000000e+02
1.168999999999999946e-06,2.856797919999999880e-01,0.000000000000000000e+00,2.854349951124144913e-01,2.920000000000000000e+02
1.170000000000000021e-06,2.859237539999999744e-01,0.000000000000000000e+00,2.864125122189638550e-01,2.930000000000000000e+02
1.171000000000000096e-06,2.861677149999999892e-01,1.000000000000000000e+00,2.864125122189638550e-01,2.930000000000000000e+02
1.171999999999999960e-06,2.864116769999999756e-01,0.000000000000000000e+00,2.864125122189638550e-01,2.930000000000000000e+02
1.173000000000000035e-06,2.866556379999999904e-01,0.000000000000000000e+00,2.864125122189638550e-01,2.930000000000000000e+02
1.173999999999999898e-06,2.868995999999999769e-01,0.000000000000000000e+00,2.873900293255132188e-01,2.940000000000000000e+02
1.174999999999999973e-06,2.871435609999999916e-01,0.000000000000000000e+00,2.873900293255132188e-01,2.940000000000000000e+02
1.176000000000000048e-06,2.873875229999999781e-01,0.000000000000000000e+00,2.873900293255132188e-01,2.940000000000000000e+02
1.176999999999999912e-06,2.876314839999999928e-01,0.000000000000000000e+00,2.873900293255132188e-01,2.940000000000000000e+02
1.177999999999999987e-06,2.878754459999999793e-01,0.000000000000000000e+00,2.883675464320625825e-01,2.950000000000000000e+02
1.179000000000000062e-06,2.881194069999999940e-01,0.000000000000000000e+00,2.883675464320625825e-01,2.950000000000000000e+02
1.179999999999999925e-06,2.883633689999999805e-01,0.000000000000000000e+00,2.883675464320625825e-01,2.950000000000000000e+02
1.181000000000000001e-06,2.886073310000000225e-01,0.000000000000000000e+00,2.883675464320625825e-01,2.950000000000000000e+02
1.182000000000000076e-06,2.888512919999999817e-01,1.000000000000000000e+00,2.893450635386119463e-01,2.960000000000000000e+02
1.182999999999999939e-06,2.890952540000000237e-01,0.000000000000000000e+00,2.893450635386119463e-01,2.960000000000000000e+02
1.184000000000000014e-06,2.893392149999999829e-01,0.000000000000000000e+00,2.893450635386119463e-01,2.960000000000000000e+02
1.185000000000000089e-06,2.895831770000000249e-01,1.000000000000000000e+00,2.893450635386119463e-01,2.960000000000000000e+02
1.185999999999999953e-06,2.898271379999999842e-01,0.000000000000000000e+00,2.903225806451613100e-01,2.970000000000000000e+02
1.187000000000000028e-06,2.900711000000000261e-01,0.000000000000000000e+00,2.903225806451613100e-01,2.970000000000000000e+02
1.188000000000000103e-06,2.903150609999999854e-01,1.000000000000000000e+00,2.903225806451613100e-01,2.970000000000000000e+02
1.188999999999999966e-06,2.905590230000000274e-01,0.000000000000000000e+00,2.903225806451613100e-01,2.970000000000000000e+02
1.190000000000000041e-06,2.908029839999999866e-01,0.000000000000000000e+00,2.913000977517106738e-01,2.980000000000000000e+02
1.190999999999999905e-06,2.910469459999999731e-01,0.000000000000000000e+00,2.913000977517106738e-01,2.980000000000000000e+02
1.191999999999999980e-06,2.912909069999999878e-01,0.000000000000000000e+00,2.913000977517106738e-01,2.980000000000000000e+02
1.193000000000000055e-06,2.915348689999999743e-01,0.000000000000000000e+00,2.913000977517106738e-01,2.980000000000000000e+02
1.193999999999999918e-06,2.917788299999999890e-01,0.000000000000000000e+00,2.922776148582600375e-01,2.990000000000000000e+02
1.194999999999999994e-06,2.920227919999999755e-01,0.000000000000000000e+00,2.922776148582600375e-01,2.990000000000000000e+02
1.196000000000000069e-06,2.922667540000000175e-01,0.000000000000000000e+00,2.922776148582600375e-01,2.990000000000000000e+02
1.196999999999999932e-06,2.925107149999999767e-01,0.000000000000000000e+00,2.922776148582600375e-01,2.990000000000000000e+02
1.198000000000000007e-06,2.927546770000000187e-01,0.000000000000000000e+00,2.932551319648094013e-01,3.000000000000000000e+02
1.199000000000000082e-06,2.929986379999999779e-01,1.000000000000000000e+00,2.932551319648094013e-01,3.000000000000000000e+02
1.199999999999999946e-06,2.932426000000000199e-01,0.000000000000000000e+00,2.932551319648094013e-01,3.000000000000000000e+02
1.201000000000000021e-06,2.934865609999999791e-01,0.000000000000000000e+00,2.932551319648094013e-01,3.000000000000000000e+02
1.202000000000000096e-06,2.937305230000000211e-01,1.000000000000000000e+00,2.942326490713587650e-01,3.010000000000000000e+02
1.202999999999999959e-06,2.939744839999999804e-01,0.000000000000000000e+00,2.942326490713587650e-01,3.010000000000000000e+02
1.204000000000000034e-06,2.942184460000000223e-01,0.000000000000000000e+00,2.942326490713587650e-01,3.010000000000000000e+02
1.204999999999999898e-06,2.944624069999999816e-01,0.000000000000000000e+00,2.942326490713587650e-01,3.010000000000000000e+02
1.205999999999999973e-06,2.947063690000000236e-01,0.000000000000000000e+00,2.952101661779081287e-01,3.020000000000000000e+02
1.207000000000000048e-06,2.949503299999999828e-01,0.000000000000000000e+00,2.952101661779081287e-01,3.020000000000000000e+02
1.207999999999999911e-06,2.951942920000000248e-01,0.000000000000000000e+00,2.952101661779081287e-01,3.020000000000000000e+02
1.208999999999999987e-06,2.954382540000000112e-01,0.000000000000000000e+00,2.952101661779081287e-01,3.020000000000000000e+02
1.210000000000000062e-06,2.956822150000000260e-01,0.000000000000000000e+00,2.952101661779081287e-01,3.020000000000000000e+02
1.210999999999999925e-06,2.959261770000000125e-01,0.000000000000000000e+00,2.961876832844574925e-01,3.030000000000000000e+02
1.212000000000000000e-06,2.961701380000000272e-01,0.000000000000000000e+00,2.961876832844574925e-01,3.030000000000000000e+02
1.213000000000000075e-06,2.964141000000000137e-01,0.000000000000000000e+00,2.961876832844574925e-01,3.030000000000000000e+02
1.213999999999999939e-06,2.966580609999999729e-01,0.000000000000000000e+00,2.961876832844574925e-01,3.030000000000000000e+02
1.215000000000000014e-06,2.969020230000000149e-01,0.000000000000000000e+00,2.971652003910068562e-01,3.040000000000000000e+02
1.216000000000000089e-06,2.971459839999999741e-01,1.000000000000000000e+00,2.971652003910068562e-01,3.040000000000000000e+02
1.216999999999999952e-06,2.973899460000000161e-01,0.000000000000000000e+00,2.971652003910068562e-01,3.040000000000000000e+02
1.218000000000000027e-06,2.976339069999999754e-01,0.000000000000000000e+00,2.971652003910068562e-01,3.040000000000000000e+02
1.219000000000000103e-06,2.978778690000000173e-01,1.000000000000000000e+00,2.981427174975562200e-01,3.050000000000000000e+02
1.219999999999999966e-06,2.981218299999999766e-01,0.000000000000000000e+00,2.981427174975562200e-01,3.050000000000000000e+02
1.221000000000000041e-06,2.983657920000000185e-01,0.000000000000000000e+00,2.981427174975562200e-01,3.050000000000000000e+02
1.221999999999999904e-06,2.986097529999999778e-01,0.000000000000000000e+00,2.981427174975562200e-01,3.050000000000000000e+02
1.222999999999999980e-06,2.988537150000000198e-01,0.000000000000000000e+00,2.991202346041055837e-01,3.060000000000000000e+02
1.224000000000000055e-06,2.990976770000000062e-01,0.000000000000000000e+00,2.991202346041055837e-01,3.060000000000000000e+02
1.224999999999999918e-06,2.993416380000000210e-01,0.000000000000000000e+00,2.991202346041055837e-01,3.060000000000000000e+02
1.225999999999999993e-06,2.995856000000000074e-01,0.000000000000000000e+00,2.991202346041055837e-01,3.060000000000000000e+02
1.227000000000000068e-06,2.998295610000000222e-01,0.000000000000000000e+00,3.000977517106549475e-01,3.070000000000000000e+02
1.227999999999999932e-06,3.000735230000000087e-01,0.000000000000000000e+00,3.000977517106549475e-01,3.070000000000000000e+02
1.229000000000000007e-06,3.003174840000000234e-01,0.000000000000000000e+00,3.000977517106549475e-01,3.070000000000000000e+02
1.230000000000000082e-06,3.005614460000000099e-01,1.000000000000000000e+00,3.000977517106549475e-01,3.070000000000000000e+02
1.230999999999999945e-06,3.008054070000000246e-01,0.000000000000000000e+00,3.010752688172043112e-01,3.080000000000000000e+02
1.232000000000000020e-06,3.010493690000000111e-01,0.000000000000000000e+00,3.010752688172043112e-01,3.080000000000000000e+02
1.233000000000000096e-06,3.012933300000000258e-01,1.000000000000000000e+00,3.010752688172043112e-01,3.080000000000000000e+02
1.233999999999999959e-06,3.015372920000000123e-01,0.000000000000000000e+00,3.010752688172043112e-01,3.080000000000000000e+02
1.235000000000000034e-06,3.017812530000000271e-01,0.000000000000000000e+00,3.020527859237536750e-01,3.090000000000000000e+02
1.235999999999999897e-06,3.020252150000000135e-01,0.000000000000000000e+00,3.020527859237536750e-01,3.090000000000000000e+02
1.236999999999999973e-06,3.022691759999999728e-01,0.000000000000000000e+00,3.020527859237536750e-01,3.090000000000000000e+02
1.238000000000000048e-06,3.025131380000000147e-01,0.000000000000000000e+00,3.020527859237536750e-01,3.090000000000000000e+02
1.238999999999999911e-06,3.027571000000000012e-01,0.000000000000000000e+00,3.030303030303030387e-01,3.100000000000000000e+02
1.239999999999999986e-06,3.030010610000000160e-01,0.000000000000000000e+00,3.030303030303030387e-01,3.100000000000000000e+02
1.241000000000000061e-06,3.032450230000000024e-01,0.000000000000000000e+00,3.030303030303030387e-01,3.100000000000000000e+02
1.241999999999999925e-06,3.034889840000000172e-01,0.000000000000000000e+00,3.030303030303030387e-01,3.100000000000000000e+02
1.243000000000000000e-06,3.037329460000000037e-01,0.000000000000000000e+00,3.040078201368524025e-01,3.110000000000000000e+02
1.244000000000000075e-06,3.039769070000000184e-01,0.000000000000000000e+00,3.040078201368524025e-01,3.110000000000000000e+02
1.244999999999999938e-06,3.042208690000000049e-01,0.000000000000000000e+00,3.040078201368524025e-01,3.110000000000000000e+02
1.246000000000000013e-06,3.044648300000000196e-01,0.000000000000000000e+00,3.040078201368524025e-01,3.110000000000000000e+02
1.247000000000000089e-06,3.047087920000000061e-01,1.000000000000000000e+00,3.049853372434017662e-01,3.120000000000000000e+02
1.247999999999999952e-06,3.049527530000000208e-01,0.000000000000000000e+00,3.049853372434017662e-01,3.120000000000000000e+02
1.249000000000000027e-06,3.051967150000000073e-01,0.000000000000000000e+00,3.049853372434017662e-01,3.120000000000000000e+02
1.250000000000000102e-06,3.054406760000000221e-01,1.000000000000000000e+00,3.049853372434017662e-01,3.120000000000000000e+02
1.250999999999999966e-06,3.056846380000000085e-01,0.000000000000000000e+00,3.059628543499511300e-01,3.130000000000000000e+02
1.252000000000000041e-06,3.059285990000000233e-01,0.000000000000000000e+00,3.059628543499511300e-01,3.130000000000000000e+02
1.252999999999999904e-06,3.061725610000000097e-01,0.000000000000000000e+00,3.059628543499511300e-01,3.130000000000000000e+02
1.253999999999999979e-06,3.064165229999999962e-01,0.000000000000000000e+00,3.059628543499511300e-01,3.130000000000000000e+02
1.255000000000000054e-06,3.066604840000000110e-01,0.000000000000000000e+00,3.069403714565004937e-01,3.140000000000000000e+02
1.255999999999999918e-06,3.069044459999999974e-01,0.000000000000000000e+00,3.069403714565004937e-01,3.140000000000000000e+02
1.256999999999999993e-06,3.071484070000000122e-01,0.000000000000000000e+00,3.069403714565004937e-01,3.140000000000000000e+02
1.258000000000000068e-06,3.073923689999999986e-01,0.000000000000000000e+00,3.069403714565004937e-01,3.140000000000000000e+02
1.258999999999999931e-06,3.076363300000000134e-01,0.000000000000000000e+00,3.079178885630498574e-01,3.150000000000000000e+02
1.260000000000000007e-06,3.078802919999999999e-01,0.000000000000000000e+00,3.079178885630498574e-01,3.150000000000000000e+02
1.261000000000000082e-06,3.081242530000000146e-01,1.000000000000000000e+00,3.079178885630498574e-01,3.150000000000000000e+02
1.261999999999999945e-06,3.083682150000000011e-01,0.000000000000000000e+00,3.079178885630498574e-01,3.150000000000000000e+02
1.263000000000000020e-06,3.086121760000000158e-01,0.000000000000000000e+00,3.088954056695992212e-01,3.160000000000000000e+02
1.264000000000000095e-06,3.088561380000000023e-01,1.000000000000000000e+00,3.088954056695992212e-01,3.160000000000000000e+02
1.264999999999999959e-06,3.091000990000000170e-01,0.000000000000000000e+00,3.088954056695992212e-01,3.160000000000000000e+02
1.266000000000000034e-06,3.093440610000000035e-01,0.000000000000000000e+00,3.088954056695992212e-01,3.160000000000000000e+02
1.266999999999999897e-06,3.095880220000000183e-01,0.000000000000000000e+00,3.098729227761485849e-01,3.170000000000000000e+02
1.267999999999999972e-06,3.098319840000000047e-01,0.000000000000000000e+00,3.098729227761485849e-01,3.170000000000000000e+02
1.269000000000000047e-06,3.100759459999999912e-01,0.000000000000000000e+00,3.098729227761485849e-01,3.170000000000000000e+02
1.269999999999999911e-06,3.103199070000000059e-01,0.000000000000000000e+00,3.098729227761485849e-01,3.170000000000000000e+02
1.270999999999999986e-06,3.105638689999999924e-01,0.000000000000000000e+00,3.108504398826979487e-01,3.180000000000000000e+02
1.272000000000000061e-06,3.108078300000000072e-01,0.000000000000000000e+00,3.108504398826979487e-01,3.180000000000000000e+02
1.272999999999999924e-06,3.110517919999999936e-01,0.000000000000000000e+00,3.108504398826979487e-01,3.180000000000000000e+02
1.274000000000000000e-06,3.112957530000000084e-01,0.000000000000000000e+00,3.108504398826979487e-01,3.180000000000000000e+02
1.275000000000000075e-06,3.115397149999999948e-01,0.000000000000000000e+00,3.118279569892473124e-01,3.190000000000000000e+02
1.275999999999999938e-06,3.117836760000000096e-01,0.000000000000000000e+00,3.118279569892473124e-01,3.190000000000000000e+02
1.277000000000000013e-06,3.120276379999999961e-01,0.000000000000000000e+00,3.118279569892473124e-01,3.190000000000000000e+02
1.278000000000000088e-06,3.122715990000000108e-01,1.000000000000000000e+00,3.118279569892473124e-01,3.190000000000000000e+02
1.278999999999999952e-06,3.125155609999999973e-01,0.000000000000000000e+00,3.128054740957966762e-01,3.200000000000000000e+02
1.280000000000000027e-06,3.127595220000000120e-01,0.000000000000000000e+00,3.128054740957966762e-01,3.200000000000000000e+02
1.281000000000000102e-06,3.130034839999999985e-01,1.000000000000000000e+00,3.128054740957966762e-01,3.200000000000000000e+02
1.281999999999999965e-06,3.132474459999999850e-01,0.000000000000000000e+00,3.128054740957966762e-01,3.200000000000000000e+02
1.283000000000000040e-06,3.134914069999999997e-01,0.000000000000000000e+00,3.137829912023460399e-01,3.210000000000000000e+02
1.283999999999999904e-06,3.137353689999999862e-01,0.000000000000000000e+00,3.137829912023460399e-01,3.210000000000000000e+02
1.284999999999999979e-06,3.139793300000000009e-01,0.000000000000000000e+00,3.137829912023460399e-01,3.210000000000000000e+02
1.286000000000000054e-06,3.142232919999999874e-01,0.000000000000000000e+00,3.137829912023460399e-01,3.210000000000000000e+02
1.286999999999999917e-06,3.144672530000000021e-01,0.000000000000000000e+00,3.147605083088954037e-01,3.220000000000000000e+02
1.287999999999999993e-06,3.147112149999999886e-01,0.000000000000000000e+00,3.147605083088954037e-01,3.220000000000000000e+02
1.289000000000000068e-06,3.149551760000000034e-01,0.000000000000000000e+00,3.147605083088954037e-01,3.220000000000000000e+02
1.289999999999999931e-06,3.151991379999999898e-01,0.000000000000000000e+00,3.147605083088954037e-01,3.220000000000000000e+02
1.291000000000000006e-06,3.154430990000000046e-01,0.000000000000000000e+00,3.157380254154447674e-01,3.230000000000000000e+02
1.292000000000000081e-06,3.156870609999999910e-01,1.000000000000000000e+00,3.157380254154447674e-01,3.230000000000000000e+02
1.292999999999999945e-06,3.159310220000000058e-01,0.000000000000000000e+00,3.157380254154447674e-01,3.230000000000000000e+02
1.294000000000000020e-06,3.161749839999999923e-01,0.000000000000000000e+00,3.157380254154447674e-01,3.230000000000000000e+02
1.295000000000000095e-06,3.164189450000000070e-01,1.000000000000000000e+00,3.167155425219941312e-01,3.240000000000000000e+02
1.295999999999999958e-06,3.166629069999999935e-01,0.000000000000000000e+00,3.167155425219941312e-01,3.240000000000000000e+02
1.297000000000000033e-06,3.169068689999999799e-01,0.000000000000000000e+00,3.167155425219941312e-01,3.240000000000000000e+02
1.297999999999999897e-06,3.171508299999999947e-01,0.000000000000000000e+00,3.167155425219941312e-01,3.240000000000000000e+02
1.298999999999999972e-06,3.173947919999999812e-01,0.000000000000000000e+00,3.176930596285434949e-01,3.250000000000000000e+02
1.300000000000000047e-06,3.176387529999999959e-01,0.000000000000000000e+00,3.176930596285434949e-01,3.250000000000000000e+02
1.300999999999999910e-06,3.178827149999999824e-01,0.000000000000000000e+00,3.176930596285434949e-01,3.250000000000000000e+02
1.301999999999999986e-06,3.181266759999999971e-01,0.000000000000000000e+00,3.176930596285434949e-01,3.250000000000000000e+02
1.303000000000000061e-06,3.183706379999999836e-01,0.000000000000000000e+00,3.186705767350928586e-01,3.260000000000000000e+02
1.303999999999999924e-06,3.186145989999999983e-01,0.000000000000000000e+00,3.186705767350928586e-01,3.260000000000000000e+02
1.304999999999999999e-06,3.188585609999999848e-01,0.000000000000000000e+00,3.186705767350928586e-01,3.260000000000000000e+02
1.306000000000000074e-06,3.191025219999999996e-01,0.000000000000000000e+00,3.186705767350928586e-01,3.260000000000000000e+02
1.306999999999999938e-06,3.193464839999999860e-01,0.000000000000000000e+00,3.196480938416422224e-01,3.270000000000000000e+02
1.308000000000000013e-06,3.195904450000000008e-01,0.000000000000000000e+00,3.196480938416422224e-01,3.270000000000000000e+02
1.309000000000000088e-06,3.198344069999999872e-01,1.000000000000000000e+00,3.196480938416422224e-01,3.270000000000000000e+02
1.309999999999999951e-06,3.200783680000000020e-01,0.000000000000000000e+00,3.196480938416422224e-01,3.270000000000000000e+02
1.311000000000000026e-06,3.203223299999999885e-01,0.000000000000000000e+00,3.206256109481915861e-01,3.280000000000000000e+02
1.312000000000000102e-06,3.205662919999999749e-01,1.000000000000000000e+00,3.206256109481915861e-01,3.280000000000000000e+02
1.312999999999999965e-06,3.208102529999999897e-01,0.000000000000000000e+00,3.206256109481915861e-01,3.280000000000000000e+02
1.314000000000000040e-06,3.210542149999999761e-01,0.000000000000000000e+00,3.206256109481915861e-01,3.280000000000000000e+02
1.314999999999999903e-06,3.212981759999999909e-01,0.000000000000000000e+00,3.216031280547409499e-01,3.290000000000000000e+02
1.315999999999999979e-06,3.215421379999999774e-01,0.000000000000000000e+00,3.216031280547409499e-01,3.290000000000000000e+02
1.317000000000000054e-06,3.217860989999999921e-01,0.000000000000000000e+00,3.216031280547409499e-01,3.290000000000000000e+02
1.317999999999999917e-06,3.220300609999999786e-01,0.000000000000000000e+00,3.216031280547409499e-01,3.290000000000000000e+02
1.318999999999999992e-06,3.222740219999999933e-01,0.000000000000000000e+00,3.225806451612903136e-01,3.300000000000000000e+02
1.320000000000000067e-06,3.225179839999999798e-01,0.000000000000000000e+00,3.225806451612903136e-01,3.300000000000000000e+02
1.320999999999999931e-06,3.227619449999999945e-01,0.000000000000000000e+00,3.225806451612903136e-01,3.300000000000000000e+02
1.322000000000000006e-06,3.230059069999999810e-01,0.000000000000000000e+00,3.225806451612903136e-01,3.300000000000000000e+02
1.323000000000000081e-06,3.232498679999999958e-01,0.000000000000000000e+00,3.235581622678396774e-01,3.310000000000000000e+02
1.323999999999999944e-06,3.234938299999999822e-01,0.000000000000000000e+00,3.235581622678396774e-01,3.310000000000000000e+02
1.325000000000000019e-06,3.237377909999999970e-01,0.000000000000000000e+00,3.235581622678396774e-01,3.310000000000000000e+02
1.326000000000000095e-06,3.239817529999999834e-01,1.000000000000000000e+00,3.235581622678396774e-01,3.310000000000000000e+02
1.326999999999999958e-06,3.242257150000000254e-01,0.000000000000000000e+00,3.245356793743890411e-01,3.320000000000000000e+02
1.328000000000000033e-06,3.244696759999999847e-01,0.000000000000000000e+00,3.245356793743890411e-01,3.320000000000000000e+02
1.328999999999999896e-06,3.247136380000000266e-01,0.000000000000000000e+00,3.245356793743890411e-01,3.320000000000000000e+02
1.329999999999999972e-06,3.249575989999999859e-01,0.000000000000000000e+00,3.245356793743890411e-01,3.320000000000000000e+02
1.331000000000000047e-06,3.252015609999999723e-01,0.000000000000000000e+00,3.255131964809384049e-01,3.330000000000000000e+02
1.331999999999999910e-06,3.254455219999999871e-01,0.000000000000000000e+00,3.255131964809384049e-01,3.330000000000000000e+02
1.332999999999999985e-06,3.256894839999999736e-01,0.000000000000000000e+00,3.255131964809384049e-01,3.330000000000000000e+02
1.334000000000000060e-06,3.259334449999999883e-01,0.000000000000000000e+00,3.255131964809384049e-01,3.330000000000000000e+02
1.334999999999999924e-06,3.261774069999999748e-01,0.000000000000000000e+00,3.264907135874877686e-01,3.340000000000000000e+02
1.335999999999999999e-06,3.264213679999999895e-01,0.000000000000000000e+00,3.264907135874877686e-01,3.340000000000000000e+02
1.337000000000000074e-06,3.266653299999999760e-01,0.000000000000000000e+00,3.264907135874877686e-01,3.340000000000000000e+02
1.337999999999999937e-06,3.269092909999999907e-01,0.000000000000000000e+00,3.264907135874877686e-01,3.340000000000000000e+02
1.339000000000000012e-06,3.271532529999999772e-01,0.000000000000000000e+00,3.274682306940371324e-01,3.350000000000000000e+02
1.340000000000000088e-06,3.273972139999999920e-01,1.000000000000000000e+00,3.274682306940371324e-01,3.350000000000000000e+02
1.340999999999999951e-06,3.276411759999999784e-01,0.000000000000000000e+00,3.274682306940371324e-01,3.350000000000000000e+02
1.342000000000000026e-06,3.278851380000000204e-01,0.000000000000000000e+00,3.274682306940371324e-01,3.350000000000000000e+02
1.343000000000000101e-06,3.281290989999999796e-01,1.000000000000000000e+00,3.284457478005864961e-01,3.360000000000000000e+02
1.343999999999999965e-06,3.283730610000000216e-01,0.000000000000000000e+00,3.284457478005864961e-01,3.360000000000000000e+02
1.345000000000000040e-06,3.286170219999999809e-01,0.000000000000000000e+00,3.284457478005864961e-01,3.360000000000000000e+02
1.345999999999999903e-06,3.288609840000000228e-01,0.000000000000000000e+00,3.284457478005864961e-01,3.360000000000000000e+02
1.346999999999999978e-06,3.291049449999999821e-01,0.000000000000000000e+00,3.294232649071358598e-01,3.370000000000000000e+02
1.348000000000000053e-06,3.293489070000000241e-01,0.000000000000000000e+00,3.294232649071358598e-01,3.370000000000000000e+02
1.348999999999999917e-06,3.295928679999999833e-01,0.000000000000000000e+00,3.294232649071358598e-01,3.370000000000000000e+02
1.349999999999999992e-06,3.298368300000000253e-01,0.000000000000000000e+00,3.294232649071358598e-01,3.370000000000000000e+02
1.351000000000000067e-06,3.300807909999999845e-01,0.000000000000000000e+00,3.304007820136852236e-01,3.380000000000000000e+02
1.351999999999999930e-06,3.303247530000000265e-01,0.000000000000000000e+00,3.304007820136852236e-01,3.380000000000000000e+02
1.353000000000000005e-06,3.305687139999999857e-01,0.000000000000000000e+00,3.304007820136852236e-01,3.380000000000000000e+02
1.354000000000000081e-06,3.308126760000000277e-01,0.000000000000000000e+00,3.304007820136852236e-01,3.380000000000000000e+02
1.354999999999999944e-06,3.310566380000000142e-01,0.000000000000000000e+00,3.313782991202345873e-01,3.390000000000000000e+02
1.356000000000000019e-06,3.313005989999999734e-01,0.000000000000000000e+00,3.313782991202345873e-01,3.390000000000000000e+02
1.357000000000000094e-06,3.315445610000000154e-01,1.000000000000000000e+00,3.313782991202345873e-01,3.390000000000000000e+02
1.357999999999999958e-06,3.317885219999999746e-01,0.000000000000000000e+00,3.313782991202345873e-01,3.390000000000000000e+02
1.359000000000000033e-06,3.320324840000000166e-01,0.000000000000000000e+00,3.323558162267839511e-01,3.400000000000000000e+02
1.359999999999999896e-06,3.322764449999999758e-01,0.000000000000000000e+00,3.323558162267839511e-01,3.400000000000000000e+02
1.360999999999999971e-06,3.325204070000000178e-01,0.000000000000000000e+00,3.323558162267839511e-01,3.400000000000000000e+02
1.362000000000000046e-06,3.327643679999999771e-01,0.000000000000000000e+00,3.323558162267839511e-01,3.400000000000000000e+02
1.362999999999999910e-06,3.330083300000000190e-01,0.000000000000000000e+00,3.333333333333333148e-01,3.410000000000000000e+02
1.363999999999999985e-06,3.332522909999999783e-01,0.000000000000000000e+00,3.333333333333333148e-01,3.410000000000000000e+02
1.365000000000000060e-06,3.334962530000000203e-01,0.000000000000000000e+00,3.333333333333333148e-01,3.410000000000000000e+02
1.365999999999999923e-06,3.337402139999999795e-01,0.000000000000000000e+00,3.333333333333333148e-01,3.410000000000000000e+02
1.366999999999999998e-06,3.339841760000000215e-01,0.000000000000000000e+00,3.343108504398826786e-01,3.420000000000000000e+02
1.368000000000000074e-06,3.342281369999999807e-01,0.000000000000000000e+00,3.343108504398826786e-01,3.420000000000000000e+02
1.368999999999999937e-06,3.344720990000000227e-01,0.000000000000000000e+00,3.343108504398826786e-01,3.420000000000000000e+02
1.370000000000000012e-06,3.347160610000000092e-01,0.000000000000000000e+00,3.343108504398826786e-01,3.420000000000000000e+02
1.371000000000000087e-06,3.349600220000000239e-01,1.000000000000000000e+00,3.352883675464320423e-01,3.430000000000000000e+02
1.371999999999999951e-06,3.352039840000000104e-01,0.000000000000000000e+00,3.352883675464320423e-01,3.430000000000000000e+02
1.373000000000000026e-06,3.354479450000000251e-01,0.000000000000000000e+00,3.352883675464320423e-01,3.430000000000000000e+02
1.374000000000000101e-06,3.356919070000000116e-01,1.000000000000000000e+00,3.352883675464320423e-01,3.430000000000000000e+02
1.374999999999999964e-06,3.359358680000000263e-01,0.000000000000000000e+00,3.362658846529814061e-01,3.440000000000000000e+02
1.376000000000000039e-06,3.361798300000000128e-01,0.000000000000000000e+00,3.362658846529814061e-01,3.440000000000000000e+02
1.376999999999999903e-06,3.364237910000000276e-01,0.000000000000000000e+00,3.362658846529814061e-01,3.440000000000000000e+02
1.377999999999999978e-06,3.366677530000000140e-01,0.000000000000000000e+00,3.362658846529814061e-01,3.440000000000000000e+02
1.379000000000000053e-06,3.369117139999999733e-01,0.000000000000000000e+00,3.372434017595307698e-01,3.450000000000000000e+02
1.379999999999999916e-06,3.371556760000000152e-01,0.000000000000000000e+00,3.372434017595307698e-01,3.450000000000000000e+02
1.380999999999999992e-06,3.373996369999999745e-01,0.000000000000000000e+00,3.372434017595307698e-01,3.450000000000000000e+02
1.382000000000000067e-06,3.376435990000000165e-01,0.000000000000000000e+00,3.372434017595307698e-01,3.450000000000000000e+02
1.382999999999999930e-06,3.378875599999999757e-01,0.000000000000000000e+00,3.382209188660801336e-01,3.460000000000000000e+02
1.384000000000000005e-06,3.381315220000000177e-01,0.000000000000000000e+00,3.382209188660801336e-01,3.460000000000000000e+02
1.385000000000000080e-06,3.383754840000000041e-01,0.000000000000000000e+00,3.382209188660801336e-01,3.460000000000000000e+02
1.385999999999999944e-06,3.386194450000000189e-01,0.000000000000000000e+00,3.382209188660801336e-01,3.460000000000000000e+02
1.387000000000000019e-06,3.388634070000000054e-01,0.000000000000000000e+00,3.391984359726294973e-01,3.470000000000000000e+02
1.388000000000000094e-06,3.391073680000000201e-01,1.000000000000000000e+00,3.391984359726294973e-01,3.470000000000000000e+02
1.388999999999999957e-06,3.393513300000000066e-01,0.000000000000000000e+00,3.391984359726294973e-01,3.470000000000000000e+02
1.390000000000000032e-06,3.395952910000000213e-01,0.000000000000000000e+00,3.391984359726294973e-01,3.470000000000000000e+02
1.390999999999999896e-06,3.398392530000000078e-01,0.000000000000000000e+00,3.401759530791788610e-01,3.480000000000000000e+02
1.391999999999999971e-06,3.400832140000000225e-01,0.000000000000000000e+00,3.401759530791788610e-01,3.480000000000000000e+02
1.393000000000000046e-06,3.403271760000000090e-01,0.000000000000000000e+00,3.401759530791788610e-01,3.480000000000000000e+02
1.393999999999999909e-06,3.405711370000000238e-01,0.000000000000000000e+00,3.401759530791788610e-01,3.480000000000000000e+02
1.394999999999999985e-06,3.408150990000000102e-01,0.000000000000000000e+00,3.411534701857282248e-01,3.490000000000000000e+02
1.396000000000000060e-06,3.410590600000000250e-01,0.000000000000000000e+00,3.411534701857282248e-01,3.490000000000000000e+02
1.396999999999999923e-06,3.413030220000000114e-01,0.000000000000000000e+00,3.411534701857282248e-01,3.490000000000000000e+02
1.397999999999999998e-06,3.415469830000000262e-01,0.000000000000000000e+00,3.411534701857282248e-01,3.490000000000000000e+02
1.399000000000000073e-06,3.417909450000000127e-01,0.000000000000000000e+00,3.421309872922775885e-01,3.500000000000000000e+02
1.399999999999999937e-06,3.420349069999999991e-01,0.000000000000000000e+00,3.421309872922775885e-01,3.500000000000000000e+02
1.401000000000000012e-06,3.422788680000000139e-01,0.000000000000000000e+00,3.421309872922775885e-01,3.500000000000000000e+02
1.402000000000000087e-06,3.425228300000000004e-01,0.000000000000000000e+00,3.421309872922775885e-01,3.500000000000000000e+02
1.402999999999999950e-06,3.427667910000000151e-01,0.000000000000000000e+00,3.431085043988269523e-01,3.510000000000000000e+02
1.404000000000000025e-06,3.430107530000000016e-01,0.000000000000000000e+00,3.431085043988269523e-01,3.510000000000000000e+02
1.405000000000000101e-06,3.432547140000000163e-01,1.000000000000000000e+00,3.431085043988269523e-01,3.510000000000000000e+02
1.405999999999999964e-06,3.434986760000000028e-01,0.000000000000000000e+00,3.431085043988269523e-01,3.510000000000000000e+02
1.407000000000000039e-06,3.437426370000000175e-01,0.000000000000000000e+00,3.440860215053763715e-01,3.520000000000000000e+02
1.407999999999999902e-06,3.439865990000000040e-01,0.000000000000000000e+00,3.440860215053763715e-01,3.520000000000000000e+02
1.408999999999999978e-06,3.442305600000000187e-01,0.000000000000000000e+00,3.440860215053763715e-01,3.520000000000000000e+02
1.410000000000000053e-06,3.444745220000000052e-01,0.000000000000000000e+00,3.440860215053763715e-01,3.520000000000000000e+02
1.410999999999999916e-06,3.447184830000000200e-01,0.000000000000000000e+00,3.450635386119257353e-01,3.530000000000000000e+02
1.411999999999999991e-06,3.449624450000000064e-01,0.000000000000000000e+00,3.450635386119257353e-01,3.530000000000000000e+02
1.413000000000000066e-06,3.452064060000000212e-01,0.000000000000000000e+00,3.450635386119257353e-01,3.530000000000000000e+02
1.413999999999999930e-06,3.454503680000000077e-01,0.000000000000000000e+00,3.450635386119257353e-01,3.530000000000000000e+02
1.415000000000000005e-06,3.456943299999999941e-01,0.000000000000000000e+00,3.460410557184750990e-01,3.540000000000000000e+02
1.416000000000000080e-06,3.459382910000000089e-01,0.000000000000000000e+00,3.460410557184750990e-01,3.540000000000000000e+02
1.416999999999999943e-06,3.461822529999999953e-01,0.000000000000000000e+00,3.460410557184750990e-01,3.540000000000000000e+02
1.418000000000000018e-06,3.464262140000000101e-01,0.000000000000000000e+00,3.460410557184750990e-01,3.540000000000000000e+02
1.419000000000000094e-06,3.466701759999999966e-01,1.000000000000000000e+00,3.470185728250244628e-01,3.550000000000000000e+02
1.419999999999999957e-06,3.469141370000000113e-01,0.000000000000000000e+00,3.470185728250244628e-01,3.550000000000000000e+02
1.421000000000000032e-06,3.471580989999999978e-01,0.000000000000000000e+00,3.470185728250244628e-01,3.550000000000000000e+02
1.421999999999999895e-06,3.474020600000000125e-01,0.000000000000000000e+00,3.470185728250244628e-01,3.550000000000000000e+02
1.422999999999999971e-06,3.476460219999999990e-01,0.000000000000000000e+00,3.479960899315738265e-01,3.560000000000000000e+02
1.424000000000000046e-06,3.478899830000000137e-01,0.000000000000000000e+00,3.479960899315738265e-01,3.560000000000000000e+02
1.424999999999999909e-06,3.481339450000000002e-01,0.000000000000000000e+00,3.479960899315738265e-01,3.560000000000000000e+02
1.425999999999999984e-06,3.483779060000000150e-01,0.000000000000000000e+00,3.479960899315738265e-01,3.560000000000000000e+02
1.427000000000000059e-06,3.486218680000000014e-01,0.000000000000000000e+00,3.489736070381231903e-01,3.570000000000000000e+02
1.427999999999999923e-06,3.488658299999999879e-01,0.000000000000000000e+00,3.489736070381231903e-01,3.570000000000000000e+02
1.428999999999999998e-06,3.491097910000000026e-01,0.000000000000000000e+00,3.489736070381231903e-01,3.570000000000000000e+02
1.430000000000000073e-06,3.493537529999999891e-01,0.000000000000000000e+00,3.489736070381231903e-01,3.570000000000000000e+02
1.430999999999999936e-06,3.495977140000000039e-01,0.000000000000000000e+00,3.499511241446725540e-01,3.580000000000000000e+02
1.432000000000000011e-06,3.498416759999999903e-01,0.000000000000000000e+00,3.499511241446725540e-01,3.580000000000000000e+02
1.433000000000000087e-06,3.500856370000000051e-01,0.000000000000000000e+00,3.499511241446725540e-01,3.580000000000000000e+02
1.433999999999999950e-06,3.503295989999999915e-01,0.000000000000000000e+00,3.499511241446725540e-01,3.580000000000000000e+02
1.435000000000000025e-06,3.505735600000000063e-01,0.000000000000000000e+00,3.509286412512219178e-01,3.590000000000000000e+02
1.436000000000000100e-06,3.508175219999999928e-01,1.000000000000000000e+00,3.509286412512219178e-01,3.590000000000000000e+02
1.436999999999999964e-06,3.510614830000000075e-01,0.000000000000000000e+00,3.509286412512219178e-01,3.590000000000000000e+02
1.438000000000000039e-06,3.513054449999999940e-01,0.000000000000000000e+00,3.509286412512219178e-01,3.590000000000000000e+02
1.438999999999999902e-06,3.515494060000000087e-01,0.000000000000000000e+00,3.519061583577712815e-01,3.600000000000000000e+02
1.439999999999999977e-06,3.517933679999999952e-01,0.000000000000000000e+00,3.519061583577712815e-01,3.600000000000000000e+02
1.441000000000000052e-06,3.520373290000000099e-01,0.000000000000000000e+00,3.519061583577712815e-01,3.600000000000000000e+02
1.441999999999999916e-06,3.522812909999999964e-01,0.000000000000000000e+00,3.519061583577712815e-01,3.600000000000000000e+02
1.442999999999999991e-06,3.525252529999999829e-01,0.000000000000000000e+00,3.528836754643206453e-01,3.610000000000000000e+02
1.444000000000000066e-06,3.527692139999999976e-01,0.000000000000000000e+00,3.528836754643206453e-01,3.610000000000000000e+02
1.444999999999999929e-06,3.530131759999999841e-01,0.000000000000000000e+00,3.528836754643206453e-01,3.610000000000000000e+02
1.446000000000000004e-06,3.532571369999999988e-01,0.000000000000000000e+00,3.528836754643206453e-01,3.610000000000000000e+02
1.447000000000000080e-06,3.535010989999999853e-01,0.000000000000000000e+00,3.538611925708700090e-01,3.620000000000000000e+02
1.447999999999999943e-06,3.537450600000000001e-01,0.000000000000000000e+00,3.538611925708700090e-01,3.620000000000000000e+02
1.449000000000000018e-06,3.539890219999999865e-01,0.000000000000000000e+00,3.538611925708700090e-01,3.620000000000000000e+02
1.450000000000000093e-06,3.542329830000000013e-01,1.000000000000000000e+00,3.538611925708700090e-01,3.620000000000000000e+02
1.450999999999999957e-06,3.544769449999999877e-01,0.000000000000000000e+00,3.548387096774193727e-01,3.630000000000000000e+02
1.452000000000000032e-06,3.547209060000000025e-01,0.000000000000000000e+00,3.548387096774193727e-01,3.630000000000000000e+02
1.452999999999999895e-06,3.549648679999999890e-01,0.000000000000000000e+00,3.548387096774193727e-01,3.630000000000000000e+02
1.453999999999999970e-06,3.552088290000000037e-01,0.000000000000000000e+00,3.548387096774193727e-01,3.630000000000000000e+02
1.455000000000000045e-06,3.554527909999999902e-01,0.000000000000000000e+00,3.558162267839687365e-01,3.640000000000000000e+02
1.455999999999999909e-06,3.556967520000000049e-01,0.000000000000000000e+00,3.558162267839687365e-01,3.640000000000000000e+02
1.456999999999999984e-06,3.559407139999999914e-01,0.000000000000000000e+00,3.558162267839687365e-01,3.640000000000000000e+02
1.458000000000000059e-06,3.561846759999999779e-01,0.000000000000000000e+00,3.558162267839687365e-01,3.640000000000000000e+02
1.458999999999999922e-06,3.564286369999999926e-01,0.000000000000000000e+00,3.567937438905181002e-01,3.650000000000000000e+02
1.459999999999999997e-06,3.566725989999999791e-01,0.000000000000000000e+00,3.567937438905181002e-01,3.650000000000000000e+02
1.461000000000000073e-06,3.569165599999999938e-01,0.000000000000000000e+00,3.567937438905181002e-01,3.650000000000000000e+02
1.461999999999999936e-06,3.571605219999999803e-01,0.000000000000000000e+00,3.567937438905181002e-01,3.650000000000000000e+02
1.463000000000000011e-06,3.574044829999999950e-01,0.000000000000000000e+00,3.577712609970674640e-01,3.660000000000000000e+02
1.464000000000000086e-06,3.576484449999999815e-01,0.000000000000000000e+00,3.577712609970674640e-01,3.660000000000000000e+02
1.464999999999999950e-06,3.578924059999999963e-01,0.000000000000000000e+00,3.577712609970674640e-01,3.660000000000000000e+02
1.466000000000000025e-06,3.581363679999999827e-01,0.000000000000000000e+00,3.577712609970674640e-01,3.660000000000000000e+02
1.467000000000000100e-06,3.583803289999999975e-01,1.000000000000000000e+00,3.587487781036168277e-01,3.670000000000000000e+02
1.467999999999999963e-06,3.586242909999999839e-01,0.000000000000000000e+00,3.587487781036168277e-01,3.670000000000000000e+02
1.469000000000000038e-06,3.588682519999999987e-01,0.000000000000000000e+00,3.587487781036168277e-01,3.670000000000000000e+02
1.469999999999999902e-06,3.591122139999999852e-01,0.000000000000000000e+00,3.587487781036168277e-01,3.670000000000000000e+02
1.470999999999999977e-06,3.593561749999999999e-01,0.000000000000000000e+00,3.597262952101661915e-01,3.680000000000000000e+02
1.472000000000000052e-06,3.596001369999999864e-01,0.000000000000000000e+00,3.597262952101661915e-01,3.680000000000000000e+02
1.472999999999999915e-06,3.598440989999999728e-01,0.000000000000000000e+00,3.597262952101661915e-01,3.680000000000000000e+02
1.473999999999999990e-06,3.600880599999999876e-01,0.000000000000000000e+00,3.597262952101661915e-01,3.680000000000000000e+02
1.475000000000000066e-06,3.603320219999999741e-01,0.000000000000000000e+00,3.607038123167155552e-01,3.690000000000000000e+02
1.475999999999999929e-06,3.605759829999999888e-01,0.000000000000000000e+00,3.607038123167155552e-01,3.690000000000000000e+02
1.477000000000000004e-06,3.608199449999999753e-01,0.000000000000000000e+00,3.607038123167155552e-01,3.690000000000000000e+02
1.478000000000000079e-06,3.610639059999999900e-01,0.000000000000000000e+00,3.607038123167155552e-01,3.690000000000000000e+02
1.478999999999999943e-06,3.613078679999999765e-01,0.000000000000000000e+00,3.616813294232649190e-01,3.700000000000000000e+02
1.480000000000000018e-06,3.615518289999999912e-01,0.000000000000000000e+00,3.616813294232649190e-01,3.700000000000000000e+02
1.481000000000000093e-06,3.617957909999999777e-01,1.000000000000000000e+00,3.616813294232649190e-01,3.700000000000000000e+02
1.481999999999999956e-06,3.620397519999999925e-01,0.000000000000000000e+00,3.616813294232649190e-01,3.700000000000000000e+02
1.483000000000000031e-06,3.622837139999999789e-01,0.000000000000000000e+00,3.626588465298142827e-01,3.710000000000000000e+02
1.483999999999999895e-06,3.625276749999999937e-01,0.000000000000000000e+00,3.626588465298142827e-01,3.710000000000000000e+02
1.484999999999999970e-06,3.627716369999999801e-01,0.000000000000000000e+00,3.626588465298142827e-01,3.710000000000000000e+02
1.486000000000000045e-06,3.630155979999999949e-01,0.000000000000000000e+00,3.626588465298142827e-01,3.710000000000000000e+02
1.486999999999999908e-06,3.632595599999999814e-01,0.000000000000000000e+00,3.636363636363636465e-01,3.720000000000000000e+02
1.487999999999999983e-06,3.635035220000000233e-01,0.000000000000000000e+00,3.636363636363636465e-01,3.720000000000000000e+02
1.489000000000000059e-06,3.637474829999999826e-01,0.000000000000000000e+00,3.636363636363636465e-01,3.720000000000000000e+02
1.489999999999999922e-06,3.639914450000000246e-01,0.000000000000000000e+00,3.636363636363636465e-01,3.720000000000000000e+02
1.490999999999999997e-06,3.642354059999999838e-01,0.000000000000000000e+00,3.646138807429130102e-01,3.730000000000000000e+02
1.492000000000000072e-06,3.644793680000000258e-01,0.000000000000000000e+00,3.646138807429130102e-01,3.730000000000000000e+02
1.492999999999999936e-06,3.647233289999999850e-01,0.000000000000000000e+00,3.646138807429130102e-01,3.730000000000000000e+02
1.494000000000000011e-06,3.649672910000000270e-01,0.000000000000000000e+00,3.646138807429130102e-01,3.730000000000000000e+02
1.495000000000000086e-06,3.652112519999999862e-01,0.000000000000000000e+00,3.655913978494623739e-01,3.740000000000000000e+02
1.495999999999999949e-06,3.654552139999999727e-01,0.000000000000000000e+00,3.655913978494623739e-01,3.740000000000000000e+02
1.497000000000000024e-06,3.656991749999999874e-01,0.000000000000000000e+00,3.655913978494623739e-01,3.740000000000000000e+02
1.498000000000000100e-06,3.659431369999999739e-01,1.000000000000000000e+00,3.655913978494623739e-01,3.740000000000000000e+02
1.498999999999999963e-06,3.661870979999999887e-01,0.000000000000000000e+00,3.665689149560117377e-01,3.750000000000000000e+02
1.500000000000000038e-06,3.664310599999999751e-01,0.000000000000000000e+00,3.665689149560117377e-01,3.750000000000000000e+02
1.500999999999999901e-06,3.666750220000000171e-01,0.000000000000000000e+00,3.665689149560117377e-01,3.750000000000000000e+02
1.501999999999999977e-06,3.669189829999999763e-01,0.000000000000000000e+00,3.665689149560117377e-01,3.750000000000000000e+02
1.503000000000000052e-06,3.671629450000000183e-01,0.000000000000000000e+00,3.675464320625611014e-01,3.760000000000000000e+02
1.503999999999999915e-06,3.674069059999999776e-01,0.000000000000000000e+00,3.675464320625611014e-01,3.760000000000000000e+02
1.504999999999999990e-06,3.676508680000000195e-01,0.000000000000000000e+00,3.675464320625611014e-01,3.760000000000000000e+02
1.506000000000000065e-06,3.678948289999999788e-01,0.000000000000000000e+00,3.675464320625611014e-01,3.760000000000000000e+02
1.506999999999999929e-06,3.681387910000000208e-01,0.000000000000000000e+00,3.685239491691104652e-01,3.770000000000000000e+02
1.508000000000000004e-06,3.683827519999999800e-01,0.000000000000000000e+00,3.685239491691104652e-01,3.770000000000000000e+02
1.509000000000000079e-06,3.686267140000000220e-01,0.000000000000000000e+00,3.685239491691104652e-01,3.770000000000000000e+02
1.509999999999999942e-06,3.688706749999999812e-01,0.000000000000000000e+00,3.685239491691104652e-01,3.770000000000000000e+02
1.511000000000000017e-06,3.691146370000000232e-01,0.000000000000000000e+00,3.695014662756598289e-01,3.780000000000000000e+02
1.512000000000000093e-06,3.693585979999999824e-01,0.000000000000000000e+00,3.695014662756598289e-01,3.780000000000000000e+02
1.512999999999999956e-06,3.696025600000000244e-01,0.000000000000000000e+00,3.695014662756598289e-01,3.780000000000000000e+02
1.514000000000000031e-06,3.698465209999999836e-01,0.000000000000000000e+00,3.695014662756598289e-01,3.780000000000000000e+02
1.514999999999999894e-06,3.700904830000000256e-01,0.000000000000000000e+00,3.704789833822091927e-01,3.790000000000000000e+02
1.515999999999999970e-06,3.703344450000000121e-01,0.000000000000000000e+00,3.704789833822091927e-01,3.790000000000000000e+02
1.517000000000000045e-06,3.705784060000000268e-01,0.000000000000000000e+00,3.704789833822091927e-01,3.790000000000000000e+02
1.517999999999999908e-06,3.708223680000000133e-01,0.000000000000000000e+00,3.704789833822091927e-01,3.790000000000000000e+02
1.518999999999999983e-06,3.710663289999999725e-01,0.000000000000000000e+00,3.714565004887585564e-01,3.800000000000000000e+02
1.520000000000000058e-06,3.713102910000000145e-01,0.000000000000000000e+00,3.714565004887585564e-01,3.800000000000000000e+02
1.520999999999999922e-06,3.715542519999999738e-01,0.000000000000000000e+00,3.714565004887585564e-01,3.800000000000000000e+02
1.521999999999999997e-06,3.717982140000000157e-01,0.000000000000000000e+00,3.714565004887585564e-01,3.800000000000000000e+02
1.523000000000000072e-06,3.720421749999999750e-01,0.000000000000000000e+00,3.724340175953079202e-01,3.810000000000000000e+02
1.523999999999999935e-06,3.722861370000000170e-01,0.000000000000000000e+00,3.724340175953079202e-01,3.810000000000000000e+02
1.525000000000000010e-06,3.725300979999999762e-01,0.000000000000000000e+00,3.724340175953079202e-01,3.810000000000000000e+02
1.526000000000000086e-06,3.727740600000000182e-01,0.000000000000000000e+00,3.724340175953079202e-01,3.810000000000000000e+02
1.526999999999999949e-06,3.730180209999999774e-01,0.000000000000000000e+00,3.734115347018572839e-01,3.820000000000000000e+02
1.528000000000000024e-06,3.732619830000000194e-01,0.000000000000000000e+00,3.734115347018572839e-01,3.820000000000000000e+02
1.529000000000000099e-06,3.735059439999999786e-01,1.000000000000000000e+00,3.734115347018572839e-01,3.820000000000000000e+02
1.529999999999999963e-06,3.737499060000000206e-01,0.000000000000000000e+00,3.734115347018572839e-01,3.820000000000000000e+02
1.531000000000000038e-06,3.739938680000000071e-01,0.000000000000000000e+00,3.743890518084066477e-01,3.830000000000000000e+02
1.531999999999999901e-06,3.742378290000000218e-01,0.000000000000000000e+00,3.743890518084066477e-01,3.830000000000000000e+02
1.532999999999999976e-06,3.744817910000000083e-01,0.000000000000000000e+00,3.743890518084066477e-01,3.830000000000000000e+02
1.534000000000000051e-06,3.747257520000000230e-01,0.000000000000000000e+00,3.743890518084066477e-01,3.830000000000000000e+02
1.534999999999999915e-06,3.749697140000000095e-01,0.000000000000000000e+00,3.753665689149560114e-01,3.840000000000000000e+02
1.535999999999999990e-06,3.752136750000000243e-01,0.000000000000000000e+00,3.753665689149560114e-01,3.840000000000000000e+02
1.537000000000000065e-06,3.754576370000000107e-01,0.000000000000000000e+00,3.753665689149560114e-01,3.840000000000000000e+02
1.537999999999999928e-06,3.757015980000000255e-01,0.000000000000000000e+00,3.753665689149560114e-01,3.840000000000000000e+02
1.539000000000000003e-06,3.759455600000000119e-01,0.000000000000000000e+00,3.763440860215053752e-01,3.850000000000000000e+02
1.540000000000000079e-06,3.761895210000000267e-01,0.000000000000000000e+00,3.763440860215053752e-01,3.850000000000000000e+02
1.540999999999999942e-06,3.764334830000000132e-01,0.000000000000000000e+00,3.763440860215053752e-01,3.850000000000000000e+02
1.542000000000000017e-06,3.766774439999999724e-01,0.000000000000000000e+00,3.763440860215053752e-01,3.850000000000000000e+02
1.543000000000000092e-06,3.769214060000000144e-01,0.000000000000000000e+00,3.773216031280547389e-01,3.860000000000000000e+02
1.543999999999999956e-06,3.771653669999999736e-01,0.000000000000000000e+00,3.773216031280547389e-01,3.860000000000000000e+02
1.545000000000000031e-06,3.774093290000000156e-01,0.000000000000000000e+00,3.773216031280547389e-01,3.860000000000000000e+02
1.546000000000000106e-06,3.776532910000000021e-01,1.000000000000000000e+00,3.773216031280547389e-01,3.860000000000000000e+02
1.546999999999999969e-06,3.778972520000000168e-01,0.000000000000000000e+00,3.782991202346041026e-01,3.870000000000000000e+02
1.548000000000000044e-06,3.781412140000000033e-01,0.000000000000000000e+00,3.782991202346041026e-01,3.870000000000000000e+02
1.548999999999999908e-06,3.783851750000000180e-01,0.000000000000000000e+00,3.782991202346041026e-01,3.870000000000000000e+02
1.549999999999999983e-06,3.786291370000000045e-01,0.000000000000000000e+00,3.782991202346041026e-01,3.870000000000000000e+02
1.551000000000000058e-06,3.788730980000000192e-01,0.000000000000000000e+00,3.792766373411534664e-01,3.880000000000000000e+02
1.551999999999999921e-06,3.791170600000000057e-01,0.000000000000000000e+00,3.792766373411534664e-01,3.880000000000000000e+02
1.552999999999999996e-06,3.793610210000000205e-01,0.000000000000000000e+00,3.792766373411534664e-01,3.880000000000000000e+02
1.554000000000000072e-06,3.796049830000000069e-01,0.000000000000000000e+00,3.792766373411534664e-01,3.880000000000000000e+02
1.554999999999999935e-06,3.798489440000000217e-01,0.000000000000000000e+00,3.802541544477028301e-01,3.890000000000000000e+02
1.556000000000000010e-06,3.800929060000000081e-01,0.000000000000000000e+00,3.802541544477028301e-01,3.890000000000000000e+02
1.557000000000000085e-06,3.803368670000000229e-01,0.000000000000000000e+00,3.802541544477028301e-01,3.890000000000000000e+02
1.557999999999999949e-06,3.805808290000000094e-01,0.000000000000000000e+00,3.802541544477028301e-01,3.890000000000000000e+02
1.559000000000000024e-06,3.808247909999999958e-01,0.000000000000000000e+00,3.812316715542521939e-01,3.900000000000000000e+02
1.560000000000000099e-06,3.810687520000000106e-01,1.000000000000000000e+00,3.812316715542521939e-01,3.900000000000000000e+02
1.560999999999999962e-06,3.813127139999999970e-01,0.000000000000000000e+00,3.812316715542521939e-01,3.900000000000000000e+02
1.562000000000000037e-06,3.815566750000000118e-01,0.000000000000000000e+00,3.812316715542521939e-01,3.900000000000000000e+02
1.562999999999999901e-06,3.818006369999999983e-01,0.000000000000000000e+00,3.822091886608015576e-01,3.910000000000000000e+02
1.563999999999999976e-06,3.820445980000000130e-01,0.000000000000000000e+00,3.822091886608015576e-01,3.910000000000000000e+02
1.565000000000000051e-06,3.822885599999999995e-01,0.000000000000000000e+00,3.822091886608015576e-01,3.910000000000000000e+02
1.565999999999999914e-06,3.825325210000000142e-01,0.000000000000000000e+00,3.822091886608015576e-01,3.910000000000000000e+02
1.566999999999999989e-06,3.827764830000000007e-01,0.000000000000000000e+00,3.831867057673509214e-01,3.920000000000000000e+02
1.568000000000000065e-06,3.830204440000000154e-01,0.000000000000000000e+00,3.831867057673509214e-01,3.920000000000000000e+02
1.568999999999999928e-06,3.832644060000000019e-01,0.000000000000000000e+00,3.831867057673509214e-01,3.920000000000000000e+02
1.570000000000000003e-06,3.835083670000000167e-01,0.000000000000000000e+00,3.831867057673509214e-01,3.920000000000000000e+02
1.571000000000000078e-06,3.837523290000000031e-01,0.000000000000000000e+00,3.841642228739002851e-01,3.930000000000000000e+02
1.571999999999999942e-06,3.839962900000000179e-01,0.000000000000000000e+00,3.841642228739002851e-01,3.930000000000000000e+02
1.573000000000000017e-06,3.842402520000000044e-01,0.000000000000000000e+00,3.841642228739002851e-01,3.930000000000000000e+02
1.574000000000000092e-06,3.844842139999999908e-01,0.000000000000000000e+00,3.841642228739002851e-01,3.930000000000000000e+02
1.574999999999999955e-06,3.847281750000000056e-01,0.000000000000000000e+00,3.851417399804496489e-01,3.940000000000000000e+02
1.576000000000000030e-06,3.849721369999999920e-01,0.000000000000000000e+00,3.851417399804496489e-01,3.940000000000000000e+02
1.577000000000000105e-06,3.852160980000000068e-01,1.000000000000000000e+00,3.851417399804496489e-01,3.940000000000000000e+02
1.577999999999999969e-06,3.854600599999999933e-01,0.000000000000000000e+00,3.851417399804496489e-01,3.940000000000000000e+02
1.579000000000000044e-06,3.857040210000000080e-01,0.000000000000000000e+00,3.861192570869990126e-01,3.950000000000000000e+02
1.579999999999999907e-06,3.859479829999999945e-01,0.000000000000000000e+00,3.861192570869990126e-01,3.950000000000000000e+02
1.580999999999999982e-06,3.861919440000000092e-01,0.000000000000000000e+00,3.861192570869990126e-01,3.950000000000000000e+02
1.582000000000000058e-06,3.864359059999999957e-01,0.000000000000000000e+00,3.861192570869990126e-01,3.950000000000000000e+02
1.582999999999999921e-06,3.866798670000000104e-01,0.000000000000000000e+00,3.870967741935483764e-01,3.960000000000000000e+02
1.583999999999999996e-06,3.869238289999999969e-01,0.000000000000000000e+00,3.870967741935483764e-01,3.960000000000000000e+02
1.585000000000000071e-06,3.871677900000000117e-01,0.000000000000000000e+00,3.870967741935483764e-01,3.960000000000000000e+02
1.585999999999999935e-06,3.874117519999999981e-01,0.000000000000000000e+00,3.870967741935483764e-01,3.960000000000000000e+02
1.587000000000000010e-06,3.876557130000000129e-01,0.000000000000000000e+00,3.880742913000977401e-01,3.970000000000000000e+02
1.588000000000000085e-06,3.878996749999999993e-01,0.000000000000000000e+00,3.880742913000977401e-01,3.970000000000000000e+02
1.588999999999999948e-06,3.881436369999999858e-01,0.000000000000000000e+00,3.880742913000977401e-01,3.970000000000000000e+02
1.590000000000000023e-06,3.883875980000000006e-01,0.000000000000000000e+00,3.880742913000977401e-01,3.970000000000000000e+02
1.591000000000000098e-06,3.886315599999999870e-01,0.000000000000000000e+00,3.890518084066471038e-01,3.980000000000000000e+02
1.591999999999999962e-06,3.888755210000000018e-01,0.000000000000000000e+00,3.890518084066471038e-01,3.980000000000000000e+02
1.593000000000000037e-06,3.891194829999999882e-01,0.000000000000000000e+00,3.890518084066471038e-01,3.980000000000000000e+02
1.593999999999999900e-06,3.893634440000000030e-01,0.000000000000000000e+00,3.890518084066471038e-01,3.980000000000000000e+02
1.594999999999999975e-06,3.896074059999999895e-01,0.000000000000000000e+00,3.900293255131964676e-01,3.990000000000000000e+02
1.596000000000000051e-06,3.898513670000000042e-01,0.000000000000000000e+00,3.900293255131964676e-01,3.990000000000000000e+02
1.596999999999999914e-06,3.900953289999999907e-01,0.000000000000000000e+00,3.900293255131964676e-01,3.990000000000000000e+02
1.597999999999999989e-06,3.903392900000000054e-01,0.000000000000000000e+00,3.900293255131964676e-01,3.990000000000000000e+02
1.599000000000000064e-06,3.905832519999999919e-01,0.000000000000000000e+00,3.910068426197458313e-01,4.000000000000000000e+02
1.599999999999999928e-06,3.908272130000000066e-01,0.000000000000000000e+00,3.910068426197458313e-01,4.000000000000000000e+02
1.601000000000000003e-06,3.910711749999999931e-01,0.000000000000000000e+00,3.910068426197458313e-01,4.000000000000000000e+02
1.602000000000000078e-06,3.913151360000000079e-01,0.000000000000000000e+00,3.910068426197458313e-01,4.000000000000000000e+02
1.602999999999999941e-06,3.915590979999999943e-01,0.000000000000000000e+00,3.919843597262951951e-01,4.010000000000000000e+02
1.604000000000000016e-06,3.918030599999999808e-01,0.000000000000000000e+00,3.919843597262951951e-01,4.010000000000000000e+02
1.605000000000000091e-06,3.920470209999999955e-01,0.000000000000000000e+00,3.919843597262951951e-01,4.010000000000000000e+02
1.605999999999999955e-06,3.922909829999999820e-01,0.000000000000000000e+00,3.919843597262951951e-01,4.010000000000000000e+02
1.607000000000000030e-06,3.925349439999999968e-01,0.000000000000000000e+00,3.929618768328445588e-01,4.020000000000000000e+02
1.608000000000000105e-06,3.927789059999999832e-01,1.000000000000000000e+00,3.929618768328445588e-01,4.020000000000000000e+02
1.608999999999999968e-06,3.930228669999999980e-01,0.000000000000000000e+00,3.929618768328445588e-01,4.020000000000000000e+02
1.610000000000000044e-06,3.932668289999999844e-01,0.000000000000000000e+00,3.929618768328445588e-01,4.020000000000000000e+02
1.610999999999999907e-06,3.935107899999999992e-01,0.000000000000000000e+00,3.939393939393939226e-01,4.030000000000000000e+02
1.611999999999999982e-06,3.937547519999999857e-01,0.000000000000000000e+00,3.939393939393939226e-01,4.030000000000000000e+02
1.613000000000000057e-06,3.939987130000000004e-01,0.000000000000000000e+00,3.939393939393939226e-01,4.030000000000000000e+02
1.613999999999999921e-06,3.942426749999999869e-01,0.000000000000000000e+00,3.939393939393939226e-01,4.030000000000000000e+02
1.614999999999999996e-06,3.944866360000000016e-01,0.000000000000000000e+00,3.949169110459432863e-01,4.040000000000000000e+02
1.616000000000000071e-06,3.947305979999999881e-01,0.000000000000000000e+00,3.949169110459432863e-01,4.040000000000000000e+02
1.616999999999999934e-06,3.949745590000000028e-01,0.000000000000000000e+00,3.949169110459432863e-01,4.040000000000000000e+02
1.618000000000000009e-06,3.952185209999999893e-01,0.000000000000000000e+00,3.949169110459432863e-01,4.040000000000000000e+02
1.619000000000000084e-06,3.954624829999999758e-01,0.000000000000000000e+00,3.958944281524926501e-01,4.050000000000000000e+02
1.619999999999999948e-06,3.957064439999999905e-01,0.000000000000000000e+00,3.958944281524926501e-01,4.050000000000000000e+02
1.621000000000000023e-06,3.959504059999999770e-01,0.000000000000000000e+00,3.958944281524926501e-01,4.050000000000000000e+02
1.622000000000000098e-06,3.961943669999999917e-01,0.000000000000000000e+00,3.958944281524926501e-01,4.050000000000000000e+02
1.622999999999999961e-06,3.964383289999999782e-01,0.000000000000000000e+00,3.968719452590420138e-01,4.060000000000000000e+02
1.624000000000000037e-06,3.966822899999999930e-01,0.000000000000000000e+00,3.968719452590420138e-01,4.060000000000000000e+02
1.624999999999999900e-06,3.969262519999999794e-01,0.000000000000000000e+00,3.968719452590420138e-01,4.060000000000000000e+02
1.625999999999999975e-06,3.971702129999999942e-01,0.000000000000000000e+00,3.968719452590420138e-01,4.060000000000000000e+02
1.627000000000000050e-06,3.974141749999999806e-01,0.000000000000000000e+00,3.978494623655913776e-01,4.070000000000000000e+02
1.627999999999999914e-06,3.976581359999999954e-01,0.000000000000000000e+00,3.978494623655913776e-01,4.070000000000000000e+02
1.628999999999999989e-06,3.979020979999999819e-01,0.000000000000000000e+00,3.978494623655913776e-01,4.070000000000000000e+02
1.630000000000000064e-06,3.981460589999999966e-01,0.000000000000000000e+00,3.978494623655913776e-01,4.070000000000000000e+02
1.630999999999999927e-06,3.983900209999999831e-01,0.000000000000000000e+00,3.988269794721407413e-01,4.080000000000000000e+02
1.632000000000000002e-06,3.986339830000000251e-01,0.000000000000000000e+00,3.988269794721407413e-01,4.080000000000000000e+02
1.633000000000000078e-06,3.988779439999999843e-01,0.000000000000000000e+00,3.988269794721407413e-01,4.080000000000000000e+02
1.633999999999999941e-06,3.991219060000000263e-01,0.000000000000000000e+00,3.988269794721407413e-01,4.080000000000000000e+02
1.635000000000000016e-06,3.993658669999999855e-01,0.000000000000000000e+00,3.998044965786901050e-01,4.090000000000000000e+02
1.636000000000000091e-06,3.996098290000000275e-01,0.000000000000000000e+00,3.998044965786901050e-01,4.090000000000000000e+02
1.636999999999999955e-06,3.998537899999999867e-01,0.000000000000000000e+00,3.998044965786901050e-01,4.090000000000000000e+02
1.638000000000000030e-06,4.000977519999999732e-01,0.000000000000000000e+00,3.998044965786901050e-01,4.090000000000000000e+02
1.639000000000000105e-06,4.003417129999999879e-01,1.000000000000000000e+00,4.007820136852394688e-01,4.100000000000000000e+02
1.639999999999999968e-06,4.005856749999999744e-01,0.000000000000000000e+00,4.007820136852394688e-01,4.100000000000000000e+02
1.641000000000000043e-06,4.008296359999999892e-01,0.000000000000000000e+00,4.007820136852394688e-01,4.100000000000000000e+02
1.641999999999999907e-06,4.010735979999999756e-01,0.000000000000000000e+00,4.007820136852394688e-01,4.100000000000000000e+02
1.642999999999999982e-06,4.013175589999999904e-01,0.000000000000000000e+00,4.017595307917888325e-01,4.110000000000000000e+02
1.644000000000000057e-06,4.015615209999999768e-01,0.000000000000000000e+00,4.017595307917888325e-01,4.110000000000000000e+02
1.644999999999999920e-06,4.018054819999999916e-01,0.000000000000000000e+00,4.017595307917888325e-01,4.110000000000000000e+02
1.645999999999999995e-06,4.020494439999999781e-01,0.000000000000000000e+00,4.017595307917888325e-01,4.110000000000000000e+02
1.647000000000000071e-06,4.022934060000000200e-01,0.000000000000000000e+00,4.027370478983381963e-01,4.120000000000000000e+02
1.647999999999999934e-06,4.025373669999999793e-01,0.000000000000000000e+00,4.027370478983381963e-01,4.120000000000000000e+02
1.649000000000000009e-06,4.027813290000000213e-01,0.000000000000000000e+00,4.027370478983381963e-01,4.120000000000000000e+02
1.650000000000000084e-06,4.030252899999999805e-01,0.000000000000000000e+00,4.027370478983381963e-01,4.120000000000000000e+02
1.650999999999999948e-06,4.032692520000000225e-01,0.000000000000000000e+00,4.037145650048875600e-01,4.130000000000000000e+02
1.652000000000000023e-06,4.035132129999999817e-01,0.000000000000000000e+00,4.037145650048875600e-01,4.130000000000000000e+02
1.653000000000000098e-06,4.037571750000000237e-01,0.000000000000000000e+00,4.037145650048875600e-01,4.130000000000000000e+02
1.653999999999999961e-06,4.040011359999999829e-01,0.000000000000000000e+00,4.037145650048875600e-01,4.130000000000000000e+02
1.655000000000000036e-06,4.042450980000000249e-01,0.000000000000000000e+00,4.046920821114369238e-01,4.140000000000000000e+02
1.655999999999999900e-06,4.044890589999999841e-01,0.000000000000000000e+00,4.046920821114369238e-01,4.140000000000000000e+02
1.656999999999999975e-06,4.047330210000000261e-01,0.000000000000000000e+00,4.046920821114369238e-01,4.140000000000000000e+02
1.658000000000000050e-06,4.049769819999999854e-01,0.000000000000000000e+00,4.046920821114369238e-01,4.140000000000000000e+02
1.658999999999999913e-06,4.052209440000000273e-01,0.000000000000000000e+00,4.056695992179862875e-01,4.150000000000000000e+02
1.659999999999999988e-06,4.054649049999999866e-01,0.000000000000000000e+00,4.056695992179862875e-01,4.150000000000000000e+02
1.661000000000000064e-06,4.057088669999999730e-01,0.000000000000000000e+00,4.056695992179862875e-01,4.150000000000000000e+02
1.661999999999999927e-06,4.059528290000000150e-01,0.000000000000000000e+00,4.056695992179862875e-01,4.150000000000000000e+02
1.663000000000000002e-06,4.061967899999999743e-01,0.000000000000000000e+00,4.066471163245356513e-01,4.160000000000000000e+02
1.664000000000000077e-06,4.064407520000000162e-01,0.000000000000000000e+00,4.066471163245356513e-01,4.160000000000000000e+02
1.664999999999999941e-06,4.066847129999999755e-01,0.000000000000000000e+00,4.066471163245356513e-01,4.160000000000000000e+02
1.666000000000000016e-06,4.069286750000000175e-01,0.000000000000000000e+00,4.066471163245356513e-01,4.160000000000000000e+02
1.667000000000000091e-06,4.071726359999999767e-01,0.000000000000000000e+00,4.076246334310850705e-01,4.170000000000000000e+02
1.667999999999999954e-06,4.074165980000000187e-01,0.000000000000000000e+00,4.076246334310850705e-01,4.170000000000000000e+02
1.669000000000000029e-06,4.076605589999999779e-01,0.000000000000000000e+00,4.076246334310850705e-01,4.170000000000000000e+02
1.670000000000000104e-06,4.079045210000000199e-01,1.000000000000000000e+00,4.076246334310850705e-01,4.170000000000000000e+02
1.670999999999999968e-06,4.081484819999999791e-01,0.000000000000000000e+00,4.086021505376344343e-01,4.180000000000000000e+02
1.672000000000000043e-06,4.083924440000000211e-01,0.000000000000000000e+00,4.086021505376344343e-01,4.180000000000000000e+02
1.672999999999999906e-06,4.086364049999999803e-01,0.000000000000000000e+00,4.086021505376344343e-01,4.180000000000000000e+02
1.673999999999999981e-06,4.088803670000000223e-01,0.000000000000000000e+00,4.086021505376344343e-01,4.180000000000000000e+02
1.675000000000000057e-06,4.091243279999999816e-01,0.000000000000000000e+00,4.095796676441837980e-01,4.190000000000000000e+02
1.675999999999999920e-06,4.093682900000000235e-01,0.000000000000000000e+00,4.095796676441837980e-01,4.190000000000000000e+02
1.676999999999999995e-06,4.096122520000000100e-01,0.000000000000000000e+00,4.095796676441837980e-01,4.190000000000000000e+02
1.678000000000000070e-06,4.098562130000000248e-01,0.000000000000000000e+00,4.095796676441837980e-01,4.190000000000000000e+02
1.678999999999999934e-06,4.101001750000000112e-01,0.000000000000000000e+00,4.105571847507331618e-01,4.200000000000000000e+02
1.680000000000000009e-06,4.103441360000000260e-01,0.000000000000000000e+00,4.105571847507331618e-01,4.200000000000000000e+02
1.681000000000000084e-06,4.105880980000000124e-01,0.000000000000000000e+00,4.105571847507331618e-01,4.200000000000000000e+02
1.681999999999999947e-06,4.108320590000000272e-01,0.000000000000000000e+00,4.105571847507331618e-01,4.200000000000000000e+02
1.683000000000000022e-06,4.110760210000000137e-01,0.000000000000000000e+00,4.115347018572825255e-01,4.210000000000000000e+02
1.684000000000000097e-06,4.113199819999999729e-01,0.000000000000000000e+00,4.115347018572825255e-01,4.210000000000000000e+02
1.684999999999999961e-06,4.115639440000000149e-01,0.000000000000000000e+00,4.115347018572825255e-01,4.210000000000000000e+02
1.686000000000000036e-06,4.118079049999999741e-01,0.000000000000000000e+00,4.115347018572825255e-01,4.210000000000000000e+02
1.686999999999999899e-06,4.120518670000000161e-01,0.000000000000000000e+00,4.125122189638318893e-01,4.220000000000000000e+02
1.687999999999999974e-06,4.122958279999999753e-01,0.000000000000000000e+00,4.125122189638318893e-01,4.220000000000000000e+02
1.689000000000000050e-06,4.125397900000000173e-01,0.000000000000000000e+00,4.125122189638318893e-01,4.220000000000000000e+02
1.689999999999999913e-06,4.127837509999999765e-01,0.000000000000000000e+00,4.125122189638318893e-01,4.220000000000000000e+02
1.690999999999999988e-06,4.130277130000000185e-01,0.000000000000000000e+00,4.134897360703812530e-01,4.230000000000000000e+02
1.692000000000000063e-06,4.132716750000000050e-01,0.000000000000000000e+00,4.134897360703812530e-01,4.230000000000000000e+02
1.692999999999999927e-06,4.135156360000000197e-01,0.000000000000000000e+00,4.134897360703812530e-01,4.230000000000000000e+02
1.694000000000000002e-06,4.137595980000000062e-01,0.000000000000000000e+00,4.134897360703812530e-01,4.230000000000000000e+02
1.695000000000000077e-06,4.140035590000000210e-01,0.000000000000000000e+00,4.144672531769306167e-01,4.240000000000000000e+02
1.695999999999999940e-06,4.142475210000000074e-01,0.000000000000000000e+00,4.144672531769306167e-01,4.240000000000000000e+02
1.697000000000000015e-06,4.144914820000000222e-01,0.000000000000000000e+00,4.144672531769306167e-01,4.240000000000000000e+02
1.698000000000000090e-06,4.147354440000000086e-01,0.000000000000000000e+00,4.144672531769306167e-01,4.240000000000000000e+02
1.698999999999999954e-06,4.149794050000000234e-01,0.000000000000000000e+00,4.154447702834799805e-01,4.250000000000000000e+02
1.700000000000000029e-06,4.152233670000000099e-01,0.000000000000000000e+00,4.154447702834799805e-01,4.250000000000000000e+02
1.701000000000000104e-06,4.154673280000000246e-01,0.000000000000000000e+00,4.154447702834799805e-01,4.250000000000000000e+02
1.701999999999999967e-06,4.157112900000000111e-01,0.000000000000000000e+00,4.154447702834799805e-01,4.250000000000000000e+02
1.703000000000000043e-06,4.159552510000000258e-01,0.000000000000000000e+00,4.164222873900293442e-01,4.260000000000000000e+02
1.703999999999999906e-06,4.161992130000000123e-01,0.000000000000000000e+00,4.164222873900293442e-01,4.260000000000000000e+02
1.704999999999999981e-06,4.164431749999999988e-01,0.000000000000000000e+00,4.164222873900293442e-01,4.260000000000000000e+02
1.706000000000000056e-06,4.166871360000000135e-01,0.000000000000000000e+00,4.164222873900293442e-01,4.260000000000000000e+02
1.706999999999999920e-06,4.169310980000000000e-01,0.000000000000000000e+00,4.173998044965787080e-01,4.270000000000000000e+02
1.707999999999999995e-06,4.171750590000000147e-01,0.000000000000000000e+00,4.173998044965787080e-01,4.270000000000000000e+02
1.709000000000000070e-06,4.174190210000000012e-01,0.000000000000000000e+00,4.173998044965787080e-01,4.270000000000000000e+02
1.709999999999999933e-06,4.176629820000000159e-01,0.000000000000000000e+00,4.173998044965787080e-01,4.270000000000000000e+02
1.711000000000000008e-06,4.179069440000000024e-01,0.000000000000000000e+00,4.183773216031280717e-01,4.280000000000000000e+02
1.712000000000000083e-06,4.181509050000000172e-01,0.000000000000000000e+00,4.183773216031280717e-01,4.280000000000000000e+02
1.712999999999999947e-06,4.183948670000000036e-01,0.000000000000000000e+00,4.183773216031280717e-01,4.280000000000000000e+02
1.714000000000000022e-06,4.186388280000000184e-01,0.000000000000000000e+00,4.183773216031280717e-01,4.280000000000000000e+02
1.715000000000000097e-06,4.188827900000000048e-01,0.000000000000000000e+00,4.193548387096774355e-01,4.290000000000000000e+02
1.715999999999999960e-06,4.191267510000000196e-01,0.000000000000000000e+00,4.193548387096774355e-01,4.290000000000000000e+02
1.717000000000000036e-06,4.193707130000000061e-01,0.000000000000000000e+00,4.193548387096774355e-01,4.290000000000000000e+02
1.717999999999999899e-06,4.196146740000000208e-01,0.000000000000000000e+00,4.193548387096774355e-01,4.290000000000000000e+02
1.718999999999999974e-06,4.198586360000000073e-01,0.000000000000000000e+00,4.203323558162267992e-01,4.300000000000000000e+02
1.720000000000000049e-06,4.201025979999999937e-01,0.000000000000000000e+00,4.203323558162267992e-01,4.300000000000000000e+02
1.720999999999999913e-06,4.203465590000000085e-01,0.000000000000000000e+00,4.203323558162267992e-01,4.300000000000000000e+02
1.721999999999999988e-06,4.205905209999999950e-01,0.000000000000000000e+00,4.203323558162267992e-01,4.300000000000000000e+02
1.723000000000000063e-06,4.208344820000000097e-01,0.000000000000000000e+00,4.213098729227761630e-01,4.310000000000000000e+02
1.723999999999999926e-06,4.210784439999999962e-01,0.000000000000000000e+00,4.213098729227761630e-01,4.310000000000000000e+02
1.725000000000000001e-06,4.213224050000000109e-01,0.000000000000000000e+00,4.213098729227761630e-01,4.310000000000000000e+02
1.726000000000000076e-06,4.215663669999999974e-01,0.000000000000000000e+00,4.213098729227761630e-01,4.310000000000000000e+02
1.726999999999999940e-06,4.218103280000000121e-01,0.000000000000000000e+00,4.222873900293255267e-01,4.320000000000000000e+02
1.728000000000000015e-06,4.220542899999999986e-01,0.000000000000000000e+00,4.222873900293255267e-01,4.320000000000000000e+02
1.729000000000000090e-06,4.222982510000000134e-01,0.000000000000000000e+00,4.222873900293255267e-01,4.320000000000000000e+02
1.729999999999999953e-06,4.225422129999999998e-01,0.000000000000000000e+00,4.222873900293255267e-01,4.320000000000000000e+02
1.731000000000000029e-06,4.227861740000000146e-01,0.000000000000000000e+00,4.232649071358748905e-01,4.330000000000000000e+02
1.732000000000000104e-06,4.230301360000000011e-01,0.000000000000000000e+00,4.232649071358748905e-01,4.330000000000000000e+02
1.732999999999999967e-06,4.232740970000000158e-01,0.000000000000000000e+00,4.232649071358748905e-01,4.330000000000000000e+02
1.734000000000000042e-06,4.235180590000000023e-01,0.000000000000000000e+00,4.232649071358748905e-01,4.330000000000000000e+02
1.734999999999999906e-06,4.237620209999999887e-01,0.000000000000000000e+00,4.242424242424242542e-01,4.340000000000000000e+02
1.735999999999999981e-06,4.240059820000000035e-01,0.000000000000000000e+00,4.242424242424242542e-01,4.340000000000000000e+02
1.737000000000000056e-06,4.242499439999999900e-01,0.000000000000000000e+00,4.242424242424242542e-01,4.340000000000000000e+02
1.737999999999999919e-06,4.244939050000000047e-01,0.000000000000000000e+00,4.242424242424242542e-01,4.340000000000000000e+02
1.738999999999999994e-06,4.247378669999999912e-01,0.000000000000000000e+00,4.252199413489736179e-01,4.350000000000000000e+02
1.740000000000000069e-06,4.249818280000000059e-01,0.000000000000000000e+00,4.252199413489736179e-01,4.350000000000000000e+02
1.740999999999999933e-06,4.252257899999999924e-01,0.000000000000000000e+00,4.252199413489736179e-01,4.350000000000000000e+02
1.742000000000000008e-06,4.254697510000000071e-01,0.000000000000000000e+00,4.252199413489736179e-01,4.350000000000000000e+02
1.743000000000000083e-06,4.257137129999999936e-01,0.000000000000000000e+00,4.261974584555229817e-01,4.360000000000000000e+02
1.743999999999999946e-06,4.259576740000000084e-01,0.000000000000000000e+00,4.261974584555229817e-01,4.360000000000000000e+02
1.745000000000000022e-06,4.262016359999999948e-01,0.000000000000000000e+00,4.261974584555229817e-01,4.360000000000000000e+02
1.746000000000000097e-06,4.264455970000000096e-01,0.000000000000000000e+00,4.261974584555229817e-01,4.360000000000000000e+02
1.746999999999999960e-06,4.266895589999999960e-01,0.000000000000000000e+00,4.271749755620723454e-01,4.370000000000000000e+02
1.748000000000000035e-06,4.269335200000000108e-01,0.000000000000000000e+00,4.271749755620723454e-01,4.370000000000000000e+02
1.748999999999999899e-06,4.271774819999999973e-01,0.000000000000000000e+00,4.271749755620723454e-01,4.370000000000000000e+02
1.749999999999999974e-06,4.274214439999999837e-01,0.000000000000000000e+00,4.271749755620723454e-01,4.370000000000000000e+02
1.751000000000000049e-06,4.276654049999999985e-01,0.000000000000000000e+00,4.281524926686217092e-01,4.380000000000000000e+02
1.751999999999999912e-06,4.279093669999999849e-01,0.000000000000000000e+00,4.281524926686217092e-01,4.380000000000000000e+02
1.752999999999999987e-06,4.281533279999999997e-01,0.000000000000000000e+00,4.281524926686217092e-01,4.380000000000000000e+02
1.754000000000000063e-06,4.283972899999999862e-01,0.000000000000000000e+00,4.281524926686217092e-01,4.380000000000000000e+02
1.754999999999999926e-06,4.286412510000000009e-01,0.000000000000000000e+00,4.291300097751710729e-01,4.390000000000000000e+02
1.756000000000000001e-06,4.288852129999999874e-01,0.000000000000000000e+00,4.291300097751710729e-01,4.390000000000000000e+02
1.757000000000000076e-06,4.291291740000000021e-01,0.000000000000000000e+00,4.291300097751710729e-01,4.390000000000000000e+02
1.757999999999999940e-06,4.293731359999999886e-01,0.000000000000000000e+00,4.291300097751710729e-01,4.390000000000000000e+02
1.759000000000000015e-06,4.296170970000000033e-01,0.000000000000000000e+00,4.301075268817204367e-01,4.400000000000000000e+02
1.760000000000000090e-06,4.298610589999999898e-01,0.000000000000000000e+00,4.301075268817204367e-01,4.400000000000000000e+02
1.760999999999999953e-06,4.301050200000000046e-01,0.000000000000000000e+00,4.301075268817204367e-01,4.400000000000000000e+02
1.762000000000000028e-06,4.303489819999999910e-01,0.000000000000000000e+00,4.301075268817204367e-01,4.400000000000000000e+02
1.763000000000000103e-06,4.305929430000000058e-01,0.000000000000000000e+00,4.310850439882698004e-01,4.410000000000000000e+02
1.763999999999999967e-06,4.308369049999999922e-01,0.000000000000000000e+00,4.310850439882698004e-01,4.410000000000000000e+02
1.765000000000000042e-06,4.310808669999999787e-01,0.000000000000000000e+00,4.310850439882698004e-01,4.410000000000000000e+02
1.765999999999999905e-06,4.313248279999999935e-01,0.000000000000000000e+00,4.310850439882698004e-01,4.410000000000000000e+02
1.766999999999999980e-06,4.315687899999999799e-01,0.000000000000000000e+00,4.320625610948191642e-01,4.420000000000000000e+02
1.768000000000000056e-06,4.318127509999999947e-01,0.000000000000000000e+00,4.320625610948191642e-01,4.420000000000000000e+02
1.768999999999999919e-06,4.320567129999999811e-01,0.000000000000000000e+00,4.320625610948191642e-01,4.420000000000000000e+02
1.769999999999999994e-06,4.323006739999999959e-01,0.000000000000000000e+00,4.320625610948191642e-01,4.420000000000000000e+02
1.771000000000000069e-06,4.325446359999999824e-01,0.000000000000000000e+00,4.330400782013685279e-01,4.430000000000000000e+02
1.771999999999999933e-06,4.327885969999999971e-01,0.000000000000000000e+00,4.330400782013685279e-01,4.430000000000000000e+02
1.773000000000000008e-06,4.330325589999999836e-01,0.000000000000000000e+00,4.330400782013685279e-01,4.430000000000000000e+02
1.774000000000000083e-06,4.332765199999999983e-01,0.000000000000000000e+00,4.330400782013685279e-01,4.430000000000000000e+02
1.774999999999999946e-06,4.335204819999999848e-01,0.000000000000000000e+00,4.340175953079178917e-01,4.440000000000000000e+02
1.776000000000000021e-06,4.337644429999999995e-01,0.000000000000000000e+00,4.340175953079178917e-01,4.440000000000000000e+02
1.777000000000000096e-06,4.340084049999999860e-01,0.000000000000000000e+00,4.340175953079178917e-01,4.440000000000000000e+02
1.777999999999999960e-06,4.342523669999999725e-01,0.000000000000000000e+00,4.340175953079178917e-01,4.440000000000000000e+02
1.779000000000000035e-06,4.344963279999999872e-01,0.000000000000000000e+00,4.349951124144672554e-01,4.450000000000000000e+02
1.779999999999999898e-06,4.347402899999999737e-01,0.000000000000000000e+00,4.349951124144672554e-01,4.450000000000000000e+02
1.780999999999999973e-06,4.349842509999999884e-01,0.000000000000000000e+00,4.349951124144672554e-01,4.450000000000000000e+02
1.782000000000000049e-06,4.352282129999999749e-01,0.000000000000000000e+00,4.349951124144672554e-01,4.450000000000000000e+02
1.782999999999999912e-06,4.354721739999999897e-01,0.000000000000000000e+00,4.359726295210166191e-01,4.460000000000000000e+02
1.783999999999999987e-06,4.357161359999999761e-01,0.000000000000000000e+00,4.359726295210166191e-01,4.460000000000000000e+02
1.785000000000000062e-06,4.359600969999999909e-01,0.000000000000000000e+00,4.359726295210166191e-01,4.460000000000000000e+02
1.785999999999999926e-06,4.362040589999999773e-01,0.000000000000000000e+00,4.359726295210166191e-01,4.460000000000000000e+02
1.787000000000000001e-06,4.364480199999999921e-01,0.000000000000000000e+00,4.369501466275659829e-01,4.470000000000000000e+02
1.788000000000000076e-06,4.366919819999999786e-01,0.000000000000000000e+00,4.369501466275659829e-01,4.470000000000000000e+02
1.788999999999999939e-06,4.369359429999999933e-01,0.000000000000000000e+00,4.369501466275659829e-01,4.470000000000000000e+02
1.790000000000000014e-06,4.371799049999999798e-01,0.000000000000000000e+00,4.369501466275659829e-01,4.470000000000000000e+02
1.791000000000000089e-06,4.374238659999999945e-01,0.000000000000000000e+00,4.379276637341153466e-01,4.480000000000000000e+02
1.791999999999999953e-06,4.376678279999999810e-01,0.000000000000000000e+00,4.379276637341153466e-01,4.480000000000000000e+02
1.793000000000000028e-06,4.379117900000000230e-01,0.000000000000000000e+00,4.379276637341153466e-01,4.480000000000000000e+02
1.794000000000000103e-06,4.381557509999999822e-01,0.000000000000000000e+00,4.379276637341153466e-01,4.480000000000000000e+02
1.794999999999999966e-06,4.383997130000000242e-01,0.000000000000000000e+00,4.379276637341153466e-01,4.480000000000000000e+02
1.796000000000000042e-06,4.386436739999999834e-01,0.000000000000000000e+00,4.389051808406647104e-01,4.490000000000000000e+02
1.796999999999999905e-06,4.388876360000000254e-01,0.000000000000000000e+00,4.389051808406647104e-01,4.490000000000000000e+02
1.797999999999999980e-06,4.391315969999999846e-01,0.000000000000000000e+00,4.389051808406647104e-01,4.490000000000000000e+02
1.799000000000000055e-06,4.393755590000000266e-01,0.000000000000000000e+00,4.389051808406647104e-01,4.490000000000000000e+02
1.799999999999999919e-06,4.396195199999999859e-01,0.000000000000000000e+00,4.398826979472140741e-01,4.500000000000000000e+02
1.800999999999999994e-06,4.398634819999999723e-01,0.000000000000000000e+00,4.398826979472140741e-01,4.500000000000000000e+02
1.802000000000000069e-06,4.401074429999999871e-01,0.000000000000000000e+00,4.398826979472140741e-01,4.500000000000000000e+02
1.802999999999999932e-06,4.403514049999999735e-01,0.000000000000000000e+00,4.398826979472140741e-01,4.500000000000000000e+02
1.804000000000000007e-06,4.405953659999999883e-01,0.000000000000000000e+00,4.408602150537634379e-01,4.510000000000000000e+02
1.805000000000000082e-06,4.408393279999999748e-01,0.000000000000000000e+00,4.408602150537634379e-01,4.510000000000000000e+02
1.805999999999999946e-06,4.410832889999999895e-01,0.000000000000000000e+00,4.408602150537634379e-01,4.510000000000000000e+02
1.807000000000000021e-06,4.413272509999999760e-01,0.000000000000000000e+00,4.408602150537634379e-01,4.510000000000000000e+02
1.808000000000000096e-06,4.415712130000000180e-01,0.000000000000000000e+00,4.418377321603128016e-01,4.520000000000000000e+02
1.808999999999999959e-06,4.418151739999999772e-01,0.000000000000000000e+00,4.418377321603128016e-01,4.520000000000000000e+02
1.810000000000000035e-06,4.420591360000000192e-01,0.000000000000000000e+00,4.418377321603128016e-01,4.520000000000000000e+02
1.810999999999999898e-06,4.423030969999999784e-01,0.000000000000000000e+00,4.418377321603128016e-01,4.520000000000000000e+02
1.811999999999999973e-06,4.425470590000000204e-01,0.000000000000000000e+00,4.428152492668621654e-01,4.530000000000000000e+02
1.813000000000000048e-06,4.427910199999999796e-01,0.000000000000000000e+00,4.428152492668621654e-01,4.530000000000000000e+02
1.813999999999999912e-06,4.430349820000000216e-01,0.000000000000000000e+00,4.428152492668621654e-01,4.530000000000000000e+02
1.814999999999999987e-06,4.432789429999999808e-01,0.000000000000000000e+00,4.428152492668621654e-01,4.530000000000000000e+02
1.816000000000000062e-06,4.435229050000000228e-01,0.000000000000000000e+00,4.437927663734115291e-01,4.540000000000000000e+02
1.816999999999999925e-06,4.437668659999999821e-01,0.000000000000000000e+00,4.437927663734115291e-01,4.540000000000000000e+02
1.818000000000000000e-06,4.440108280000000240e-01,0.000000000000000000e+00,4.437927663734115291e-01,4.540000000000000000e+02
1.819000000000000075e-06,4.442547889999999833e-01,0.000000000000000000e+00,4.437927663734115291e-01,4.540000000000000000e+02
1.819999999999999939e-06,4.444987510000000253e-01,0.000000000000000000e+00,4.447702834799608929e-01,4.550000000000000000e+02
1.821000000000000014e-06,4.447427119999999845e-01,0.000000000000000000e+00,4.447702834799608929e-01,4.550000000000000000e+02
1.822000000000000089e-06,4.449866740000000265e-01,0.000000000000000000e+00,4.447702834799608929e-01,4.550000000000000000e+02
1.822999999999999952e-06,4.452306360000000129e-01,0.000000000000000000e+00,4.447702834799608929e-01,4.550000000000000000e+02
1.824000000000000028e-06,4.454745970000000277e-01,0.000000000000000000e+00,4.457478005865102566e-01,4.560000000000000000e+02
1.825000000000000103e-06,4.457185590000000142e-01,0.000000000000000000e+00,4.457478005865102566e-01,4.560000000000000000e+02
1.825999999999999966e-06,4.459625199999999734e-01,0.000000000000000000e+00,4.457478005865102566e-01,4.560000000000000000e+02
1.827000000000000041e-06,4.462064820000000154e-01,0.000000000000000000e+00,4.457478005865102566e-01,4.560000000000000000e+02
1.827999999999999905e-06,4.464504429999999746e-01,0.000000000000000000e+00,4.467253176930596203e-01,4.570000000000000000e+02
1.828999999999999980e-06,4.466944050000000166e-01,0.000000000000000000e+00,4.467253176930596203e-01,4.570000000000000000e+02
1.830000000000000055e-06,4.469383659999999758e-01,0.000000000000000000e+00,4.467253176930596203e-01,4.570000000000000000e+02
1.830999999999999918e-06,4.471823280000000178e-01,0.000000000000000000e+00,4.467253176930596203e-01,4.570000000000000000e+02
1.831999999999999993e-06,4.474262889999999770e-01,0.000000000000000000e+00,4.477028347996089841e-01,4.580000000000000000e+02
1.833000000000000068e-06,4.476702510000000190e-01,0.000000000000000000e+00,4.477028347996089841e-01,4.580000000000000000e+02
1.833999999999999932e-06,4.479142119999999783e-01,0.000000000000000000e+00,4.477028347996089841e-01,4.580000000000000000e+02
1.835000000000000007e-06,4.481581740000000202e-01,0.000000000000000000e+00,4.477028347996089841e-01,4.580000000000000000e+02
1.836000000000000082e-06,4.484021349999999795e-01,0.000000000000000000e+00,4.486803519061583478e-01,4.590000000000000000e+02
1.836999999999999945e-06,4.486460970000000215e-01,0.000000000000000000e+00,4.486803519061583478e-01,4.590000000000000000e+02
1.838000000000000021e-06,4.488900590000000079e-01,0.000000000000000000e+00,4.486803519061583478e-01,4.590000000000000000e+02
1.839000000000000096e-06,4.491340200000000227e-01,0.000000000000000000e+00,4.486803519061583478e-01,4.590000000000000000e+02
1.839999999999999959e-06,4.493779820000000091e-01,0.000000000000000000e+00,4.496578690127077116e-01,4.600000000000000000e+02
1.841000000000000034e-06,4.496219430000000239e-01,0.000000000000000000e+00,4.496578690127077116e-01,4.600000000000000000e+02
1.841999999999999898e-06,4.498659050000000104e-01,0.000000000000000000e+00,4.496578690127077116e-01,4.600000000000000000e+02
1.842999999999999973e-06,4.501098660000000251e-01,0.000000000000000000e+00,4.496578690127077116e-01,4.600000000000000000e+02
1.844000000000000048e-06,4.503538280000000116e-01,0.000000000000000000e+00,4.506353861192570753e-01,4.610000000000000000e+02
1.844999999999999911e-06,4.505977890000000263e-01,0.000000000000000000e+00,4.506353861192570753e-01,4.610000000000000000e+02
1.845999999999999986e-06,4.508417510000000128e-01,0.000000000000000000e+00,4.506353861192570753e-01,4.610000000000000000e+02
1.847000000000000061e-06,4.510857120000000275e-01,0.000000000000000000e+00,4.506353861192570753e-01,4.610000000000000000e+02
1.847999999999999925e-06,4.513296740000000140e-01,0.000000000000000000e+00,4.516129032258064391e-01,4.620000000000000000e+02
1.849000000000000000e-06,4.515736349999999732e-01,0.000000000000000000e+00,4.516129032258064391e-01,4.620000000000000000e+02
1.850000000000000075e-06,4.518175970000000152e-01,0.000000000000000000e+00,4.516129032258064391e-01,4.620000000000000000e+02
1.850999999999999938e-06,4.520615590000000017e-01,0.000000000000000000e+00,4.516129032258064391e-01,4.620000000000000000e+02
1.852000000000000014e-06,4.523055200000000164e-01,0.000000000000000000e+00,4.525904203323558028e-01,4.630000000000000000e+02
1.853000000000000089e-06,4.525494820000000029e-01,0.000000000000000000e+00,4.525904203323558028e-01,4.630000000000000000e+02
1.853999999999999952e-06,4.527934430000000177e-01,0.000000000000000000e+00,4.525904203323558028e-01,4.630000000000000000e+02
1.855000000000000027e-06,4.530374050000000041e-01,0.000000000000000000e+00,4.525904203323558028e-01,4.630000000000000000e+02
1.856000000000000102e-06,4.532813660000000189e-01,0.000000000000000000e+00,4.535679374389051666e-01,4.640000000000000000e+02
1.856999999999999966e-06,4.535253280000000053e-01,0.000000000000000000e+00,4.535679374389051666e-01,4.640000000000000000e+02
1.858000000000000041e-06,4.537692890000000201e-01,0.000000000000000000e+00,4.535679374389051666e-01,4.640000000000000000e+02
1.858999999999999904e-06,4.540132510000000066e-01,0.000000000000000000e+00,4.535679374389051666e-01,4.640000000000000000e+02
1.859999999999999979e-06,4.542572120000000213e-01,0.000000000000000000e+00,4.545454545454545303e-01,4.650000000000000000e+02
1.861000000000000054e-06,4.545011740000000078e-01,0.000000000000000000e+00,4.545454545454545303e-01,4.650000000000000000e+02
1.861999999999999918e-06,4.547451350000000225e-01,0.000000000000000000e+00,4.545454545454545303e-01,4.650000000000000000e+02
1.862999999999999993e-06,4.549890970000000090e-01,0.000000000000000000e+00,4.545454545454545303e-01,4.650000000000000000e+02
1.864000000000000068e-06,4.552330580000000237e-01,0.000000000000000000e+00,4.555229716520038941e-01,4.660000000000000000e+02
1.864999999999999931e-06,4.554770200000000102e-01,0.000000000000000000e+00,4.555229716520038941e-01,4.660000000000000000e+02
1.866000000000000007e-06,4.557209819999999967e-01,0.000000000000000000e+00,4.555229716520038941e-01,4.660000000000000000e+02
1.867000000000000082e-06,4.559649430000000114e-01,0.000000000000000000e+00,4.555229716520038941e-01,4.660000000000000000e+02
1.867999999999999945e-06,4.562089049999999979e-01,0.000000000000000000e+00,4.565004887585532578e-01,4.670000000000000000e+02
1.869000000000000020e-06,4.564528660000000126e-01,0.000000000000000000e+00,4.565004887585532578e-01,4.670000000000000000e+02
1.870000000000000095e-06,4.566968279999999991e-01,0.000000000000000000e+00,4.565004887585532578e-01,4.670000000000000000e+02
1.870999999999999959e-06,4.569407890000000139e-01,0.000000000000000000e+00,4.565004887585532578e-01,4.670000000000000000e+02
1.872000000000000034e-06,4.571847510000000003e-01,0.000000000000000000e+00,4.574780058651026216e-01,4.680000000000000000e+02
1.872999999999999897e-06,4.574287120000000151e-01,0.000000000000000000e+00,4.574780058651026216e-01,4.680000000000000000e+02
1.873999999999999972e-06,4.576726740000000015e-01,0.000000000000000000e+00,4.574780058651026216e-01,4.680000000000000000e+02
1.875000000000000048e-06,4.579166350000000163e-01,0.000000000000000000e+00,4.574780058651026216e-01,4.680000000000000000e+02
1.875999999999999911e-06,4.581605970000000028e-01,0.000000000000000000e+00,4.584555229716519853e-01,4.690000000000000000e+02
1.876999999999999986e-06,4.584045580000000175e-01,0.000000000000000000e+00,4.584555229716519853e-01,4.690000000000000000e+02
1.878000000000000061e-06,4.586485200000000040e-01,0.000000000000000000e+00,4.584555229716519853e-01,4.690000000000000000e+02
1.878999999999999925e-06,4.588924810000000187e-01,0.000000000000000000e+00,4.584555229716519853e-01,4.690000000000000000e+02
1.880000000000000000e-06,4.591364430000000052e-01,0.000000000000000000e+00,4.594330400782013490e-01,4.700000000000000000e+02
1.881000000000000075e-06,4.593804049999999917e-01,0.000000000000000000e+00,4.594330400782013490e-01,4.700000000000000000e+02
1.881999999999999938e-06,4.596243660000000064e-01,0.000000000000000000e+00,4.594330400782013490e-01,4.700000000000000000e+02
1.883000000000000013e-06,4.598683279999999929e-01,0.000000000000000000e+00,4.594330400782013490e-01,4.700000000000000000e+02
1.884000000000000088e-06,4.601122890000000076e-01,0.000000000000000000e+00,4.604105571847507128e-01,4.710000000000000000e+02
1.884999999999999952e-06,4.603562509999999941e-01,0.000000000000000000e+00,4.604105571847507128e-01,4.710000000000000000e+02
1.886000000000000027e-06,4.606002120000000088e-01,0.000000000000000000e+00,4.604105571847507128e-01,4.710000000000000000e+02
1.887000000000000102e-06,4.608441739999999953e-01,0.000000000000000000e+00,4.604105571847507128e-01,4.710000000000000000e+02
1.887999999999999965e-06,4.610881350000000101e-01,0.000000000000000000e+00,4.613880742913000765e-01,4.720000000000000000e+02
1.889000000000000041e-06,4.613320969999999965e-01,0.000000000000000000e+00,4.613880742913000765e-01,4.720000000000000000e+02
1.889999999999999904e-06,4.615760580000000113e-01,0.000000000000000000e+00,4.613880742913000765e-01,4.720000000000000000e+02
1.890999999999999979e-06,4.618200199999999978e-01,0.000000000000000000e+00,4.613880742913000765e-01,4.720000000000000000e+02
1.892000000000000054e-06,4.620639810000000125e-01,0.000000000000000000e+00,4.623655913978494403e-01,4.730000000000000000e+02
1.892999999999999918e-06,4.623079429999999990e-01,0.000000000000000000e+00,4.623655913978494403e-01,4.730000000000000000e+02
1.893999999999999993e-06,4.625519040000000137e-01,0.000000000000000000e+00,4.623655913978494403e-01,4.730000000000000000e+02
1.895000000000000068e-06,4.627958660000000002e-01,0.000000000000000000e+00,4.623655913978494403e-01,4.730000000000000000e+02
1.895999999999999931e-06,4.630398279999999867e-01,0.000000000000000000e+00,4.633431085043988040e-01,4.740000000000000000e+02
1.897000000000000006e-06,4.632837890000000014e-01,0.000000000000000000e+00,4.633431085043988040e-01,4.740000000000000000e+02
1.898000000000000081e-06,4.635277509999999879e-01,0.000000000000000000e+00,4.633431085043988040e-01,4.740000000000000000e+02
1.898999999999999945e-06,4.637717120000000026e-01,0.000000000000000000e+00,4.633431085043988040e-01,4.740000000000000000e+02
1.900000000000000020e-06,4.640156739999999891e-01,0.000000000000000000e+00,4.643206256109481678e-01,4.750000000000000000e+02
1.901000000000000095e-06,4.642596350000000038e-01,0.000000000000000000e+00,4.643206256109481678e-01,4.750000000000000000e+02
1.901999999999999958e-06,4.645035969999999903e-01,0.000000000000000000e+00,4.643206256109481678e-01,4.750000000000000000e+02
1.903000000000000034e-06,4.647475580000000051e-01,0.000000000000000000e+00,4.643206256109481678e-01,4.750000000000000000e+02
1.903999999999999897e-06,4.649915199999999915e-01,0.000000000000000000e+00,4.652981427174975315e-01,4.760000000000000000e+02
1.904999999999999972e-06,4.652354810000000063e-01,0.000000000000000000e+00,4.652981427174975315e-01,4.760000000000000000e+02
1.906000000000000047e-06,4.654794429999999927e-01,0.000000000000000000e+00,4.652981427174975315e-01,4.760000000000000000e+02
1.906999999999999911e-06,4.657234040000000075e-01,0.000000000000000000e+00,4.652981427174975315e-01,4.760000000000000000e+02
1.908000000000000197e-06,4.659673659999999940e-01,1.000000000000000000e+00,4.662756598240468953e-01,4.770000000000000000e+02
1.908999999999999849e-06,4.662113279999999804e-01,0.000000000000000000e+00,4.662756598240468953e-01,4.770000000000000000e+02
1.909999999999999924e-06,4.664552889999999952e-01,0.000000000000000000e+00,4.662756598240468953e-01,4.770000000000000000e+02
1.910999999999999999e-06,4.666992509999999816e-01,0.000000000000000000e+00,4.662756598240468953e-01,4.770000000000000000e+02
1.912000000000000074e-06,4.669432119999999964e-01,0.000000000000000000e+00,4.672531769305962590e-01,4.780000000000000000e+02
1.913000000000000150e-06,4.671871739999999829e-01,1.000000000000000000e+00,4.672531769305962590e-01,4.780000000000000000e+02
1.913999999999999801e-06,4.674311349999999976e-01,0.000000000000000000e+00,4.672531769305962590e-01,4.780000000000000000e+02
1.914999999999999876e-06,4.676750969999999841e-01,0.000000000000000000e+00,4.672531769305962590e-01,4.780000000000000000e+02
1.915999999999999951e-06,4.679190579999999988e-01,0.000000000000000000e+00,4.682306940371456228e-01,4.790000000000000000e+02
1.917000000000000027e-06,4.681630199999999853e-01,0.000000000000000000e+00,4.682306940371456228e-01,4.790000000000000000e+02
1.918000000000000102e-06,4.684069810000000000e-01,0.000000000000000000e+00,4.682306940371456228e-01,4.790000000000000000e+02
1.919000000000000177e-06,4.686509429999999865e-01,1.000000000000000000e+00,4.682306940371456228e-01,4.790000000000000000e+02
1.919999999999999828e-06,4.688949040000000013e-01,0.000000000000000000e+00,4.692082111436950420e-01,4.800000000000000000e+02
1.920999999999999904e-06,4.691388659999999877e-01,0.000000000000000000e+00,4.692082111436950420e-01,4.800000000000000000e+02
1.921999999999999979e-06,4.693828270000000025e-01,0.000000000000000000e+00,4.692082111436950420e-01,4.800000000000000000e+02
1.923000000000000054e-06,4.696267889999999889e-01,0.000000000000000000e+00,4.692082111436950420e-01,4.800000000000000000e+02
1.924000000000000129e-06,4.698707509999999754e-01,1.000000000000000000e+00,4.701857282502444058e-01,4.810000000000000000e+02
1.925000000000000204e-06,4.701147119999999902e-01,1.000000000000000000e+00,4.701857282502444058e-01,4.810000000000000000e+02
1.925999999999999856e-06,4.703586739999999766e-01,0.000000000000000000e+00,4.701857282502444058e-01,4.810000000000000000e+02
1.926999999999999931e-06,4.706026349999999914e-01,0.000000000000000000e+00,4.701857282502444058e-01,4.810000000000000000e+02
1.928000000000000006e-06,4.708465969999999778e-01,0.000000000000000000e+00,4.711632453567937695e-01,4.820000000000000000e+02
1.929000000000000081e-06,4.710905579999999926e-01,0.000000000000000000e+00,4.711632453567937695e-01,4.820000000000000000e+02
1.930000000000000156e-06,4.713345199999999791e-01,1.000000000000000000e+00,4.711632453567937695e-01,4.820000000000000000e+02
1.930999999999999808e-06,4.715784809999999938e-01,0.000000000000000000e+00,4.711632453567937695e-01,4.820000000000000000e+02
1.931999999999999883e-06,4.718224429999999803e-01,0.000000000000000000e+00,4.721407624633431332e-01,4.830000000000000000e+02
1.932999999999999958e-06,4.720664039999999950e-01,0.000000000000000000e+00,4.721407624633431332e-01,4.830000000000000000e+02
1.934000000000000033e-06,4.723103659999999815e-01,0.000000000000000000e+00,4.721407624633431332e-01,4.830000000000000000e+02
1.935000000000000108e-06,4.725543269999999962e-01,0.000000000000000000e+00,4.721407624633431332e-01,4.830000000000000000e+02
1.936000000000000183e-06,4.727982889999999827e-01,1.000000000000000000e+00,4.731182795698924970e-01,4.840000000000000000e+02
1.936999999999999835e-06,4.730422499999999975e-01,0.000000000000000000e+00,4.731182795698924970e-01,4.840000000000000000e+02
1.937999999999999910e-06,4.732862119999999839e-01,0.000000000000000000e+00,4.731182795698924970e-01,4.840000000000000000e+02
1.938999999999999985e-06,4.735301740000000259e-01,0.000000000000000000e+00,4.731182795698924970e-01,4.840000000000000000e+02
1.940000000000000060e-06,4.737741349999999851e-01,0.000000000000000000e+00,4.740957966764418607e-01,4.850000000000000000e+02
1.941000000000000136e-06,4.740180970000000271e-01,1.000000000000000000e+00,4.740957966764418607e-01,4.850000000000000000e+02
1.942000000000000211e-06,4.742620579999999864e-01,1.000000000000000000e+00,4.740957966764418607e-01,4.850000000000000000e+02
1.942999999999999862e-06,4.745060199999999728e-01,0.000000000000000000e+00,4.740957966764418607e-01,4.850000000000000000e+02
1.943999999999999937e-06,4.747499809999999876e-01,0.000000000000000000e+00,4.750733137829912245e-01,4.860000000000000000e+02
1.945000000000000013e-06,4.749939429999999740e-01,0.000000000000000000e+00,4.750733137829912245e-01,4.860000000000000000e+02
1.946000000000000088e-06,4.752379039999999888e-01,0.000000000000000000e+00,4.750733137829912245e-01,4.860000000000000000e+02
1.947000000000000163e-06,4.754818659999999753e-01,1.000000000000000000e+00,4.750733137829912245e-01,4.860000000000000000e+02
1.947999999999999814e-06,4.757258269999999900e-01,0.000000000000000000e+00,4.760508308895405882e-01,4.870000000000000000e+02
1.948999999999999890e-06,4.759697889999999765e-01,0.000000000000000000e+00,4.760508308895405882e-01,4.870000000000000000e+02
1.949999999999999965e-06,4.762137499999999912e-01,0.000000000000000000e+00,4.760508308895405882e-01,4.870000000000000000e+02
1.951000000000000040e-06,4.764577119999999777e-01,0.000000000000000000e+00,4.760508308895405882e-01,4.870000000000000000e+02
1.952000000000000115e-06,4.767016729999999924e-01,0.000000000000000000e+00,4.770283479960899520e-01,4.880000000000000000e+02
1.953000000000000190e-06,4.769456349999999789e-01,1.000000000000000000e+00,4.770283479960899520e-01,4.880000000000000000e+02
1.953999999999999842e-06,4.771895970000000209e-01,0.000000000000000000e+00,4.770283479960899520e-01,4.880000000000000000e+02
1.954999999999999917e-06,4.774335579999999801e-01,0.000000000000000000e+00,4.770283479960899520e-01,4.880000000000000000e+02
1.955999999999999992e-06,4.776775200000000221e-01,0.000000000000000000e+00,4.780058651026393157e-01,4.890000000000000000e+02
1.957000000000000067e-06,4.779214809999999813e-01,0.000000000000000000e+00,4.780058651026393157e-01,4.890000000000000000e+02
1.958000000000000142e-06,4.781654430000000233e-01,1.000000000000000000e+00,4.780058651026393157e-01,4.890000000000000000e+02
1.958999999999999794e-06,4.784094039999999826e-01,0.000000000000000000e+00,4.780058651026393157e-01,4.890000000000000000e+02
1.959999999999999869e-06,4.786533660000000245e-01,0.000000000000000000e+00,4.789833822091886795e-01,4.900000000000000000e+02
1.960999999999999944e-06,4.788973269999999838e-01,0.000000000000000000e+00,4.789833822091886795e-01,4.900000000000000000e+02
1.962000000000000019e-06,4.791412890000000258e-01,0.000000000000000000e+00,4.789833822091886795e-01,4.900000000000000000e+02
1.963000000000000094e-06,4.793852499999999850e-01,0.000000000000000000e+00,4.789833822091886795e-01,4.900000000000000000e+02
1.964000000000000169e-06,4.796292120000000270e-01,1.000000000000000000e+00,4.799608993157380432e-01,4.910000000000000000e+02
1.964999999999999821e-06,4.798731729999999862e-01,0.000000000000000000e+00,4.799608993157380432e-01,4.910000000000000000e+02
1.965999999999999896e-06,4.801171349999999727e-01,0.000000000000000000e+00,4.799608993157380432e-01,4.910000000000000000e+02
1.966999999999999971e-06,4.803610959999999874e-01,0.000000000000000000e+00,4.799608993157380432e-01,4.910000000000000000e+02
1.968000000000000046e-06,4.806050579999999739e-01,0.000000000000000000e+00,4.809384164222874070e-01,4.920000000000000000e+02
1.969000000000000122e-06,4.808490200000000159e-01,0.000000000000000000e+00,4.809384164222874070e-01,4.920000000000000000e+02
1.970000000000000197e-06,4.810929809999999751e-01,1.000000000000000000e+00,4.809384164222874070e-01,4.920000000000000000e+02
1.970999999999999848e-06,4.813369430000000171e-01,0.000000000000000000e+00,4.809384164222874070e-01,4.920000000000000000e+02
1.971999999999999923e-06,4.815809039999999763e-01,0.000000000000000000e+00,4.819159335288367707e-01,4.930000000000000000e+02
1.972999999999999999e-06,4.818248660000000183e-01,0.000000000000000000e+00,4.819159335288367707e-01,4.930000000000000000e+02
1.974000000000000074e-06,4.820688269999999775e-01,0.000000000000000000e+00,4.819159335288367707e-01,4.930000000000000000e+02
1.975000000000000149e-06,4.823127890000000195e-01,1.000000000000000000e+00,4.819159335288367707e-01,4.930000000000000000e+02
1.975999999999999800e-06,4.825567499999999788e-01,0.000000000000000000e+00,4.828934506353861345e-01,4.940000000000000000e+02
1.976999999999999876e-06,4.828007120000000207e-01,0.000000000000000000e+00,4.828934506353861345e-01,4.940000000000000000e+02
1.977999999999999951e-06,4.830446729999999800e-01,0.000000000000000000e+00,4.828934506353861345e-01,4.940000000000000000e+02
1.979000000000000026e-06,4.832886350000000220e-01,0.000000000000000000e+00,4.828934506353861345e-01,4.940000000000000000e+02
1.980000000000000101e-06,4.835325959999999812e-01,0.000000000000000000e+00,4.838709677419354982e-01,4.950000000000000000e+02
1.981000000000000176e-06,4.837765580000000232e-01,1.000000000000000000e+00,4.838709677419354982e-01,4.950000000000000000e+02
1.981999999999999828e-06,4.840205200000000096e-01,0.000000000000000000e+00,4.838709677419354982e-01,4.950000000000000000e+02
1.982999999999999903e-06,4.842644810000000244e-01,0.000000000000000000e+00,4.838709677419354982e-01,4.950000000000000000e+02
1.983999999999999978e-06,4.845084430000000109e-01,0.000000000000000000e+00,4.848484848484848619e-01,4.960000000000000000e+02
1.985000000000000053e-06,4.847524040000000256e-01,0.000000000000000000e+00,4.848484848484848619e-01,4.960000000000000000e+02
1.986000000000000128e-06,4.849963660000000121e-01,1.000000000000000000e+00,4.848484848484848619e-01,4.960000000000000000e+02
1.987000000000000203e-06,4.852403270000000268e-01,1.000000000000000000e+00,4.848484848484848619e-01,4.960000000000000000e+02
1.987999999999999855e-06,4.854842890000000133e-01,0.000000000000000000e+00,4.858260019550342257e-01,4.970000000000000000e+02
1.988999999999999930e-06,4.857282499999999725e-01,0.000000000000000000e+00,4.858260019550342257e-01,4.970000000000000000e+02
1.990000000000000005e-06,4.859722120000000145e-01,0.000000000000000000e+00,4.858260019550342257e-01,4.970000000000000000e+02
1.991000000000000080e-06,4.862161729999999737e-01,0.000000000000000000e+00,4.858260019550342257e-01,4.970000000000000000e+02
1.992000000000000155e-06,4.864601350000000157e-01,1.000000000000000000e+00,4.868035190615835894e-01,4.980000000000000000e+02
1.992999999999999807e-06,4.867040959999999750e-01,0.000000000000000000e+00,4.868035190615835894e-01,4.980000000000000000e+02
1.993999999999999882e-06,4.869480580000000169e-01,0.000000000000000000e+00,4.868035190615835894e-01,4.980000000000000000e+02
1.994999999999999957e-06,4.871920189999999762e-01,0.000000000000000000e+00,4.868035190615835894e-01,4.980000000000000000e+02
1.996000000000000032e-06,4.874359810000000182e-01,0.000000000000000000e+00,4.877810361681329532e-01,4.990000000000000000e+02
1.997000000000000108e-06,4.876799430000000046e-01,0.000000000000000000e+00,4.877810361681329532e-01,4.990000000000000000e+02
1.998000000000000183e-06,4.879239040000000194e-01,1.000000000000000000e+00,4.877810361681329532e-01,4.990000000000000000e+02
1.998999999999999834e-06,4.881678660000000058e-01,0.000000000000000000e+00,4.877810361681329532e-01,4.990000000000000000e+02
1.999999999999999909e-06,4.884118270000000206e-01,0.000000000000000000e+00,4.887585532746823169e-01,5.000000000000000000e+02
2.000999999999999985e-06,4.886557890000000071e-01,0.000000000000000000e+00,4.887585532746823169e-01,5.000000000000000000e+02
2.002000000000000060e-06,4.888997500000000218e-01,0.000000000000000000e+00,4.887585532746823169e-01,5.000000000000000000e+02
2.003000000000000135e-06,4.891437120000000083e-01,1.000000000000000000e+00,4.887585532746823169e-01,5.000000000000000000e+02
2.004000000000000210e-06,4.893876730000000230e-01,1.000000000000000000e+00,4.897360703812316807e-01,5.010000000000000000e+02
2.004999999999999862e-06,4.896316350000000095e-01,0.000000000000000000e+00,4.897360703812316807e-01,5.010000000000000000e+02
2.005999999999999937e-06,4.898755960000000242e-01,0.000000000000000000e+00,4.897360703812316807e-01,5.010000000000000000e+02
2.007000000000000012e-06,4.901195580000000107e-01,0.000000000000000000e+00,4.897360703812316807e-01,5.010000000000000000e+02
2.008000000000000087e-06,4.903635190000000255e-01,0.000000000000000000e+00,4.907135874877810444e-01,5.020000000000000000e+02
2.009000000000000162e-06,4.906074810000000119e-01,1.000000000000000000e+00,4.907135874877810444e-01,5.020000000000000000e+02
2.009999999999999814e-06,4.908514420000000267e-01,0.000000000000000000e+00,4.907135874877810444e-01,5.020000000000000000e+02
2.010999999999999889e-06,4.910954040000000131e-01,0.000000000000000000e+00,4.907135874877810444e-01,5.020000000000000000e+02
2.011999999999999964e-06,4.913393659999999996e-01,0.000000000000000000e+00,4.916911045943304082e-01,5.030000000000000000e+02
2.013000000000000039e-06,4.915833270000000144e-01,0.000000000000000000e+00,4.916911045943304082e-01,5.030000000000000000e+02
2.014000000000000114e-06,4.918272890000000008e-01,0.000000000000000000e+00,4.916911045943304082e-01,5.030000000000000000e+02
2.015000000000000189e-06,4.920712500000000156e-01,1.000000000000000000e+00,4.916911045943304082e-01,5.030000000000000000e+02
2.015999999999999841e-06,4.923152120000000020e-01,0.000000000000000000e+00,4.926686217008797719e-01,5.040000000000000000e+02
2.016999999999999916e-06,4.925591730000000168e-01,0.000000000000000000e+00,4.926686217008797719e-01,5.040000000000000000e+02
2.017999999999999991e-06,4.928031350000000033e-01,0.000000000000000000e+00,4.926686217008797719e-01,5.040000000000000000e+02
2.019000000000000066e-06,4.930470960000000180e-01,0.000000000000000000e+00,4.926686217008797719e-01,5.040000000000000000e+02
2.020000000000000142e-06,4.932910580000000045e-01,1.000000000000000000e+00,4.936461388074291357e-01,5.050000000000000000e+02
2.020999999999999793e-06,4.935350190000000192e-01,0.000000000000000000e+00,4.936461388074291357e-01,5.050000000000000000e+02
2.021999999999999868e-06,4.937789810000000057e-01,0.000000000000000000e+00,4.936461388074291357e-01,5.050000000000000000e+02
2.022999999999999943e-06,4.940229420000000204e-01,0.000000000000000000e+00,4.936461388074291357e-01,5.050000000000000000e+02
2.024000000000000019e-06,4.942669040000000069e-01,0.000000000000000000e+00,4.946236559139784994e-01,5.060000000000000000e+02
2.025000000000000094e-06,4.945108650000000217e-01,0.000000000000000000e+00,4.946236559139784994e-01,5.060000000000000000e+02
2.026000000000000169e-06,4.947548270000000081e-01,1.000000000000000000e+00,4.946236559139784994e-01,5.060000000000000000e+02
2.026999999999999820e-06,4.949987889999999946e-01,0.000000000000000000e+00,4.946236559139784994e-01,5.060000000000000000e+02
2.027999999999999896e-06,4.952427500000000093e-01,0.000000000000000000e+00,4.956011730205278631e-01,5.070000000000000000e+02
2.028999999999999971e-06,4.954867119999999958e-01,0.000000000000000000e+00,4.956011730205278631e-01,5.070000000000000000e+02
2.030000000000000046e-06,4.957306730000000106e-01,0.000000000000000000e+00,4.956011730205278631e-01,5.070000000000000000e+02
2.031000000000000121e-06,4.959746349999999970e-01,0.000000000000000000e+00,4.956011730205278631e-01,5.070000000000000000e+02
2.032000000000000196e-06,4.962185960000000118e-01,1.000000000000000000e+00,4.965786901270772269e-01,5.080000000000000000e+02
2.032999999999999848e-06,4.964625579999999982e-01,0.000000000000000000e+00,4.965786901270772269e-01,5.080000000000000000e+02
2.033999999999999923e-06,4.967065190000000130e-01,0.000000000000000000e+00,4.965786901270772269e-01,5.080000000000000000e+02
2.034999999999999998e-06,4.969504809999999995e-01,0.000000000000000000e+00,4.965786901270772269e-01,5.080000000000000000e+02
2.036000000000000073e-06,4.971944420000000142e-01,0.000000000000000000e+00,4.975562072336265906e-01,5.090000000000000000e+02
2.037000000000000148e-06,4.974384040000000007e-01,1.000000000000000000e+00,4.975562072336265906e-01,5.090000000000000000e+02
2.037999999999999800e-06,4.976823650000000154e-01,0.000000000000000000e+00,4.975562072336265906e-01,5.090000000000000000e+02
2.038999999999999875e-06,4.979263270000000019e-01,0.000000000000000000e+00,4.975562072336265906e-01,5.090000000000000000e+02
2.039999999999999950e-06,4.981702880000000166e-01,0.000000000000000000e+00,4.985337243401759544e-01,5.100000000000000000e+02
2.041000000000000025e-06,4.984142500000000031e-01,0.000000000000000000e+00,4.985337243401759544e-01,5.100000000000000000e+02
2.042000000000000100e-06,4.986582119999999896e-01,0.000000000000000000e+00,4.985337243401759544e-01,5.100000000000000000e+02
2.043000000000000175e-06,4.989021730000000043e-01,1.000000000000000000e+00,4.985337243401759544e-01,5.100000000000000000e+02
2.043999999999999827e-06,4.991461349999999908e-01,0.000000000000000000e+00,4.995112414467253181e-01,5.110000000000000000e+02
2.044999999999999902e-06,4.993900960000000055e-01,0.000000000000000000e+00,4.995112414467253181e-01,5.110000000000000000e+02
2.045999999999999977e-06,4.996340579999999920e-01,0.000000000000000000e+00,4.995112414467253181e-01,5.110000000000000000e+02
2.047000000000000052e-06,4.998780190000000068e-01,0.000000000000000000e+00,4.995112414467253181e-01,5.110000000000000000e+02
2.048000000000000128e-06,5.001219810000000487e-01,1.000000000000000000e+00,5.004887585532746819e-01,5.120000000000000000e+02
2.049000000000000203e-06,5.003659419999999525e-01,1.000000000000000000e+00,5.004887585532746819e-01,5.120000000000000000e+02
2.049999999999999854e-06,5.006099040000000500e-01,0.000000000000000000e+00,5.004887585532746819e-01,5.120000000000000000e+02
2.050999999999999929e-06,5.008538649999999537e-01,0.000000000000000000e+00,5.004887585532746819e-01,5.120000000000000000e+02
2.052000000000000005e-06,5.010978270000000512e-01,0.000000000000000000e+00,5.014662756598240456e-01,5.130000000000000000e+02
2.053000000000000080e-06,5.013417879999999549e-01,0.000000000000000000e+00,5.014662756598240456e-01,5.130000000000000000e+02
2.054000000000000155e-06,5.015857500000000524e-01,1.000000000000000000e+00,5.014662756598240456e-01,5.130000000000000000e+02
2.054999999999999806e-06,5.018297120000000389e-01,0.000000000000000000e+00,5.014662756598240456e-01,5.130000000000000000e+02
2.055999999999999882e-06,5.020736730000000536e-01,0.000000000000000000e+00,5.024437927663734094e-01,5.140000000000000000e+02
2.056999999999999957e-06,5.023176350000000401e-01,0.000000000000000000e+00,5.024437927663734094e-01,5.140000000000000000e+02
2.058000000000000032e-06,5.025615960000000548e-01,0.000000000000000000e+00,5.024437927663734094e-01,5.140000000000000000e+02
2.059000000000000107e-06,5.028055580000000413e-01,0.000000000000000000e+00,5.024437927663734094e-01,5.140000000000000000e+02
2.060000000000000182e-06,5.030495189999999450e-01,1.000000000000000000e+00,5.034213098729227731e-01,5.150000000000000000e+02
2.060999999999999834e-06,5.032934810000000425e-01,0.000000000000000000e+00,5.034213098729227731e-01,5.150000000000000000e+02
2.061999999999999909e-06,5.035374419999999462e-01,0.000000000000000000e+00,5.034213098729227731e-01,5.150000000000000000e+02
2.062999999999999984e-06,5.037814040000000437e-01,0.000000000000000000e+00,5.034213098729227731e-01,5.150000000000000000e+02
2.064000000000000059e-06,5.040253649999999475e-01,0.000000000000000000e+00,5.043988269794721369e-01,5.160000000000000000e+02
2.065000000000000134e-06,5.042693270000000449e-01,1.000000000000000000e+00,5.043988269794721369e-01,5.160000000000000000e+02
2.066000000000000209e-06,5.045132879999999487e-01,1.000000000000000000e+00,5.043988269794721369e-01,5.160000000000000000e+02
2.066999999999999861e-06,5.047572500000000462e-01,0.000000000000000000e+00,5.043988269794721369e-01,5.160000000000000000e+02
2.067999999999999936e-06,5.050012109999999499e-01,0.000000000000000000e+00,5.053763440860215006e-01,5.170000000000000000e+02
2.069000000000000011e-06,5.052451730000000474e-01,0.000000000000000000e+00,5.053763440860215006e-01,5.170000000000000000e+02
2.070000000000000086e-06,5.054891350000000338e-01,0.000000000000000000e+00,5.053763440860215006e-01,5.170000000000000000e+02
2.071000000000000161e-06,5.057330960000000486e-01,1.000000000000000000e+00,5.053763440860215006e-01,5.170000000000000000e+02
2.071999999999999813e-06,5.059770580000000351e-01,0.000000000000000000e+00,5.063538611925708643e-01,5.180000000000000000e+02
2.072999999999999888e-06,5.062210190000000498e-01,0.000000000000000000e+00,5.063538611925708643e-01,5.180000000000000000e+02
2.073999999999999963e-06,5.064649810000000363e-01,0.000000000000000000e+00,5.063538611925708643e-01,5.180000000000000000e+02
2.075000000000000038e-06,5.067089420000000510e-01,0.000000000000000000e+00,5.063538611925708643e-01,5.180000000000000000e+02
2.076000000000000114e-06,5.069529040000000375e-01,0.000000000000000000e+00,5.073313782991202281e-01,5.190000000000000000e+02
2.077000000000000189e-06,5.071968650000000522e-01,1.000000000000000000e+00,5.073313782991202281e-01,5.190000000000000000e+02
2.077999999999999840e-06,5.074408270000000387e-01,0.000000000000000000e+00,5.073313782991202281e-01,5.190000000000000000e+02
2.078999999999999915e-06,5.076847880000000535e-01,0.000000000000000000e+00,5.073313782991202281e-01,5.190000000000000000e+02
2.079999999999999991e-06,5.079287500000000399e-01,0.000000000000000000e+00,5.083088954056695918e-01,5.200000000000000000e+02
2.081000000000000066e-06,5.081727110000000547e-01,0.000000000000000000e+00,5.083088954056695918e-01,5.200000000000000000e+02
2.082000000000000141e-06,5.084166730000000411e-01,1.000000000000000000e+00,5.083088954056695918e-01,5.200000000000000000e+02
2.082999999999999792e-06,5.086606339999999449e-01,0.000000000000000000e+00,5.083088954056695918e-01,5.200000000000000000e+02
2.083999999999999868e-06,5.089045960000000424e-01,0.000000000000000000e+00,5.092864125122189556e-01,5.210000000000000000e+02
2.084999999999999943e-06,5.091485580000000288e-01,0.000000000000000000e+00,5.092864125122189556e-01,5.210000000000000000e+02
2.086000000000000018e-06,5.093925190000000436e-01,0.000000000000000000e+00,5.092864125122189556e-01,5.210000000000000000e+02
2.087000000000000093e-06,5.096364810000000301e-01,0.000000000000000000e+00,5.092864125122189556e-01,5.210000000000000000e+02
2.088000000000000168e-06,5.098804420000000448e-01,1.000000000000000000e+00,5.102639296187683193e-01,5.220000000000000000e+02
2.088999999999999820e-06,5.101244040000000313e-01,0.000000000000000000e+00,5.102639296187683193e-01,5.220000000000000000e+02
2.089999999999999895e-06,5.103683650000000460e-01,0.000000000000000000e+00,5.102639296187683193e-01,5.220000000000000000e+02
2.090999999999999970e-06,5.106123270000000325e-01,0.000000000000000000e+00,5.102639296187683193e-01,5.220000000000000000e+02
2.092000000000000045e-06,5.108562880000000472e-01,0.000000000000000000e+00,5.112414467253176831e-01,5.230000000000000000e+02
2.093000000000000120e-06,5.111002500000000337e-01,0.000000000000000000e+00,5.112414467253176831e-01,5.230000000000000000e+02
2.094000000000000195e-06,5.113442110000000485e-01,1.000000000000000000e+00,5.112414467253176831e-01,5.230000000000000000e+02
2.094999999999999847e-06,5.115881730000000349e-01,0.000000000000000000e+00,5.112414467253176831e-01,5.230000000000000000e+02
2.095999999999999922e-06,5.118321340000000497e-01,0.000000000000000000e+00,5.122189638318670468e-01,5.240000000000000000e+02
2.096999999999999997e-06,5.120760960000000361e-01,0.000000000000000000e+00,5.122189638318670468e-01,5.240000000000000000e+02
2.098000000000000072e-06,5.123200570000000509e-01,0.000000000000000000e+00,5.122189638318670468e-01,5.240000000000000000e+02
2.099000000000000147e-06,5.125640190000000374e-01,1.000000000000000000e+00,5.122189638318670468e-01,5.240000000000000000e+02
2.099999999999999799e-06,5.128079810000000238e-01,0.000000000000000000e+00,5.131964809384164106e-01,5.250000000000000000e+02
2.100999999999999874e-06,5.130519420000000386e-01,0.000000000000000000e+00,5.131964809384164106e-01,5.250000000000000000e+02
2.101999999999999949e-06,5.132959040000000250e-01,0.000000000000000000e+00,5.131964809384164106e-01,5.250000000000000000e+02
2.103000000000000024e-06,5.135398650000000398e-01,0.000000000000000000e+00,5.131964809384164106e-01,5.250000000000000000e+02
2.104000000000000100e-06,5.137838270000000263e-01,0.000000000000000000e+00,5.141739980449657743e-01,5.260000000000000000e+02
2.105000000000000175e-06,5.140277880000000410e-01,1.000000000000000000e+00,5.141739980449657743e-01,5.260000000000000000e+02
2.105999999999999826e-06,5.142717500000000275e-01,0.000000000000000000e+00,5.141739980449657743e-01,5.260000000000000000e+02
2.106999999999999901e-06,5.145157110000000422e-01,0.000000000000000000e+00,5.141739980449657743e-01,5.260000000000000000e+02
2.107999999999999977e-06,5.147596730000000287e-01,0.000000000000000000e+00,5.151515151515151381e-01,5.270000000000000000e+02
2.109000000000000052e-06,5.150036340000000434e-01,0.000000000000000000e+00,5.151515151515151381e-01,5.270000000000000000e+02
2.110000000000000127e-06,5.152475960000000299e-01,0.000000000000000000e+00,5.151515151515151381e-01,5.270000000000000000e+02
2.111000000000000202e-06,5.154915570000000447e-01,1.000000000000000000e+00,5.151515151515151381e-01,5.270000000000000000e+02
2.111999999999999854e-06,5.157355190000000311e-01,0.000000000000000000e+00,5.161290322580645018e-01,5.280000000000000000e+02
2.112999999999999929e-06,5.159794800000000459e-01,0.000000000000000000e+00,5.161290322580645018e-01,5.280000000000000000e+02
2.114000000000000004e-06,5.162234420000000323e-01,0.000000000000000000e+00,5.161290322580645018e-01,5.280000000000000000e+02
2.115000000000000079e-06,5.164674040000000188e-01,0.000000000000000000e+00,5.161290322580645018e-01,5.280000000000000000e+02
2.116000000000000154e-06,5.167113650000000336e-01,1.000000000000000000e+00,5.171065493646138655e-01,5.290000000000000000e+02
2.116999999999999806e-06,5.169553270000000200e-01,0.000000000000000000e+00,5.171065493646138655e-01,5.290000000000000000e+02
2.117999999999999881e-06,5.171992880000000348e-01,0.000000000000000000e+00,5.171065493646138655e-01,5.290000000000000000e+02
2.118999999999999956e-06,5.174432500000000212e-01,0.000000000000000000e+00,5.171065493646138655e-01,5.290000000000000000e+02
2.120000000000000031e-06,5.176872110000000360e-01,0.000000000000000000e+00,5.180840664711632293e-01,5.300000000000000000e+02
2.121000000000000106e-06,5.179311730000000225e-01,0.000000000000000000e+00,5.180840664711632293e-01,5.300000000000000000e+02
2.122000000000000181e-06,5.181751340000000372e-01,1.000000000000000000e+00,5.180840664711632293e-01,5.300000000000000000e+02
2.122999999999999833e-06,5.184190960000000237e-01,0.000000000000000000e+00,5.180840664711632293e-01,5.300000000000000000e+02
2.123999999999999908e-06,5.186630570000000384e-01,0.000000000000000000e+00,5.190615835777125930e-01,5.310000000000000000e+02
2.124999999999999983e-06,5.189070190000000249e-01,0.000000000000000000e+00,5.190615835777125930e-01,5.310000000000000000e+02
2.126000000000000058e-06,5.191509800000000396e-01,0.000000000000000000e+00,5.190615835777125930e-01,5.310000000000000000e+02
2.127000000000000134e-06,5.193949420000000261e-01,1.000000000000000000e+00,5.190615835777125930e-01,5.310000000000000000e+02
2.128000000000000209e-06,5.196389040000000126e-01,1.000000000000000000e+00,5.200391006842619568e-01,5.320000000000000000e+02
2.128999999999999860e-06,5.198828650000000273e-01,0.000000000000000000e+00,5.200391006842619568e-01,5.320000000000000000e+02
2.129999999999999935e-06,5.201268270000000138e-01,0.000000000000000000e+00,5.200391006842619568e-01,5.320000000000000000e+02
2.131000000000000011e-06,5.203707880000000285e-01,0.000000000000000000e+00,5.200391006842619568e-01,5.320000000000000000e+02
2.132000000000000086e-06,5.206147500000000150e-01,0.000000000000000000e+00,5.210166177908113205e-01,5.330000000000000000e+02
2.133000000000000161e-06,5.208587110000000298e-01,1.000000000000000000e+00,5.210166177908113205e-01,5.330000000000000000e+02
2.133999999999999812e-06,5.211026730000000162e-01,0.000000000000000000e+00,5.210166177908113205e-01,5.330000000000000000e+02
2.134999999999999888e-06,5.213466340000000310e-01,0.000000000000000000e+00,5.210166177908113205e-01,5.330000000000000000e+02
2.135999999999999963e-06,5.215905960000000174e-01,0.000000000000000000e+00,5.219941348973606843e-01,5.340000000000000000e+02
2.137000000000000038e-06,5.218345570000000322e-01,0.000000000000000000e+00,5.219941348973606843e-01,5.340000000000000000e+02
2.138000000000000113e-06,5.220785190000000187e-01,0.000000000000000000e+00,5.219941348973606843e-01,5.340000000000000000e+02
2.139000000000000188e-06,5.223224800000000334e-01,1.000000000000000000e+00,5.219941348973606843e-01,5.340000000000000000e+02
2.139999999999999840e-06,5.225664420000000199e-01,0.000000000000000000e+00,5.229716520039100480e-01,5.350000000000000000e+02
2.140999999999999915e-06,5.228104030000000346e-01,0.000000000000000000e+00,5.229716520039100480e-01,5.350000000000000000e+02
2.141999999999999990e-06,5.230543650000000211e-01,0.000000000000000000e+00,5.229716520039100480e-01,5.350000000000000000e+02
2.143000000000000065e-06,5.232983270000000076e-01,0.000000000000000000e+00,5.229716520039100480e-01,5.350000000000000000e+02
2.144000000000000140e-06,5.235422880000000223e-01,1.000000000000000000e+00,5.239491691104594118e-01,5.360000000000000000e+02
2.144999999999999792e-06,5.237862500000000088e-01,0.000000000000000000e+00,5.239491691104594118e-01,5.360000000000000000e+02
2.145999999999999867e-06,5.240302110000000235e-01,0.000000000000000000e+00,5.239491691104594118e-01,5.360000000000000000e+02
2.146999999999999942e-06,5.242741730000000100e-01,0.000000000000000000e+00,5.239491691104594118e-01,5.360000000000000000e+02
2.148000000000000017e-06,5.245181340000000247e-01,0.000000000000000000e+00,5.249266862170087755e-01,5.370000000000000000e+02
2.149000000000000092e-06,5.247620960000000112e-01,0.000000000000000000e+00,5.249266862170087755e-01,5.370000000000000000e+02
2.150000000000000167e-06,5.250060570000000260e-01,1.000000000000000000e+00,5.249266862170087755e-01,5.370000000000000000e+02
2.150999999999999819e-06,5.252500190000000124e-01,0.000000000000000000e+00,5.249266862170087755e-01,5.370000000000000000e+02
2.151999999999999894e-06,5.254939800000000272e-01,0.000000000000000000e+00,5.259042033235581393e-01,5.380000000000000000e+02
2.152999999999999969e-06,5.257379420000000136e-01,0.000000000000000000e+00,5.259042033235581393e-01,5.380000000000000000e+02
2.154000000000000044e-06,5.259819030000000284e-01,0.000000000000000000e+00,5.259042033235581393e-01,5.380000000000000000e+02
2.155000000000000120e-06,5.262258650000000149e-01,0.000000000000000000e+00,5.259042033235581393e-01,5.380000000000000000e+02
2.156000000000000195e-06,5.264698260000000296e-01,1.000000000000000000e+00,5.268817204301075030e-01,5.390000000000000000e+02
2.156999999999999846e-06,5.267137880000000161e-01,0.000000000000000000e+00,5.268817204301075030e-01,5.390000000000000000e+02
2.157999999999999921e-06,5.269577500000000025e-01,0.000000000000000000e+00,5.268817204301075030e-01,5.390000000000000000e+02
2.158999999999999997e-06,5.272017110000000173e-01,0.000000000000000000e+00,5.268817204301075030e-01,5.390000000000000000e+02
2.160000000000000072e-06,5.274456730000000038e-01,0.000000000000000000e+00,5.278592375366568668e-01,5.400000000000000000e+02
2.161000000000000147e-06,5.276896340000000185e-01,1.000000000000000000e+00,5.278592375366568668e-01,5.400000000000000000e+02
2.161999999999999798e-06,5.279335960000000050e-01,0.000000000000000000e+00,5.278592375366568668e-01,5.400000000000000000e+02
2.162999999999999874e-06,5.281775570000000197e-01,0.000000000000000000e+00,5.278592375366568668e-01,5.400000000000000000e+02
2.163999999999999949e-06,5.284215190000000062e-01,0.000000000000000000e+00,5.288367546432062305e-01,5.410000000000000000e+02
2.165000000000000024e-06,5.286654800000000209e-01,0.000000000000000000e+00,5.288367546432062305e-01,5.410000000000000000e+02
2.166000000000000099e-06,5.289094420000000074e-01,0.000000000000000000e+00,5.288367546432062305e-01,5.410000000000000000e+02
2.167000000000000174e-06,5.291534030000000222e-01,1.000000000000000000e+00,5.288367546432062305e-01,5.410000000000000000e+02
2.167999999999999826e-06,5.293973650000000086e-01,0.000000000000000000e+00,5.298142717497555942e-01,5.420000000000000000e+02
2.168999999999999901e-06,5.296413260000000234e-01,0.000000000000000000e+00,5.298142717497555942e-01,5.420000000000000000e+02
2.169999999999999976e-06,5.298852880000000098e-01,0.000000000000000000e+00,5.298142717497555942e-01,5.420000000000000000e+02
2.171000000000000051e-06,5.301292490000000246e-01,0.000000000000000000e+00,5.298142717497555942e-01,5.420000000000000000e+02
2.172000000000000126e-06,5.303732110000000111e-01,0.000000000000000000e+00,5.307917888563049580e-01,5.430000000000000000e+02
2.173000000000000201e-06,5.306171729999999975e-01,1.000000000000000000e+00,5.307917888563049580e-01,5.430000000000000000e+02
2.173999999999999853e-06,5.308611340000000123e-01,0.000000000000000000e+00,5.307917888563049580e-01,5.430000000000000000e+02
2.174999999999999928e-06,5.311050959999999987e-01,0.000000000000000000e+00,5.307917888563049580e-01,5.430000000000000000e+02
2.176000000000000003e-06,5.313490570000000135e-01,0.000000000000000000e+00,5.317693059628543217e-01,5.440000000000000000e+02
2.177000000000000078e-06,5.315930190000000000e-01,0.000000000000000000e+00,5.317693059628543217e-01,5.440000000000000000e+02
2.178000000000000153e-06,5.318369800000000147e-01,1.000000000000000000e+00,5.317693059628543217e-01,5.440000000000000000e+02
2.178999999999999805e-06,5.320809420000000012e-01,0.000000000000000000e+00,5.317693059628543217e-01,5.440000000000000000e+02
2.179999999999999880e-06,5.323249030000000159e-01,0.000000000000000000e+00,5.327468230694036855e-01,5.450000000000000000e+02
2.180999999999999955e-06,5.325688650000000024e-01,0.000000000000000000e+00,5.327468230694036855e-01,5.450000000000000000e+02
2.182000000000000030e-06,5.328128260000000171e-01,0.000000000000000000e+00,5.327468230694036855e-01,5.450000000000000000e+02
2.183000000000000106e-06,5.330567880000000036e-01,0.000000000000000000e+00,5.327468230694036855e-01,5.450000000000000000e+02
2.184000000000000181e-06,5.333007490000000184e-01,1.000000000000000000e+00,5.337243401759530492e-01,5.460000000000000000e+02
2.184999999999999832e-06,5.335447110000000048e-01,0.000000000000000000e+00,5.337243401759530492e-01,5.460000000000000000e+02
2.185999999999999907e-06,5.337886720000000196e-01,0.000000000000000000e+00,5.337243401759530492e-01,5.460000000000000000e+02
2.186999999999999983e-06,5.340326340000000060e-01,0.000000000000000000e+00,5.337243401759530492e-01,5.460000000000000000e+02
2.188000000000000058e-06,5.342765959999999925e-01,0.000000000000000000e+00,5.347018572825024130e-01,5.470000000000000000e+02
2.189000000000000133e-06,5.345205570000000073e-01,0.000000000000000000e+00,5.347018572825024130e-01,5.470000000000000000e+02
2.190000000000000208e-06,5.347645189999999937e-01,1.000000000000000000e+00,5.347018572825024130e-01,5.470000000000000000e+02
2.190999999999999860e-06,5.350084800000000085e-01,0.000000000000000000e+00,5.347018572825024130e-01,5.470000000000000000e+02
2.191999999999999935e-06,5.352524419999999949e-01,0.000000000000000000e+00,5.356793743890517767e-01,5.480000000000000000e+02
2.193000000000000010e-06,5.354964030000000097e-01,0.000000000000000000e+00,5.356793743890517767e-01,5.480000000000000000e+02
2.194000000000000085e-06,5.357403649999999962e-01,0.000000000000000000e+00,5.356793743890517767e-01,5.480000000000000000e+02
2.195000000000000160e-06,5.359843260000000109e-01,1.000000000000000000e+00,5.356793743890517767e-01,5.480000000000000000e+02
2.195999999999999812e-06,5.362282879999999974e-01,0.000000000000000000e+00,5.366568914956011405e-01,5.490000000000000000e+02
2.196999999999999887e-06,5.364722490000000121e-01,0.000000000000000000e+00,5.366568914956011405e-01,5.490000000000000000e+02
2.197999999999999962e-06,5.367162109999999986e-01,0.000000000000000000e+00,5.366568914956011405e-01,5.490000000000000000e+02
2.199000000000000037e-06,5.369601720000000133e-01,0.000000000000000000e+00,5.366568914956011405e-01,5.490000000000000000e+02
2.200000000000000112e-06,5.372041339999999998e-01,0.000000000000000000e+00,5.376344086021505042e-01,5.500000000000000000e+02
2.201000000000000187e-06,5.374480959999999863e-01,1.000000000000000000e+00,5.376344086021505042e-01,5.500000000000000000e+02
2.201999999999999839e-06,5.376920570000000010e-01,0.000000000000000000e+00,5.376344086021505042e-01,5.500000000000000000e+02
2.202999999999999914e-06,5.379360189999999875e-01,0.000000000000000000e+00,5.376344086021505042e-01,5.500000000000000000e+02
2.203999999999999989e-06,5.381799800000000022e-01,0.000000000000000000e+00,5.386119257086998680e-01,5.510000000000000000e+02
2.205000000000000064e-06,5.384239419999999887e-01,0.000000000000000000e+00,5.386119257086998680e-01,5.510000000000000000e+02
2.206000000000000139e-06,5.386679030000000035e-01,1.000000000000000000e+00,5.386119257086998680e-01,5.510000000000000000e+02
2.206999999999999791e-06,5.389118649999999899e-01,0.000000000000000000e+00,5.386119257086998680e-01,5.510000000000000000e+02
2.207999999999999866e-06,5.391558260000000047e-01,0.000000000000000000e+00,5.395894428152492317e-01,5.520000000000000000e+02
2.208999999999999941e-06,5.393997879999999912e-01,0.000000000000000000e+00,5.395894428152492317e-01,5.520000000000000000e+02
2.210000000000000016e-06,5.396437490000000059e-01,0.000000000000000000e+00,5.395894428152492317e-01,5.520000000000000000e+02
2.211000000000000092e-06,5.398877109999999924e-01,0.000000000000000000e+00,5.395894428152492317e-01,5.520000000000000000e+02
2.212000000000000167e-06,5.401316720000000071e-01,1.000000000000000000e+00,5.405669599217985954e-01,5.530000000000000000e+02
2.212999999999999818e-06,5.403756339999999936e-01,0.000000000000000000e+00,5.405669599217985954e-01,5.530000000000000000e+02
2.213999999999999893e-06,5.406195950000000083e-01,0.000000000000000000e+00,5.405669599217985954e-01,5.530000000000000000e+02
2.214999999999999969e-06,5.408635569999999948e-01,0.000000000000000000e+00,5.405669599217985954e-01,5.530000000000000000e+02
2.216000000000000044e-06,5.411075189999999813e-01,0.000000000000000000e+00,5.415444770283479592e-01,5.540000000000000000e+02
2.217000000000000119e-06,5.413514799999999960e-01,0.000000000000000000e+00,5.415444770283479592e-01,5.540000000000000000e+02
2.218000000000000194e-06,5.415954419999999825e-01,1.000000000000000000e+00,5.415444770283479592e-01,5.540000000000000000e+02
2.218999999999999846e-06,5.418394029999999972e-01,0.000000000000000000e+00,5.415444770283479592e-01,5.540000000000000000e+02
2.219999999999999921e-06,5.420833649999999837e-01,0.000000000000000000e+00,5.425219941348973229e-01,5.550000000000000000e+02
2.220999999999999996e-06,5.423273259999999985e-01,0.000000000000000000e+00,5.425219941348973229e-01,5.550000000000000000e+02
2.222000000000000071e-06,5.425712879999999849e-01,0.000000000000000000e+00,5.425219941348973229e-01,5.550000000000000000e+02
2.223000000000000146e-06,5.428152489999999997e-01,1.000000000000000000e+00,5.425219941348973229e-01,5.550000000000000000e+02
2.223999999999999798e-06,5.430592109999999861e-01,0.000000000000000000e+00,5.434995112414466867e-01,5.560000000000000000e+02
2.224999999999999873e-06,5.433031720000000009e-01,0.000000000000000000e+00,5.434995112414466867e-01,5.560000000000000000e+02
2.225999999999999948e-06,5.435471339999999874e-01,0.000000000000000000e+00,5.434995112414466867e-01,5.560000000000000000e+02
2.227000000000000023e-06,5.437910950000000021e-01,0.000000000000000000e+00,5.434995112414466867e-01,5.560000000000000000e+02
2.228000000000000098e-06,5.440350569999999886e-01,0.000000000000000000e+00,5.444770283479960504e-01,5.570000000000000000e+02
2.229000000000000173e-06,5.442790180000000033e-01,1.000000000000000000e+00,5.444770283479960504e-01,5.570000000000000000e+02
2.229999999999999825e-06,5.445229799999999898e-01,0.000000000000000000e+00,5.444770283479960504e-01,5.570000000000000000e+02
2.230999999999999900e-06,5.447669419999999763e-01,0.000000000000000000e+00,5.444770283479960504e-01,5.570000000000000000e+02
2.231999999999999975e-06,5.450109029999999910e-01,0.000000000000000000e+00,5.454545454545454142e-01,5.580000000000000000e+02
2.233000000000000050e-06,5.452548649999999775e-01,0.000000000000000000e+00,5.454545454545454142e-01,5.580000000000000000e+02
2.234000000000000125e-06,5.454988259999999922e-01,0.000000000000000000e+00,5.454545454545454142e-01,5.580000000000000000e+02
2.235000000000000201e-06,5.457427879999999787e-01,1.000000000000000000e+00,5.454545454545454142e-01,5.580000000000000000e+02
2.235999999999999852e-06,5.459867489999999934e-01,0.000000000000000000e+00,5.464320625610947779e-01,5.590000000000000000e+02
2.236999999999999927e-06,5.462307109999999799e-01,0.000000000000000000e+00,5.464320625610947779e-01,5.590000000000000000e+02
2.238000000000000002e-06,5.464746719999999947e-01,0.000000000000000000e+00,5.464320625610947779e-01,5.590000000000000000e+02
2.239000000000000078e-06,5.467186339999999811e-01,0.000000000000000000e+00,5.464320625610947779e-01,5.590000000000000000e+02
2.240000000000000153e-06,5.469625949999999959e-01,1.000000000000000000e+00,5.474095796676441417e-01,5.600000000000000000e+02
2.240999999999999804e-06,5.472065569999999823e-01,0.000000000000000000e+00,5.474095796676441417e-01,5.600000000000000000e+02
2.241999999999999879e-06,5.474505179999999971e-01,0.000000000000000000e+00,5.474095796676441417e-01,5.600000000000000000e+02
2.242999999999999955e-06,5.476944799999999836e-01,0.000000000000000000e+00,5.474095796676441417e-01,5.600000000000000000e+02
2.244000000000000030e-06,5.479384409999999983e-01,0.000000000000000000e+00,5.483870967741935054e-01,5.610000000000000000e+02
2.245000000000000105e-06,5.481824029999999848e-01,0.000000000000000000e+00,5.483870967741935054e-01,5.610000000000000000e+02
2.246000000000000180e-06,5.484263649999999712e-01,1.000000000000000000e+00,5.483870967741935054e-01,5.610000000000000000e+02
2.246999999999999832e-06,5.486703259999999860e-01,0.000000000000000000e+00,5.483870967741935054e-01,5.610000000000000000e+02
2.247999999999999907e-06,5.489142879999999725e-01,0.000000000000000000e+00,5.493646138807428692e-01,5.620000000000000000e+02
2.248999999999999982e-06,5.491582489999999872e-01,0.000000000000000000e+00,5.493646138807428692e-01,5.620000000000000000e+02
2.250000000000000057e-06,5.494022109999999737e-01,0.000000000000000000e+00,5.493646138807428692e-01,5.620000000000000000e+02
2.251000000000000132e-06,5.496461719999999884e-01,0.000000000000000000e+00,5.493646138807428692e-01,5.620000000000000000e+02
2.252000000000000207e-06,5.498901339999999749e-01,1.000000000000000000e+00,5.503421309872922329e-01,5.630000000000000000e+02
2.252999999999999859e-06,5.501340949999999896e-01,0.000000000000000000e+00,5.503421309872922329e-01,5.630000000000000000e+02
2.253999999999999934e-06,5.503780569999999761e-01,0.000000000000000000e+00,5.503421309872922329e-01,5.630000000000000000e+02
2.255000000000000009e-06,5.506220179999999909e-01,0.000000000000000000e+00,5.503421309872922329e-01,5.630000000000000000e+02
2.256000000000000084e-06,5.508659799999999773e-01,0.000000000000000000e+00,5.513196480938415966e-01,5.640000000000000000e+02
2.257000000000000159e-06,5.511099409999999921e-01,1.000000000000000000e+00,5.513196480938415966e-01,5.640000000000000000e+02
2.257999999999999811e-06,5.513539029999999785e-01,0.000000000000000000e+00,5.513196480938415966e-01,5.640000000000000000e+02
2.258999999999999886e-06,5.515978649999999650e-01,0.000000000000000000e+00,5.513196480938415966e-01,5.640000000000000000e+02
2.259999999999999961e-06,5.518418259999999798e-01,0.000000000000000000e+00,5.522971652003909604e-01,5.650000000000000000e+02
2.261000000000000036e-06,5.520857879999999662e-01,0.000000000000000000e+00,5.522971652003909604e-01,5.650000000000000000e+02
2.262000000000000112e-06,5.523297489999999810e-01,0.000000000000000000e+00,5.522971652003909604e-01,5.650000000000000000e+02
2.263000000000000187e-06,5.525737109999999674e-01,1.000000000000000000e+00,5.522971652003909604e-01,5.650000000000000000e+02
2.263999999999999838e-06,5.528176719999999822e-01,0.000000000000000000e+00,5.532746823069403241e-01,5.660000000000000000e+02
2.264999999999999913e-06,5.530616339999999687e-01,0.000000000000000000e+00,5.532746823069403241e-01,5.660000000000000000e+02
2.265999999999999989e-06,5.533055949999999834e-01,0.000000000000000000e+00,5.532746823069403241e-01,5.660000000000000000e+02
2.267000000000000064e-06,5.535495569999999699e-01,0.000000000000000000e+00,5.532746823069403241e-01,5.660000000000000000e+02
2.268000000000000139e-06,5.537935179999999846e-01,0.000000000000000000e+00,5.542521994134896879e-01,5.670000000000000000e+02
2.268999999999999790e-06,5.540374799999999711e-01,0.000000000000000000e+00,5.542521994134896879e-01,5.670000000000000000e+02
2.269999999999999866e-06,5.542814409999999858e-01,0.000000000000000000e+00,5.542521994134896879e-01,5.670000000000000000e+02
2.270999999999999941e-06,5.545254029999999723e-01,0.000000000000000000e+00,5.542521994134896879e-01,5.670000000000000000e+02
2.272000000000000016e-06,5.547693639999999871e-01,0.000000000000000000e+00,5.552297165200390516e-01,5.680000000000000000e+02
2.273000000000000091e-06,5.550133259999999735e-01,0.000000000000000000e+00,5.552297165200390516e-01,5.680000000000000000e+02
2.274000000000000166e-06,5.552572879999999600e-01,1.000000000000000000e+00,5.552297165200390516e-01,5.680000000000000000e+02
2.274999999999999818e-06,5.555012489999999747e-01,0.000000000000000000e+00,5.552297165200390516e-01,5.680000000000000000e+02
2.275999999999999893e-06,5.557452109999999612e-01,0.000000000000000000e+00,5.562072336265884154e-01,5.690000000000000000e+02
2.276999999999999968e-06,5.559891719999999760e-01,0.000000000000000000e+00,5.562072336265884154e-01,5.690000000000000000e+02
2.278000000000000043e-06,5.562331339999999624e-01,0.000000000000000000e+00,5.562072336265884154e-01,5.690000000000000000e+02
2.279000000000000118e-06,5.564770949999999772e-01,0.000000000000000000e+00,5.562072336265884154e-01,5.690000000000000000e+02
2.280000000000000193e-06,5.567210569999999636e-01,1.000000000000000000e+00,5.571847507331377791e-01,5.700000000000000000e+02
2.280999999999999845e-06,5.569650179999999784e-01,0.000000000000000000e+00,5.571847507331377791e-01,5.700000000000000000e+02
2.281999999999999920e-06,5.572089799999999649e-01,0.000000000000000000e+00,5.571847507331377791e-01,5.700000000000000000e+02
2.282999999999999995e-06,5.574529409999999796e-01,0.000000000000000000e+00,5.571847507331377791e-01,5.700000000000000000e+02
2.284000000000000070e-06,5.576969029999999661e-01,0.000000000000000000e+00,5.581622678396871429e-01,5.710000000000000000e+02
2.285000000000000145e-06,5.579408639999999808e-01,1.000000000000000000e+00,5.581622678396871429e-01,5.710000000000000000e+02
2.285999999999999797e-06,5.581848259999999673e-01,0.000000000000000000e+00,5.581622678396871429e-01,5.710000000000000000e+02
2.286999999999999872e-06,5.584287869999999820e-01,0.000000000000000000e+00,5.581622678396871429e-01,5.710000000000000000e+02
2.287999999999999947e-06,5.586727489999999685e-01,0.000000000000000000e+00,5.591397849462365066e-01,5.720000000000000000e+02
2.289000000000000022e-06,5.589167109999999550e-01,0.000000000000000000e+00,5.591397849462365066e-01,5.720000000000000000e+02
2.290000000000000098e-06,5.591606719999999697e-01,0.000000000000000000e+00,5.591397849462365066e-01,5.720000000000000000e+02
2.291000000000000173e-06,5.594046339999999562e-01,1.000000000000000000e+00,5.591397849462365066e-01,5.720000000000000000e+02
2.291999999999999824e-06,5.596485949999999709e-01,0.000000000000000000e+00,5.601173020527858704e-01,5.730000000000000000e+02
2.292999999999999899e-06,5.598925569999999574e-01,0.000000000000000000e+00,5.601173020527858704e-01,5.730000000000000000e+02
2.293999999999999975e-06,5.601365179999999722e-01,0.000000000000000000e+00,5.601173020527858704e-01,5.730000000000000000e+02
2.295000000000000050e-06,5.603804799999999586e-01,0.000000000000000000e+00,5.601173020527858704e-01,5.730000000000000000e+02
2.296000000000000125e-06,5.606244409999999734e-01,0.000000000000000000e+00,5.610948191593352341e-01,5.740000000000000000e+02
2.297000000000000200e-06,5.608684029999999598e-01,1.000000000000000000e+00,5.610948191593352341e-01,5.740000000000000000e+02
2.297999999999999852e-06,5.611123639999999746e-01,0.000000000000000000e+00,5.610948191593352341e-01,5.740000000000000000e+02
2.298999999999999927e-06,5.613563259999999611e-01,0.000000000000000000e+00,5.610948191593352341e-01,5.740000000000000000e+02
2.300000000000000002e-06,5.616002869999999758e-01,0.000000000000000000e+00,5.620723362658845979e-01,5.750000000000000000e+02
2.301000000000000077e-06,5.618442489999999623e-01,0.000000000000000000e+00,5.620723362658845979e-01,5.750000000000000000e+02
2.302000000000000152e-06,5.620882099999999770e-01,1.000000000000000000e+00,5.620723362658845979e-01,5.750000000000000000e+02
2.302999999999999804e-06,5.623321719999999635e-01,0.000000000000000000e+00,5.620723362658845979e-01,5.750000000000000000e+02
2.303999999999999879e-06,5.625761339999999500e-01,0.000000000000000000e+00,5.630498533724339616e-01,5.760000000000000000e+02
2.304999999999999954e-06,5.628200949999999647e-01,0.000000000000000000e+00,5.630498533724339616e-01,5.760000000000000000e+02
2.306000000000000029e-06,5.630640569999999512e-01,0.000000000000000000e+00,5.630498533724339616e-01,5.760000000000000000e+02
2.307000000000000104e-06,5.633080179999999659e-01,0.000000000000000000e+00,5.630498533724339616e-01,5.760000000000000000e+02
2.308000000000000179e-06,5.635519799999999524e-01,1.000000000000000000e+00,5.640273704789834364e-01,5.770000000000000000e+02
2.308999999999999831e-06,5.637959409999999671e-01,0.000000000000000000e+00,5.640273704789834364e-01,5.770000000000000000e+02
2.309999999999999906e-06,5.640399029999999536e-01,0.000000000000000000e+00,5.640273704789834364e-01,5.770000000000000000e+02
2.310999999999999981e-06,5.642838639999999684e-01,0.000000000000000000e+00,5.640273704789834364e-01,5.770000000000000000e+02
2.312000000000000056e-06,5.645278259999999548e-01,0.000000000000000000e+00,5.650048875855328001e-01,5.780000000000000000e+02
2.313000000000000131e-06,5.647717869999999696e-01,0.000000000000000000e+00,5.650048875855328001e-01,5.780000000000000000e+02
2.314000000000000207e-06,5.650157489999999560e-01,1.000000000000000000e+00,5.650048875855328001e-01,5.780000000000000000e+02
2.314999999999999858e-06,5.652597099999999708e-01,0.000000000000000000e+00,5.650048875855328001e-01,5.780000000000000000e+02
2.315999999999999933e-06,5.655036719999999573e-01,0.000000000000000000e+00,5.659824046920821639e-01,5.790000000000000000e+02
2.317000000000000008e-06,5.657476329999999720e-01,0.000000000000000000e+00,5.659824046920821639e-01,5.790000000000000000e+02
2.318000000000000084e-06,5.659915949999999585e-01,0.000000000000000000e+00,5.659824046920821639e-01,5.790000000000000000e+02
2.319000000000000159e-06,5.662355569999999449e-01,1.000000000000000000e+00,5.659824046920821639e-01,5.790000000000000000e+02
2.319999999999999810e-06,5.664795179999999597e-01,0.000000000000000000e+00,5.669599217986315276e-01,5.800000000000000000e+02
2.320999999999999885e-06,5.667234799999999462e-01,0.000000000000000000e+00,5.669599217986315276e-01,5.800000000000000000e+02
2.321999999999999961e-06,5.669674409999999609e-01,0.000000000000000000e+00,5.669599217986315276e-01,5.800000000000000000e+02
2.323000000000000036e-06,5.672114029999999474e-01,0.000000000000000000e+00,5.669599217986315276e-01,5.800000000000000000e+02
2.324000000000000111e-06,5.674553639999999621e-01,0.000000000000000000e+00,5.679374389051808913e-01,5.810000000000000000e+02
2.325000000000000186e-06,5.676993259999999486e-01,1.000000000000000000e+00,5.679374389051808913e-01,5.810000000000000000e+02
2.325999999999999838e-06,5.679432869999999633e-01,0.000000000000000000e+00,5.679374389051808913e-01,5.810000000000000000e+02
2.326999999999999913e-06,5.681872489999999498e-01,0.000000000000000000e+00,5.679374389051808913e-01,5.810000000000000000e+02
2.327999999999999988e-06,5.684312099999999646e-01,0.000000000000000000e+00,5.689149560117302551e-01,5.820000000000000000e+02
2.329000000000000063e-06,5.686751719999999510e-01,0.000000000000000000e+00,5.689149560117302551e-01,5.820000000000000000e+02
2.330000000000000138e-06,5.689191329999999658e-01,0.000000000000000000e+00,5.689149560117302551e-01,5.820000000000000000e+02
2.330999999999999790e-06,5.691630949999999523e-01,0.000000000000000000e+00,5.689149560117302551e-01,5.820000000000000000e+02
2.331999999999999865e-06,5.694070570000000497e-01,0.000000000000000000e+00,5.698924731182796188e-01,5.830000000000000000e+02
2.332999999999999940e-06,5.696510179999999535e-01,0.000000000000000000e+00,5.698924731182796188e-01,5.830000000000000000e+02
2.334000000000000015e-06,5.698949800000000510e-01,0.000000000000000000e+00,5.698924731182796188e-01,5.830000000000000000e+02
2.335000000000000090e-06,5.701389409999999547e-01,0.000000000000000000e+00,5.698924731182796188e-01,5.830000000000000000e+02
2.336000000000000165e-06,5.703829030000000522e-01,1.000000000000000000e+00,5.708699902248289826e-01,5.840000000000000000e+02
2.336999999999999817e-06,5.706268639999999559e-01,0.000000000000000000e+00,5.708699902248289826e-01,5.840000000000000000e+02
2.337999999999999892e-06,5.708708260000000534e-01,0.000000000000000000e+00,5.708699902248289826e-01,5.840000000000000000e+02
2.338999999999999967e-06,5.711147869999999571e-01,0.000000000000000000e+00,5.708699902248289826e-01,5.840000000000000000e+02
2.340000000000000042e-06,5.713587490000000546e-01,0.000000000000000000e+00,5.718475073313783463e-01,5.850000000000000000e+02
2.341000000000000117e-06,5.716027099999999583e-01,0.000000000000000000e+00,5.718475073313783463e-01,5.850000000000000000e+02
2.342000000000000193e-06,5.718466719999999448e-01,1.000000000000000000e+00,5.718475073313783463e-01,5.850000000000000000e+02
2.342999999999999844e-06,5.720906329999999596e-01,0.000000000000000000e+00,5.718475073313783463e-01,5.850000000000000000e+02
2.343999999999999919e-06,5.723345949999999460e-01,0.000000000000000000e+00,5.728250244379277101e-01,5.860000000000000000e+02
2.344999999999999994e-06,5.725785559999999608e-01,0.000000000000000000e+00,5.728250244379277101e-01,5.860000000000000000e+02
2.346000000000000070e-06,5.728225179999999472e-01,0.000000000000000000e+00,5.728250244379277101e-01,5.860000000000000000e+02
2.347000000000000145e-06,5.730664800000000447e-01,0.000000000000000000e+00,5.728250244379277101e-01,5.860000000000000000e+02
2.347999999999999796e-06,5.733104409999999485e-01,0.000000000000000000e+00,5.738025415444770738e-01,5.870000000000000000e+02
2.348999999999999871e-06,5.735544030000000459e-01,0.000000000000000000e+00,5.738025415444770738e-01,5.870000000000000000e+02
2.349999999999999947e-06,5.737983639999999497e-01,0.000000000000000000e+00,5.738025415444770738e-01,5.870000000000000000e+02
2.351000000000000022e-06,5.740423260000000472e-01,0.000000000000000000e+00,5.738025415444770738e-01,5.870000000000000000e+02
2.352000000000000097e-06,5.742862869999999509e-01,0.000000000000000000e+00,5.747800586510264376e-01,5.880000000000000000e+02
2.353000000000000172e-06,5.745302490000000484e-01,1.000000000000000000e+00,5.747800586510264376e-01,5.880000000000000000e+02
2.353999999999999824e-06,5.747742099999999521e-01,0.000000000000000000e+00,5.747800586510264376e-01,5.880000000000000000e+02
2.354999999999999899e-06,5.750181720000000496e-01,0.000000000000000000e+00,5.747800586510264376e-01,5.880000000000000000e+02
2.355999999999999974e-06,5.752621329999999533e-01,0.000000000000000000e+00,5.757575757575758013e-01,5.890000000000000000e+02
2.357000000000000049e-06,5.755060950000000508e-01,0.000000000000000000e+00,5.757575757575758013e-01,5.890000000000000000e+02
2.358000000000000124e-06,5.757500559999999545e-01,0.000000000000000000e+00,5.757575757575758013e-01,5.890000000000000000e+02
2.359000000000000199e-06,5.759940180000000520e-01,1.000000000000000000e+00,5.757575757575758013e-01,5.890000000000000000e+02
2.359999999999999851e-06,5.762379789999999558e-01,0.000000000000000000e+00,5.767350928641251651e-01,5.900000000000000000e+02
2.360999999999999926e-06,5.764819410000000532e-01,0.000000000000000000e+00,5.767350928641251651e-01,5.900000000000000000e+02
2.362000000000000001e-06,5.767259030000000397e-01,0.000000000000000000e+00,5.767350928641251651e-01,5.900000000000000000e+02
2.363000000000000076e-06,5.769698640000000545e-01,0.000000000000000000e+00,5.767350928641251651e-01,5.900000000000000000e+02
2.364000000000000151e-06,5.772138260000000409e-01,1.000000000000000000e+00,5.777126099706745288e-01,5.910000000000000000e+02
2.364999999999999803e-06,5.774577869999999447e-01,0.000000000000000000e+00,5.777126099706745288e-01,5.910000000000000000e+02
2.365999999999999878e-06,5.777017490000000421e-01,0.000000000000000000e+00,5.777126099706745288e-01,5.910000000000000000e+02
2.366999999999999953e-06,5.779457099999999459e-01,0.000000000000000000e+00,5.777126099706745288e-01,5.910000000000000000e+02
2.368000000000000028e-06,5.781896720000000434e-01,0.000000000000000000e+00,5.786901270772238925e-01,5.920000000000000000e+02
2.369000000000000103e-06,5.784336329999999471e-01,0.000000000000000000e+00,5.786901270772238925e-01,5.920000000000000000e+02
2.370000000000000179e-06,5.786775950000000446e-01,1.000000000000000000e+00,5.786901270772238925e-01,5.920000000000000000e+02
2.370999999999999830e-06,5.789215559999999483e-01,0.000000000000000000e+00,5.786901270772238925e-01,5.920000000000000000e+02
2.371999999999999905e-06,5.791655180000000458e-01,0.000000000000000000e+00,5.796676441837732563e-01,5.930000000000000000e+02
2.372999999999999980e-06,5.794094789999999495e-01,0.000000000000000000e+00,5.796676441837732563e-01,5.930000000000000000e+02
2.374000000000000056e-06,5.796534410000000470e-01,0.000000000000000000e+00,5.796676441837732563e-01,5.930000000000000000e+02
2.375000000000000131e-06,5.798974019999999507e-01,0.000000000000000000e+00,5.796676441837732563e-01,5.930000000000000000e+02
2.376000000000000206e-06,5.801413640000000482e-01,1.000000000000000000e+00,5.806451612903226200e-01,5.940000000000000000e+02
2.376999999999999857e-06,5.803853260000000347e-01,0.000000000000000000e+00,5.806451612903226200e-01,5.940000000000000000e+02
2.377999999999999933e-06,5.806292870000000494e-01,0.000000000000000000e+00,5.806451612903226200e-01,5.940000000000000000e+02
2.379000000000000008e-06,5.808732490000000359e-01,0.000000000000000000e+00,5.806451612903226200e-01,5.940000000000000000e+02
2.380000000000000083e-06,5.811172100000000507e-01,0.000000000000000000e+00,5.806451612903226200e-01,5.940000000000000000e+02
2.381000000000000158e-06,5.813611720000000371e-01,1.000000000000000000e+00,5.816226783968719838e-01,5.950000000000000000e+02
2.381999999999999810e-06,5.816051330000000519e-01,0.000000000000000000e+00,5.816226783968719838e-01,5.950000000000000000e+02
2.382999999999999885e-06,5.818490950000000383e-01,0.000000000000000000e+00,5.816226783968719838e-01,5.950000000000000000e+02
2.383999999999999960e-06,5.820930560000000531e-01,0.000000000000000000e+00,5.816226783968719838e-01,5.950000000000000000e+02
2.385000000000000035e-06,5.823370180000000396e-01,0.000000000000000000e+00,5.826001955034213475e-01,5.960000000000000000e+02
2.386000000000000110e-06,5.825809790000000543e-01,0.000000000000000000e+00,5.826001955034213475e-01,5.960000000000000000e+02
2.387000000000000185e-06,5.828249410000000408e-01,1.000000000000000000e+00,5.826001955034213475e-01,5.960000000000000000e+02
2.387999999999999837e-06,5.830689019999999445e-01,0.000000000000000000e+00,5.826001955034213475e-01,5.960000000000000000e+02
2.388999999999999912e-06,5.833128640000000420e-01,0.000000000000000000e+00,5.835777126099707113e-01,5.970000000000000000e+02
2.389999999999999987e-06,5.835568249999999457e-01,0.000000000000000000e+00,5.835777126099707113e-01,5.970000000000000000e+02
2.391000000000000062e-06,5.838007870000000432e-01,0.000000000000000000e+00,5.835777126099707113e-01,5.970000000000000000e+02
2.392000000000000137e-06,5.840447490000000297e-01,0.000000000000000000e+00,5.835777126099707113e-01,5.970000000000000000e+02
2.392999999999999789e-06,5.842887100000000444e-01,0.000000000000000000e+00,5.845552297165200750e-01,5.980000000000000000e+02
2.393999999999999864e-06,5.845326720000000309e-01,0.000000000000000000e+00,5.845552297165200750e-01,5.980000000000000000e+02
2.394999999999999939e-06,5.847766330000000456e-01,0.000000000000000000e+00,5.845552297165200750e-01,5.980000000000000000e+02
2.396000000000000014e-06,5.850205950000000321e-01,0.000000000000000000e+00,5.845552297165200750e-01,5.980000000000000000e+02
2.397000000000000090e-06,5.852645560000000469e-01,0.000000000000000000e+00,5.855327468230694388e-01,5.990000000000000000e+02
2.398000000000000165e-06,5.855085180000000333e-01,1.000000000000000000e+00,5.855327468230694388e-01,5.990000000000000000e+02
2.398999999999999816e-06,5.857524790000000481e-01,0.000000000000000000e+00,5.855327468230694388e-01,5.990000000000000000e+02
2.399999999999999891e-06,5.859964410000000345e-01,0.000000000000000000e+00,5.855327468230694388e-01,5.990000000000000000e+02
2.400999999999999967e-06,5.862404020000000493e-01,0.000000000000000000e+00,5.865102639296188025e-01,6.000000000000000000e+02
2.402000000000000042e-06,5.864843640000000358e-01,0.000000000000000000e+00,5.865102639296188025e-01,6.000000000000000000e+02
2.403000000000000117e-06,5.867283250000000505e-01,0.000000000000000000e+00,5.865102639296188025e-01,6.000000000000000000e+02
2.404000000000000192e-06,5.869722870000000370e-01,1.000000000000000000e+00,5.865102639296188025e-01,6.000000000000000000e+02
2.404999999999999844e-06,5.872162490000000235e-01,0.000000000000000000e+00,5.874877810361681663e-01,6.010000000000000000e+02
2.405999999999999919e-06,5.874602100000000382e-01,0.000000000000000000e+00,5.874877810361681663e-01,6.010000000000000000e+02
2.406999999999999994e-06,5.877041720000000247e-01,0.000000000000000000e+00,5.874877810361681663e-01,6.010000000000000000e+02
2.408000000000000069e-06,5.879481330000000394e-01,0.000000000000000000e+00,5.874877810361681663e-01,6.010000000000000000e+02
2.409000000000000144e-06,5.881920950000000259e-01,0.000000000000000000e+00,5.884652981427175300e-01,6.020000000000000000e+02
2.409999999999999796e-06,5.884360560000000406e-01,0.000000000000000000e+00,5.884652981427175300e-01,6.020000000000000000e+02
2.410999999999999871e-06,5.886800180000000271e-01,0.000000000000000000e+00,5.884652981427175300e-01,6.020000000000000000e+02
2.411999999999999946e-06,5.889239790000000419e-01,0.000000000000000000e+00,5.884652981427175300e-01,6.020000000000000000e+02
2.413000000000000021e-06,5.891679410000000283e-01,0.000000000000000000e+00,5.894428152492668938e-01,6.030000000000000000e+02
2.414000000000000096e-06,5.894119020000000431e-01,0.000000000000000000e+00,5.894428152492668938e-01,6.030000000000000000e+02
2.415000000000000171e-06,5.896558640000000295e-01,1.000000000000000000e+00,5.894428152492668938e-01,6.030000000000000000e+02
2.415999999999999823e-06,5.898998250000000443e-01,0.000000000000000000e+00,5.894428152492668938e-01,6.030000000000000000e+02
2.416999999999999898e-06,5.901437870000000308e-01,0.000000000000000000e+00,5.904203323558162575e-01,6.040000000000000000e+02
2.417999999999999973e-06,5.903877480000000455e-01,0.000000000000000000e+00,5.904203323558162575e-01,6.040000000000000000e+02
2.419000000000000048e-06,5.906317100000000320e-01,0.000000000000000000e+00,5.904203323558162575e-01,6.040000000000000000e+02
2.420000000000000123e-06,5.908756720000000184e-01,0.000000000000000000e+00,5.904203323558162575e-01,6.040000000000000000e+02
2.421000000000000199e-06,5.911196330000000332e-01,1.000000000000000000e+00,5.913978494623656212e-01,6.050000000000000000e+02
2.421999999999999850e-06,5.913635950000000197e-01,0.000000000000000000e+00,5.913978494623656212e-01,6.050000000000000000e+02
2.422999999999999925e-06,5.916075560000000344e-01,0.000000000000000000e+00,5.913978494623656212e-01,6.050000000000000000e+02
2.424000000000000000e-06,5.918515180000000209e-01,0.000000000000000000e+00,5.913978494623656212e-01,6.050000000000000000e+02
2.425000000000000076e-06,5.920954790000000356e-01,0.000000000000000000e+00,5.923753665689149850e-01,6.060000000000000000e+02
2.426000000000000151e-06,5.923394410000000221e-01,0.000000000000000000e+00,5.923753665689149850e-01,6.060000000000000000e+02
2.426999999999999802e-06,5.925834020000000368e-01,0.000000000000000000e+00,5.923753665689149850e-01,6.060000000000000000e+02
2.427999999999999877e-06,5.928273640000000233e-01,0.000000000000000000e+00,5.923753665689149850e-01,6.060000000000000000e+02
2.428999999999999953e-06,5.930713250000000381e-01,0.000000000000000000e+00,5.933528836754643487e-01,6.070000000000000000e+02
2.430000000000000028e-06,5.933152870000000245e-01,0.000000000000000000e+00,5.933528836754643487e-01,6.070000000000000000e+02
2.431000000000000103e-06,5.935592480000000393e-01,0.000000000000000000e+00,5.933528836754643487e-01,6.070000000000000000e+02
2.432000000000000178e-06,5.938032100000000257e-01,1.000000000000000000e+00,5.933528836754643487e-01,6.070000000000000000e+02
2.432999999999999830e-06,5.940471710000000405e-01,0.000000000000000000e+00,5.943304007820137125e-01,6.080000000000000000e+02
2.433999999999999905e-06,5.942911330000000270e-01,0.000000000000000000e+00,5.943304007820137125e-01,6.080000000000000000e+02
2.434999999999999980e-06,5.945350950000000134e-01,0.000000000000000000e+00,5.943304007820137125e-01,6.080000000000000000e+02
2.436000000000000055e-06,5.947790560000000282e-01,0.000000000000000000e+00,5.943304007820137125e-01,6.080000000000000000e+02
2.437000000000000130e-06,5.950230180000000146e-01,0.000000000000000000e+00,5.953079178885630762e-01,6.090000000000000000e+02
2.438000000000000205e-06,5.952669790000000294e-01,1.000000000000000000e+00,5.953079178885630762e-01,6.090000000000000000e+02
2.438999999999999857e-06,5.955109410000000159e-01,0.000000000000000000e+00,5.953079178885630762e-01,6.090000000000000000e+02
2.439999999999999932e-06,5.957549020000000306e-01,0.000000000000000000e+00,5.953079178885630762e-01,6.090000000000000000e+02
2.441000000000000007e-06,5.959988640000000171e-01,0.000000000000000000e+00,5.962854349951124400e-01,6.100000000000000000e+02
2.442000000000000082e-06,5.962428250000000318e-01,0.000000000000000000e+00,5.962854349951124400e-01,6.100000000000000000e+02
2.443000000000000157e-06,5.964867870000000183e-01,1.000000000000000000e+00,5.962854349951124400e-01,6.100000000000000000e+02
2.443999999999999809e-06,5.967307480000000330e-01,0.000000000000000000e+00,5.962854349951124400e-01,6.100000000000000000e+02
2.444999999999999884e-06,5.969747100000000195e-01,0.000000000000000000e+00,5.972629521016618037e-01,6.110000000000000000e+02
2.445999999999999959e-06,5.972186710000000343e-01,0.000000000000000000e+00,5.972629521016618037e-01,6.110000000000000000e+02
2.447000000000000034e-06,5.974626330000000207e-01,0.000000000000000000e+00,5.972629521016618037e-01,6.110000000000000000e+02
2.448000000000000109e-06,5.977065940000000355e-01,0.000000000000000000e+00,5.972629521016618037e-01,6.110000000000000000e+02
2.449000000000000185e-06,5.979505560000000219e-01,1.000000000000000000e+00,5.982404692082111675e-01,6.120000000000000000e+02
2.449999999999999836e-06,5.981945180000000084e-01,0.000000000000000000e+00,5.982404692082111675e-01,6.120000000000000000e+02
2.450999999999999911e-06,5.984384790000000232e-01,0.000000000000000000e+00,5.982404692082111675e-01,6.120000000000000000e+02
2.451999999999999986e-06,5.986824410000000096e-01,0.000000000000000000e+00,5.982404692082111675e-01,6.120000000000000000e+02
2.453000000000000062e-06,5.989264020000000244e-01,0.000000000000000000e+00,5.992179863147605312e-01,6.130000000000000000e+02
2.454000000000000137e-06,5.991703640000000108e-01,0.000000000000000000e+00,5.992179863147605312e-01,6.130000000000000000e+02
2.454999999999999788e-06,5.994143250000000256e-01,0.000000000000000000e+00,5.992179863147605312e-01,6.130000000000000000e+02
2.455999999999999863e-06,5.996582870000000121e-01,0.000000000000000000e+00,5.992179863147605312e-01,6.130000000000000000e+02
2.456999999999999939e-06,5.999022480000000268e-01,0.000000000000000000e+00,6.001955034213098950e-01,6.140000000000000000e+02
2.458000000000000014e-06,6.001462100000000133e-01,0.000000000000000000e+00,6.001955034213098950e-01,6.140000000000000000e+02
2.459000000000000089e-06,6.003901710000000280e-01,0.000000000000000000e+00,6.001955034213098950e-01,6.140000000000000000e+02
2.460000000000000164e-06,6.006341330000000145e-01,1.000000000000000000e+00,6.001955034213098950e-01,6.140000000000000000e+02
2.460999999999999816e-06,6.008780940000000292e-01,0.000000000000000000e+00,6.011730205278592587e-01,6.150000000000000000e+02
2.461999999999999891e-06,6.011220560000000157e-01,0.000000000000000000e+00,6.011730205278592587e-01,6.150000000000000000e+02
2.462999999999999966e-06,6.013660170000000305e-01,0.000000000000000000e+00,6.011730205278592587e-01,6.150000000000000000e+02
2.464000000000000041e-06,6.016099790000000169e-01,0.000000000000000000e+00,6.011730205278592587e-01,6.150000000000000000e+02
2.465000000000000116e-06,6.018539410000000034e-01,0.000000000000000000e+00,6.021505376344086224e-01,6.160000000000000000e+02
2.466000000000000191e-06,6.020979020000000181e-01,1.000000000000000000e+00,6.021505376344086224e-01,6.160000000000000000e+02
2.466999999999999843e-06,6.023418640000000046e-01,0.000000000000000000e+00,6.021505376344086224e-01,6.160000000000000000e+02
2.467999999999999918e-06,6.025858250000000194e-01,0.000000000000000000e+00,6.021505376344086224e-01,6.160000000000000000e+02
2.468999999999999993e-06,6.028297870000000058e-01,0.000000000000000000e+00,6.031280547409579862e-01,6.170000000000000000e+02
2.470000000000000068e-06,6.030737480000000206e-01,0.000000000000000000e+00,6.031280547409579862e-01,6.170000000000000000e+02
2.471000000000000143e-06,6.033177100000000070e-01,0.000000000000000000e+00,6.031280547409579862e-01,6.170000000000000000e+02
2.471999999999999795e-06,6.035616710000000218e-01,0.000000000000000000e+00,6.031280547409579862e-01,6.170000000000000000e+02
2.472999999999999870e-06,6.038056330000000083e-01,0.000000000000000000e+00,6.041055718475073499e-01,6.180000000000000000e+02
2.473999999999999945e-06,6.040495940000000230e-01,0.000000000000000000e+00,6.041055718475073499e-01,6.180000000000000000e+02
2.475000000000000020e-06,6.042935560000000095e-01,0.000000000000000000e+00,6.041055718475073499e-01,6.180000000000000000e+02
2.476000000000000095e-06,6.045375170000000242e-01,0.000000000000000000e+00,6.041055718475073499e-01,6.180000000000000000e+02
2.477000000000000171e-06,6.047814790000000107e-01,1.000000000000000000e+00,6.050830889540567137e-01,6.190000000000000000e+02
2.477999999999999822e-06,6.050254409999999972e-01,0.000000000000000000e+00,6.050830889540567137e-01,6.190000000000000000e+02
2.478999999999999897e-06,6.052694020000000119e-01,0.000000000000000000e+00,6.050830889540567137e-01,6.190000000000000000e+02
2.479999999999999972e-06,6.055133639999999984e-01,0.000000000000000000e+00,6.050830889540567137e-01,6.190000000000000000e+02
2.481000000000000048e-06,6.057573250000000131e-01,0.000000000000000000e+00,6.060606060606060774e-01,6.200000000000000000e+02
2.482000000000000123e-06,6.060012869999999996e-01,0.000000000000000000e+00,6.060606060606060774e-01,6.200000000000000000e+02
2.483000000000000198e-06,6.062452480000000143e-01,1.000000000000000000e+00,6.060606060606060774e-01,6.200000000000000000e+02
2.483999999999999849e-06,6.064892100000000008e-01,0.000000000000000000e+00,6.060606060606060774e-01,6.200000000000000000e+02
2.484999999999999925e-06,6.067331710000000156e-01,0.000000000000000000e+00,6.070381231671554412e-01,6.210000000000000000e+02
2.486000000000000000e-06,6.069771330000000020e-01,0.000000000000000000e+00,6.070381231671554412e-01,6.210000000000000000e+02
2.487000000000000075e-06,6.072210940000000168e-01,0.000000000000000000e+00,6.070381231671554412e-01,6.210000000000000000e+02
2.488000000000000150e-06,6.074650560000000032e-01,0.000000000000000000e+00,6.070381231671554412e-01,6.210000000000000000e+02
2.488999999999999802e-06,6.077090170000000180e-01,0.000000000000000000e+00,6.080156402737048049e-01,6.220000000000000000e+02
2.489999999999999877e-06,6.079529790000000045e-01,0.000000000000000000e+00,6.080156402737048049e-01,6.220000000000000000e+02
2.490999999999999952e-06,6.081969400000000192e-01,0.000000000000000000e+00,6.080156402737048049e-01,6.220000000000000000e+02
2.492000000000000027e-06,6.084409020000000057e-01,0.000000000000000000e+00,6.080156402737048049e-01,6.220000000000000000e+02
2.493000000000000102e-06,6.086848639999999921e-01,0.000000000000000000e+00,6.089931573802541687e-01,6.230000000000000000e+02
2.494000000000000177e-06,6.089288250000000069e-01,1.000000000000000000e+00,6.089931573802541687e-01,6.230000000000000000e+02
2.494999999999999829e-06,6.091727869999999934e-01,0.000000000000000000e+00,6.089931573802541687e-01,6.230000000000000000e+02
2.495999999999999904e-06,6.094167480000000081e-01,0.000000000000000000e+00,6.089931573802541687e-01,6.230000000000000000e+02
2.496999999999999979e-06,6.096607099999999946e-01,0.000000000000000000e+00,6.099706744868035324e-01,6.240000000000000000e+02
2.498000000000000054e-06,6.099046710000000093e-01,0.000000000000000000e+00,6.099706744868035324e-01,6.240000000000000000e+02
2.499000000000000129e-06,6.101486329999999958e-01,0.000000000000000000e+00,6.099706744868035324e-01,6.240000000000000000e+02
2.500000000000000205e-06,6.103925940000000105e-01,1.000000000000000000e+00,6.099706744868035324e-01,6.240000000000000000e+02
2.500999999999999856e-06,6.106365559999999970e-01,0.000000000000000000e+00,6.109481915933528962e-01,6.250000000000000000e+02
2.501999999999999931e-06,6.108805170000000118e-01,0.000000000000000000e+00,6.109481915933528962e-01,6.250000000000000000e+02
2.503000000000000006e-06,6.111244789999999982e-01,0.000000000000000000e+00,6.109481915933528962e-01,6.250000000000000000e+02
2.504000000000000082e-06,6.113684400000000130e-01,0.000000000000000000e+00,6.109481915933528962e-01,6.250000000000000000e+02
2.505000000000000157e-06,6.116124019999999994e-01,1.000000000000000000e+00,6.119257086999022599e-01,6.260000000000000000e+02
2.505999999999999808e-06,6.118563630000000142e-01,0.000000000000000000e+00,6.119257086999022599e-01,6.260000000000000000e+02
2.506999999999999883e-06,6.121003250000000007e-01,0.000000000000000000e+00,6.119257086999022599e-01,6.260000000000000000e+02
2.507999999999999959e-06,6.123442869999999871e-01,0.000000000000000000e+00,6.119257086999022599e-01,6.260000000000000000e+02
2.509000000000000034e-06,6.125882480000000019e-01,0.000000000000000000e+00,6.129032258064516236e-01,6.270000000000000000e+02
2.510000000000000109e-06,6.128322099999999883e-01,0.000000000000000000e+00,6.129032258064516236e-01,6.270000000000000000e+02
2.511000000000000184e-06,6.130761710000000031e-01,1.000000000000000000e+00,6.129032258064516236e-01,6.270000000000000000e+02
2.511999999999999836e-06,6.133201329999999896e-01,0.000000000000000000e+00,6.129032258064516236e-01,6.270000000000000000e+02
2.512999999999999911e-06,6.135640940000000043e-01,0.000000000000000000e+00,6.138807429130009874e-01,6.280000000000000000e+02
2.513999999999999986e-06,6.138080559999999908e-01,0.000000000000000000e+00,6.138807429130009874e-01,6.280000000000000000e+02
2.515000000000000061e-06,6.140520170000000055e-01,0.000000000000000000e+00,6.138807429130009874e-01,6.280000000000000000e+02
2.516000000000000136e-06,6.142959789999999920e-01,0.000000000000000000e+00,6.138807429130009874e-01,6.280000000000000000e+02
2.517000000000000211e-06,6.145399400000000067e-01,1.000000000000000000e+00,6.148582600195503511e-01,6.290000000000000000e+02
2.517999999999999863e-06,6.147839019999999932e-01,0.000000000000000000e+00,6.148582600195503511e-01,6.290000000000000000e+02
2.518999999999999938e-06,6.150278630000000080e-01,0.000000000000000000e+00,6.148582600195503511e-01,6.290000000000000000e+02
2.520000000000000013e-06,6.152718249999999944e-01,0.000000000000000000e+00,6.148582600195503511e-01,6.290000000000000000e+02
2.521000000000000088e-06,6.155157860000000092e-01,0.000000000000000000e+00,6.158357771260997149e-01,6.300000000000000000e+02
2.522000000000000163e-06,6.157597479999999956e-01,1.000000000000000000e+00,6.158357771260997149e-01,6.300000000000000000e+02
2.522999999999999815e-06,6.160037099999999821e-01,0.000000000000000000e+00,6.158357771260997149e-01,6.300000000000000000e+02
2.523999999999999890e-06,6.162476709999999969e-01,0.000000000000000000e+00,6.158357771260997149e-01,6.300000000000000000e+02
2.524999999999999965e-06,6.164916329999999833e-01,0.000000000000000000e+00,6.168132942326490786e-01,6.310000000000000000e+02
2.526000000000000040e-06,6.167355939999999981e-01,0.000000000000000000e+00,6.168132942326490786e-01,6.310000000000000000e+02
2.527000000000000115e-06,6.169795559999999846e-01,0.000000000000000000e+00,6.168132942326490786e-01,6.310000000000000000e+02
2.528000000000000191e-06,6.172235169999999993e-01,1.000000000000000000e+00,6.168132942326490786e-01,6.310000000000000000e+02
2.528999999999999842e-06,6.174674789999999858e-01,0.000000000000000000e+00,6.177908113391984424e-01,6.320000000000000000e+02
2.529999999999999917e-06,6.177114400000000005e-01,0.000000000000000000e+00,6.177908113391984424e-01,6.320000000000000000e+02
2.530999999999999992e-06,6.179554019999999870e-01,0.000000000000000000e+00,6.177908113391984424e-01,6.320000000000000000e+02
2.532000000000000068e-06,6.181993630000000017e-01,0.000000000000000000e+00,6.177908113391984424e-01,6.320000000000000000e+02
2.533000000000000143e-06,6.184433249999999882e-01,0.000000000000000000e+00,6.187683284457478061e-01,6.330000000000000000e+02
2.533999999999999794e-06,6.186872860000000030e-01,0.000000000000000000e+00,6.187683284457478061e-01,6.330000000000000000e+02
2.534999999999999869e-06,6.189312479999999894e-01,0.000000000000000000e+00,6.187683284457478061e-01,6.330000000000000000e+02
2.535999999999999945e-06,6.191752090000000042e-01,0.000000000000000000e+00,6.187683284457478061e-01,6.330000000000000000e+02
2.537000000000000020e-06,6.194191709999999906e-01,0.000000000000000000e+00,6.197458455522971699e-01,6.340000000000000000e+02
2.538000000000000095e-06,6.196631329999999771e-01,0.000000000000000000e+00,6.197458455522971699e-01,6.340000000000000000e+02
2.539000000000000170e-06,6.199070939999999919e-01,1.000000000000000000e+00,6.197458455522971699e-01,6.340000000000000000e+02
2.539999999999999822e-06,6.201510559999999783e-01,0.000000000000000000e+00,6.197458455522971699e-01,6.340000000000000000e+02
2.540999999999999897e-06,6.203950169999999931e-01,0.000000000000000000e+00,6.207233626588465336e-01,6.350000000000000000e+02
2.541999999999999972e-06,6.206389789999999795e-01,0.000000000000000000e+00,6.207233626588465336e-01,6.350000000000000000e+02
2.543000000000000047e-06,6.208829399999999943e-01,0.000000000000000000e+00,6.207233626588465336e-01,6.350000000000000000e+02
2.544000000000000122e-06,6.211269019999999808e-01,0.000000000000000000e+00,6.207233626588465336e-01,6.350000000000000000e+02
2.545000000000000197e-06,6.213708629999999955e-01,1.000000000000000000e+00,6.217008797653958974e-01,6.360000000000000000e+02
2.545999999999999849e-06,6.216148249999999820e-01,0.000000000000000000e+00,6.217008797653958974e-01,6.360000000000000000e+02
2.546999999999999924e-06,6.218587859999999967e-01,0.000000000000000000e+00,6.217008797653958974e-01,6.360000000000000000e+02
2.547999999999999999e-06,6.221027479999999832e-01,0.000000000000000000e+00,6.217008797653958974e-01,6.360000000000000000e+02
2.549000000000000074e-06,6.223467089999999979e-01,0.000000000000000000e+00,6.226783968719452611e-01,6.370000000000000000e+02
2.550000000000000149e-06,6.225906709999999844e-01,0.000000000000000000e+00,6.226783968719452611e-01,6.370000000000000000e+02
2.550999999999999801e-06,6.228346329999999709e-01,0.000000000000000000e+00,6.226783968719452611e-01,6.370000000000000000e+02
2.551999999999999876e-06,6.230785939999999856e-01,0.000000000000000000e+00,6.226783968719452611e-01,6.370000000000000000e+02
2.552999999999999951e-06,6.233225559999999721e-01,0.000000000000000000e+00,6.236559139784946248e-01,6.380000000000000000e+02
2.554000000000000026e-06,6.235665169999999868e-01,0.000000000000000000e+00,6.236559139784946248e-01,6.380000000000000000e+02
2.555000000000000101e-06,6.238104789999999733e-01,0.000000000000000000e+00,6.236559139784946248e-01,6.380000000000000000e+02
2.556000000000000177e-06,6.240544399999999881e-01,1.000000000000000000e+00,6.236559139784946248e-01,6.380000000000000000e+02
2.556999999999999828e-06,6.242984019999999745e-01,0.000000000000000000e+00,6.246334310850439886e-01,6.390000000000000000e+02
2.557999999999999903e-06,6.245423629999999893e-01,0.000000000000000000e+00,6.246334310850439886e-01,6.390000000000000000e+02
2.558999999999999978e-06,6.247863249999999757e-01,0.000000000000000000e+00,6.246334310850439886e-01,6.390000000000000000e+02
2.560000000000000054e-06,6.250302859999999905e-01,0.000000000000000000e+00,6.246334310850439886e-01,6.390000000000000000e+02
2.561000000000000129e-06,6.252742479999999770e-01,0.000000000000000000e+00,6.256109481915933523e-01,6.400000000000000000e+02
2.562000000000000204e-06,6.255182089999999917e-01,1.000000000000000000e+00,6.256109481915933523e-01,6.400000000000000000e+02
2.562999999999999855e-06,6.257621709999999782e-01,0.000000000000000000e+00,6.256109481915933523e-01,6.400000000000000000e+02
2.563999999999999931e-06,6.260061319999999929e-01,0.000000000000000000e+00,6.256109481915933523e-01,6.400000000000000000e+02
2.565000000000000006e-06,6.262500939999999794e-01,0.000000000000000000e+00,6.265884652981427161e-01,6.410000000000000000e+02
2.566000000000000081e-06,6.264940559999999659e-01,0.000000000000000000e+00,6.265884652981427161e-01,6.410000000000000000e+02
2.567000000000000156e-06,6.267380169999999806e-01,0.000000000000000000e+00,6.265884652981427161e-01,6.410000000000000000e+02
2.567999999999999808e-06,6.269819789999999671e-01,0.000000000000000000e+00,6.265884652981427161e-01,6.410000000000000000e+02
2.568999999999999883e-06,6.272259399999999818e-01,0.000000000000000000e+00,6.275659824046920798e-01,6.420000000000000000e+02
2.569999999999999958e-06,6.274699019999999683e-01,0.000000000000000000e+00,6.275659824046920798e-01,6.420000000000000000e+02
2.571000000000000033e-06,6.277138629999999830e-01,0.000000000000000000e+00,6.275659824046920798e-01,6.420000000000000000e+02
2.572000000000000108e-06,6.279578249999999695e-01,0.000000000000000000e+00,6.275659824046920798e-01,6.420000000000000000e+02
2.573000000000000183e-06,6.282017859999999843e-01,1.000000000000000000e+00,6.285434995112414436e-01,6.430000000000000000e+02
2.573999999999999835e-06,6.284457479999999707e-01,0.000000000000000000e+00,6.285434995112414436e-01,6.430000000000000000e+02
2.574999999999999910e-06,6.286897089999999855e-01,0.000000000000000000e+00,6.285434995112414436e-01,6.430000000000000000e+02
2.575999999999999985e-06,6.289336709999999719e-01,0.000000000000000000e+00,6.285434995112414436e-01,6.430000000000000000e+02
2.577000000000000060e-06,6.291776319999999867e-01,0.000000000000000000e+00,6.295210166177908073e-01,6.440000000000000000e+02
2.578000000000000135e-06,6.294215939999999732e-01,0.000000000000000000e+00,6.295210166177908073e-01,6.440000000000000000e+02
2.579000000000000210e-06,6.296655549999999879e-01,1.000000000000000000e+00,6.295210166177908073e-01,6.440000000000000000e+02
2.579999999999999862e-06,6.299095169999999744e-01,0.000000000000000000e+00,6.295210166177908073e-01,6.440000000000000000e+02
2.580999999999999937e-06,6.301534789999999608e-01,0.000000000000000000e+00,6.304985337243401711e-01,6.450000000000000000e+02
2.582000000000000012e-06,6.303974399999999756e-01,0.000000000000000000e+00,6.304985337243401711e-01,6.450000000000000000e+02
2.583000000000000087e-06,6.306414019999999621e-01,0.000000000000000000e+00,6.304985337243401711e-01,6.450000000000000000e+02
2.584000000000000163e-06,6.308853629999999768e-01,1.000000000000000000e+00,6.304985337243401711e-01,6.450000000000000000e+02
2.584999999999999814e-06,6.311293249999999633e-01,0.000000000000000000e+00,6.314760508308895348e-01,6.460000000000000000e+02
2.585999999999999889e-06,6.313732859999999780e-01,0.000000000000000000e+00,6.314760508308895348e-01,6.460000000000000000e+02
2.586999999999999964e-06,6.316172479999999645e-01,0.000000000000000000e+00,6.314760508308895348e-01,6.460000000000000000e+02
2.588000000000000040e-06,6.318612089999999792e-01,0.000000000000000000e+00,6.314760508308895348e-01,6.460000000000000000e+02
2.589000000000000115e-06,6.321051709999999657e-01,0.000000000000000000e+00,6.324535679374388986e-01,6.470000000000000000e+02
2.590000000000000190e-06,6.323491319999999805e-01,1.000000000000000000e+00,6.324535679374388986e-01,6.470000000000000000e+02
2.590999999999999841e-06,6.325930939999999669e-01,0.000000000000000000e+00,6.324535679374388986e-01,6.470000000000000000e+02
2.591999999999999917e-06,6.328370549999999817e-01,0.000000000000000000e+00,6.324535679374388986e-01,6.470000000000000000e+02
2.592999999999999992e-06,6.330810169999999681e-01,0.000000000000000000e+00,6.334310850439882623e-01,6.480000000000000000e+02
2.594000000000000067e-06,6.333249779999999829e-01,0.000000000000000000e+00,6.334310850439882623e-01,6.480000000000000000e+02
2.595000000000000142e-06,6.335689399999999694e-01,0.000000000000000000e+00,6.334310850439882623e-01,6.480000000000000000e+02
2.595999999999999794e-06,6.338129019999999558e-01,0.000000000000000000e+00,6.334310850439882623e-01,6.480000000000000000e+02
2.596999999999999869e-06,6.340568629999999706e-01,0.000000000000000000e+00,6.344086021505376261e-01,6.490000000000000000e+02
2.597999999999999944e-06,6.343008249999999570e-01,0.000000000000000000e+00,6.344086021505376261e-01,6.490000000000000000e+02
2.599000000000000019e-06,6.345447859999999718e-01,0.000000000000000000e+00,6.344086021505376261e-01,6.490000000000000000e+02
2.600000000000000094e-06,6.347887479999999583e-01,0.000000000000000000e+00,6.344086021505376261e-01,6.490000000000000000e+02
2.601000000000000169e-06,6.350327089999999730e-01,1.000000000000000000e+00,6.353861192570869898e-01,6.500000000000000000e+02
2.601999999999999821e-06,6.352766709999999595e-01,0.000000000000000000e+00,6.353861192570869898e-01,6.500000000000000000e+02
2.602999999999999896e-06,6.355206319999999742e-01,0.000000000000000000e+00,6.353861192570869898e-01,6.500000000000000000e+02
2.603999999999999971e-06,6.357645939999999607e-01,0.000000000000000000e+00,6.353861192570869898e-01,6.500000000000000000e+02
2.605000000000000046e-06,6.360085549999999754e-01,0.000000000000000000e+00,6.363636363636363535e-01,6.510000000000000000e+02
2.606000000000000121e-06,6.362525169999999619e-01,0.000000000000000000e+00,6.363636363636363535e-01,6.510000000000000000e+02
2.607000000000000196e-06,6.364964779999999767e-01,1.000000000000000000e+00,6.363636363636363535e-01,6.510000000000000000e+02
2.607999999999999848e-06,6.367404399999999631e-01,0.000000000000000000e+00,6.363636363636363535e-01,6.510000000000000000e+02
2.608999999999999923e-06,6.369844019999999496e-01,0.000000000000000000e+00,6.373411534701857173e-01,6.520000000000000000e+02
2.609999999999999998e-06,6.372283629999999643e-01,0.000000000000000000e+00,6.373411534701857173e-01,6.520000000000000000e+02
2.611000000000000073e-06,6.374723249999999508e-01,0.000000000000000000e+00,6.373411534701857173e-01,6.520000000000000000e+02
2.612000000000000149e-06,6.377162859999999656e-01,0.000000000000000000e+00,6.373411534701857173e-01,6.520000000000000000e+02
2.612999999999999800e-06,6.379602479999999520e-01,0.000000000000000000e+00,6.383186705767350810e-01,6.530000000000000000e+02
2.613999999999999875e-06,6.382042089999999668e-01,0.000000000000000000e+00,6.383186705767350810e-01,6.530000000000000000e+02
2.614999999999999950e-06,6.384481709999999532e-01,0.000000000000000000e+00,6.383186705767350810e-01,6.530000000000000000e+02
2.616000000000000026e-06,6.386921319999999680e-01,0.000000000000000000e+00,6.383186705767350810e-01,6.530000000000000000e+02
2.617000000000000101e-06,6.389360939999999545e-01,0.000000000000000000e+00,6.392961876832844448e-01,6.540000000000000000e+02
2.618000000000000176e-06,6.391800549999999692e-01,1.000000000000000000e+00,6.392961876832844448e-01,6.540000000000000000e+02
2.618999999999999827e-06,6.394240169999999557e-01,0.000000000000000000e+00,6.392961876832844448e-01,6.540000000000000000e+02
2.619999999999999903e-06,6.396679779999999704e-01,0.000000000000000000e+00,6.392961876832844448e-01,6.540000000000000000e+02
2.620999999999999978e-06,6.399119399999999569e-01,0.000000000000000000e+00,6.402737047898338085e-01,6.550000000000000000e+02
2.622000000000000053e-06,6.401559009999999716e-01,0.000000000000000000e+00,6.402737047898338085e-01,6.550000000000000000e+02
2.623000000000000128e-06,6.403998629999999581e-01,0.000000000000000000e+00,6.402737047898338085e-01,6.550000000000000000e+02
2.624000000000000203e-06,6.406438249999999446e-01,1.000000000000000000e+00,6.402737047898338085e-01,6.550000000000000000e+02
2.624999999999999855e-06,6.408877859999999593e-01,0.000000000000000000e+00,6.412512218963831723e-01,6.560000000000000000e+02
2.625999999999999930e-06,6.411317479999999458e-01,0.000000000000000000e+00,6.412512218963831723e-01,6.560000000000000000e+02
2.627000000000000005e-06,6.413757089999999605e-01,0.000000000000000000e+00,6.412512218963831723e-01,6.560000000000000000e+02
2.628000000000000080e-06,6.416196709999999470e-01,0.000000000000000000e+00,6.412512218963831723e-01,6.560000000000000000e+02
2.629000000000000155e-06,6.418636319999999618e-01,0.000000000000000000e+00,6.422287390029325360e-01,6.570000000000000000e+02
2.629999999999999807e-06,6.421075939999999482e-01,0.000000000000000000e+00,6.422287390029325360e-01,6.570000000000000000e+02
2.630999999999999882e-06,6.423515549999999630e-01,0.000000000000000000e+00,6.422287390029325360e-01,6.570000000000000000e+02
2.631999999999999957e-06,6.425955169999999494e-01,0.000000000000000000e+00,6.422287390029325360e-01,6.570000000000000000e+02
2.633000000000000032e-06,6.428394779999999642e-01,0.000000000000000000e+00,6.432062561094818998e-01,6.580000000000000000e+02
2.634000000000000107e-06,6.430834399999999507e-01,0.000000000000000000e+00,6.432062561094818998e-01,6.580000000000000000e+02
2.635000000000000183e-06,6.433274009999999654e-01,1.000000000000000000e+00,6.432062561094818998e-01,6.580000000000000000e+02
2.635999999999999834e-06,6.435713629999999519e-01,0.000000000000000000e+00,6.432062561094818998e-01,6.580000000000000000e+02
2.636999999999999909e-06,6.438153239999999666e-01,0.000000000000000000e+00,6.441837732160312635e-01,6.590000000000000000e+02
2.637999999999999984e-06,6.440592859999999531e-01,0.000000000000000000e+00,6.441837732160312635e-01,6.590000000000000000e+02
2.639000000000000060e-06,6.443032480000000506e-01,0.000000000000000000e+00,6.441837732160312635e-01,6.590000000000000000e+02
2.640000000000000135e-06,6.445472089999999543e-01,0.000000000000000000e+00,6.441837732160312635e-01,6.590000000000000000e+02
2.641000000000000210e-06,6.447911710000000518e-01,1.000000000000000000e+00,6.451612903225806273e-01,6.600000000000000000e+02
2.641999999999999861e-06,6.450351319999999555e-01,0.000000000000000000e+00,6.451612903225806273e-01,6.600000000000000000e+02
2.642999999999999937e-06,6.452790940000000530e-01,0.000000000000000000e+00,6.451612903225806273e-01,6.600000000000000000e+02
2.644000000000000012e-06,6.455230549999999567e-01,0.000000000000000000e+00,6.451612903225806273e-01,6.600000000000000000e+02
2.645000000000000087e-06,6.457670170000000542e-01,0.000000000000000000e+00,6.461388074291299910e-01,6.610000000000000000e+02
2.646000000000000162e-06,6.460109779999999580e-01,0.000000000000000000e+00,6.461388074291299910e-01,6.610000000000000000e+02
2.646999999999999814e-06,6.462549400000000555e-01,0.000000000000000000e+00,6.461388074291299910e-01,6.610000000000000000e+02
2.647999999999999889e-06,6.464989009999999592e-01,0.000000000000000000e+00,6.461388074291299910e-01,6.610000000000000000e+02
2.648999999999999964e-06,6.467428629999999457e-01,0.000000000000000000e+00,6.471163245356793547e-01,6.620000000000000000e+02
2.650000000000000039e-06,6.469868239999999604e-01,0.000000000000000000e+00,6.471163245356793547e-01,6.620000000000000000e+02
2.651000000000000114e-06,6.472307859999999469e-01,0.000000000000000000e+00,6.471163245356793547e-01,6.620000000000000000e+02
2.652000000000000189e-06,6.474747469999999616e-01,1.000000000000000000e+00,6.471163245356793547e-01,6.620000000000000000e+02
2.652999999999999841e-06,6.477187089999999481e-01,0.000000000000000000e+00,6.480938416422287185e-01,6.630000000000000000e+02
2.653999999999999916e-06,6.479626710000000456e-01,0.000000000000000000e+00,6.480938416422287185e-01,6.630000000000000000e+02
2.654999999999999991e-06,6.482066319999999493e-01,0.000000000000000000e+00,6.480938416422287185e-01,6.630000000000000000e+02
2.656000000000000066e-06,6.484505940000000468e-01,0.000000000000000000e+00,6.480938416422287185e-01,6.630000000000000000e+02
2.657000000000000141e-06,6.486945549999999505e-01,0.000000000000000000e+00,6.490713587487780822e-01,6.640000000000000000e+02
2.657999999999999793e-06,6.489385170000000480e-01,0.000000000000000000e+00,6.490713587487780822e-01,6.640000000000000000e+02
2.658999999999999868e-06,6.491824779999999517e-01,0.000000000000000000e+00,6.490713587487780822e-01,6.640000000000000000e+02
2.659999999999999943e-06,6.494264400000000492e-01,0.000000000000000000e+00,6.490713587487780822e-01,6.640000000000000000e+02
2.661000000000000018e-06,6.496704009999999530e-01,0.000000000000000000e+00,6.500488758553274460e-01,6.650000000000000000e+02
2.662000000000000093e-06,6.499143630000000504e-01,0.000000000000000000e+00,6.500488758553274460e-01,6.650000000000000000e+02
2.663000000000000169e-06,6.501583239999999542e-01,1.000000000000000000e+00,6.500488758553274460e-01,6.650000000000000000e+02
2.663999999999999820e-06,6.504022860000000517e-01,0.000000000000000000e+00,6.500488758553274460e-01,6.650000000000000000e+02
2.664999999999999895e-06,6.506462469999999554e-01,0.000000000000000000e+00,6.510263929618768097e-01,6.660000000000000000e+02
2.665999999999999970e-06,6.508902090000000529e-01,0.000000000000000000e+00,6.510263929618768097e-01,6.660000000000000000e+02
2.667000000000000046e-06,6.511341699999999566e-01,0.000000000000000000e+00,6.510263929618768097e-01,6.660000000000000000e+02
2.668000000000000121e-06,6.513781320000000541e-01,0.000000000000000000e+00,6.510263929618768097e-01,6.660000000000000000e+02
2.669000000000000196e-06,6.516220940000000406e-01,1.000000000000000000e+00,6.520039100684261735e-01,6.670000000000000000e+02
2.669999999999999847e-06,6.518660550000000553e-01,0.000000000000000000e+00,6.520039100684261735e-01,6.670000000000000000e+02
2.670999999999999923e-06,6.521100170000000418e-01,0.000000000000000000e+00,6.520039100684261735e-01,6.670000000000000000e+02
2.671999999999999998e-06,6.523539779999999455e-01,0.000000000000000000e+00,6.520039100684261735e-01,6.670000000000000000e+02
2.673000000000000073e-06,6.525979400000000430e-01,0.000000000000000000e+00,6.529814271749755372e-01,6.680000000000000000e+02
2.674000000000000148e-06,6.528419009999999467e-01,0.000000000000000000e+00,6.529814271749755372e-01,6.680000000000000000e+02
2.674999999999999800e-06,6.530858630000000442e-01,0.000000000000000000e+00,6.529814271749755372e-01,6.680000000000000000e+02
2.675999999999999875e-06,6.533298239999999479e-01,0.000000000000000000e+00,6.529814271749755372e-01,6.680000000000000000e+02
2.676999999999999950e-06,6.535737860000000454e-01,0.000000000000000000e+00,6.539589442815249010e-01,6.690000000000000000e+02
2.678000000000000025e-06,6.538177469999999492e-01,0.000000000000000000e+00,6.539589442815249010e-01,6.690000000000000000e+02
2.679000000000000100e-06,6.540617090000000466e-01,0.000000000000000000e+00,6.539589442815249010e-01,6.690000000000000000e+02
2.680000000000000175e-06,6.543056699999999504e-01,1.000000000000000000e+00,6.539589442815249010e-01,6.690000000000000000e+02
2.680999999999999827e-06,6.545496320000000479e-01,0.000000000000000000e+00,6.549364613880742647e-01,6.700000000000000000e+02
2.681999999999999902e-06,6.547935940000000343e-01,0.000000000000000000e+00,6.549364613880742647e-01,6.700000000000000000e+02
2.682999999999999977e-06,6.550375550000000491e-01,0.000000000000000000e+00,6.549364613880742647e-01,6.700000000000000000e+02
2.684000000000000052e-06,6.552815170000000355e-01,0.000000000000000000e+00,6.549364613880742647e-01,6.700000000000000000e+02
2.685000000000000127e-06,6.555254780000000503e-01,0.000000000000000000e+00,6.559139784946236285e-01,6.710000000000000000e+02
2.686000000000000202e-06,6.557694400000000368e-01,1.000000000000000000e+00,6.559139784946236285e-01,6.710000000000000000e+02
2.686999999999999854e-06,6.560134010000000515e-01,0.000000000000000000e+00,6.559139784946236285e-01,6.710000000000000000e+02
2.687999999999999929e-06,6.562573630000000380e-01,0.000000000000000000e+00,6.559139784946236285e-01,6.710000000000000000e+02
2.689000000000000004e-06,6.565013240000000527e-01,0.000000000000000000e+00,6.568914956011729922e-01,6.720000000000000000e+02
2.690000000000000079e-06,6.567452860000000392e-01,0.000000000000000000e+00,6.568914956011729922e-01,6.720000000000000000e+02
2.691000000000000155e-06,6.569892470000000539e-01,0.000000000000000000e+00,6.568914956011729922e-01,6.720000000000000000e+02
2.691999999999999806e-06,6.572332090000000404e-01,0.000000000000000000e+00,6.568914956011729922e-01,6.720000000000000000e+02
2.692999999999999881e-06,6.574771700000000552e-01,0.000000000000000000e+00,6.578690127077223559e-01,6.730000000000000000e+02
2.693999999999999956e-06,6.577211320000000416e-01,0.000000000000000000e+00,6.578690127077223559e-01,6.730000000000000000e+02
2.695000000000000032e-06,6.579650929999999454e-01,0.000000000000000000e+00,6.578690127077223559e-01,6.730000000000000000e+02
2.696000000000000107e-06,6.582090550000000428e-01,0.000000000000000000e+00,6.578690127077223559e-01,6.730000000000000000e+02
2.697000000000000182e-06,6.584530170000000293e-01,1.000000000000000000e+00,6.588465298142717197e-01,6.740000000000000000e+02
2.697999999999999833e-06,6.586969780000000441e-01,0.000000000000000000e+00,6.588465298142717197e-01,6.740000000000000000e+02
2.698999999999999909e-06,6.589409400000000305e-01,0.000000000000000000e+00,6.588465298142717197e-01,6.740000000000000000e+02
2.699999999999999984e-06,6.591849010000000453e-01,0.000000000000000000e+00,6.588465298142717197e-01,6.740000000000000000e+02
2.701000000000000059e-06,6.594288630000000317e-01,0.000000000000000000e+00,6.598240469208210834e-01,6.750000000000000000e+02
2.702000000000000134e-06,6.596728240000000465e-01,0.000000000000000000e+00,6.598240469208210834e-01,6.750000000000000000e+02
2.703000000000000209e-06,6.599167860000000330e-01,1.000000000000000000e+00,6.598240469208210834e-01,6.750000000000000000e+02
2.703999999999999861e-06,6.601607470000000477e-01,0.000000000000000000e+00,6.598240469208210834e-01,6.750000000000000000e+02
2.704999999999999936e-06,6.604047090000000342e-01,0.000000000000000000e+00,6.608015640273704472e-01,6.760000000000000000e+02
2.706000000000000011e-06,6.606486700000000489e-01,0.000000000000000000e+00,6.608015640273704472e-01,6.760000000000000000e+02
2.707000000000000086e-06,6.608926320000000354e-01,0.000000000000000000e+00,6.608015640273704472e-01,6.760000000000000000e+02
2.708000000000000161e-06,6.611365930000000501e-01,0.000000000000000000e+00,6.608015640273704472e-01,6.760000000000000000e+02
2.708999999999999813e-06,6.613805550000000366e-01,0.000000000000000000e+00,6.617790811339198109e-01,6.770000000000000000e+02
2.709999999999999888e-06,6.616245160000000514e-01,0.000000000000000000e+00,6.617790811339198109e-01,6.770000000000000000e+02
2.710999999999999963e-06,6.618684780000000378e-01,0.000000000000000000e+00,6.617790811339198109e-01,6.770000000000000000e+02
2.712000000000000038e-06,6.621124400000000243e-01,0.000000000000000000e+00,6.617790811339198109e-01,6.770000000000000000e+02
2.713000000000000113e-06,6.623564010000000390e-01,0.000000000000000000e+00,6.627565982404691747e-01,6.780000000000000000e+02
2.714000000000000188e-06,6.626003630000000255e-01,1.000000000000000000e+00,6.627565982404691747e-01,6.780000000000000000e+02
2.714999999999999840e-06,6.628443240000000403e-01,0.000000000000000000e+00,6.627565982404691747e-01,6.780000000000000000e+02
2.715999999999999915e-06,6.630882860000000267e-01,0.000000000000000000e+00,6.627565982404691747e-01,6.780000000000000000e+02
2.716999999999999990e-06,6.633322470000000415e-01,0.000000000000000000e+00,6.637341153470185384e-01,6.790000000000000000e+02
2.718000000000000065e-06,6.635762090000000279e-01,0.000000000000000000e+00,6.637341153470185384e-01,6.790000000000000000e+02
2.719000000000000141e-06,6.638201700000000427e-01,0.000000000000000000e+00,6.637341153470185384e-01,6.790000000000000000e+02
2.719999999999999792e-06,6.640641320000000292e-01,0.000000000000000000e+00,6.637341153470185384e-01,6.790000000000000000e+02
2.720999999999999867e-06,6.643080930000000439e-01,0.000000000000000000e+00,6.647116324535679022e-01,6.800000000000000000e+02
2.721999999999999942e-06,6.645520550000000304e-01,0.000000000000000000e+00,6.647116324535679022e-01,6.800000000000000000e+02
2.723000000000000018e-06,6.647960160000000451e-01,0.000000000000000000e+00,6.647116324535679022e-01,6.800000000000000000e+02
2.724000000000000093e-06,6.650399780000000316e-01,0.000000000000000000e+00,6.647116324535679022e-01,6.800000000000000000e+02
2.725000000000000168e-06,6.652839390000000463e-01,0.000000000000000000e+00,6.656891495601172659e-01,6.810000000000000000e+02
2.725999999999999819e-06,6.655279010000000328e-01,0.000000000000000000e+00,6.656891495601172659e-01,6.810000000000000000e+02
2.726999999999999895e-06,6.657718630000000193e-01,0.000000000000000000e+00,6.656891495601172659e-01,6.810000000000000000e+02
2.727999999999999970e-06,6.660158240000000340e-01,0.000000000000000000e+00,6.656891495601172659e-01,6.810000000000000000e+02
2.729000000000000045e-06,6.662597860000000205e-01,0.000000000000000000e+00,6.666666666666666297e-01,6.820000000000000000e+02
2.730000000000000120e-06,6.665037470000000352e-01,0.000000000000000000e+00,6.666666666666666297e-01,6.820000000000000000e+02
2.731000000000000195e-06,6.667477090000000217e-01,1.000000000000000000e+00,6.666666666666666297e-01,6.820000000000000000e+02
2.731999999999999847e-06,6.669916700000000365e-01,0.000000000000000000e+00,6.666666666666666297e-01,6.820000000000000000e+02
2.732999999999999922e-06,6.672356320000000229e-01,0.000000000000000000e+00,6.676441837732159934e-01,6.830000000000000000e+02
2.733999999999999997e-06,6.674795930000000377e-01,0.000000000000000000e+00,6.676441837732159934e-01,6.830000000000000000e+02
2.735000000000000072e-06,6.677235550000000242e-01,0.000000000000000000e+00,6.676441837732159934e-01,6.830000000000000000e+02
2.736000000000000147e-06,6.679675160000000389e-01,0.000000000000000000e+00,6.676441837732159934e-01,6.830000000000000000e+02
2.736999999999999799e-06,6.682114780000000254e-01,0.000000000000000000e+00,6.686217008797653572e-01,6.840000000000000000e+02
2.737999999999999874e-06,6.684554390000000401e-01,0.000000000000000000e+00,6.686217008797653572e-01,6.840000000000000000e+02
2.738999999999999949e-06,6.686994010000000266e-01,0.000000000000000000e+00,6.686217008797653572e-01,6.840000000000000000e+02
2.740000000000000024e-06,6.689433620000000413e-01,0.000000000000000000e+00,6.686217008797653572e-01,6.840000000000000000e+02
2.741000000000000099e-06,6.691873240000000278e-01,0.000000000000000000e+00,6.695992179863147209e-01,6.850000000000000000e+02
2.742000000000000174e-06,6.694312860000000143e-01,1.000000000000000000e+00,6.695992179863147209e-01,6.850000000000000000e+02
2.742999999999999826e-06,6.696752470000000290e-01,0.000000000000000000e+00,6.695992179863147209e-01,6.850000000000000000e+02
2.743999999999999901e-06,6.699192090000000155e-01,0.000000000000000000e+00,6.695992179863147209e-01,6.850000000000000000e+02
2.744999999999999976e-06,6.701631700000000302e-01,0.000000000000000000e+00,6.705767350928640846e-01,6.860000000000000000e+02
2.746000000000000051e-06,6.704071320000000167e-01,0.000000000000000000e+00,6.705767350928640846e-01,6.860000000000000000e+02
2.747000000000000127e-06,6.706510930000000315e-01,0.000000000000000000e+00,6.705767350928640846e-01,6.860000000000000000e+02
2.748000000000000202e-06,6.708950550000000179e-01,1.000000000000000000e+00,6.705767350928640846e-01,6.860000000000000000e+02
2.748999999999999853e-06,6.711390160000000327e-01,0.000000000000000000e+00,6.715542521994134484e-01,6.870000000000000000e+02
2.749999999999999928e-06,6.713829780000000191e-01,0.000000000000000000e+00,6.715542521994134484e-01,6.870000000000000000e+02
2.751000000000000004e-06,6.716269390000000339e-01,0.000000000000000000e+00,6.715542521994134484e-01,6.870000000000000000e+02
2.752000000000000079e-06,6.718709010000000204e-01,0.000000000000000000e+00,6.715542521994134484e-01,6.870000000000000000e+02
2.753000000000000154e-06,6.721148620000000351e-01,0.000000000000000000e+00,6.725317693059628121e-01,6.880000000000000000e+02
2.753999999999999805e-06,6.723588240000000216e-01,0.000000000000000000e+00,6.725317693059628121e-01,6.880000000000000000e+02
2.754999999999999881e-06,6.726027860000000080e-01,0.000000000000000000e+00,6.725317693059628121e-01,6.880000000000000000e+02
2.755999999999999956e-06,6.728467470000000228e-01,0.000000000000000000e+00,6.725317693059628121e-01,6.880000000000000000e+02
2.757000000000000031e-06,6.730907090000000093e-01,0.000000000000000000e+00,6.735092864125121759e-01,6.890000000000000000e+02
2.758000000000000106e-06,6.733346700000000240e-01,0.000000000000000000e+00,6.735092864125121759e-01,6.890000000000000000e+02
2.759000000000000181e-06,6.735786320000000105e-01,1.000000000000000000e+00,6.735092864125121759e-01,6.890000000000000000e+02
2.759999999999999833e-06,6.738225930000000252e-01,0.000000000000000000e+00,6.735092864125121759e-01,6.890000000000000000e+02
2.760999999999999908e-06,6.740665550000000117e-01,0.000000000000000000e+00,6.744868035190615396e-01,6.900000000000000000e+02
2.761999999999999983e-06,6.743105160000000264e-01,0.000000000000000000e+00,6.744868035190615396e-01,6.900000000000000000e+02
2.763000000000000058e-06,6.745544780000000129e-01,0.000000000000000000e+00,6.744868035190615396e-01,6.900000000000000000e+02
2.764000000000000133e-06,6.747984390000000277e-01,0.000000000000000000e+00,6.744868035190615396e-01,6.900000000000000000e+02
2.765000000000000208e-06,6.750424010000000141e-01,1.000000000000000000e+00,6.754643206256109034e-01,6.910000000000000000e+02
2.765999999999999860e-06,6.752863620000000289e-01,0.000000000000000000e+00,6.754643206256109034e-01,6.910000000000000000e+02
2.766999999999999935e-06,6.755303240000000153e-01,0.000000000000000000e+00,6.754643206256109034e-01,6.910000000000000000e+02
2.768000000000000010e-06,6.757742850000000301e-01,0.000000000000000000e+00,6.754643206256109034e-01,6.910000000000000000e+02
2.769000000000000085e-06,6.760182470000000166e-01,0.000000000000000000e+00,6.764418377321602671e-01,6.920000000000000000e+02
2.770000000000000161e-06,6.762622090000000030e-01,0.000000000000000000e+00,6.764418377321602671e-01,6.920000000000000000e+02
2.770999999999999812e-06,6.765061700000000178e-01,0.000000000000000000e+00,6.764418377321602671e-01,6.920000000000000000e+02
2.771999999999999887e-06,6.767501320000000042e-01,0.000000000000000000e+00,6.764418377321602671e-01,6.920000000000000000e+02
2.772999999999999962e-06,6.769940930000000190e-01,0.000000000000000000e+00,6.774193548387096309e-01,6.930000000000000000e+02
2.774000000000000038e-06,6.772380550000000055e-01,0.000000000000000000e+00,6.774193548387096309e-01,6.930000000000000000e+02
2.775000000000000113e-06,6.774820160000000202e-01,0.000000000000000000e+00,6.774193548387096309e-01,6.930000000000000000e+02
2.776000000000000188e-06,6.777259780000000067e-01,1.000000000000000000e+00,6.774193548387096309e-01,6.930000000000000000e+02
2.776999999999999839e-06,6.779699390000000214e-01,0.000000000000000000e+00,6.783968719452589946e-01,6.940000000000000000e+02
2.777999999999999915e-06,6.782139010000000079e-01,0.000000000000000000e+00,6.783968719452589946e-01,6.940000000000000000e+02
2.778999999999999990e-06,6.784578620000000226e-01,0.000000000000000000e+00,6.783968719452589946e-01,6.940000000000000000e+02
2.780000000000000065e-06,6.787018240000000091e-01,0.000000000000000000e+00,6.783968719452589946e-01,6.940000000000000000e+02
2.781000000000000140e-06,6.789457850000000239e-01,0.000000000000000000e+00,6.793743890518083584e-01,6.950000000000000000e+02
2.781999999999999792e-06,6.791897470000000103e-01,0.000000000000000000e+00,6.793743890518083584e-01,6.950000000000000000e+02
2.782999999999999867e-06,6.794337080000000251e-01,0.000000000000000000e+00,6.793743890518083584e-01,6.950000000000000000e+02
2.783999999999999942e-06,6.796776700000000115e-01,0.000000000000000000e+00,6.793743890518083584e-01,6.950000000000000000e+02
2.785000000000000017e-06,6.799216319999999980e-01,0.000000000000000000e+00,6.803519061583577221e-01,6.960000000000000000e+02
2.786000000000000092e-06,6.801655930000000128e-01,0.000000000000000000e+00,6.803519061583577221e-01,6.960000000000000000e+02
2.787000000000000167e-06,6.804095549999999992e-01,0.000000000000000000e+00,6.803519061583577221e-01,6.960000000000000000e+02
2.787999999999999819e-06,6.806535160000000140e-01,0.000000000000000000e+00,6.803519061583577221e-01,6.960000000000000000e+02
2.788999999999999894e-06,6.808974780000000004e-01,0.000000000000000000e+00,6.813294232649070858e-01,6.970000000000000000e+02
2.789999999999999969e-06,6.811414390000000152e-01,0.000000000000000000e+00,6.813294232649070858e-01,6.970000000000000000e+02
2.791000000000000044e-06,6.813854010000000017e-01,0.000000000000000000e+00,6.813294232649070858e-01,6.970000000000000000e+02
2.792000000000000119e-06,6.816293620000000164e-01,0.000000000000000000e+00,6.813294232649070858e-01,6.970000000000000000e+02
2.793000000000000194e-06,6.818733240000000029e-01,1.000000000000000000e+00,6.823069403714564496e-01,6.980000000000000000e+02
2.793999999999999846e-06,6.821172850000000176e-01,0.000000000000000000e+00,6.823069403714564496e-01,6.980000000000000000e+02
2.794999999999999921e-06,6.823612470000000041e-01,0.000000000000000000e+00,6.823069403714564496e-01,6.980000000000000000e+02
2.795999999999999996e-06,6.826052080000000188e-01,0.000000000000000000e+00,6.823069403714564496e-01,6.980000000000000000e+02
2.797000000000000071e-06,6.828491700000000053e-01,0.000000000000000000e+00,6.832844574780058133e-01,6.990000000000000000e+02
2.798000000000000147e-06,6.830931310000000201e-01,0.000000000000000000e+00,6.832844574780058133e-01,6.990000000000000000e+02
2.798999999999999798e-06,6.833370930000000065e-01,0.000000000000000000e+00,6.832844574780058133e-01,6.990000000000000000e+02
2.799999999999999873e-06,6.835810549999999930e-01,0.000000000000000000e+00,6.832844574780058133e-01,6.990000000000000000e+02
2.800999999999999948e-06,6.838250160000000077e-01,0.000000000000000000e+00,6.842619745845551771e-01,7.000000000000000000e+02
2.802000000000000024e-06,6.840689779999999942e-01,0.000000000000000000e+00,6.842619745845551771e-01,7.000000000000000000e+02
2.803000000000000099e-06,6.843129390000000090e-01,0.000000000000000000e+00,6.842619745845551771e-01,7.000000000000000000e+02
2.804000000000000174e-06,6.845569009999999954e-01,0.000000000000000000e+00,6.842619745845551771e-01,7.000000000000000000e+02
2.804999999999999825e-06,6.848008620000000102e-01,0.000000000000000000e+00,6.852394916911045408e-01,7.010000000000000000e+02
2.805999999999999901e-06,6.850448239999999966e-01,0.000000000000000000e+00,6.852394916911045408e-01,7.010000000000000000e+02
2.806999999999999976e-06,6.852887850000000114e-01,0.000000000000000000e+00,6.852394916911045408e-01,7.010000000000000000e+02
2.808000000000000051e-06,6.855327469999999979e-01,0.000000000000000000e+00,6.852394916911045408e-01,7.010000000000000000e+02
2.809000000000000126e-06,6.857767080000000126e-01,0.000000000000000000e+00,6.862170087976539046e-01,7.020000000000000000e+02
2.810000000000000201e-06,6.860206699999999991e-01,1.000000000000000000e+00,6.862170087976539046e-01,7.020000000000000000e+02
2.810999999999999853e-06,6.862646310000000138e-01,0.000000000000000000e+00,6.862170087976539046e-01,7.020000000000000000e+02
2.811999999999999928e-06,6.865085930000000003e-01,0.000000000000000000e+00,6.862170087976539046e-01,7.020000000000000000e+02
2.813000000000000003e-06,6.867525540000000150e-01,0.000000000000000000e+00,6.871945259042032683e-01,7.030000000000000000e+02
2.814000000000000078e-06,6.869965160000000015e-01,0.000000000000000000e+00,6.871945259042032683e-01,7.030000000000000000e+02
2.815000000000000153e-06,6.872404779999999880e-01,0.000000000000000000e+00,6.871945259042032683e-01,7.030000000000000000e+02
2.815999999999999805e-06,6.874844390000000027e-01,0.000000000000000000e+00,6.871945259042032683e-01,7.030000000000000000e+02
2.816999999999999880e-06,6.877284009999999892e-01,0.000000000000000000e+00,6.881720430107527431e-01,7.040000000000000000e+02
2.817999999999999955e-06,6.879723620000000039e-01,0.000000000000000000e+00,6.881720430107527431e-01,7.040000000000000000e+02
2.819000000000000030e-06,6.882163239999999904e-01,0.000000000000000000e+00,6.881720430107527431e-01,7.040000000000000000e+02
2.820000000000000105e-06,6.884602850000000052e-01,0.000000000000000000e+00,6.881720430107527431e-01,7.040000000000000000e+02
2.821000000000000180e-06,6.887042469999999916e-01,1.000000000000000000e+00,6.891495601173021068e-01,7.050000000000000000e+02
2.821999999999999832e-06,6.889482080000000064e-01,0.000000000000000000e+00,6.891495601173021068e-01,7.050000000000000000e+02
2.822999999999999907e-06,6.891921699999999928e-01,0.000000000000000000e+00,6.891495601173021068e-01,7.050000000000000000e+02
2.823999999999999982e-06,6.894361310000000076e-01,0.000000000000000000e+00,6.891495601173021068e-01,7.050000000000000000e+02
2.825000000000000057e-06,6.896800929999999941e-01,0.000000000000000000e+00,6.901270772238514706e-01,7.060000000000000000e+02
2.826000000000000133e-06,6.899240540000000088e-01,0.000000000000000000e+00,6.901270772238514706e-01,7.060000000000000000e+02
2.827000000000000208e-06,6.901680159999999953e-01,1.000000000000000000e+00,6.901270772238514706e-01,7.060000000000000000e+02
2.827999999999999859e-06,6.904119779999999817e-01,0.000000000000000000e+00,6.901270772238514706e-01,7.060000000000000000e+02
2.828999999999999934e-06,6.906559389999999965e-01,0.000000000000000000e+00,6.911045943304008343e-01,7.070000000000000000e+02
2.830000000000000010e-06,6.908999009999999830e-01,0.000000000000000000e+00,6.911045943304008343e-01,7.070000000000000000e+02
2.831000000000000085e-06,6.911438619999999977e-01,0.000000000000000000e+00,6.911045943304008343e-01,7.070000000000000000e+02
2.832000000000000160e-06,6.913878239999999842e-01,0.000000000000000000e+00,6.911045943304008343e-01,7.070000000000000000e+02
2.832999999999999811e-06,6.916317849999999989e-01,0.000000000000000000e+00,6.920821114369501981e-01,7.080000000000000000e+02
2.833999999999999887e-06,6.918757469999999854e-01,0.000000000000000000e+00,6.920821114369501981e-01,7.080000000000000000e+02
2.834999999999999962e-06,6.921197080000000001e-01,0.000000000000000000e+00,6.920821114369501981e-01,7.080000000000000000e+02
2.836000000000000037e-06,6.923636699999999866e-01,0.000000000000000000e+00,6.920821114369501981e-01,7.080000000000000000e+02
2.837000000000000112e-06,6.926076310000000014e-01,0.000000000000000000e+00,6.930596285434995618e-01,7.090000000000000000e+02
2.838000000000000187e-06,6.928515929999999878e-01,1.000000000000000000e+00,6.930596285434995618e-01,7.090000000000000000e+02
2.838999999999999839e-06,6.930955540000000026e-01,0.000000000000000000e+00,6.930596285434995618e-01,7.090000000000000000e+02
2.839999999999999914e-06,6.933395159999999890e-01,0.000000000000000000e+00,6.930596285434995618e-01,7.090000000000000000e+02
2.840999999999999989e-06,6.935834770000000038e-01,0.000000000000000000e+00,6.940371456500489256e-01,7.100000000000000000e+02
2.842000000000000064e-06,6.938274389999999903e-01,0.000000000000000000e+00,6.940371456500489256e-01,7.100000000000000000e+02
2.843000000000000139e-06,6.940714009999999767e-01,0.000000000000000000e+00,6.940371456500489256e-01,7.100000000000000000e+02
2.843999999999999791e-06,6.943153619999999915e-01,0.000000000000000000e+00,6.940371456500489256e-01,7.100000000000000000e+02
2.844999999999999866e-06,6.945593239999999779e-01,0.000000000000000000e+00,6.950146627565982893e-01,7.110000000000000000e+02
2.845999999999999941e-06,6.948032849999999927e-01,0.000000000000000000e+00,6.950146627565982893e-01,7.110000000000000000e+02
2.847000000000000016e-06,6.950472469999999792e-01,0.000000000000000000e+00,6.950146627565982893e-01,7.110000000000000000e+02
2.848000000000000091e-06,6.952912079999999939e-01,0.000000000000000000e+00,6.950146627565982893e-01,7.110000000000000000e+02
2.849000000000000166e-06,6.955351699999999804e-01,0.000000000000000000e+00,6.959921798631476531e-01,7.120000000000000000e+02
2.849999999999999818e-06,6.957791309999999951e-01,0.000000000000000000e+00,6.959921798631476531e-01,7.120000000000000000e+02
2.850999999999999893e-06,6.960230929999999816e-01,0.000000000000000000e+00,6.959921798631476531e-01,7.120000000000000000e+02
2.851999999999999968e-06,6.962670539999999963e-01,0.000000000000000000e+00,6.959921798631476531e-01,7.120000000000000000e+02
2.853000000000000043e-06,6.965110159999999828e-01,0.000000000000000000e+00,6.969696969696970168e-01,7.130000000000000000e+02
2.854000000000000119e-06,6.967549769999999976e-01,0.000000000000000000e+00,6.969696969696970168e-01,7.130000000000000000e+02
2.855000000000000194e-06,6.969989389999999840e-01,1.000000000000000000e+00,6.969696969696970168e-01,7.130000000000000000e+02
2.855999999999999845e-06,6.972428999999999988e-01,0.000000000000000000e+00,6.969696969696970168e-01,7.130000000000000000e+02
2.856999999999999920e-06,6.974868619999999853e-01,0.000000000000000000e+00,6.979472140762463805e-01,7.140000000000000000e+02
2.857999999999999996e-06,6.977308239999999717e-01,0.000000000000000000e+00,6.979472140762463805e-01,7.140000000000000000e+02
2.859000000000000071e-06,6.979747849999999865e-01,0.000000000000000000e+00,6.979472140762463805e-01,7.140000000000000000e+02
2.860000000000000146e-06,6.982187469999999729e-01,0.000000000000000000e+00,6.979472140762463805e-01,7.140000000000000000e+02
2.860999999999999797e-06,6.984627079999999877e-01,0.000000000000000000e+00,6.989247311827957443e-01,7.150000000000000000e+02
2.861999999999999873e-06,6.987066699999999742e-01,0.000000000000000000e+00,6.989247311827957443e-01,7.150000000000000000e+02
2.862999999999999948e-06,6.989506309999999889e-01,0.000000000000000000e+00,6.989247311827957443e-01,7.150000000000000000e+02
2.864000000000000023e-06,6.991945929999999754e-01,0.000000000000000000e+00,6.989247311827957443e-01,7.150000000000000000e+02
2.865000000000000098e-06,6.994385539999999901e-01,0.000000000000000000e+00,6.999022482893451080e-01,7.160000000000000000e+02
2.866000000000000173e-06,6.996825159999999766e-01,0.000000000000000000e+00,6.999022482893451080e-01,7.160000000000000000e+02
2.866999999999999825e-06,6.999264769999999913e-01,0.000000000000000000e+00,6.999022482893451080e-01,7.160000000000000000e+02
2.867999999999999900e-06,7.001704389999999778e-01,0.000000000000000000e+00,6.999022482893451080e-01,7.160000000000000000e+02
2.868999999999999975e-06,7.004143999999999926e-01,0.000000000000000000e+00,7.008797653958944718e-01,7.170000000000000000e+02
2.870000000000000050e-06,7.006583619999999790e-01,0.000000000000000000e+00,7.008797653958944718e-01,7.170000000000000000e+02
2.871000000000000125e-06,7.009023229999999938e-01,0.000000000000000000e+00,7.008797653958944718e-01,7.170000000000000000e+02
2.872000000000000200e-06,7.011462849999999802e-01,1.000000000000000000e+00,7.008797653958944718e-01,7.170000000000000000e+02
2.872999999999999852e-06,7.013902469999999667e-01,0.000000000000000000e+00,7.018572825024438355e-01,7.180000000000000000e+02
2.873999999999999927e-06,7.016342079999999815e-01,0.000000000000000000e+00,7.018572825024438355e-01,7.180000000000000000e+02
2.875000000000000002e-06,7.018781699999999679e-01,0.000000000000000000e+00,7.018572825024438355e-01,7.180000000000000000e+02
2.876000000000000077e-06,7.021221309999999827e-01,0.000000000000000000e+00,7.018572825024438355e-01,7.180000000000000000e+02
2.877000000000000153e-06,7.023660929999999691e-01,0.000000000000000000e+00,7.028347996089931993e-01,7.190000000000000000e+02
2.877999999999999804e-06,7.026100539999999839e-01,0.000000000000000000e+00,7.028347996089931993e-01,7.190000000000000000e+02
2.878999999999999879e-06,7.028540159999999704e-01,0.000000000000000000e+00,7.028347996089931993e-01,7.190000000000000000e+02
2.879999999999999954e-06,7.030979769999999851e-01,0.000000000000000000e+00,7.028347996089931993e-01,7.190000000000000000e+02
2.881000000000000030e-06,7.033419389999999716e-01,0.000000000000000000e+00,7.038123167155425630e-01,7.200000000000000000e+02
2.882000000000000105e-06,7.035858999999999863e-01,0.000000000000000000e+00,7.038123167155425630e-01,7.200000000000000000e+02
2.883000000000000180e-06,7.038298619999999728e-01,1.000000000000000000e+00,7.038123167155425630e-01,7.200000000000000000e+02
2.883999999999999831e-06,7.040738229999999875e-01,0.000000000000000000e+00,7.038123167155425630e-01,7.200000000000000000e+02
2.884999999999999907e-06,7.043177849999999740e-01,0.000000000000000000e+00,7.047898338220919268e-01,7.210000000000000000e+02
2.885999999999999982e-06,7.045617459999999888e-01,0.000000000000000000e+00,7.047898338220919268e-01,7.210000000000000000e+02
2.887000000000000057e-06,7.048057079999999752e-01,0.000000000000000000e+00,7.047898338220919268e-01,7.210000000000000000e+02
2.888000000000000132e-06,7.050496699999999617e-01,0.000000000000000000e+00,7.047898338220919268e-01,7.210000000000000000e+02
2.889000000000000207e-06,7.052936309999999764e-01,1.000000000000000000e+00,7.057673509286412905e-01,7.220000000000000000e+02
2.889999999999999859e-06,7.055375929999999629e-01,0.000000000000000000e+00,7.057673509286412905e-01,7.220000000000000000e+02
2.890999999999999934e-06,7.057815539999999777e-01,0.000000000000000000e+00,7.057673509286412905e-01,7.220000000000000000e+02
2.892000000000000009e-06,7.060255159999999641e-01,0.000000000000000000e+00,7.057673509286412905e-01,7.220000000000000000e+02
2.893000000000000084e-06,7.062694769999999789e-01,0.000000000000000000e+00,7.067448680351906543e-01,7.230000000000000000e+02
2.894000000000000159e-06,7.065134389999999653e-01,0.000000000000000000e+00,7.067448680351906543e-01,7.230000000000000000e+02
2.894999999999999811e-06,7.067573999999999801e-01,0.000000000000000000e+00,7.067448680351906543e-01,7.230000000000000000e+02
2.895999999999999886e-06,7.070013619999999666e-01,0.000000000000000000e+00,7.067448680351906543e-01,7.230000000000000000e+02
2.896999999999999961e-06,7.072453229999999813e-01,0.000000000000000000e+00,7.077223851417400180e-01,7.240000000000000000e+02
2.898000000000000036e-06,7.074892849999999678e-01,0.000000000000000000e+00,7.077223851417400180e-01,7.240000000000000000e+02
2.899000000000000111e-06,7.077332459999999825e-01,0.000000000000000000e+00,7.077223851417400180e-01,7.240000000000000000e+02
2.900000000000000186e-06,7.079772079999999690e-01,1.000000000000000000e+00,7.077223851417400180e-01,7.240000000000000000e+02
2.900999999999999838e-06,7.082211699999999555e-01,0.000000000000000000e+00,7.086999022482893817e-01,7.250000000000000000e+02
2.901999999999999913e-06,7.084651309999999702e-01,0.000000000000000000e+00,7.086999022482893817e-01,7.250000000000000000e+02
2.902999999999999988e-06,7.087090929999999567e-01,0.000000000000000000e+00,7.086999022482893817e-01,7.250000000000000000e+02
2.904000000000000063e-06,7.089530539999999714e-01,0.000000000000000000e+00,7.086999022482893817e-01,7.250000000000000000e+02
2.905000000000000139e-06,7.091970159999999579e-01,0.000000000000000000e+00,7.096774193548387455e-01,7.260000000000000000e+02
2.905999999999999790e-06,7.094409769999999726e-01,0.000000000000000000e+00,7.096774193548387455e-01,7.260000000000000000e+02
2.906999999999999865e-06,7.096849389999999591e-01,0.000000000000000000e+00,7.096774193548387455e-01,7.260000000000000000e+02
2.907999999999999940e-06,7.099288999999999739e-01,0.000000000000000000e+00,7.096774193548387455e-01,7.260000000000000000e+02
2.909000000000000016e-06,7.101728619999999603e-01,0.000000000000000000e+00,7.106549364613881092e-01,7.270000000000000000e+02
2.910000000000000091e-06,7.104168229999999751e-01,0.000000000000000000e+00,7.106549364613881092e-01,7.270000000000000000e+02
2.911000000000000166e-06,7.106607849999999615e-01,0.000000000000000000e+00,7.106549364613881092e-01,7.270000000000000000e+02
2.911999999999999817e-06,7.109047459999999763e-01,0.000000000000000000e+00,7.106549364613881092e-01,7.270000000000000000e+02
2.912999999999999893e-06,7.111487079999999628e-01,0.000000000000000000e+00,7.116324535679374730e-01,7.280000000000000000e+02
2.913999999999999968e-06,7.113926689999999775e-01,0.000000000000000000e+00,7.116324535679374730e-01,7.280000000000000000e+02
2.915000000000000043e-06,7.116366309999999640e-01,0.000000000000000000e+00,7.116324535679374730e-01,7.280000000000000000e+02
2.916000000000000118e-06,7.118805929999999504e-01,0.000000000000000000e+00,7.116324535679374730e-01,7.280000000000000000e+02
2.917000000000000193e-06,7.121245539999999652e-01,1.000000000000000000e+00,7.126099706744868367e-01,7.290000000000000000e+02
2.917999999999999845e-06,7.123685159999999517e-01,0.000000000000000000e+00,7.126099706744868367e-01,7.290000000000000000e+02
2.918999999999999920e-06,7.126124769999999664e-01,0.000000000000000000e+00,7.126099706744868367e-01,7.290000000000000000e+02
2.919999999999999995e-06,7.128564389999999529e-01,0.000000000000000000e+00,7.126099706744868367e-01,7.290000000000000000e+02
2.921000000000000070e-06,7.131003999999999676e-01,0.000000000000000000e+00,7.135874877810362005e-01,7.300000000000000000e+02
2.922000000000000145e-06,7.133443619999999541e-01,0.000000000000000000e+00,7.135874877810362005e-01,7.300000000000000000e+02
2.922999999999999797e-06,7.135883229999999688e-01,0.000000000000000000e+00,7.135874877810362005e-01,7.300000000000000000e+02
2.923999999999999872e-06,7.138322849999999553e-01,0.000000000000000000e+00,7.135874877810362005e-01,7.300000000000000000e+02
2.924999999999999947e-06,7.140762459999999701e-01,0.000000000000000000e+00,7.145650048875855642e-01,7.310000000000000000e+02
2.926000000000000022e-06,7.143202079999999565e-01,0.000000000000000000e+00,7.145650048875855642e-01,7.310000000000000000e+02
2.927000000000000097e-06,7.145641689999999713e-01,0.000000000000000000e+00,7.145650048875855642e-01,7.310000000000000000e+02
2.928000000000000172e-06,7.148081309999999577e-01,0.000000000000000000e+00,7.145650048875855642e-01,7.310000000000000000e+02
2.928999999999999824e-06,7.150520919999999725e-01,0.000000000000000000e+00,7.155425219941349280e-01,7.320000000000000000e+02
2.929999999999999899e-06,7.152960539999999590e-01,0.000000000000000000e+00,7.155425219941349280e-01,7.320000000000000000e+02
2.930999999999999974e-06,7.155400159999999454e-01,0.000000000000000000e+00,7.155425219941349280e-01,7.320000000000000000e+02
2.932000000000000049e-06,7.157839769999999602e-01,0.000000000000000000e+00,7.155425219941349280e-01,7.320000000000000000e+02
2.933000000000000125e-06,7.160279389999999466e-01,0.000000000000000000e+00,7.165200391006842917e-01,7.330000000000000000e+02
2.934000000000000200e-06,7.162718999999999614e-01,1.000000000000000000e+00,7.165200391006842917e-01,7.330000000000000000e+02
2.934999999999999851e-06,7.165158619999999479e-01,0.000000000000000000e+00,7.165200391006842917e-01,7.330000000000000000e+02
2.935999999999999926e-06,7.167598229999999626e-01,0.000000000000000000e+00,7.165200391006842917e-01,7.330000000000000000e+02
2.937000000000000002e-06,7.170037849999999491e-01,0.000000000000000000e+00,7.174975562072336555e-01,7.340000000000000000e+02
2.938000000000000077e-06,7.172477459999999638e-01,0.000000000000000000e+00,7.174975562072336555e-01,7.340000000000000000e+02
2.939000000000000152e-06,7.174917079999999503e-01,0.000000000000000000e+00,7.174975562072336555e-01,7.340000000000000000e+02
2.939999999999999803e-06,7.177356689999999650e-01,0.000000000000000000e+00,7.174975562072336555e-01,7.340000000000000000e+02
2.940999999999999879e-06,7.179796309999999515e-01,0.000000000000000000e+00,7.184750733137830192e-01,7.350000000000000000e+02
2.941999999999999954e-06,7.182235919999999663e-01,0.000000000000000000e+00,7.184750733137830192e-01,7.350000000000000000e+02
2.943000000000000029e-06,7.184675539999999527e-01,0.000000000000000000e+00,7.184750733137830192e-01,7.350000000000000000e+02
2.944000000000000104e-06,7.187115149999999675e-01,0.000000000000000000e+00,7.184750733137830192e-01,7.350000000000000000e+02
2.945000000000000179e-06,7.189554769999999539e-01,0.000000000000000000e+00,7.194525904203323829e-01,7.360000000000000000e+02
2.945999999999999831e-06,7.191994390000000514e-01,0.000000000000000000e+00,7.194525904203323829e-01,7.360000000000000000e+02
2.946999999999999906e-06,7.194433999999999552e-01,0.000000000000000000e+00,7.194525904203323829e-01,7.360000000000000000e+02
2.947999999999999981e-06,7.196873620000000527e-01,0.000000000000000000e+00,7.194525904203323829e-01,7.360000000000000000e+02
2.949000000000000056e-06,7.199313229999999564e-01,0.000000000000000000e+00,7.204301075268817467e-01,7.370000000000000000e+02
2.950000000000000131e-06,7.201752850000000539e-01,0.000000000000000000e+00,7.204301075268817467e-01,7.370000000000000000e+02
2.951000000000000206e-06,7.204192459999999576e-01,1.000000000000000000e+00,7.204301075268817467e-01,7.370000000000000000e+02
2.951999999999999858e-06,7.206632080000000551e-01,0.000000000000000000e+00,7.204301075268817467e-01,7.370000000000000000e+02
2.952999999999999933e-06,7.209071689999999588e-01,0.000000000000000000e+00,7.214076246334311104e-01,7.380000000000000000e+02
2.954000000000000008e-06,7.211511309999999453e-01,0.000000000000000000e+00,7.214076246334311104e-01,7.380000000000000000e+02
2.955000000000000083e-06,7.213950919999999600e-01,0.000000000000000000e+00,7.214076246334311104e-01,7.380000000000000000e+02
2.956000000000000158e-06,7.216390539999999465e-01,0.000000000000000000e+00,7.214076246334311104e-01,7.380000000000000000e+02
2.956999999999999810e-06,7.218830149999999612e-01,0.000000000000000000e+00,7.223851417399804742e-01,7.390000000000000000e+02
2.957999999999999885e-06,7.221269769999999477e-01,0.000000000000000000e+00,7.223851417399804742e-01,7.390000000000000000e+02
2.958999999999999960e-06,7.223709379999999625e-01,0.000000000000000000e+00,7.223851417399804742e-01,7.390000000000000000e+02
2.960000000000000035e-06,7.226148999999999489e-01,0.000000000000000000e+00,7.223851417399804742e-01,7.390000000000000000e+02
2.961000000000000111e-06,7.228588620000000464e-01,0.000000000000000000e+00,7.233626588465298379e-01,7.400000000000000000e+02
2.962000000000000186e-06,7.231028229999999501e-01,1.000000000000000000e+00,7.233626588465298379e-01,7.400000000000000000e+02
2.962999999999999837e-06,7.233467850000000476e-01,0.000000000000000000e+00,7.233626588465298379e-01,7.400000000000000000e+02
2.963999999999999912e-06,7.235907459999999514e-01,0.000000000000000000e+00,7.233626588465298379e-01,7.400000000000000000e+02
2.964999999999999988e-06,7.238347080000000489e-01,0.000000000000000000e+00,7.233626588465298379e-01,7.400000000000000000e+02
2.966000000000000063e-06,7.240786689999999526e-01,0.000000000000000000e+00,7.243401759530792017e-01,7.410000000000000000e+02
2.967000000000000138e-06,7.243226310000000501e-01,0.000000000000000000e+00,7.243401759530792017e-01,7.410000000000000000e+02
2.967999999999999789e-06,7.245665919999999538e-01,0.000000000000000000e+00,7.243401759530792017e-01,7.410000000000000000e+02
2.968999999999999865e-06,7.248105540000000513e-01,0.000000000000000000e+00,7.243401759530792017e-01,7.410000000000000000e+02
2.969999999999999940e-06,7.250545149999999550e-01,0.000000000000000000e+00,7.253176930596285654e-01,7.420000000000000000e+02
2.971000000000000015e-06,7.252984770000000525e-01,0.000000000000000000e+00,7.253176930596285654e-01,7.420000000000000000e+02
2.972000000000000090e-06,7.255424379999999562e-01,0.000000000000000000e+00,7.253176930596285654e-01,7.420000000000000000e+02
2.973000000000000165e-06,7.257864000000000537e-01,0.000000000000000000e+00,7.253176930596285654e-01,7.420000000000000000e+02
2.973999999999999817e-06,7.260303620000000402e-01,0.000000000000000000e+00,7.262952101661779292e-01,7.430000000000000000e+02
2.974999999999999892e-06,7.262743230000000549e-01,0.000000000000000000e+00,7.262952101661779292e-01,7.430000000000000000e+02
2.975999999999999967e-06,7.265182850000000414e-01,0.000000000000000000e+00,7.262952101661779292e-01,7.430000000000000000e+02
2.977000000000000042e-06,7.267622459999999451e-01,0.000000000000000000e+00,7.262952101661779292e-01,7.430000000000000000e+02
2.978000000000000117e-06,7.270062080000000426e-01,0.000000000000000000e+00,7.272727272727272929e-01,7.440000000000000000e+02
2.979000000000000192e-06,7.272501689999999464e-01,1.000000000000000000e+00,7.272727272727272929e-01,7.440000000000000000e+02
2.979999999999999844e-06,7.274941310000000438e-01,0.000000000000000000e+00,7.272727272727272929e-01,7.440000000000000000e+02
2.980999999999999919e-06,7.277380919999999476e-01,0.000000000000000000e+00,7.272727272727272929e-01,7.440000000000000000e+02
2.981999999999999994e-06,7.279820540000000451e-01,0.000000000000000000e+00,7.282502443792766567e-01,7.450000000000000000e+02
2.983000000000000069e-06,7.282260149999999488e-01,0.000000000000000000e+00,7.282502443792766567e-01,7.450000000000000000e+02
2.984000000000000144e-06,7.284699770000000463e-01,0.000000000000000000e+00,7.282502443792766567e-01,7.450000000000000000e+02
2.984999999999999796e-06,7.287139379999999500e-01,0.000000000000000000e+00,7.282502443792766567e-01,7.450000000000000000e+02
2.985999999999999871e-06,7.289579000000000475e-01,0.000000000000000000e+00,7.292277614858260204e-01,7.460000000000000000e+02
2.986999999999999946e-06,7.292018609999999512e-01,0.000000000000000000e+00,7.292277614858260204e-01,7.460000000000000000e+02
2.988000000000000021e-06,7.294458230000000487e-01,0.000000000000000000e+00,7.292277614858260204e-01,7.460000000000000000e+02
2.989000000000000097e-06,7.296897850000000352e-01,0.000000000000000000e+00,7.292277614858260204e-01,7.460000000000000000e+02
2.990000000000000172e-06,7.299337460000000499e-01,0.000000000000000000e+00,7.302052785923753842e-01,7.470000000000000000e+02
2.990999999999999823e-06,7.301777080000000364e-01,0.000000000000000000e+00,7.302052785923753842e-01,7.470000000000000000e+02
2.991999999999999898e-06,7.304216690000000511e-01,0.000000000000000000e+00,7.302052785923753842e-01,7.470000000000000000e+02
2.992999999999999974e-06,7.306656310000000376e-01,0.000000000000000000e+00,7.302052785923753842e-01,7.470000000000000000e+02
2.994000000000000049e-06,7.309095920000000524e-01,0.000000000000000000e+00,7.311827956989247479e-01,7.480000000000000000e+02
2.995000000000000124e-06,7.311535540000000388e-01,0.000000000000000000e+00,7.311827956989247479e-01,7.480000000000000000e+02
2.996000000000000199e-06,7.313975150000000536e-01,1.000000000000000000e+00,7.311827956989247479e-01,7.480000000000000000e+02
2.996999999999999851e-06,7.316414770000000400e-01,0.000000000000000000e+00,7.311827956989247479e-01,7.480000000000000000e+02
2.997999999999999926e-06,7.318854380000000548e-01,0.000000000000000000e+00,7.321603128054741116e-01,7.490000000000000000e+02
2.999000000000000001e-06,7.321294000000000413e-01,0.000000000000000000e+00,7.321603128054741116e-01,7.490000000000000000e+02
3.000000000000000076e-06,7.323733609999999450e-01,0.000000000000000000e+00,7.321603128054741116e-01,7.490000000000000000e+02
3.001000000000000151e-06,7.326173230000000425e-01,0.000000000000000000e+00,7.321603128054741116e-01,7.490000000000000000e+02
3.001999999999999803e-06,7.328612839999999462e-01,0.000000000000000000e+00,7.331378299120234754e-01,7.500000000000000000e+02
3.002999999999999878e-06,7.331052460000000437e-01,0.000000000000000000e+00,7.331378299120234754e-01,7.500000000000000000e+02
3.003999999999999953e-06,7.333492080000000302e-01,0.000000000000000000e+00,7.331378299120234754e-01,7.500000000000000000e+02
3.005000000000000028e-06,7.335931690000000449e-01,0.000000000000000000e+00,7.331378299120234754e-01,7.500000000000000000e+02
3.006000000000000103e-06,7.338371310000000314e-01,0.000000000000000000e+00,7.341153470185728391e-01,7.510000000000000000e+02
3.007000000000000178e-06,7.340810920000000461e-01,0.000000000000000000e+00,7.341153470185728391e-01,7.510000000000000000e+02
3.007999999999999830e-06,7.343250540000000326e-01,0.000000000000000000e+00,7.341153470185728391e-01,7.510000000000000000e+02
3.008999999999999905e-06,7.345690150000000473e-01,0.000000000000000000e+00,7.341153470185728391e-01,7.510000000000000000e+02
3.009999999999999980e-06,7.348129770000000338e-01,0.000000000000000000e+00,7.350928641251222029e-01,7.520000000000000000e+02
3.011000000000000055e-06,7.350569380000000486e-01,0.000000000000000000e+00,7.350928641251222029e-01,7.520000000000000000e+02
3.012000000000000131e-06,7.353009000000000350e-01,0.000000000000000000e+00,7.350928641251222029e-01,7.520000000000000000e+02
3.013000000000000206e-06,7.355448610000000498e-01,1.000000000000000000e+00,7.350928641251222029e-01,7.520000000000000000e+02
3.013999999999999857e-06,7.357888230000000362e-01,0.000000000000000000e+00,7.360703812316715666e-01,7.530000000000000000e+02
3.014999999999999932e-06,7.360327840000000510e-01,0.000000000000000000e+00,7.360703812316715666e-01,7.530000000000000000e+02
3.016000000000000008e-06,7.362767460000000375e-01,0.000000000000000000e+00,7.360703812316715666e-01,7.530000000000000000e+02
3.017000000000000083e-06,7.365207070000000522e-01,0.000000000000000000e+00,7.360703812316715666e-01,7.530000000000000000e+02
3.018000000000000158e-06,7.367646690000000387e-01,0.000000000000000000e+00,7.370478983382209304e-01,7.540000000000000000e+02
3.018999999999999809e-06,7.370086310000000251e-01,0.000000000000000000e+00,7.370478983382209304e-01,7.540000000000000000e+02
3.019999999999999885e-06,7.372525920000000399e-01,0.000000000000000000e+00,7.370478983382209304e-01,7.540000000000000000e+02
3.020999999999999960e-06,7.374965540000000264e-01,0.000000000000000000e+00,7.370478983382209304e-01,7.540000000000000000e+02
3.022000000000000035e-06,7.377405150000000411e-01,0.000000000000000000e+00,7.380254154447702941e-01,7.550000000000000000e+02
3.023000000000000110e-06,7.379844770000000276e-01,0.000000000000000000e+00,7.380254154447702941e-01,7.550000000000000000e+02
3.024000000000000185e-06,7.382284380000000423e-01,0.000000000000000000e+00,7.380254154447702941e-01,7.550000000000000000e+02
3.024999999999999837e-06,7.384724000000000288e-01,0.000000000000000000e+00,7.380254154447702941e-01,7.550000000000000000e+02
3.025999999999999912e-06,7.387163610000000435e-01,0.000000000000000000e+00,7.390029325513196579e-01,7.560000000000000000e+02
3.026999999999999987e-06,7.389603230000000300e-01,0.000000000000000000e+00,7.390029325513196579e-01,7.560000000000000000e+02
3.028000000000000062e-06,7.392042840000000448e-01,0.000000000000000000e+00,7.390029325513196579e-01,7.560000000000000000e+02
3.029000000000000137e-06,7.394482460000000312e-01,0.000000000000000000e+00,7.390029325513196579e-01,7.560000000000000000e+02
3.029999999999999789e-06,7.396922070000000460e-01,0.000000000000000000e+00,7.399804496578690216e-01,7.570000000000000000e+02
3.030999999999999864e-06,7.399361690000000324e-01,0.000000000000000000e+00,7.399804496578690216e-01,7.570000000000000000e+02
3.031999999999999939e-06,7.401801310000000189e-01,0.000000000000000000e+00,7.399804496578690216e-01,7.570000000000000000e+02
3.033000000000000014e-06,7.404240920000000337e-01,0.000000000000000000e+00,7.399804496578690216e-01,7.570000000000000000e+02
3.034000000000000089e-06,7.406680540000000201e-01,0.000000000000000000e+00,7.409579667644183854e-01,7.580000000000000000e+02
3.035000000000000164e-06,7.409120150000000349e-01,0.000000000000000000e+00,7.409579667644183854e-01,7.580000000000000000e+02
3.035999999999999816e-06,7.411559770000000213e-01,0.000000000000000000e+00,7.409579667644183854e-01,7.580000000000000000e+02
3.036999999999999891e-06,7.413999380000000361e-01,0.000000000000000000e+00,7.409579667644183854e-01,7.580000000000000000e+02
3.037999999999999966e-06,7.416439000000000226e-01,0.000000000000000000e+00,7.419354838709677491e-01,7.590000000000000000e+02
3.039000000000000041e-06,7.418878610000000373e-01,0.000000000000000000e+00,7.419354838709677491e-01,7.590000000000000000e+02
3.040000000000000117e-06,7.421318230000000238e-01,0.000000000000000000e+00,7.419354838709677491e-01,7.590000000000000000e+02
3.041000000000000192e-06,7.423757840000000385e-01,1.000000000000000000e+00,7.419354838709677491e-01,7.590000000000000000e+02
3.041999999999999843e-06,7.426197460000000250e-01,0.000000000000000000e+00,7.429130009775171128e-01,7.600000000000000000e+02
3.042999999999999918e-06,7.428637070000000397e-01,0.000000000000000000e+00,7.429130009775171128e-01,7.600000000000000000e+02
3.043999999999999994e-06,7.431076690000000262e-01,0.000000000000000000e+00,7.429130009775171128e-01,7.600000000000000000e+02
3.045000000000000069e-06,7.433516300000000410e-01,0.000000000000000000e+00,7.429130009775171128e-01,7.600000000000000000e+02
3.046000000000000144e-06,7.435955920000000274e-01,0.000000000000000000e+00,7.438905180840664766e-01,7.610000000000000000e+02
3.046999999999999795e-06,7.438395540000000139e-01,0.000000000000000000e+00,7.438905180840664766e-01,7.610000000000000000e+02
3.047999999999999871e-06,7.440835150000000286e-01,0.000000000000000000e+00,7.438905180840664766e-01,7.610000000000000000e+02
3.048999999999999946e-06,7.443274770000000151e-01,0.000000000000000000e+00,7.438905180840664766e-01,7.610000000000000000e+02
3.050000000000000021e-06,7.445714380000000299e-01,0.000000000000000000e+00,7.448680351906158403e-01,7.620000000000000000e+02
3.051000000000000096e-06,7.448154000000000163e-01,0.000000000000000000e+00,7.448680351906158403e-01,7.620000000000000000e+02
3.052000000000000171e-06,7.450593610000000311e-01,0.000000000000000000e+00,7.448680351906158403e-01,7.620000000000000000e+02
3.052999999999999823e-06,7.453033230000000176e-01,0.000000000000000000e+00,7.448680351906158403e-01,7.620000000000000000e+02
3.053999999999999898e-06,7.455472840000000323e-01,0.000000000000000000e+00,7.458455522971652041e-01,7.630000000000000000e+02
3.054999999999999973e-06,7.457912460000000188e-01,0.000000000000000000e+00,7.458455522971652041e-01,7.630000000000000000e+02
3.056000000000000048e-06,7.460352070000000335e-01,0.000000000000000000e+00,7.458455522971652041e-01,7.630000000000000000e+02
3.057000000000000123e-06,7.462791690000000200e-01,0.000000000000000000e+00,7.458455522971652041e-01,7.630000000000000000e+02
3.058000000000000198e-06,7.465231300000000347e-01,1.000000000000000000e+00,7.468230694037145678e-01,7.640000000000000000e+02
3.058999999999999850e-06,7.467670920000000212e-01,0.000000000000000000e+00,7.468230694037145678e-01,7.640000000000000000e+02
3.059999999999999925e-06,7.470110530000000360e-01,0.000000000000000000e+00,7.468230694037145678e-01,7.640000000000000000e+02
3.061000000000000000e-06,7.472550150000000224e-01,0.000000000000000000e+00,7.468230694037145678e-01,7.640000000000000000e+02
3.062000000000000075e-06,7.474989770000000089e-01,0.000000000000000000e+00,7.478005865102639316e-01,7.650000000000000000e+02
3.063000000000000150e-06,7.477429380000000236e-01,0.000000000000000000e+00,7.478005865102639316e-01,7.650000000000000000e+02
3.063999999999999802e-06,7.479869000000000101e-01,0.000000000000000000e+00,7.478005865102639316e-01,7.650000000000000000e+02
3.064999999999999877e-06,7.482308610000000249e-01,0.000000000000000000e+00,7.478005865102639316e-01,7.650000000000000000e+02
3.065999999999999952e-06,7.484748230000000113e-01,0.000000000000000000e+00,7.487781036168132953e-01,7.660000000000000000e+02
3.067000000000000027e-06,7.487187840000000261e-01,0.000000000000000000e+00,7.487781036168132953e-01,7.660000000000000000e+02
3.068000000000000103e-06,7.489627460000000125e-01,0.000000000000000000e+00,7.487781036168132953e-01,7.660000000000000000e+02
3.069000000000000178e-06,7.492067070000000273e-01,0.000000000000000000e+00,7.487781036168132953e-01,7.660000000000000000e+02
3.069999999999999829e-06,7.494506690000000138e-01,0.000000000000000000e+00,7.497556207233626591e-01,7.670000000000000000e+02
3.070999999999999904e-06,7.496946300000000285e-01,0.000000000000000000e+00,7.497556207233626591e-01,7.670000000000000000e+02
3.071999999999999980e-06,7.499385920000000150e-01,0.000000000000000000e+00,7.497556207233626591e-01,7.670000000000000000e+02
3.073000000000000055e-06,7.501825530000000297e-01,0.000000000000000000e+00,7.497556207233626591e-01,7.670000000000000000e+02
3.074000000000000130e-06,7.504265150000000162e-01,0.000000000000000000e+00,7.507331378299120228e-01,7.680000000000000000e+02
3.075000000000000205e-06,7.506704760000000309e-01,1.000000000000000000e+00,7.507331378299120228e-01,7.680000000000000000e+02
3.075999999999999857e-06,7.509144380000000174e-01,0.000000000000000000e+00,7.507331378299120228e-01,7.680000000000000000e+02
3.076999999999999932e-06,7.511584000000000039e-01,0.000000000000000000e+00,7.507331378299120228e-01,7.680000000000000000e+02
3.078000000000000007e-06,7.514023610000000186e-01,0.000000000000000000e+00,7.517106549364613866e-01,7.690000000000000000e+02
3.079000000000000082e-06,7.516463230000000051e-01,0.000000000000000000e+00,7.517106549364613866e-01,7.690000000000000000e+02
3.080000000000000157e-06,7.518902840000000198e-01,0.000000000000000000e+00,7.517106549364613866e-01,7.690000000000000000e+02
3.080999999999999809e-06,7.521342460000000063e-01,0.000000000000000000e+00,7.517106549364613866e-01,7.690000000000000000e+02
3.081999999999999884e-06,7.523782070000000211e-01,0.000000000000000000e+00,7.526881720430107503e-01,7.700000000000000000e+02
3.082999999999999959e-06,7.526221690000000075e-01,0.000000000000000000e+00,7.526881720430107503e-01,7.700000000000000000e+02
3.084000000000000034e-06,7.528661300000000223e-01,0.000000000000000000e+00,7.526881720430107503e-01,7.700000000000000000e+02
3.085000000000000109e-06,7.531100920000000087e-01,0.000000000000000000e+00,7.526881720430107503e-01,7.700000000000000000e+02
3.086000000000000184e-06,7.533540530000000235e-01,0.000000000000000000e+00,7.536656891495601140e-01,7.710000000000000000e+02
3.086999999999999836e-06,7.535980150000000100e-01,0.000000000000000000e+00,7.536656891495601140e-01,7.710000000000000000e+02
3.087999999999999911e-06,7.538419760000000247e-01,0.000000000000000000e+00,7.536656891495601140e-01,7.710000000000000000e+02
3.088999999999999986e-06,7.540859380000000112e-01,0.000000000000000000e+00,7.536656891495601140e-01,7.710000000000000000e+02
3.090000000000000061e-06,7.543298990000000259e-01,0.000000000000000000e+00,7.546432062561094778e-01,7.720000000000000000e+02
3.091000000000000136e-06,7.545738610000000124e-01,0.000000000000000000e+00,7.546432062561094778e-01,7.720000000000000000e+02
3.092000000000000212e-06,7.548178229999999989e-01,1.000000000000000000e+00,7.546432062561094778e-01,7.720000000000000000e+02
3.092999999999999863e-06,7.550617840000000136e-01,0.000000000000000000e+00,7.546432062561094778e-01,7.720000000000000000e+02
3.093999999999999938e-06,7.553057460000000001e-01,0.000000000000000000e+00,7.556207233626588415e-01,7.730000000000000000e+02
3.095000000000000013e-06,7.555497070000000148e-01,0.000000000000000000e+00,7.556207233626588415e-01,7.730000000000000000e+02
3.096000000000000089e-06,7.557936690000000013e-01,0.000000000000000000e+00,7.556207233626588415e-01,7.730000000000000000e+02
3.097000000000000164e-06,7.560376300000000160e-01,0.000000000000000000e+00,7.556207233626588415e-01,7.730000000000000000e+02
3.097999999999999815e-06,7.562815920000000025e-01,0.000000000000000000e+00,7.565982404692082053e-01,7.740000000000000000e+02
3.098999999999999890e-06,7.565255530000000173e-01,0.000000000000000000e+00,7.565982404692082053e-01,7.740000000000000000e+02
3.099999999999999966e-06,7.567695150000000037e-01,0.000000000000000000e+00,7.565982404692082053e-01,7.740000000000000000e+02
3.101000000000000041e-06,7.570134760000000185e-01,0.000000000000000000e+00,7.565982404692082053e-01,7.740000000000000000e+02
3.102000000000000116e-06,7.572574380000000049e-01,0.000000000000000000e+00,7.575757575757575690e-01,7.750000000000000000e+02
3.103000000000000191e-06,7.575013990000000197e-01,0.000000000000000000e+00,7.575757575757575690e-01,7.750000000000000000e+02
3.103999999999999843e-06,7.577453610000000062e-01,0.000000000000000000e+00,7.575757575757575690e-01,7.750000000000000000e+02
3.104999999999999918e-06,7.579893229999999926e-01,0.000000000000000000e+00,7.575757575757575690e-01,7.750000000000000000e+02
3.105999999999999993e-06,7.582332840000000074e-01,0.000000000000000000e+00,7.585532746823069328e-01,7.760000000000000000e+02
3.107000000000000068e-06,7.584772459999999938e-01,0.000000000000000000e+00,7.585532746823069328e-01,7.760000000000000000e+02
3.108000000000000143e-06,7.587212070000000086e-01,0.000000000000000000e+00,7.585532746823069328e-01,7.760000000000000000e+02
3.108999999999999795e-06,7.589651689999999951e-01,0.000000000000000000e+00,7.585532746823069328e-01,7.760000000000000000e+02
3.109999999999999870e-06,7.592091300000000098e-01,0.000000000000000000e+00,7.595307917888562965e-01,7.770000000000000000e+02
3.110999999999999945e-06,7.594530919999999963e-01,0.000000000000000000e+00,7.595307917888562965e-01,7.770000000000000000e+02
3.112000000000000020e-06,7.596970530000000110e-01,0.000000000000000000e+00,7.595307917888562965e-01,7.770000000000000000e+02
3.113000000000000095e-06,7.599410149999999975e-01,0.000000000000000000e+00,7.595307917888562965e-01,7.770000000000000000e+02
3.114000000000000170e-06,7.601849760000000122e-01,0.000000000000000000e+00,7.605083088954056603e-01,7.780000000000000000e+02
3.114999999999999822e-06,7.604289379999999987e-01,0.000000000000000000e+00,7.605083088954056603e-01,7.780000000000000000e+02
3.115999999999999897e-06,7.606728990000000135e-01,0.000000000000000000e+00,7.605083088954056603e-01,7.780000000000000000e+02
3.116999999999999972e-06,7.609168609999999999e-01,0.000000000000000000e+00,7.605083088954056603e-01,7.780000000000000000e+02
3.118000000000000047e-06,7.611608220000000147e-01,0.000000000000000000e+00,7.614858260019550240e-01,7.790000000000000000e+02
3.119000000000000122e-06,7.614047840000000011e-01,0.000000000000000000e+00,7.614858260019550240e-01,7.790000000000000000e+02
3.120000000000000198e-06,7.616487459999999876e-01,1.000000000000000000e+00,7.614858260019550240e-01,7.790000000000000000e+02
3.120999999999999849e-06,7.618927070000000024e-01,0.000000000000000000e+00,7.614858260019550240e-01,7.790000000000000000e+02
3.121999999999999924e-06,7.621366689999999888e-01,0.000000000000000000e+00,7.624633431085043878e-01,7.800000000000000000e+02
3.122999999999999999e-06,7.623806300000000036e-01,0.000000000000000000e+00,7.624633431085043878e-01,7.800000000000000000e+02
3.124000000000000075e-06,7.626245919999999900e-01,0.000000000000000000e+00,7.624633431085043878e-01,7.800000000000000000e+02
3.125000000000000150e-06,7.628685530000000048e-01,0.000000000000000000e+00,7.624633431085043878e-01,7.800000000000000000e+02
3.125999999999999801e-06,7.631125149999999913e-01,0.000000000000000000e+00,7.634408602150537515e-01,7.810000000000000000e+02
3.126999999999999876e-06,7.633564760000000060e-01,0.000000000000000000e+00,7.634408602150537515e-01,7.810000000000000000e+02
3.127999999999999952e-06,7.636004379999999925e-01,0.000000000000000000e+00,7.634408602150537515e-01,7.810000000000000000e+02
3.129000000000000027e-06,7.638443990000000072e-01,0.000000000000000000e+00,7.634408602150537515e-01,7.810000000000000000e+02
3.130000000000000102e-06,7.640883609999999937e-01,0.000000000000000000e+00,7.644183773216031152e-01,7.820000000000000000e+02
3.131000000000000177e-06,7.643323220000000084e-01,0.000000000000000000e+00,7.644183773216031152e-01,7.820000000000000000e+02
3.131999999999999829e-06,7.645762839999999949e-01,0.000000000000000000e+00,7.644183773216031152e-01,7.820000000000000000e+02
3.132999999999999904e-06,7.648202450000000097e-01,0.000000000000000000e+00,7.644183773216031152e-01,7.820000000000000000e+02
3.133999999999999979e-06,7.650642069999999961e-01,0.000000000000000000e+00,7.653958944281524790e-01,7.830000000000000000e+02
3.135000000000000054e-06,7.653081689999999826e-01,0.000000000000000000e+00,7.653958944281524790e-01,7.830000000000000000e+02
3.136000000000000129e-06,7.655521299999999973e-01,0.000000000000000000e+00,7.653958944281524790e-01,7.830000000000000000e+02
3.137000000000000204e-06,7.657960919999999838e-01,1.000000000000000000e+00,7.653958944281524790e-01,7.830000000000000000e+02
3.137999999999999856e-06,7.660400529999999986e-01,0.000000000000000000e+00,7.663734115347018427e-01,7.840000000000000000e+02
3.138999999999999931e-06,7.662840149999999850e-01,0.000000000000000000e+00,7.663734115347018427e-01,7.840000000000000000e+02
3.140000000000000006e-06,7.665279759999999998e-01,0.000000000000000000e+00,7.663734115347018427e-01,7.840000000000000000e+02
3.141000000000000081e-06,7.667719379999999862e-01,0.000000000000000000e+00,7.663734115347018427e-01,7.840000000000000000e+02
3.142000000000000156e-06,7.670158990000000010e-01,0.000000000000000000e+00,7.673509286412512065e-01,7.850000000000000000e+02
3.142999999999999808e-06,7.672598609999999875e-01,0.000000000000000000e+00,7.673509286412512065e-01,7.850000000000000000e+02
3.143999999999999883e-06,7.675038220000000022e-01,0.000000000000000000e+00,7.673509286412512065e-01,7.850000000000000000e+02
3.144999999999999958e-06,7.677477839999999887e-01,0.000000000000000000e+00,7.673509286412512065e-01,7.850000000000000000e+02
3.146000000000000033e-06,7.679917450000000034e-01,0.000000000000000000e+00,7.683284457478005702e-01,7.860000000000000000e+02
3.147000000000000109e-06,7.682357069999999899e-01,0.000000000000000000e+00,7.683284457478005702e-01,7.860000000000000000e+02
3.148000000000000184e-06,7.684796680000000046e-01,0.000000000000000000e+00,7.683284457478005702e-01,7.860000000000000000e+02
3.148999999999999835e-06,7.687236299999999911e-01,0.000000000000000000e+00,7.683284457478005702e-01,7.860000000000000000e+02
3.149999999999999910e-06,7.689675919999999776e-01,0.000000000000000000e+00,7.693059628543499340e-01,7.870000000000000000e+02
3.150999999999999986e-06,7.692115529999999923e-01,0.000000000000000000e+00,7.693059628543499340e-01,7.870000000000000000e+02
3.152000000000000061e-06,7.694555149999999788e-01,0.000000000000000000e+00,7.693059628543499340e-01,7.870000000000000000e+02
3.153000000000000136e-06,7.696994759999999935e-01,0.000000000000000000e+00,7.693059628543499340e-01,7.870000000000000000e+02
3.154000000000000211e-06,7.699434379999999800e-01,1.000000000000000000e+00,7.702834799608992977e-01,7.880000000000000000e+02
3.154999999999999863e-06,7.701873989999999948e-01,0.000000000000000000e+00,7.702834799608992977e-01,7.880000000000000000e+02
3.155999999999999938e-06,7.704313609999999812e-01,0.000000000000000000e+00,7.702834799608992977e-01,7.880000000000000000e+02
3.157000000000000013e-06,7.706753219999999960e-01,0.000000000000000000e+00,7.702834799608992977e-01,7.880000000000000000e+02
3.158000000000000088e-06,7.709192839999999824e-01,0.000000000000000000e+00,7.712609970674486615e-01,7.890000000000000000e+02
3.159000000000000163e-06,7.711632449999999972e-01,0.000000000000000000e+00,7.712609970674486615e-01,7.890000000000000000e+02
3.159999999999999815e-06,7.714072069999999837e-01,0.000000000000000000e+00,7.712609970674486615e-01,7.890000000000000000e+02
3.160999999999999890e-06,7.716511679999999984e-01,0.000000000000000000e+00,7.712609970674486615e-01,7.890000000000000000e+02
3.161999999999999965e-06,7.718951299999999849e-01,0.000000000000000000e+00,7.722385141739980252e-01,7.900000000000000000e+02
3.163000000000000040e-06,7.721390909999999996e-01,0.000000000000000000e+00,7.722385141739980252e-01,7.900000000000000000e+02
3.164000000000000115e-06,7.723830529999999861e-01,0.000000000000000000e+00,7.722385141739980252e-01,7.900000000000000000e+02
3.165000000000000190e-06,7.726270149999999726e-01,0.000000000000000000e+00,7.722385141739980252e-01,7.900000000000000000e+02
3.165999999999999842e-06,7.728709759999999873e-01,0.000000000000000000e+00,7.732160312805473890e-01,7.910000000000000000e+02
3.166999999999999917e-06,7.731149379999999738e-01,0.000000000000000000e+00,7.732160312805473890e-01,7.910000000000000000e+02
3.167999999999999992e-06,7.733588989999999885e-01,0.000000000000000000e+00,7.732160312805473890e-01,7.910000000000000000e+02
3.169000000000000067e-06,7.736028609999999750e-01,0.000000000000000000e+00,7.732160312805473890e-01,7.910000000000000000e+02
3.170000000000000142e-06,7.738468219999999897e-01,0.000000000000000000e+00,7.741935483870967527e-01,7.920000000000000000e+02
3.170999999999999794e-06,7.740907839999999762e-01,0.000000000000000000e+00,7.741935483870967527e-01,7.920000000000000000e+02
3.171999999999999869e-06,7.743347449999999910e-01,0.000000000000000000e+00,7.741935483870967527e-01,7.920000000000000000e+02
3.172999999999999944e-06,7.745787069999999774e-01,0.000000000000000000e+00,7.741935483870967527e-01,7.920000000000000000e+02
3.174000000000000019e-06,7.748226679999999922e-01,0.000000000000000000e+00,7.751710654936461165e-01,7.930000000000000000e+02
3.175000000000000095e-06,7.750666299999999787e-01,0.000000000000000000e+00,7.751710654936461165e-01,7.930000000000000000e+02
3.176000000000000170e-06,7.753105909999999934e-01,0.000000000000000000e+00,7.751710654936461165e-01,7.930000000000000000e+02
3.176999999999999821e-06,7.755545529999999799e-01,0.000000000000000000e+00,7.751710654936461165e-01,7.930000000000000000e+02
3.177999999999999896e-06,7.757985149999999663e-01,0.000000000000000000e+00,7.761485826001954802e-01,7.940000000000000000e+02
3.178999999999999972e-06,7.760424759999999811e-01,0.000000000000000000e+00,7.761485826001954802e-01,7.940000000000000000e+02
3.180000000000000047e-06,7.762864379999999676e-01,0.000000000000000000e+00,7.761485826001954802e-01,7.940000000000000000e+02
3.181000000000000122e-06,7.765303989999999823e-01,0.000000000000000000e+00,7.761485826001954802e-01,7.940000000000000000e+02
3.182000000000000197e-06,7.767743609999999688e-01,0.000000000000000000e+00,7.771260997067448439e-01,7.950000000000000000e+02
3.182999999999999849e-06,7.770183219999999835e-01,0.000000000000000000e+00,7.771260997067448439e-01,7.950000000000000000e+02
3.183999999999999924e-06,7.772622839999999700e-01,0.000000000000000000e+00,7.771260997067448439e-01,7.950000000000000000e+02
3.184999999999999999e-06,7.775062449999999847e-01,0.000000000000000000e+00,7.771260997067448439e-01,7.950000000000000000e+02
3.186000000000000074e-06,7.777502069999999712e-01,0.000000000000000000e+00,7.781036168132942077e-01,7.960000000000000000e+02
3.187000000000000149e-06,7.779941679999999860e-01,0.000000000000000000e+00,7.781036168132942077e-01,7.960000000000000000e+02
3.187999999999999801e-06,7.782381299999999724e-01,0.000000000000000000e+00,7.781036168132942077e-01,7.960000000000000000e+02
3.188999999999999876e-06,7.784820909999999872e-01,0.000000000000000000e+00,7.781036168132942077e-01,7.960000000000000000e+02
3.189999999999999951e-06,7.787260529999999736e-01,0.000000000000000000e+00,7.790811339198435714e-01,7.970000000000000000e+02
3.191000000000000026e-06,7.789700139999999884e-01,0.000000000000000000e+00,7.790811339198435714e-01,7.970000000000000000e+02
3.192000000000000101e-06,7.792139759999999749e-01,0.000000000000000000e+00,7.790811339198435714e-01,7.970000000000000000e+02
3.193000000000000176e-06,7.794579379999999613e-01,0.000000000000000000e+00,7.790811339198435714e-01,7.970000000000000000e+02
3.193999999999999828e-06,7.797018989999999761e-01,0.000000000000000000e+00,7.800586510263929352e-01,7.980000000000000000e+02
3.194999999999999903e-06,7.799458609999999625e-01,0.000000000000000000e+00,7.800586510263929352e-01,7.980000000000000000e+02
3.195999999999999978e-06,7.801898219999999773e-01,0.000000000000000000e+00,7.800586510263929352e-01,7.980000000000000000e+02
3.197000000000000053e-06,7.804337839999999638e-01,0.000000000000000000e+00,7.800586510263929352e-01,7.980000000000000000e+02
3.198000000000000128e-06,7.806777449999999785e-01,0.000000000000000000e+00,7.810361681329422989e-01,7.990000000000000000e+02
3.199000000000000204e-06,7.809217069999999650e-01,1.000000000000000000e+00,7.810361681329422989e-01,7.990000000000000000e+02
3.199999999999999855e-06,7.811656679999999797e-01,0.000000000000000000e+00,7.810361681329422989e-01,7.990000000000000000e+02
3.200999999999999930e-06,7.814096299999999662e-01,0.000000000000000000e+00,7.810361681329422989e-01,7.990000000000000000e+02
3.202000000000000005e-06,7.816535909999999809e-01,0.000000000000000000e+00,7.820136852394916627e-01,8.000000000000000000e+02
3.203000000000000081e-06,7.818975529999999674e-01,0.000000000000000000e+00,7.820136852394916627e-01,8.000000000000000000e+02
3.204000000000000156e-06,7.821415139999999822e-01,0.000000000000000000e+00,7.820136852394916627e-01,8.000000000000000000e+02
3.204999999999999807e-06,7.823854759999999686e-01,0.000000000000000000e+00,7.820136852394916627e-01,8.000000000000000000e+02
3.205999999999999882e-06,7.826294369999999834e-01,0.000000000000000000e+00,7.829912023460410264e-01,8.010000000000000000e+02
3.206999999999999958e-06,7.828733989999999698e-01,0.000000000000000000e+00,7.829912023460410264e-01,8.010000000000000000e+02
3.208000000000000033e-06,7.831173609999999563e-01,0.000000000000000000e+00,7.829912023460410264e-01,8.010000000000000000e+02
3.209000000000000108e-06,7.833613219999999711e-01,0.000000000000000000e+00,7.829912023460410264e-01,8.010000000000000000e+02
3.210000000000000183e-06,7.836052839999999575e-01,0.000000000000000000e+00,7.839687194525903902e-01,8.020000000000000000e+02
3.210999999999999835e-06,7.838492449999999723e-01,0.000000000000000000e+00,7.839687194525903902e-01,8.020000000000000000e+02
3.211999999999999910e-06,7.840932069999999587e-01,0.000000000000000000e+00,7.839687194525903902e-01,8.020000000000000000e+02
3.212999999999999985e-06,7.843371679999999735e-01,0.000000000000000000e+00,7.839687194525903902e-01,8.020000000000000000e+02
3.214000000000000060e-06,7.845811299999999600e-01,0.000000000000000000e+00,7.849462365591397539e-01,8.030000000000000000e+02
3.215000000000000135e-06,7.848250909999999747e-01,0.000000000000000000e+00,7.849462365591397539e-01,8.030000000000000000e+02
3.216000000000000210e-06,7.850690529999999612e-01,1.000000000000000000e+00,7.849462365591397539e-01,8.030000000000000000e+02
3.216999999999999862e-06,7.853130139999999759e-01,0.000000000000000000e+00,7.849462365591397539e-01,8.030000000000000000e+02
3.217999999999999937e-06,7.855569759999999624e-01,0.000000000000000000e+00,7.859237536656891177e-01,8.040000000000000000e+02
3.219000000000000012e-06,7.858009369999999771e-01,0.000000000000000000e+00,7.859237536656891177e-01,8.040000000000000000e+02
3.220000000000000087e-06,7.860448989999999636e-01,0.000000000000000000e+00,7.859237536656891177e-01,8.040000000000000000e+02
3.221000000000000162e-06,7.862888599999999784e-01,0.000000000000000000e+00,7.859237536656891177e-01,8.040000000000000000e+02
3.221999999999999814e-06,7.865328219999999648e-01,0.000000000000000000e+00,7.869012707722384814e-01,8.050000000000000000e+02
3.222999999999999889e-06,7.867767839999999513e-01,0.000000000000000000e+00,7.869012707722384814e-01,8.050000000000000000e+02
3.223999999999999964e-06,7.870207449999999660e-01,0.000000000000000000e+00,7.869012707722384814e-01,8.050000000000000000e+02
3.225000000000000039e-06,7.872647069999999525e-01,0.000000000000000000e+00,7.869012707722384814e-01,8.050000000000000000e+02
3.226000000000000114e-06,7.875086679999999673e-01,0.000000000000000000e+00,7.878787878787878451e-01,8.060000000000000000e+02
3.227000000000000190e-06,7.877526299999999537e-01,0.000000000000000000e+00,7.878787878787878451e-01,8.060000000000000000e+02
3.227999999999999841e-06,7.879965909999999685e-01,0.000000000000000000e+00,7.878787878787878451e-01,8.060000000000000000e+02
3.228999999999999916e-06,7.882405529999999549e-01,0.000000000000000000e+00,7.878787878787878451e-01,8.060000000000000000e+02
3.229999999999999991e-06,7.884845139999999697e-01,0.000000000000000000e+00,7.888563049853372089e-01,8.070000000000000000e+02
3.231000000000000067e-06,7.887284759999999562e-01,0.000000000000000000e+00,7.888563049853372089e-01,8.070000000000000000e+02
3.232000000000000142e-06,7.889724369999999709e-01,0.000000000000000000e+00,7.888563049853372089e-01,8.070000000000000000e+02
3.232999999999999793e-06,7.892163989999999574e-01,0.000000000000000000e+00,7.888563049853372089e-01,8.070000000000000000e+02
3.233999999999999868e-06,7.894603599999999721e-01,0.000000000000000000e+00,7.898338220918865726e-01,8.080000000000000000e+02
3.234999999999999944e-06,7.897043219999999586e-01,0.000000000000000000e+00,7.898338220918865726e-01,8.080000000000000000e+02
3.236000000000000019e-06,7.899482829999999733e-01,0.000000000000000000e+00,7.898338220918865726e-01,8.080000000000000000e+02
3.237000000000000094e-06,7.901922449999999598e-01,0.000000000000000000e+00,7.898338220918865726e-01,8.080000000000000000e+02
3.238000000000000169e-06,7.904362069999999463e-01,0.000000000000000000e+00,7.908113391984359364e-01,8.090000000000000000e+02
3.238999999999999821e-06,7.906801679999999610e-01,0.000000000000000000e+00,7.908113391984359364e-01,8.090000000000000000e+02
3.239999999999999896e-06,7.909241299999999475e-01,0.000000000000000000e+00,7.908113391984359364e-01,8.090000000000000000e+02
3.240999999999999971e-06,7.911680909999999622e-01,0.000000000000000000e+00,7.908113391984359364e-01,8.090000000000000000e+02
3.242000000000000046e-06,7.914120529999999487e-01,0.000000000000000000e+00,7.917888563049853001e-01,8.100000000000000000e+02
3.243000000000000121e-06,7.916560139999999635e-01,0.000000000000000000e+00,7.917888563049853001e-01,8.100000000000000000e+02
3.244000000000000196e-06,7.918999759999999499e-01,0.000000000000000000e+00,7.917888563049853001e-01,8.100000000000000000e+02
3.244999999999999848e-06,7.921439369999999647e-01,0.000000000000000000e+00,7.917888563049853001e-01,8.100000000000000000e+02
3.245999999999999923e-06,7.923878989999999511e-01,0.000000000000000000e+00,7.927663734115346639e-01,8.110000000000000000e+02
3.246999999999999998e-06,7.926318599999999659e-01,0.000000000000000000e+00,7.927663734115346639e-01,8.110000000000000000e+02
3.248000000000000073e-06,7.928758219999999524e-01,0.000000000000000000e+00,7.927663734115346639e-01,8.110000000000000000e+02
3.249000000000000148e-06,7.931197829999999671e-01,0.000000000000000000e+00,7.927663734115346639e-01,8.110000000000000000e+02
3.249999999999999800e-06,7.933637449999999536e-01,0.000000000000000000e+00,7.937438905180840276e-01,8.120000000000000000e+02
3.250999999999999875e-06,7.936077070000000511e-01,0.000000000000000000e+00,7.937438905180840276e-01,8.120000000000000000e+02
3.251999999999999950e-06,7.938516679999999548e-01,0.000000000000000000e+00,7.937438905180840276e-01,8.120000000000000000e+02
3.253000000000000025e-06,7.940956300000000523e-01,0.000000000000000000e+00,7.937438905180840276e-01,8.120000000000000000e+02
3.254000000000000101e-06,7.943395909999999560e-01,0.000000000000000000e+00,7.947214076246333914e-01,8.130000000000000000e+02
3.255000000000000176e-06,7.945835530000000535e-01,0.000000000000000000e+00,7.947214076246333914e-01,8.130000000000000000e+02
3.255999999999999827e-06,7.948275139999999572e-01,0.000000000000000000e+00,7.947214076246333914e-01,8.130000000000000000e+02
3.256999999999999902e-06,7.950714760000000547e-01,0.000000000000000000e+00,7.947214076246333914e-01,8.130000000000000000e+02
3.257999999999999978e-06,7.953154369999999584e-01,0.000000000000000000e+00,7.956989247311827551e-01,8.140000000000000000e+02
3.259000000000000053e-06,7.955593989999999449e-01,0.000000000000000000e+00,7.956989247311827551e-01,8.140000000000000000e+02
3.260000000000000128e-06,7.958033599999999597e-01,0.000000000000000000e+00,7.956989247311827551e-01,8.140000000000000000e+02
3.261000000000000203e-06,7.960473219999999461e-01,0.000000000000000000e+00,7.956989247311827551e-01,8.140000000000000000e+02
3.261999999999999855e-06,7.962912829999999609e-01,0.000000000000000000e+00,7.966764418377321189e-01,8.150000000000000000e+02
3.262999999999999930e-06,7.965352449999999473e-01,0.000000000000000000e+00,7.966764418377321189e-01,8.150000000000000000e+02
3.264000000000000005e-06,7.967792059999999621e-01,0.000000000000000000e+00,7.966764418377321189e-01,8.150000000000000000e+02
3.265000000000000080e-06,7.970231679999999486e-01,0.000000000000000000e+00,7.966764418377321189e-01,8.150000000000000000e+02
3.266000000000000155e-06,7.972671300000000461e-01,0.000000000000000000e+00,7.976539589442814826e-01,8.160000000000000000e+02
3.266999999999999807e-06,7.975110909999999498e-01,0.000000000000000000e+00,7.976539589442814826e-01,8.160000000000000000e+02
3.267999999999999882e-06,7.977550530000000473e-01,0.000000000000000000e+00,7.976539589442814826e-01,8.160000000000000000e+02
3.268999999999999957e-06,7.979990139999999510e-01,0.000000000000000000e+00,7.976539589442814826e-01,8.160000000000000000e+02
3.270000000000000032e-06,7.982429760000000485e-01,0.000000000000000000e+00,7.986314760508308463e-01,8.170000000000000000e+02
3.271000000000000107e-06,7.984869369999999522e-01,0.000000000000000000e+00,7.986314760508308463e-01,8.170000000000000000e+02
3.272000000000000182e-06,7.987308990000000497e-01,0.000000000000000000e+00,7.986314760508308463e-01,8.170000000000000000e+02
3.272999999999999834e-06,7.989748599999999534e-01,0.000000000000000000e+00,7.986314760508308463e-01,8.170000000000000000e+02
3.273999999999999909e-06,7.992188220000000509e-01,0.000000000000000000e+00,7.996089931573802101e-01,8.180000000000000000e+02
3.274999999999999984e-06,7.994627829999999546e-01,0.000000000000000000e+00,7.996089931573802101e-01,8.180000000000000000e+02
3.276000000000000059e-06,7.997067450000000521e-01,0.000000000000000000e+00,7.996089931573802101e-01,8.180000000000000000e+02
3.277000000000000134e-06,7.999507059999999559e-01,0.000000000000000000e+00,7.996089931573802101e-01,8.180000000000000000e+02
3.278000000000000210e-06,8.001946680000000534e-01,1.000000000000000000e+00,8.005865102639295738e-01,8.190000000000000000e+02
3.278999999999999861e-06,8.004386289999999571e-01,0.000000000000000000e+00,8.005865102639295738e-01,8.190000000000000000e+02
3.279999999999999936e-06,8.006825910000000546e-01,0.000000000000000000e+00,8.005865102639295738e-01,8.190000000000000000e+02
3.281000000000000011e-06,8.009265530000000410e-01,0.000000000000000000e+00,8.005865102639295738e-01,8.190000000000000000e+02
3.282000000000000087e-06,8.011705139999999448e-01,0.000000000000000000e+00,8.015640273704789376e-01,8.200000000000000000e+02
3.283000000000000162e-06,8.014144760000000423e-01,0.000000000000000000e+00,8.015640273704789376e-01,8.200000000000000000e+02
3.283999999999999813e-06,8.016584369999999460e-01,0.000000000000000000e+00,8.015640273704789376e-01,8.200000000000000000e+02
3.284999999999999888e-06,8.019023990000000435e-01,0.000000000000000000e+00,8.015640273704789376e-01,8.200000000000000000e+02
3.285999999999999964e-06,8.021463599999999472e-01,0.000000000000000000e+00,8.025415444770283013e-01,8.210000000000000000e+02
3.287000000000000039e-06,8.023903220000000447e-01,0.000000000000000000e+00,8.025415444770283013e-01,8.210000000000000000e+02
3.288000000000000114e-06,8.026342829999999484e-01,0.000000000000000000e+00,8.025415444770283013e-01,8.210000000000000000e+02
3.289000000000000189e-06,8.028782450000000459e-01,0.000000000000000000e+00,8.025415444770283013e-01,8.210000000000000000e+02
3.289999999999999841e-06,8.031222059999999496e-01,0.000000000000000000e+00,8.035190615835776651e-01,8.220000000000000000e+02
3.290999999999999916e-06,8.033661680000000471e-01,0.000000000000000000e+00,8.035190615835776651e-01,8.220000000000000000e+02
3.291999999999999991e-06,8.036101289999999508e-01,0.000000000000000000e+00,8.035190615835776651e-01,8.220000000000000000e+02
3.293000000000000066e-06,8.038540910000000483e-01,0.000000000000000000e+00,8.035190615835776651e-01,8.220000000000000000e+02
3.294000000000000141e-06,8.040980519999999521e-01,0.000000000000000000e+00,8.044965786901270288e-01,8.230000000000000000e+02
3.294999999999999793e-06,8.043420140000000496e-01,0.000000000000000000e+00,8.044965786901270288e-01,8.230000000000000000e+02
3.295999999999999868e-06,8.045859760000000360e-01,0.000000000000000000e+00,8.044965786901270288e-01,8.230000000000000000e+02
3.296999999999999943e-06,8.048299370000000508e-01,0.000000000000000000e+00,8.044965786901270288e-01,8.230000000000000000e+02
3.298000000000000018e-06,8.050738990000000372e-01,0.000000000000000000e+00,8.054740957966763926e-01,8.240000000000000000e+02
3.299000000000000093e-06,8.053178600000000520e-01,0.000000000000000000e+00,8.054740957966763926e-01,8.240000000000000000e+02
3.300000000000000168e-06,8.055618220000000385e-01,0.000000000000000000e+00,8.054740957966763926e-01,8.240000000000000000e+02
3.300999999999999820e-06,8.058057830000000532e-01,0.000000000000000000e+00,8.054740957966763926e-01,8.240000000000000000e+02
3.301999999999999895e-06,8.060497450000000397e-01,0.000000000000000000e+00,8.064516129032257563e-01,8.250000000000000000e+02
3.302999999999999970e-06,8.062937060000000544e-01,0.000000000000000000e+00,8.064516129032257563e-01,8.250000000000000000e+02
3.304000000000000045e-06,8.065376680000000409e-01,0.000000000000000000e+00,8.064516129032257563e-01,8.250000000000000000e+02
3.305000000000000120e-06,8.067816289999999446e-01,0.000000000000000000e+00,8.064516129032257563e-01,8.250000000000000000e+02
3.306000000000000196e-06,8.070255910000000421e-01,0.000000000000000000e+00,8.074291300097751201e-01,8.260000000000000000e+02
3.306999999999999847e-06,8.072695519999999458e-01,0.000000000000000000e+00,8.074291300097751201e-01,8.260000000000000000e+02
3.307999999999999922e-06,8.075135140000000433e-01,0.000000000000000000e+00,8.074291300097751201e-01,8.260000000000000000e+02
3.308999999999999997e-06,8.077574749999999471e-01,0.000000000000000000e+00,8.074291300097751201e-01,8.260000000000000000e+02
3.310000000000000073e-06,8.080014370000000445e-01,0.000000000000000000e+00,8.084066471163244838e-01,8.270000000000000000e+02
3.311000000000000148e-06,8.082453990000000310e-01,0.000000000000000000e+00,8.084066471163244838e-01,8.270000000000000000e+02
3.311999999999999799e-06,8.084893600000000458e-01,0.000000000000000000e+00,8.084066471163244838e-01,8.270000000000000000e+02
3.312999999999999874e-06,8.087333220000000322e-01,0.000000000000000000e+00,8.084066471163244838e-01,8.270000000000000000e+02
3.313999999999999950e-06,8.089772830000000470e-01,0.000000000000000000e+00,8.093841642228738475e-01,8.280000000000000000e+02
3.315000000000000025e-06,8.092212450000000334e-01,0.000000000000000000e+00,8.093841642228738475e-01,8.280000000000000000e+02
3.316000000000000100e-06,8.094652060000000482e-01,0.000000000000000000e+00,8.093841642228738475e-01,8.280000000000000000e+02
3.317000000000000175e-06,8.097091680000000347e-01,0.000000000000000000e+00,8.093841642228738475e-01,8.280000000000000000e+02
3.317999999999999827e-06,8.099531290000000494e-01,0.000000000000000000e+00,8.103616813294232113e-01,8.290000000000000000e+02
3.318999999999999902e-06,8.101970910000000359e-01,0.000000000000000000e+00,8.103616813294232113e-01,8.290000000000000000e+02
3.319999999999999977e-06,8.104410520000000506e-01,0.000000000000000000e+00,8.103616813294232113e-01,8.290000000000000000e+02
3.321000000000000052e-06,8.106850140000000371e-01,0.000000000000000000e+00,8.103616813294232113e-01,8.290000000000000000e+02
3.322000000000000127e-06,8.109289750000000518e-01,0.000000000000000000e+00,8.113391984359725750e-01,8.300000000000000000e+02
3.323000000000000202e-06,8.111729370000000383e-01,0.000000000000000000e+00,8.113391984359725750e-01,8.300000000000000000e+02
3.323999999999999854e-06,8.114168990000000248e-01,0.000000000000000000e+00,8.113391984359725750e-01,8.300000000000000000e+02
3.324999999999999929e-06,8.116608600000000395e-01,0.000000000000000000e+00,8.113391984359725750e-01,8.300000000000000000e+02
3.326000000000000004e-06,8.119048220000000260e-01,0.000000000000000000e+00,8.123167155425219388e-01,8.310000000000000000e+02
3.327000000000000079e-06,8.121487830000000407e-01,0.000000000000000000e+00,8.123167155425219388e-01,8.310000000000000000e+02
3.328000000000000154e-06,8.123927450000000272e-01,0.000000000000000000e+00,8.123167155425219388e-01,8.310000000000000000e+02
3.328999999999999806e-06,8.126367060000000420e-01,0.000000000000000000e+00,8.123167155425219388e-01,8.310000000000000000e+02
3.329999999999999881e-06,8.128806680000000284e-01,0.000000000000000000e+00,8.132942326490713025e-01,8.320000000000000000e+02
3.330999999999999956e-06,8.131246290000000432e-01,0.000000000000000000e+00,8.132942326490713025e-01,8.320000000000000000e+02
3.332000000000000031e-06,8.133685910000000296e-01,0.000000000000000000e+00,8.132942326490713025e-01,8.320000000000000000e+02
3.333000000000000106e-06,8.136125520000000444e-01,0.000000000000000000e+00,8.132942326490713025e-01,8.320000000000000000e+02
3.334000000000000182e-06,8.138565140000000309e-01,0.000000000000000000e+00,8.142717497556207773e-01,8.330000000000000000e+02
3.334999999999999833e-06,8.141004750000000456e-01,0.000000000000000000e+00,8.142717497556207773e-01,8.330000000000000000e+02
3.335999999999999908e-06,8.143444370000000321e-01,0.000000000000000000e+00,8.142717497556207773e-01,8.330000000000000000e+02
3.336999999999999983e-06,8.145883980000000468e-01,0.000000000000000000e+00,8.142717497556207773e-01,8.330000000000000000e+02
3.338000000000000059e-06,8.148323600000000333e-01,0.000000000000000000e+00,8.152492668621701410e-01,8.340000000000000000e+02
3.339000000000000134e-06,8.150763220000000198e-01,0.000000000000000000e+00,8.152492668621701410e-01,8.340000000000000000e+02
3.340000000000000209e-06,8.153202830000000345e-01,1.000000000000000000e+00,8.152492668621701410e-01,8.340000000000000000e+02
3.340999999999999860e-06,8.155642450000000210e-01,0.000000000000000000e+00,8.152492668621701410e-01,8.340000000000000000e+02
3.341999999999999936e-06,8.158082060000000357e-01,0.000000000000000000e+00,8.162267839687195048e-01,8.350000000000000000e+02
3.343000000000000011e-06,8.160521680000000222e-01,0.000000000000000000e+00,8.162267839687195048e-01,8.350000000000000000e+02
3.344000000000000086e-06,8.162961290000000369e-01,0.000000000000000000e+00,8.162267839687195048e-01,8.350000000000000000e+02
3.345000000000000161e-06,8.165400910000000234e-01,0.000000000000000000e+00,8.162267839687195048e-01,8.350000000000000000e+02
3.345999999999999813e-06,8.167840520000000382e-01,0.000000000000000000e+00,8.172043010752688685e-01,8.360000000000000000e+02
3.346999999999999888e-06,8.170280140000000246e-01,0.000000000000000000e+00,8.172043010752688685e-01,8.360000000000000000e+02
3.347999999999999963e-06,8.172719750000000394e-01,0.000000000000000000e+00,8.172043010752688685e-01,8.360000000000000000e+02
3.349000000000000038e-06,8.175159370000000258e-01,0.000000000000000000e+00,8.172043010752688685e-01,8.360000000000000000e+02
3.350000000000000113e-06,8.177598980000000406e-01,0.000000000000000000e+00,8.181818181818182323e-01,8.370000000000000000e+02
3.351000000000000188e-06,8.180038600000000271e-01,0.000000000000000000e+00,8.181818181818182323e-01,8.370000000000000000e+02
3.351999999999999840e-06,8.182478210000000418e-01,0.000000000000000000e+00,8.181818181818182323e-01,8.370000000000000000e+02
3.352999999999999915e-06,8.184917830000000283e-01,0.000000000000000000e+00,8.181818181818182323e-01,8.370000000000000000e+02
3.353999999999999990e-06,8.187357450000000147e-01,0.000000000000000000e+00,8.191593352883675960e-01,8.380000000000000000e+02
3.355000000000000065e-06,8.189797060000000295e-01,0.000000000000000000e+00,8.191593352883675960e-01,8.380000000000000000e+02
3.356000000000000140e-06,8.192236680000000160e-01,0.000000000000000000e+00,8.191593352883675960e-01,8.380000000000000000e+02
3.356999999999999792e-06,8.194676290000000307e-01,0.000000000000000000e+00,8.191593352883675960e-01,8.380000000000000000e+02
3.357999999999999867e-06,8.197115910000000172e-01,0.000000000000000000e+00,8.201368523949169598e-01,8.390000000000000000e+02
3.358999999999999942e-06,8.199555520000000319e-01,0.000000000000000000e+00,8.201368523949169598e-01,8.390000000000000000e+02
3.360000000000000017e-06,8.201995140000000184e-01,0.000000000000000000e+00,8.201368523949169598e-01,8.390000000000000000e+02
3.361000000000000092e-06,8.204434750000000331e-01,0.000000000000000000e+00,8.201368523949169598e-01,8.390000000000000000e+02
3.362000000000000168e-06,8.206874370000000196e-01,0.000000000000000000e+00,8.211143695014663235e-01,8.400000000000000000e+02
3.362999999999999819e-06,8.209313980000000344e-01,0.000000000000000000e+00,8.211143695014663235e-01,8.400000000000000000e+02
3.363999999999999894e-06,8.211753600000000208e-01,0.000000000000000000e+00,8.211143695014663235e-01,8.400000000000000000e+02
3.364999999999999969e-06,8.214193210000000356e-01,0.000000000000000000e+00,8.211143695014663235e-01,8.400000000000000000e+02
3.366000000000000045e-06,8.216632830000000220e-01,0.000000000000000000e+00,8.220918866080156873e-01,8.410000000000000000e+02
3.367000000000000120e-06,8.219072440000000368e-01,0.000000000000000000e+00,8.220918866080156873e-01,8.410000000000000000e+02
3.368000000000000195e-06,8.221512060000000233e-01,0.000000000000000000e+00,8.220918866080156873e-01,8.410000000000000000e+02
3.368999999999999846e-06,8.223951680000000097e-01,0.000000000000000000e+00,8.220918866080156873e-01,8.410000000000000000e+02
3.369999999999999922e-06,8.226391290000000245e-01,0.000000000000000000e+00,8.230694037145650510e-01,8.420000000000000000e+02
3.370999999999999997e-06,8.228830910000000110e-01,0.000000000000000000e+00,8.230694037145650510e-01,8.420000000000000000e+02
3.372000000000000072e-06,8.231270520000000257e-01,0.000000000000000000e+00,8.230694037145650510e-01,8.420000000000000000e+02
3.373000000000000147e-06,8.233710140000000122e-01,0.000000000000000000e+00,8.230694037145650510e-01,8.420000000000000000e+02
3.373999999999999799e-06,8.236149750000000269e-01,0.000000000000000000e+00,8.240469208211144148e-01,8.430000000000000000e+02
3.374999999999999874e-06,8.238589370000000134e-01,0.000000000000000000e+00,8.240469208211144148e-01,8.430000000000000000e+02
3.375999999999999949e-06,8.241028980000000281e-01,0.000000000000000000e+00,8.240469208211144148e-01,8.430000000000000000e+02
3.377000000000000024e-06,8.243468600000000146e-01,0.000000000000000000e+00,8.240469208211144148e-01,8.430000000000000000e+02
3.378000000000000099e-06,8.245908210000000294e-01,0.000000000000000000e+00,8.250244379276637785e-01,8.440000000000000000e+02
3.379000000000000174e-06,8.248347830000000158e-01,0.000000000000000000e+00,8.250244379276637785e-01,8.440000000000000000e+02
3.379999999999999826e-06,8.250787440000000306e-01,0.000000000000000000e+00,8.250244379276637785e-01,8.440000000000000000e+02
3.380999999999999901e-06,8.253227060000000170e-01,0.000000000000000000e+00,8.250244379276637785e-01,8.440000000000000000e+02
3.381999999999999976e-06,8.255666680000000035e-01,0.000000000000000000e+00,8.260019550342131422e-01,8.450000000000000000e+02
3.383000000000000051e-06,8.258106290000000183e-01,0.000000000000000000e+00,8.260019550342131422e-01,8.450000000000000000e+02
3.384000000000000126e-06,8.260545910000000047e-01,0.000000000000000000e+00,8.260019550342131422e-01,8.450000000000000000e+02
3.385000000000000202e-06,8.262985520000000195e-01,0.000000000000000000e+00,8.260019550342131422e-01,8.450000000000000000e+02
3.385999999999999853e-06,8.265425140000000059e-01,0.000000000000000000e+00,8.269794721407625060e-01,8.460000000000000000e+02
3.386999999999999928e-06,8.267864750000000207e-01,0.000000000000000000e+00,8.269794721407625060e-01,8.460000000000000000e+02
3.388000000000000003e-06,8.270304370000000072e-01,0.000000000000000000e+00,8.269794721407625060e-01,8.460000000000000000e+02
3.389000000000000079e-06,8.272743980000000219e-01,0.000000000000000000e+00,8.269794721407625060e-01,8.460000000000000000e+02
3.390000000000000154e-06,8.275183600000000084e-01,0.000000000000000000e+00,8.279569892473118697e-01,8.470000000000000000e+02
3.390999999999999805e-06,8.277623210000000231e-01,0.000000000000000000e+00,8.279569892473118697e-01,8.470000000000000000e+02
3.391999999999999880e-06,8.280062830000000096e-01,0.000000000000000000e+00,8.279569892473118697e-01,8.470000000000000000e+02
3.392999999999999956e-06,8.282502440000000243e-01,0.000000000000000000e+00,8.279569892473118697e-01,8.470000000000000000e+02
3.394000000000000031e-06,8.284942060000000108e-01,0.000000000000000000e+00,8.289345063538612335e-01,8.480000000000000000e+02
3.395000000000000106e-06,8.287381670000000256e-01,0.000000000000000000e+00,8.289345063538612335e-01,8.480000000000000000e+02
3.396000000000000181e-06,8.289821290000000120e-01,0.000000000000000000e+00,8.289345063538612335e-01,8.480000000000000000e+02
3.396999999999999833e-06,8.292260909999999985e-01,0.000000000000000000e+00,8.289345063538612335e-01,8.480000000000000000e+02
3.397999999999999908e-06,8.294700520000000132e-01,0.000000000000000000e+00,8.299120234604105972e-01,8.490000000000000000e+02
3.398999999999999983e-06,8.297140139999999997e-01,0.000000000000000000e+00,8.299120234604105972e-01,8.490000000000000000e+02
3.400000000000000058e-06,8.299579750000000145e-01,0.000000000000000000e+00,8.299120234604105972e-01,8.490000000000000000e+02
3.401000000000000133e-06,8.302019370000000009e-01,0.000000000000000000e+00,8.299120234604105972e-01,8.490000000000000000e+02
3.402000000000000208e-06,8.304458980000000157e-01,0.000000000000000000e+00,8.308895405669599610e-01,8.500000000000000000e+02
3.402999999999999860e-06,8.306898600000000021e-01,0.000000000000000000e+00,8.308895405669599610e-01,8.500000000000000000e+02
3.403999999999999935e-06,8.309338210000000169e-01,0.000000000000000000e+00,8.308895405669599610e-01,8.500000000000000000e+02
3.405000000000000010e-06,8.311777830000000034e-01,0.000000000000000000e+00,8.308895405669599610e-01,8.500000000000000000e+02
3.406000000000000085e-06,8.314217440000000181e-01,0.000000000000000000e+00,8.318670576735093247e-01,8.510000000000000000e+02
3.407000000000000160e-06,8.316657060000000046e-01,0.000000000000000000e+00,8.318670576735093247e-01,8.510000000000000000e+02
3.407999999999999812e-06,8.319096670000000193e-01,0.000000000000000000e+00,8.318670576735093247e-01,8.510000000000000000e+02
3.408999999999999887e-06,8.321536290000000058e-01,0.000000000000000000e+00,8.318670576735093247e-01,8.510000000000000000e+02
3.409999999999999962e-06,8.323975900000000205e-01,0.000000000000000000e+00,8.328445747800586885e-01,8.520000000000000000e+02
3.411000000000000037e-06,8.326415520000000070e-01,0.000000000000000000e+00,8.328445747800586885e-01,8.520000000000000000e+02
3.412000000000000112e-06,8.328855139999999935e-01,0.000000000000000000e+00,8.328445747800586885e-01,8.520000000000000000e+02
3.413000000000000188e-06,8.331294750000000082e-01,0.000000000000000000e+00,8.328445747800586885e-01,8.520000000000000000e+02
3.413999999999999839e-06,8.333734369999999947e-01,0.000000000000000000e+00,8.338220918866080522e-01,8.530000000000000000e+02
3.414999999999999914e-06,8.336173980000000094e-01,0.000000000000000000e+00,8.338220918866080522e-01,8.530000000000000000e+02
3.415999999999999989e-06,8.338613599999999959e-01,0.000000000000000000e+00,8.338220918866080522e-01,8.530000000000000000e+02
3.417000000000000065e-06,8.341053210000000107e-01,0.000000000000000000e+00,8.338220918866080522e-01,8.530000000000000000e+02
3.418000000000000140e-06,8.343492829999999971e-01,0.000000000000000000e+00,8.347996089931574160e-01,8.540000000000000000e+02
3.418999999999999791e-06,8.345932440000000119e-01,0.000000000000000000e+00,8.347996089931574160e-01,8.540000000000000000e+02
3.419999999999999866e-06,8.348372059999999983e-01,0.000000000000000000e+00,8.347996089931574160e-01,8.540000000000000000e+02
3.420999999999999942e-06,8.350811670000000131e-01,0.000000000000000000e+00,8.347996089931574160e-01,8.540000000000000000e+02
3.422000000000000017e-06,8.353251289999999996e-01,0.000000000000000000e+00,8.357771260997067797e-01,8.550000000000000000e+02
3.423000000000000092e-06,8.355690900000000143e-01,0.000000000000000000e+00,8.357771260997067797e-01,8.550000000000000000e+02
3.424000000000000167e-06,8.358130520000000008e-01,0.000000000000000000e+00,8.357771260997067797e-01,8.550000000000000000e+02
3.424999999999999819e-06,8.360570130000000155e-01,0.000000000000000000e+00,8.357771260997067797e-01,8.550000000000000000e+02
3.425999999999999894e-06,8.363009750000000020e-01,0.000000000000000000e+00,8.367546432062561435e-01,8.560000000000000000e+02
3.426999999999999969e-06,8.365449369999999885e-01,0.000000000000000000e+00,8.367546432062561435e-01,8.560000000000000000e+02
3.428000000000000044e-06,8.367888980000000032e-01,0.000000000000000000e+00,8.367546432062561435e-01,8.560000000000000000e+02
3.429000000000000119e-06,8.370328599999999897e-01,0.000000000000000000e+00,8.367546432062561435e-01,8.560000000000000000e+02
3.430000000000000194e-06,8.372768210000000044e-01,0.000000000000000000e+00,8.377321603128055072e-01,8.570000000000000000e+02
3.430999999999999846e-06,8.375207829999999909e-01,0.000000000000000000e+00,8.377321603128055072e-01,8.570000000000000000e+02
3.431999999999999921e-06,8.377647440000000056e-01,0.000000000000000000e+00,8.377321603128055072e-01,8.570000000000000000e+02
3.432999999999999996e-06,8.380087059999999921e-01,0.000000000000000000e+00,8.377321603128055072e-01,8.570000000000000000e+02
3.434000000000000071e-06,8.382526670000000069e-01,0.000000000000000000e+00,8.387096774193548709e-01,8.580000000000000000e+02
3.435000000000000146e-06,8.384966289999999933e-01,0.000000000000000000e+00,8.387096774193548709e-01,8.580000000000000000e+02
3.435999999999999798e-06,8.387405900000000081e-01,0.000000000000000000e+00,8.387096774193548709e-01,8.580000000000000000e+02
3.436999999999999873e-06,8.389845519999999945e-01,0.000000000000000000e+00,8.387096774193548709e-01,8.580000000000000000e+02
3.437999999999999948e-06,8.392285130000000093e-01,0.000000000000000000e+00,8.396871945259042347e-01,8.590000000000000000e+02
3.439000000000000023e-06,8.394724749999999958e-01,0.000000000000000000e+00,8.396871945259042347e-01,8.590000000000000000e+02
3.440000000000000098e-06,8.397164360000000105e-01,0.000000000000000000e+00,8.396871945259042347e-01,8.590000000000000000e+02
3.441000000000000174e-06,8.399603979999999970e-01,0.000000000000000000e+00,8.396871945259042347e-01,8.590000000000000000e+02
3.441999999999999825e-06,8.402043599999999834e-01,0.000000000000000000e+00,8.406647116324535984e-01,8.600000000000000000e+02
3.442999999999999900e-06,8.404483209999999982e-01,0.000000000000000000e+00,8.406647116324535984e-01,8.600000000000000000e+02
3.443999999999999975e-06,8.406922829999999847e-01,0.000000000000000000e+00,8.406647116324535984e-01,8.600000000000000000e+02
3.445000000000000051e-06,8.409362439999999994e-01,0.000000000000000000e+00,8.406647116324535984e-01,8.600000000000000000e+02
3.446000000000000126e-06,8.411802059999999859e-01,0.000000000000000000e+00,8.416422287390029622e-01,8.610000000000000000e+02
3.447000000000000201e-06,8.414241670000000006e-01,0.000000000000000000e+00,8.416422287390029622e-01,8.610000000000000000e+02
3.447999999999999852e-06,8.416681289999999871e-01,0.000000000000000000e+00,8.416422287390029622e-01,8.610000000000000000e+02
3.448999999999999928e-06,8.419120900000000018e-01,0.000000000000000000e+00,8.416422287390029622e-01,8.610000000000000000e+02
3.450000000000000003e-06,8.421560519999999883e-01,0.000000000000000000e+00,8.426197458455523259e-01,8.620000000000000000e+02
3.451000000000000078e-06,8.424000130000000031e-01,0.000000000000000000e+00,8.426197458455523259e-01,8.620000000000000000e+02
3.452000000000000153e-06,8.426439749999999895e-01,0.000000000000000000e+00,8.426197458455523259e-01,8.620000000000000000e+02
3.452999999999999805e-06,8.428879360000000043e-01,0.000000000000000000e+00,8.426197458455523259e-01,8.620000000000000000e+02
3.453999999999999880e-06,8.431318979999999907e-01,0.000000000000000000e+00,8.435972629521016897e-01,8.630000000000000000e+02
3.454999999999999955e-06,8.433758599999999772e-01,0.000000000000000000e+00,8.435972629521016897e-01,8.630000000000000000e+02
3.456000000000000030e-06,8.436198209999999920e-01,0.000000000000000000e+00,8.435972629521016897e-01,8.630000000000000000e+02
3.457000000000000105e-06,8.438637829999999784e-01,0.000000000000000000e+00,8.435972629521016897e-01,8.630000000000000000e+02
3.458000000000000180e-06,8.441077439999999932e-01,0.000000000000000000e+00,8.445747800586510534e-01,8.640000000000000000e+02
3.458999999999999832e-06,8.443517059999999796e-01,0.000000000000000000e+00,8.445747800586510534e-01,8.640000000000000000e+02
3.459999999999999907e-06,8.445956669999999944e-01,0.000000000000000000e+00,8.445747800586510534e-01,8.640000000000000000e+02
3.460999999999999982e-06,8.448396289999999809e-01,0.000000000000000000e+00,8.445747800586510534e-01,8.640000000000000000e+02
3.462000000000000057e-06,8.450835899999999956e-01,0.000000000000000000e+00,8.455522971652004172e-01,8.650000000000000000e+02
3.463000000000000132e-06,8.453275519999999821e-01,0.000000000000000000e+00,8.455522971652004172e-01,8.650000000000000000e+02
3.464000000000000207e-06,8.455715129999999968e-01,0.000000000000000000e+00,8.455522971652004172e-01,8.650000000000000000e+02
3.464999999999999859e-06,8.458154749999999833e-01,0.000000000000000000e+00,8.455522971652004172e-01,8.650000000000000000e+02
3.465999999999999934e-06,8.460594359999999980e-01,0.000000000000000000e+00,8.465298142717497809e-01,8.660000000000000000e+02
3.467000000000000009e-06,8.463033979999999845e-01,0.000000000000000000e+00,8.465298142717497809e-01,8.660000000000000000e+02
3.468000000000000084e-06,8.465473589999999993e-01,0.000000000000000000e+00,8.465298142717497809e-01,8.660000000000000000e+02
3.469000000000000160e-06,8.467913209999999857e-01,0.000000000000000000e+00,8.465298142717497809e-01,8.660000000000000000e+02
3.469999999999999811e-06,8.470352829999999722e-01,0.000000000000000000e+00,8.475073313782991447e-01,8.670000000000000000e+02
3.470999999999999886e-06,8.472792439999999869e-01,0.000000000000000000e+00,8.475073313782991447e-01,8.670000000000000000e+02
3.471999999999999961e-06,8.475232059999999734e-01,0.000000000000000000e+00,8.475073313782991447e-01,8.670000000000000000e+02
3.473000000000000037e-06,8.477671669999999882e-01,0.000000000000000000e+00,8.475073313782991447e-01,8.670000000000000000e+02
3.474000000000000112e-06,8.480111289999999746e-01,0.000000000000000000e+00,8.484848484848485084e-01,8.680000000000000000e+02
3.475000000000000187e-06,8.482550899999999894e-01,0.000000000000000000e+00,8.484848484848485084e-01,8.680000000000000000e+02
3.475999999999999838e-06,8.484990519999999758e-01,0.000000000000000000e+00,8.484848484848485084e-01,8.680000000000000000e+02
3.476999999999999914e-06,8.487430129999999906e-01,0.000000000000000000e+00,8.484848484848485084e-01,8.680000000000000000e+02
3.477999999999999989e-06,8.489869749999999771e-01,0.000000000000000000e+00,8.494623655913978721e-01,8.690000000000000000e+02
3.479000000000000064e-06,8.492309359999999918e-01,0.000000000000000000e+00,8.494623655913978721e-01,8.690000000000000000e+02
3.480000000000000139e-06,8.494748979999999783e-01,0.000000000000000000e+00,8.494623655913978721e-01,8.690000000000000000e+02
3.480999999999999791e-06,8.497188589999999930e-01,0.000000000000000000e+00,8.494623655913978721e-01,8.690000000000000000e+02
3.481999999999999866e-06,8.499628209999999795e-01,0.000000000000000000e+00,8.504398826979472359e-01,8.700000000000000000e+02
3.482999999999999941e-06,8.502067819999999942e-01,0.000000000000000000e+00,8.504398826979472359e-01,8.700000000000000000e+02
3.484000000000000016e-06,8.504507439999999807e-01,0.000000000000000000e+00,8.504398826979472359e-01,8.700000000000000000e+02
3.485000000000000091e-06,8.506947059999999672e-01,0.000000000000000000e+00,8.504398826979472359e-01,8.700000000000000000e+02
3.486000000000000166e-06,8.509386669999999819e-01,0.000000000000000000e+00,8.514173998044965996e-01,8.710000000000000000e+02
3.486999999999999818e-06,8.511826289999999684e-01,0.000000000000000000e+00,8.514173998044965996e-01,8.710000000000000000e+02
3.487999999999999893e-06,8.514265899999999831e-01,0.000000000000000000e+00,8.514173998044965996e-01,8.710000000000000000e+02
3.488999999999999968e-06,8.516705519999999696e-01,0.000000000000000000e+00,8.514173998044965996e-01,8.710000000000000000e+02
3.490000000000000043e-06,8.519145129999999844e-01,0.000000000000000000e+00,8.523949169110459634e-01,8.720000000000000000e+02
3.491000000000000118e-06,8.521584749999999708e-01,0.000000000000000000e+00,8.523949169110459634e-01,8.720000000000000000e+02
3.492000000000000193e-06,8.524024359999999856e-01,0.000000000000000000e+00,8.523949169110459634e-01,8.720000000000000000e+02
3.492999999999999845e-06,8.526463979999999721e-01,0.000000000000000000e+00,8.523949169110459634e-01,8.720000000000000000e+02
3.493999999999999920e-06,8.528903589999999868e-01,0.000000000000000000e+00,8.533724340175953271e-01,8.730000000000000000e+02
3.494999999999999995e-06,8.531343209999999733e-01,0.000000000000000000e+00,8.533724340175953271e-01,8.730000000000000000e+02
3.496000000000000070e-06,8.533782819999999880e-01,0.000000000000000000e+00,8.533724340175953271e-01,8.730000000000000000e+02
3.497000000000000146e-06,8.536222439999999745e-01,0.000000000000000000e+00,8.533724340175953271e-01,8.730000000000000000e+02
3.497999999999999797e-06,8.538662049999999892e-01,0.000000000000000000e+00,8.543499511241446909e-01,8.740000000000000000e+02
3.498999999999999872e-06,8.541101669999999757e-01,0.000000000000000000e+00,8.543499511241446909e-01,8.740000000000000000e+02
3.499999999999999947e-06,8.543541289999999622e-01,0.000000000000000000e+00,8.543499511241446909e-01,8.740000000000000000e+02
3.501000000000000023e-06,8.545980899999999769e-01,0.000000000000000000e+00,8.543499511241446909e-01,8.740000000000000000e+02
3.502000000000000098e-06,8.548420519999999634e-01,0.000000000000000000e+00,8.553274682306940546e-01,8.750000000000000000e+02
3.503000000000000173e-06,8.550860129999999781e-01,0.000000000000000000e+00,8.553274682306940546e-01,8.750000000000000000e+02
3.503999999999999824e-06,8.553299749999999646e-01,0.000000000000000000e+00,8.553274682306940546e-01,8.750000000000000000e+02
3.504999999999999900e-06,8.555739359999999794e-01,0.000000000000000000e+00,8.553274682306940546e-01,8.750000000000000000e+02
3.505999999999999975e-06,8.558178979999999658e-01,0.000000000000000000e+00,8.563049853372434184e-01,8.760000000000000000e+02
3.507000000000000050e-06,8.560618589999999806e-01,0.000000000000000000e+00,8.563049853372434184e-01,8.760000000000000000e+02
3.508000000000000125e-06,8.563058209999999670e-01,0.000000000000000000e+00,8.563049853372434184e-01,8.760000000000000000e+02
3.509000000000000200e-06,8.565497819999999818e-01,0.000000000000000000e+00,8.563049853372434184e-01,8.760000000000000000e+02
3.509999999999999852e-06,8.567937439999999683e-01,0.000000000000000000e+00,8.572825024437927821e-01,8.770000000000000000e+02
3.510999999999999927e-06,8.570377049999999830e-01,0.000000000000000000e+00,8.572825024437927821e-01,8.770000000000000000e+02
3.512000000000000002e-06,8.572816669999999695e-01,0.000000000000000000e+00,8.572825024437927821e-01,8.770000000000000000e+02
3.513000000000000077e-06,8.575256279999999842e-01,0.000000000000000000e+00,8.572825024437927821e-01,8.770000000000000000e+02
3.514000000000000152e-06,8.577695899999999707e-01,0.000000000000000000e+00,8.582600195503421459e-01,8.780000000000000000e+02
3.514999999999999804e-06,8.580135519999999572e-01,0.000000000000000000e+00,8.582600195503421459e-01,8.780000000000000000e+02
3.515999999999999879e-06,8.582575129999999719e-01,0.000000000000000000e+00,8.582600195503421459e-01,8.780000000000000000e+02
3.516999999999999954e-06,8.585014749999999584e-01,0.000000000000000000e+00,8.582600195503421459e-01,8.780000000000000000e+02
3.518000000000000029e-06,8.587454359999999731e-01,0.000000000000000000e+00,8.592375366568915096e-01,8.790000000000000000e+02
3.519000000000000104e-06,8.589893979999999596e-01,0.000000000000000000e+00,8.592375366568915096e-01,8.790000000000000000e+02
3.520000000000000180e-06,8.592333589999999743e-01,0.000000000000000000e+00,8.592375366568915096e-01,8.790000000000000000e+02
3.520999999999999831e-06,8.594773209999999608e-01,0.000000000000000000e+00,8.592375366568915096e-01,8.790000000000000000e+02
3.521999999999999906e-06,8.597212819999999756e-01,0.000000000000000000e+00,8.602150537634408733e-01,8.800000000000000000e+02
3.522999999999999981e-06,8.599652439999999620e-01,0.000000000000000000e+00,8.602150537634408733e-01,8.800000000000000000e+02
3.524000000000000057e-06,8.602092049999999768e-01,0.000000000000000000e+00,8.602150537634408733e-01,8.800000000000000000e+02
3.525000000000000132e-06,8.604531669999999632e-01,0.000000000000000000e+00,8.602150537634408733e-01,8.800000000000000000e+02
3.526000000000000207e-06,8.606971279999999780e-01,0.000000000000000000e+00,8.611925708699902371e-01,8.810000000000000000e+02
3.526999999999999858e-06,8.609410899999999645e-01,0.000000000000000000e+00,8.611925708699902371e-01,8.810000000000000000e+02
3.527999999999999934e-06,8.611850519999999509e-01,0.000000000000000000e+00,8.611925708699902371e-01,8.810000000000000000e+02
3.529000000000000009e-06,8.614290129999999657e-01,0.000000000000000000e+00,8.611925708699902371e-01,8.810000000000000000e+02
3.530000000000000084e-06,8.616729749999999521e-01,0.000000000000000000e+00,8.621700879765396008e-01,8.820000000000000000e+02
3.531000000000000159e-06,8.619169359999999669e-01,0.000000000000000000e+00,8.621700879765396008e-01,8.820000000000000000e+02
3.531999999999999811e-06,8.621608979999999534e-01,0.000000000000000000e+00,8.621700879765396008e-01,8.820000000000000000e+02
3.532999999999999886e-06,8.624048589999999681e-01,0.000000000000000000e+00,8.621700879765396008e-01,8.820000000000000000e+02
3.533999999999999961e-06,8.626488209999999546e-01,0.000000000000000000e+00,8.631476050830889646e-01,8.830000000000000000e+02
3.535000000000000036e-06,8.628927819999999693e-01,0.000000000000000000e+00,8.631476050830889646e-01,8.830000000000000000e+02
3.536000000000000111e-06,8.631367439999999558e-01,0.000000000000000000e+00,8.631476050830889646e-01,8.830000000000000000e+02
3.537000000000000186e-06,8.633807049999999705e-01,0.000000000000000000e+00,8.631476050830889646e-01,8.830000000000000000e+02
3.537999999999999838e-06,8.636246669999999570e-01,0.000000000000000000e+00,8.641251221896383283e-01,8.840000000000000000e+02
3.538999999999999913e-06,8.638686279999999718e-01,0.000000000000000000e+00,8.641251221896383283e-01,8.840000000000000000e+02
3.539999999999999988e-06,8.641125899999999582e-01,0.000000000000000000e+00,8.641251221896383283e-01,8.840000000000000000e+02
3.541000000000000063e-06,8.643565509999999730e-01,0.000000000000000000e+00,8.641251221896383283e-01,8.840000000000000000e+02
3.542000000000000138e-06,8.646005129999999594e-01,0.000000000000000000e+00,8.651026392961876921e-01,8.850000000000000000e+02
3.542999999999999790e-06,8.648444749999999459e-01,0.000000000000000000e+00,8.651026392961876921e-01,8.850000000000000000e+02
3.543999999999999865e-06,8.650884359999999607e-01,0.000000000000000000e+00,8.651026392961876921e-01,8.850000000000000000e+02
3.544999999999999940e-06,8.653323979999999471e-01,0.000000000000000000e+00,8.651026392961876921e-01,8.850000000000000000e+02
3.546000000000000015e-06,8.655763589999999619e-01,0.000000000000000000e+00,8.660801564027370558e-01,8.860000000000000000e+02
3.547000000000000090e-06,8.658203209999999483e-01,0.000000000000000000e+00,8.660801564027370558e-01,8.860000000000000000e+02
3.548000000000000166e-06,8.660642819999999631e-01,0.000000000000000000e+00,8.660801564027370558e-01,8.860000000000000000e+02
3.548999999999999817e-06,8.663082439999999496e-01,0.000000000000000000e+00,8.660801564027370558e-01,8.860000000000000000e+02
3.549999999999999892e-06,8.665522049999999643e-01,0.000000000000000000e+00,8.660801564027370558e-01,8.860000000000000000e+02
3.550999999999999967e-06,8.667961669999999508e-01,0.000000000000000000e+00,8.670576735092864196e-01,8.870000000000000000e+02
3.552000000000000043e-06,8.670401279999999655e-01,0.000000000000000000e+00,8.670576735092864196e-01,8.870000000000000000e+02
3.553000000000000118e-06,8.672840899999999520e-01,0.000000000000000000e+00,8.670576735092864196e-01,8.870000000000000000e+02
3.554000000000000193e-06,8.675280509999999667e-01,0.000000000000000000e+00,8.670576735092864196e-01,8.870000000000000000e+02
3.554999999999999844e-06,8.677720129999999532e-01,0.000000000000000000e+00,8.680351906158357833e-01,8.880000000000000000e+02
3.555999999999999920e-06,8.680159739999999680e-01,0.000000000000000000e+00,8.680351906158357833e-01,8.880000000000000000e+02
3.556999999999999995e-06,8.682599359999999544e-01,0.000000000000000000e+00,8.680351906158357833e-01,8.880000000000000000e+02
3.558000000000000070e-06,8.685038980000000519e-01,0.000000000000000000e+00,8.680351906158357833e-01,8.880000000000000000e+02
3.559000000000000145e-06,8.687478589999999556e-01,0.000000000000000000e+00,8.690127077223851471e-01,8.890000000000000000e+02
3.559999999999999797e-06,8.689918210000000531e-01,0.000000000000000000e+00,8.690127077223851471e-01,8.890000000000000000e+02
3.560999999999999872e-06,8.692357819999999569e-01,0.000000000000000000e+00,8.690127077223851471e-01,8.890000000000000000e+02
3.561999999999999947e-06,8.694797440000000543e-01,0.000000000000000000e+00,8.690127077223851471e-01,8.890000000000000000e+02
3.563000000000000022e-06,8.697237049999999581e-01,0.000000000000000000e+00,8.699902248289345108e-01,8.900000000000000000e+02
3.564000000000000097e-06,8.699676669999999445e-01,0.000000000000000000e+00,8.699902248289345108e-01,8.900000000000000000e+02
3.565000000000000172e-06,8.702116279999999593e-01,0.000000000000000000e+00,8.699902248289345108e-01,8.900000000000000000e+02
3.565999999999999824e-06,8.704555899999999458e-01,0.000000000000000000e+00,8.699902248289345108e-01,8.900000000000000000e+02
3.566999999999999899e-06,8.706995509999999605e-01,0.000000000000000000e+00,8.709677419354838745e-01,8.910000000000000000e+02
3.567999999999999974e-06,8.709435129999999470e-01,0.000000000000000000e+00,8.709677419354838745e-01,8.910000000000000000e+02
3.569000000000000049e-06,8.711874739999999617e-01,0.000000000000000000e+00,8.709677419354838745e-01,8.910000000000000000e+02
3.570000000000000124e-06,8.714314359999999482e-01,0.000000000000000000e+00,8.709677419354838745e-01,8.910000000000000000e+02
3.571000000000000199e-06,8.716753969999999629e-01,0.000000000000000000e+00,8.719452590420332383e-01,8.920000000000000000e+02
3.571999999999999851e-06,8.719193589999999494e-01,0.000000000000000000e+00,8.719452590420332383e-01,8.920000000000000000e+02
3.572999999999999926e-06,8.721633210000000469e-01,0.000000000000000000e+00,8.719452590420332383e-01,8.920000000000000000e+02
3.574000000000000001e-06,8.724072819999999506e-01,0.000000000000000000e+00,8.719452590420332383e-01,8.920000000000000000e+02
3.575000000000000076e-06,8.726512440000000481e-01,0.000000000000000000e+00,8.729227761485826020e-01,8.930000000000000000e+02
3.576000000000000152e-06,8.728952049999999518e-01,0.000000000000000000e+00,8.729227761485826020e-01,8.930000000000000000e+02
3.576999999999999803e-06,8.731391670000000493e-01,0.000000000000000000e+00,8.729227761485826020e-01,8.930000000000000000e+02
3.577999999999999878e-06,8.733831279999999531e-01,0.000000000000000000e+00,8.729227761485826020e-01,8.930000000000000000e+02
3.578999999999999953e-06,8.736270900000000506e-01,0.000000000000000000e+00,8.739002932551319658e-01,8.940000000000000000e+02
3.580000000000000029e-06,8.738710509999999543e-01,0.000000000000000000e+00,8.739002932551319658e-01,8.940000000000000000e+02
3.581000000000000104e-06,8.741150130000000518e-01,0.000000000000000000e+00,8.739002932551319658e-01,8.940000000000000000e+02
3.582000000000000179e-06,8.743589739999999555e-01,0.000000000000000000e+00,8.739002932551319658e-01,8.940000000000000000e+02
3.582999999999999830e-06,8.746029360000000530e-01,0.000000000000000000e+00,8.748778103616813295e-01,8.950000000000000000e+02
3.583999999999999906e-06,8.748468969999999567e-01,0.000000000000000000e+00,8.748778103616813295e-01,8.950000000000000000e+02
3.584999999999999981e-06,8.750908590000000542e-01,0.000000000000000000e+00,8.748778103616813295e-01,8.950000000000000000e+02
3.586000000000000056e-06,8.753348199999999579e-01,0.000000000000000000e+00,8.748778103616813295e-01,8.950000000000000000e+02
3.587000000000000131e-06,8.755787820000000554e-01,0.000000000000000000e+00,8.758553274682306933e-01,8.960000000000000000e+02
3.588000000000000206e-06,8.758227440000000419e-01,0.000000000000000000e+00,8.758553274682306933e-01,8.960000000000000000e+02
3.588999999999999858e-06,8.760667049999999456e-01,0.000000000000000000e+00,8.758553274682306933e-01,8.960000000000000000e+02
3.589999999999999933e-06,8.763106670000000431e-01,0.000000000000000000e+00,8.758553274682306933e-01,8.960000000000000000e+02
3.591000000000000008e-06,8.765546279999999468e-01,0.000000000000000000e+00,8.768328445747800570e-01,8.970000000000000000e+02
3.592000000000000083e-06,8.767985900000000443e-01,0.000000000000000000e+00,8.768328445747800570e-01,8.970000000000000000e+02
3.593000000000000158e-06,8.770425509999999480e-01,0.000000000000000000e+00,8.768328445747800570e-01,8.970000000000000000e+02
3.593999999999999810e-06,8.772865130000000455e-01,0.000000000000000000e+00,8.768328445747800570e-01,8.970000000000000000e+02
3.594999999999999885e-06,8.775304739999999493e-01,0.000000000000000000e+00,8.778103616813294208e-01,8.980000000000000000e+02
3.595999999999999960e-06,8.777744360000000468e-01,0.000000000000000000e+00,8.778103616813294208e-01,8.980000000000000000e+02
3.597000000000000035e-06,8.780183969999999505e-01,0.000000000000000000e+00,8.778103616813294208e-01,8.980000000000000000e+02
3.598000000000000110e-06,8.782623590000000480e-01,0.000000000000000000e+00,8.778103616813294208e-01,8.980000000000000000e+02
3.599000000000000185e-06,8.785063199999999517e-01,0.000000000000000000e+00,8.787878787878787845e-01,8.990000000000000000e+02
3.599999999999999837e-06,8.787502820000000492e-01,0.000000000000000000e+00,8.787878787878787845e-01,8.990000000000000000e+02
3.600999999999999912e-06,8.789942440000000357e-01,0.000000000000000000e+00,8.787878787878787845e-01,8.990000000000000000e+02
3.601999999999999987e-06,8.792382050000000504e-01,0.000000000000000000e+00,8.787878787878787845e-01,8.990000000000000000e+02
3.603000000000000062e-06,8.794821670000000369e-01,0.000000000000000000e+00,8.797653958944281483e-01,9.000000000000000000e+02
3.604000000000000138e-06,8.797261280000000516e-01,0.000000000000000000e+00,8.797653958944281483e-01,9.000000000000000000e+02
3.604999999999999789e-06,8.799700900000000381e-01,0.000000000000000000e+00,8.797653958944281483e-01,9.000000000000000000e+02
3.605999999999999864e-06,8.802140510000000528e-01,0.000000000000000000e+00,8.797653958944281483e-01,9.000000000000000000e+02
3.606999999999999939e-06,8.804580130000000393e-01,0.000000000000000000e+00,8.807429130009775120e-01,9.010000000000000000e+02
3.608000000000000015e-06,8.807019740000000541e-01,0.000000000000000000e+00,8.807429130009775120e-01,9.010000000000000000e+02
3.609000000000000090e-06,8.809459360000000405e-01,0.000000000000000000e+00,8.807429130009775120e-01,9.010000000000000000e+02
3.610000000000000165e-06,8.811898970000000553e-01,0.000000000000000000e+00,8.807429130009775120e-01,9.010000000000000000e+02
3.610999999999999816e-06,8.814338590000000417e-01,0.000000000000000000e+00,8.817204301075268758e-01,9.020000000000000000e+02
3.611999999999999892e-06,8.816778199999999455e-01,0.000000000000000000e+00,8.817204301075268758e-01,9.020000000000000000e+02
3.612999999999999967e-06,8.819217820000000430e-01,0.000000000000000000e+00,8.817204301075268758e-01,9.020000000000000000e+02
3.614000000000000042e-06,8.821657429999999467e-01,0.000000000000000000e+00,8.817204301075268758e-01,9.020000000000000000e+02
3.615000000000000117e-06,8.824097050000000442e-01,0.000000000000000000e+00,8.826979472140762395e-01,9.030000000000000000e+02
3.616000000000000192e-06,8.826536670000000306e-01,0.000000000000000000e+00,8.826979472140762395e-01,9.030000000000000000e+02
3.616999999999999844e-06,8.828976280000000454e-01,0.000000000000000000e+00,8.826979472140762395e-01,9.030000000000000000e+02
3.617999999999999919e-06,8.831415900000000319e-01,0.000000000000000000e+00,8.826979472140762395e-01,9.030000000000000000e+02
3.618999999999999994e-06,8.833855510000000466e-01,0.000000000000000000e+00,8.836754643206256032e-01,9.040000000000000000e+02
3.620000000000000069e-06,8.836295130000000331e-01,0.000000000000000000e+00,8.836754643206256032e-01,9.040000000000000000e+02
3.621000000000000144e-06,8.838734740000000478e-01,0.000000000000000000e+00,8.836754643206256032e-01,9.040000000000000000e+02
3.621999999999999796e-06,8.841174360000000343e-01,0.000000000000000000e+00,8.836754643206256032e-01,9.040000000000000000e+02
3.622999999999999871e-06,8.843613970000000490e-01,0.000000000000000000e+00,8.846529814271749670e-01,9.050000000000000000e+02
3.623999999999999946e-06,8.846053590000000355e-01,0.000000000000000000e+00,8.846529814271749670e-01,9.050000000000000000e+02
3.625000000000000021e-06,8.848493200000000503e-01,0.000000000000000000e+00,8.846529814271749670e-01,9.050000000000000000e+02
3.626000000000000096e-06,8.850932820000000367e-01,0.000000000000000000e+00,8.846529814271749670e-01,9.050000000000000000e+02
3.627000000000000172e-06,8.853372430000000515e-01,0.000000000000000000e+00,8.856304985337243307e-01,9.060000000000000000e+02
3.627999999999999823e-06,8.855812050000000379e-01,0.000000000000000000e+00,8.856304985337243307e-01,9.060000000000000000e+02
3.628999999999999898e-06,8.858251660000000527e-01,0.000000000000000000e+00,8.856304985337243307e-01,9.060000000000000000e+02
3.629999999999999973e-06,8.860691280000000392e-01,0.000000000000000000e+00,8.856304985337243307e-01,9.060000000000000000e+02
3.631000000000000049e-06,8.863130900000000256e-01,0.000000000000000000e+00,8.866080156402736945e-01,9.070000000000000000e+02
3.632000000000000124e-06,8.865570510000000404e-01,0.000000000000000000e+00,8.866080156402736945e-01,9.070000000000000000e+02
3.633000000000000199e-06,8.868010130000000268e-01,0.000000000000000000e+00,8.866080156402736945e-01,9.070000000000000000e+02
3.633999999999999850e-06,8.870449740000000416e-01,0.000000000000000000e+00,8.866080156402736945e-01,9.070000000000000000e+02
3.634999999999999926e-06,8.872889360000000281e-01,0.000000000000000000e+00,8.875855327468230582e-01,9.080000000000000000e+02
3.636000000000000001e-06,8.875328970000000428e-01,0.000000000000000000e+00,8.875855327468230582e-01,9.080000000000000000e+02
3.637000000000000076e-06,8.877768590000000293e-01,0.000000000000000000e+00,8.875855327468230582e-01,9.080000000000000000e+02
3.638000000000000151e-06,8.880208200000000440e-01,0.000000000000000000e+00,8.875855327468230582e-01,9.080000000000000000e+02
3.638999999999999803e-06,8.882647820000000305e-01,0.000000000000000000e+00,8.885630498533724220e-01,9.090000000000000000e+02
3.639999999999999878e-06,8.885087430000000452e-01,0.000000000000000000e+00,8.885630498533724220e-01,9.090000000000000000e+02
3.640999999999999953e-06,8.887527050000000317e-01,0.000000000000000000e+00,8.885630498533724220e-01,9.090000000000000000e+02
3.642000000000000028e-06,8.889966660000000465e-01,0.000000000000000000e+00,8.885630498533724220e-01,9.090000000000000000e+02
3.643000000000000103e-06,8.892406280000000329e-01,0.000000000000000000e+00,8.895405669599217857e-01,9.100000000000000000e+02
3.644000000000000178e-06,8.894845890000000477e-01,0.000000000000000000e+00,8.895405669599217857e-01,9.100000000000000000e+02
3.644999999999999830e-06,8.897285510000000341e-01,0.000000000000000000e+00,8.895405669599217857e-01,9.100000000000000000e+02
3.645999999999999905e-06,8.899725130000000206e-01,0.000000000000000000e+00,8.895405669599217857e-01,9.100000000000000000e+02
3.646999999999999980e-06,8.902164740000000354e-01,0.000000000000000000e+00,8.905180840664711495e-01,9.110000000000000000e+02
3.648000000000000055e-06,8.904604360000000218e-01,0.000000000000000000e+00,8.905180840664711495e-01,9.110000000000000000e+02
3.649000000000000130e-06,8.907043970000000366e-01,0.000000000000000000e+00,8.905180840664711495e-01,9.110000000000000000e+02
3.650000000000000205e-06,8.909483590000000230e-01,0.000000000000000000e+00,8.905180840664711495e-01,9.110000000000000000e+02
3.650999999999999857e-06,8.911923200000000378e-01,0.000000000000000000e+00,8.914956011730205132e-01,9.120000000000000000e+02
3.651999999999999932e-06,8.914362820000000243e-01,0.000000000000000000e+00,8.914956011730205132e-01,9.120000000000000000e+02
3.653000000000000007e-06,8.916802430000000390e-01,0.000000000000000000e+00,8.914956011730205132e-01,9.120000000000000000e+02
3.654000000000000082e-06,8.919242050000000255e-01,0.000000000000000000e+00,8.914956011730205132e-01,9.120000000000000000e+02
3.655000000000000158e-06,8.921681660000000402e-01,0.000000000000000000e+00,8.924731182795698770e-01,9.130000000000000000e+02
3.655999999999999809e-06,8.924121280000000267e-01,0.000000000000000000e+00,8.924731182795698770e-01,9.130000000000000000e+02
3.656999999999999884e-06,8.926560890000000414e-01,0.000000000000000000e+00,8.924731182795698770e-01,9.130000000000000000e+02
3.657999999999999959e-06,8.929000510000000279e-01,0.000000000000000000e+00,8.924731182795698770e-01,9.130000000000000000e+02
3.659000000000000035e-06,8.931440120000000427e-01,0.000000000000000000e+00,8.934506353861192407e-01,9.140000000000000000e+02
3.660000000000000110e-06,8.933879740000000291e-01,0.000000000000000000e+00,8.934506353861192407e-01,9.140000000000000000e+02
3.661000000000000185e-06,8.936319360000000156e-01,0.000000000000000000e+00,8.934506353861192407e-01,9.140000000000000000e+02
3.661999999999999836e-06,8.938758970000000303e-01,0.000000000000000000e+00,8.934506353861192407e-01,9.140000000000000000e+02
3.662999999999999912e-06,8.941198590000000168e-01,0.000000000000000000e+00,8.944281524926686044e-01,9.150000000000000000e+02
3.663999999999999987e-06,8.943638200000000316e-01,0.000000000000000000e+00,8.944281524926686044e-01,9.150000000000000000e+02
3.665000000000000062e-06,8.946077820000000180e-01,0.000000000000000000e+00,8.944281524926686044e-01,9.150000000000000000e+02
3.666000000000000137e-06,8.948517430000000328e-01,0.000000000000000000e+00,8.944281524926686044e-01,9.150000000000000000e+02
3.666999999999999789e-06,8.950957050000000192e-01,0.000000000000000000e+00,8.954056695992179682e-01,9.160000000000000000e+02
3.667999999999999864e-06,8.953396660000000340e-01,0.000000000000000000e+00,8.954056695992179682e-01,9.160000000000000000e+02
3.668999999999999939e-06,8.955836280000000205e-01,0.000000000000000000e+00,8.954056695992179682e-01,9.160000000000000000e+02
3.670000000000000014e-06,8.958275890000000352e-01,0.000000000000000000e+00,8.954056695992179682e-01,9.160000000000000000e+02
3.671000000000000089e-06,8.960715510000000217e-01,0.000000000000000000e+00,8.963831867057673319e-01,9.170000000000000000e+02
3.672000000000000164e-06,8.963155120000000364e-01,0.000000000000000000e+00,8.963831867057673319e-01,9.170000000000000000e+02
3.672999999999999816e-06,8.965594740000000229e-01,0.000000000000000000e+00,8.963831867057673319e-01,9.170000000000000000e+02
3.673999999999999891e-06,8.968034360000000094e-01,0.000000000000000000e+00,8.963831867057673319e-01,9.170000000000000000e+02
3.674999999999999966e-06,8.970473970000000241e-01,0.000000000000000000e+00,8.973607038123166957e-01,9.180000000000000000e+02
3.676000000000000041e-06,8.972913590000000106e-01,0.000000000000000000e+00,8.973607038123166957e-01,9.180000000000000000e+02
3.677000000000000116e-06,8.975353200000000253e-01,0.000000000000000000e+00,8.973607038123166957e-01,9.180000000000000000e+02
3.678000000000000191e-06,8.977792820000000118e-01,0.000000000000000000e+00,8.973607038123166957e-01,9.180000000000000000e+02
3.678999999999999843e-06,8.980232430000000265e-01,0.000000000000000000e+00,8.983382209188660594e-01,9.190000000000000000e+02
3.679999999999999918e-06,8.982672050000000130e-01,0.000000000000000000e+00,8.983382209188660594e-01,9.190000000000000000e+02
3.680999999999999993e-06,8.985111660000000278e-01,0.000000000000000000e+00,8.983382209188660594e-01,9.190000000000000000e+02
3.682000000000000068e-06,8.987551280000000142e-01,0.000000000000000000e+00,8.983382209188660594e-01,9.190000000000000000e+02
3.683000000000000144e-06,8.989990890000000290e-01,0.000000000000000000e+00,8.993157380254154232e-01,9.200000000000000000e+02
3.683999999999999795e-06,8.992430510000000154e-01,0.000000000000000000e+00,8.993157380254154232e-01,9.200000000000000000e+02
3.684999999999999870e-06,8.994870120000000302e-01,0.000000000000000000e+00,8.993157380254154232e-01,9.200000000000000000e+02
3.685999999999999945e-06,8.997309740000000167e-01,0.000000000000000000e+00,8.993157380254154232e-01,9.200000000000000000e+02
3.687000000000000021e-06,8.999749350000000314e-01,0.000000000000000000e+00,9.002932551319647869e-01,9.210000000000000000e+02
3.688000000000000096e-06,9.002188970000000179e-01,0.000000000000000000e+00,9.002932551319647869e-01,9.210000000000000000e+02
3.689000000000000171e-06,9.004628590000000044e-01,0.000000000000000000e+00,9.002932551319647869e-01,9.210000000000000000e+02
3.689999999999999822e-06,9.007068200000000191e-01,0.000000000000000000e+00,9.002932551319647869e-01,9.210000000000000000e+02
3.690999999999999898e-06,9.009507820000000056e-01,0.000000000000000000e+00,9.012707722385141507e-01,9.220000000000000000e+02
3.691999999999999973e-06,9.011947430000000203e-01,0.000000000000000000e+00,9.012707722385141507e-01,9.220000000000000000e+02
3.693000000000000048e-06,9.014387050000000068e-01,0.000000000000000000e+00,9.012707722385141507e-01,9.220000000000000000e+02
3.694000000000000123e-06,9.016826660000000215e-01,0.000000000000000000e+00,9.012707722385141507e-01,9.220000000000000000e+02
3.695000000000000198e-06,9.019266280000000080e-01,0.000000000000000000e+00,9.022482893450635144e-01,9.230000000000000000e+02
3.695999999999999850e-06,9.021705890000000228e-01,0.000000000000000000e+00,9.022482893450635144e-01,9.230000000000000000e+02
3.696999999999999925e-06,9.024145510000000092e-01,0.000000000000000000e+00,9.022482893450635144e-01,9.230000000000000000e+02
3.698000000000000000e-06,9.026585120000000240e-01,0.000000000000000000e+00,9.022482893450635144e-01,9.230000000000000000e+02
3.699000000000000075e-06,9.029024740000000104e-01,0.000000000000000000e+00,9.032258064516128782e-01,9.240000000000000000e+02
3.700000000000000150e-06,9.031464350000000252e-01,0.000000000000000000e+00,9.032258064516128782e-01,9.240000000000000000e+02
3.700999999999999802e-06,9.033903970000000117e-01,0.000000000000000000e+00,9.032258064516128782e-01,9.240000000000000000e+02
3.701999999999999877e-06,9.036343580000000264e-01,0.000000000000000000e+00,9.032258064516128782e-01,9.240000000000000000e+02
3.702999999999999952e-06,9.038783200000000129e-01,0.000000000000000000e+00,9.042033235581622419e-01,9.250000000000000000e+02
3.704000000000000027e-06,9.041222819999999993e-01,0.000000000000000000e+00,9.042033235581622419e-01,9.250000000000000000e+02
3.705000000000000102e-06,9.043662430000000141e-01,0.000000000000000000e+00,9.042033235581622419e-01,9.250000000000000000e+02
3.706000000000000177e-06,9.046102050000000006e-01,0.000000000000000000e+00,9.042033235581622419e-01,9.250000000000000000e+02
3.706999999999999829e-06,9.048541660000000153e-01,0.000000000000000000e+00,9.051808406647116056e-01,9.260000000000000000e+02
3.707999999999999904e-06,9.050981280000000018e-01,0.000000000000000000e+00,9.051808406647116056e-01,9.260000000000000000e+02
3.708999999999999979e-06,9.053420890000000165e-01,0.000000000000000000e+00,9.051808406647116056e-01,9.260000000000000000e+02
3.710000000000000054e-06,9.055860510000000030e-01,0.000000000000000000e+00,9.051808406647116056e-01,9.260000000000000000e+02
3.711000000000000130e-06,9.058300120000000177e-01,0.000000000000000000e+00,9.061583577712609694e-01,9.270000000000000000e+02
3.712000000000000205e-06,9.060739740000000042e-01,0.000000000000000000e+00,9.061583577712609694e-01,9.270000000000000000e+02
3.712999999999999856e-06,9.063179350000000190e-01,0.000000000000000000e+00,9.061583577712609694e-01,9.270000000000000000e+02
3.713999999999999931e-06,9.065618970000000054e-01,0.000000000000000000e+00,9.061583577712609694e-01,9.270000000000000000e+02
3.715000000000000007e-06,9.068058580000000202e-01,0.000000000000000000e+00,9.071358748778103331e-01,9.280000000000000000e+02
3.716000000000000082e-06,9.070498200000000066e-01,0.000000000000000000e+00,9.071358748778103331e-01,9.280000000000000000e+02
3.717000000000000157e-06,9.072937810000000214e-01,0.000000000000000000e+00,9.071358748778103331e-01,9.280000000000000000e+02
3.717999999999999808e-06,9.075377430000000079e-01,0.000000000000000000e+00,9.071358748778103331e-01,9.280000000000000000e+02
3.718999999999999884e-06,9.077817049999999943e-01,0.000000000000000000e+00,9.081133919843596969e-01,9.290000000000000000e+02
3.719999999999999959e-06,9.080256660000000091e-01,0.000000000000000000e+00,9.081133919843596969e-01,9.290000000000000000e+02
3.721000000000000034e-06,9.082696279999999955e-01,0.000000000000000000e+00,9.081133919843596969e-01,9.290000000000000000e+02
3.722000000000000109e-06,9.085135890000000103e-01,0.000000000000000000e+00,9.081133919843596969e-01,9.290000000000000000e+02
3.723000000000000184e-06,9.087575509999999968e-01,0.000000000000000000e+00,9.090909090909090606e-01,9.300000000000000000e+02
3.723999999999999836e-06,9.090015120000000115e-01,0.000000000000000000e+00,9.090909090909090606e-01,9.300000000000000000e+02
3.724999999999999911e-06,9.092454739999999980e-01,0.000000000000000000e+00,9.090909090909090606e-01,9.300000000000000000e+02
3.725999999999999986e-06,9.094894350000000127e-01,0.000000000000000000e+00,9.090909090909090606e-01,9.300000000000000000e+02
3.727000000000000061e-06,9.097333969999999992e-01,0.000000000000000000e+00,9.100684261974584244e-01,9.310000000000000000e+02
3.728000000000000136e-06,9.099773580000000139e-01,0.000000000000000000e+00,9.100684261974584244e-01,9.310000000000000000e+02
3.729000000000000211e-06,9.102213200000000004e-01,0.000000000000000000e+00,9.100684261974584244e-01,9.310000000000000000e+02
3.729999999999999863e-06,9.104652810000000152e-01,0.000000000000000000e+00,9.100684261974584244e-01,9.310000000000000000e+02
3.730999999999999938e-06,9.107092430000000016e-01,0.000000000000000000e+00,9.110459433040077881e-01,9.320000000000000000e+02
3.732000000000000013e-06,9.109532049999999881e-01,0.000000000000000000e+00,9.110459433040077881e-01,9.320000000000000000e+02
3.733000000000000088e-06,9.111971660000000028e-01,0.000000000000000000e+00,9.110459433040077881e-01,9.320000000000000000e+02
3.734000000000000163e-06,9.114411279999999893e-01,0.000000000000000000e+00,9.110459433040077881e-01,9.320000000000000000e+02
3.734999999999999815e-06,9.116850890000000041e-01,0.000000000000000000e+00,9.120234604105571519e-01,9.330000000000000000e+02
3.735999999999999890e-06,9.119290509999999905e-01,0.000000000000000000e+00,9.120234604105571519e-01,9.330000000000000000e+02
3.736999999999999965e-06,9.121730120000000053e-01,0.000000000000000000e+00,9.120234604105571519e-01,9.330000000000000000e+02
3.738000000000000040e-06,9.124169739999999917e-01,0.000000000000000000e+00,9.120234604105571519e-01,9.330000000000000000e+02
3.739000000000000116e-06,9.126609350000000065e-01,0.000000000000000000e+00,9.130009775171065156e-01,9.340000000000000000e+02
3.740000000000000191e-06,9.129048969999999930e-01,0.000000000000000000e+00,9.130009775171065156e-01,9.340000000000000000e+02
3.740999999999999842e-06,9.131488580000000077e-01,0.000000000000000000e+00,9.130009775171065156e-01,9.340000000000000000e+02
3.741999999999999917e-06,9.133928199999999942e-01,0.000000000000000000e+00,9.130009775171065156e-01,9.340000000000000000e+02
3.742999999999999993e-06,9.136367810000000089e-01,0.000000000000000000e+00,9.139784946236558794e-01,9.350000000000000000e+02
3.744000000000000068e-06,9.138807429999999954e-01,0.000000000000000000e+00,9.139784946236558794e-01,9.350000000000000000e+02
3.745000000000000143e-06,9.141247040000000101e-01,0.000000000000000000e+00,9.139784946236558794e-01,9.350000000000000000e+02
3.745999999999999794e-06,9.143686659999999966e-01,0.000000000000000000e+00,9.139784946236558794e-01,9.350000000000000000e+02
3.746999999999999870e-06,9.146126279999999831e-01,0.000000000000000000e+00,9.149560117302052431e-01,9.360000000000000000e+02
3.747999999999999945e-06,9.148565889999999978e-01,0.000000000000000000e+00,9.149560117302052431e-01,9.360000000000000000e+02
3.749000000000000020e-06,9.151005509999999843e-01,0.000000000000000000e+00,9.149560117302052431e-01,9.360000000000000000e+02
3.750000000000000095e-06,9.153445119999999990e-01,0.000000000000000000e+00,9.149560117302052431e-01,9.360000000000000000e+02
3.751000000000000170e-06,9.155884739999999855e-01,0.000000000000000000e+00,9.159335288367546068e-01,9.370000000000000000e+02
3.751999999999999822e-06,9.158324350000000003e-01,0.000000000000000000e+00,9.159335288367546068e-01,9.370000000000000000e+02
3.752999999999999897e-06,9.160763969999999867e-01,0.000000000000000000e+00,9.159335288367546068e-01,9.370000000000000000e+02
3.753999999999999972e-06,9.163203580000000015e-01,0.000000000000000000e+00,9.159335288367546068e-01,9.370000000000000000e+02
3.755000000000000047e-06,9.165643199999999879e-01,0.000000000000000000e+00,9.169110459433039706e-01,9.380000000000000000e+02
3.756000000000000122e-06,9.168082810000000027e-01,0.000000000000000000e+00,9.169110459433039706e-01,9.380000000000000000e+02
3.757000000000000197e-06,9.170522429999999892e-01,0.000000000000000000e+00,9.169110459433039706e-01,9.380000000000000000e+02
3.757999999999999849e-06,9.172962040000000039e-01,0.000000000000000000e+00,9.169110459433039706e-01,9.380000000000000000e+02
3.758999999999999924e-06,9.175401659999999904e-01,0.000000000000000000e+00,9.178885630498533343e-01,9.390000000000000000e+02
3.759999999999999999e-06,9.177841270000000051e-01,0.000000000000000000e+00,9.178885630498533343e-01,9.390000000000000000e+02
3.761000000000000074e-06,9.180280889999999916e-01,0.000000000000000000e+00,9.178885630498533343e-01,9.390000000000000000e+02
3.762000000000000150e-06,9.182720509999999781e-01,0.000000000000000000e+00,9.178885630498533343e-01,9.390000000000000000e+02
3.762999999999999801e-06,9.185160119999999928e-01,0.000000000000000000e+00,9.188660801564026981e-01,9.400000000000000000e+02
3.763999999999999876e-06,9.187599739999999793e-01,0.000000000000000000e+00,9.188660801564026981e-01,9.400000000000000000e+02
3.764999999999999951e-06,9.190039349999999940e-01,0.000000000000000000e+00,9.188660801564026981e-01,9.400000000000000000e+02
3.766000000000000027e-06,9.192478969999999805e-01,0.000000000000000000e+00,9.188660801564026981e-01,9.400000000000000000e+02
3.767000000000000102e-06,9.194918579999999952e-01,0.000000000000000000e+00,9.198435972629520618e-01,9.410000000000000000e+02
3.768000000000000177e-06,9.197358199999999817e-01,0.000000000000000000e+00,9.198435972629520618e-01,9.410000000000000000e+02
3.768999999999999828e-06,9.199797809999999965e-01,0.000000000000000000e+00,9.198435972629520618e-01,9.410000000000000000e+02
3.769999999999999904e-06,9.202237429999999829e-01,0.000000000000000000e+00,9.198435972629520618e-01,9.410000000000000000e+02
3.770999999999999979e-06,9.204677039999999977e-01,0.000000000000000000e+00,9.208211143695014256e-01,9.420000000000000000e+02
3.772000000000000054e-06,9.207116659999999841e-01,0.000000000000000000e+00,9.208211143695014256e-01,9.420000000000000000e+02
3.773000000000000129e-06,9.209556269999999989e-01,0.000000000000000000e+00,9.208211143695014256e-01,9.420000000000000000e+02
3.774000000000000204e-06,9.211995889999999854e-01,0.000000000000000000e+00,9.208211143695014256e-01,9.420000000000000000e+02
3.774999999999999856e-06,9.214435500000000001e-01,0.000000000000000000e+00,9.217986314760507893e-01,9.430000000000000000e+02
3.775999999999999931e-06,9.216875119999999866e-01,0.000000000000000000e+00,9.217986314760507893e-01,9.430000000000000000e+02
3.777000000000000006e-06,9.219314739999999730e-01,0.000000000000000000e+00,9.217986314760507893e-01,9.430000000000000000e+02
3.778000000000000081e-06,9.221754349999999878e-01,0.000000000000000000e+00,9.217986314760507893e-01,9.430000000000000000e+02
3.779000000000000156e-06,9.224193969999999743e-01,0.000000000000000000e+00,9.227761485826001531e-01,9.440000000000000000e+02
3.779999999999999808e-06,9.226633579999999890e-01,0.000000000000000000e+00,9.227761485826001531e-01,9.440000000000000000e+02
3.780999999999999883e-06,9.229073199999999755e-01,0.000000000000000000e+00,9.227761485826001531e-01,9.440000000000000000e+02
3.781999999999999958e-06,9.231512809999999902e-01,0.000000000000000000e+00,9.227761485826001531e-01,9.440000000000000000e+02
3.783000000000000033e-06,9.233952429999999767e-01,0.000000000000000000e+00,9.237536656891495168e-01,9.450000000000000000e+02
3.784000000000000108e-06,9.236392039999999914e-01,0.000000000000000000e+00,9.237536656891495168e-01,9.450000000000000000e+02
3.785000000000000183e-06,9.238831659999999779e-01,0.000000000000000000e+00,9.237536656891495168e-01,9.450000000000000000e+02
3.785999999999999835e-06,9.241271269999999927e-01,0.000000000000000000e+00,9.237536656891495168e-01,9.450000000000000000e+02
3.786999999999999910e-06,9.243710889999999791e-01,0.000000000000000000e+00,9.247311827956988806e-01,9.460000000000000000e+02
3.787999999999999985e-06,9.246150499999999939e-01,0.000000000000000000e+00,9.247311827956988806e-01,9.460000000000000000e+02
3.789000000000000060e-06,9.248590119999999803e-01,0.000000000000000000e+00,9.247311827956988806e-01,9.460000000000000000e+02
3.790000000000000136e-06,9.251029729999999951e-01,0.000000000000000000e+00,9.247311827956988806e-01,9.460000000000000000e+02
3.791000000000000211e-06,9.253469349999999816e-01,0.000000000000000000e+00,9.257086999022482443e-01,9.470000000000000000e+02
3.791999999999999862e-06,9.255908969999999680e-01,0.000000000000000000e+00,9.257086999022482443e-01,9.470000000000000000e+02
3.792999999999999937e-06,9.258348579999999828e-01,0.000000000000000000e+00,9.257086999022482443e-01,9.470000000000000000e+02
3.794000000000000013e-06,9.260788199999999692e-01,0.000000000000000000e+00,9.257086999022482443e-01,9.470000000000000000e+02
3.795000000000000088e-06,9.263227809999999840e-01,0.000000000000000000e+00,9.266862170087976081e-01,9.480000000000000000e+02
3.796000000000000163e-06,9.265667429999999705e-01,0.000000000000000000e+00,9.266862170087976081e-01,9.480000000000000000e+02
3.796999999999999814e-06,9.268107039999999852e-01,0.000000000000000000e+00,9.266862170087976081e-01,9.480000000000000000e+02
3.797999999999999890e-06,9.270546659999999717e-01,0.000000000000000000e+00,9.266862170087976081e-01,9.480000000000000000e+02
3.798999999999999965e-06,9.272986269999999864e-01,0.000000000000000000e+00,9.276637341153469718e-01,9.490000000000000000e+02
3.800000000000000040e-06,9.275425889999999729e-01,0.000000000000000000e+00,9.276637341153469718e-01,9.490000000000000000e+02
3.801000000000000115e-06,9.277865499999999876e-01,0.000000000000000000e+00,9.276637341153469718e-01,9.490000000000000000e+02
3.802000000000000190e-06,9.280305119999999741e-01,0.000000000000000000e+00,9.276637341153469718e-01,9.490000000000000000e+02
3.802999999999999842e-06,9.282744729999999889e-01,0.000000000000000000e+00,9.286412512218963355e-01,9.500000000000000000e+02
3.803999999999999917e-06,9.285184349999999753e-01,0.000000000000000000e+00,9.286412512218963355e-01,9.500000000000000000e+02
3.804999999999999992e-06,9.287623969999999618e-01,0.000000000000000000e+00,9.286412512218963355e-01,9.500000000000000000e+02
3.806000000000000067e-06,9.290063579999999765e-01,0.000000000000000000e+00,9.286412512218963355e-01,9.500000000000000000e+02
3.807000000000000142e-06,9.292503199999999630e-01,0.000000000000000000e+00,9.296187683284456993e-01,9.510000000000000000e+02
3.807999999999999794e-06,9.294942809999999778e-01,0.000000000000000000e+00,9.296187683284456993e-01,9.510000000000000000e+02
3.808999999999999869e-06,9.297382429999999642e-01,0.000000000000000000e+00,9.296187683284456993e-01,9.510000000000000000e+02
3.809999999999999944e-06,9.299822039999999790e-01,0.000000000000000000e+00,9.296187683284456993e-01,9.510000000000000000e+02
3.811000000000000019e-06,9.302261659999999655e-01,0.000000000000000000e+00,9.305962854349950630e-01,9.520000000000000000e+02
3.812000000000000094e-06,9.304701269999999802e-01,0.000000000000000000e+00,9.305962854349950630e-01,9.520000000000000000e+02
3.813000000000000169e-06,9.307140889999999667e-01,0.000000000000000000e+00,9.305962854349950630e-01,9.520000000000000000e+02
3.813999999999999821e-06,9.309580499999999814e-01,0.000000000000000000e+00,9.305962854349950630e-01,9.520000000000000000e+02
3.814999999999999896e-06,9.312020119999999679e-01,0.000000000000000000e+00,9.315738025415444268e-01,9.530000000000000000e+02
3.816000000000000395e-06,9.314459729999999826e-01,1.000000000000000000e+00,9.315738025415444268e-01,9.530000000000000000e+02
3.817000000000000046e-06,9.316899349999999691e-01,0.000000000000000000e+00,9.315738025415444268e-01,9.530000000000000000e+02
3.817999999999999698e-06,9.319338959999999839e-01,0.000000000000000000e+00,9.315738025415444268e-01,9.530000000000000000e+02
3.819000000000000197e-06,9.321778579999999703e-01,0.000000000000000000e+00,9.325513196480937905e-01,9.540000000000000000e+02
3.819999999999999848e-06,9.324218199999999568e-01,0.000000000000000000e+00,9.325513196480937905e-01,9.540000000000000000e+02
3.821000000000000347e-06,9.326657809999999715e-01,1.000000000000000000e+00,9.325513196480937905e-01,9.540000000000000000e+02
3.821999999999999999e-06,9.329097429999999580e-01,0.000000000000000000e+00,9.325513196480937905e-01,9.540000000000000000e+02
3.822999999999999650e-06,9.331537039999999728e-01,0.000000000000000000e+00,9.335288367546431543e-01,9.550000000000000000e+02
3.824000000000000149e-06,9.333976659999999592e-01,0.000000000000000000e+00,9.335288367546431543e-01,9.550000000000000000e+02
3.824999999999999800e-06,9.336416269999999740e-01,0.000000000000000000e+00,9.335288367546431543e-01,9.550000000000000000e+02
3.826000000000000299e-06,9.338855889999999604e-01,1.000000000000000000e+00,9.335288367546431543e-01,9.550000000000000000e+02
3.826999999999999951e-06,9.341295499999999752e-01,0.000000000000000000e+00,9.345063538611925180e-01,9.560000000000000000e+02
3.827999999999999602e-06,9.343735119999999617e-01,0.000000000000000000e+00,9.345063538611925180e-01,9.560000000000000000e+02
3.829000000000000101e-06,9.346174729999999764e-01,0.000000000000000000e+00,9.345063538611925180e-01,9.560000000000000000e+02
3.829999999999999753e-06,9.348614349999999629e-01,0.000000000000000000e+00,9.345063538611925180e-01,9.560000000000000000e+02
3.831000000000000251e-06,9.351053959999999776e-01,1.000000000000000000e+00,9.354838709677418818e-01,9.570000000000000000e+02
3.831999999999999903e-06,9.353493579999999641e-01,0.000000000000000000e+00,9.354838709677418818e-01,9.570000000000000000e+02
3.833000000000000401e-06,9.355933189999999788e-01,1.000000000000000000e+00,9.354838709677418818e-01,9.570000000000000000e+02
3.834000000000000053e-06,9.358372809999999653e-01,0.000000000000000000e+00,9.354838709677418818e-01,9.570000000000000000e+02
3.834999999999999705e-06,9.360812429999999518e-01,0.000000000000000000e+00,9.364613880742912455e-01,9.580000000000000000e+02
3.836000000000000203e-06,9.363252039999999665e-01,0.000000000000000000e+00,9.364613880742912455e-01,9.580000000000000000e+02
3.836999999999999855e-06,9.365691659999999530e-01,0.000000000000000000e+00,9.364613880742912455e-01,9.580000000000000000e+02
3.838000000000000354e-06,9.368131269999999677e-01,1.000000000000000000e+00,9.364613880742912455e-01,9.580000000000000000e+02
3.839000000000000005e-06,9.370570889999999542e-01,0.000000000000000000e+00,9.374389051808406093e-01,9.590000000000000000e+02
3.839999999999999657e-06,9.373010499999999690e-01,0.000000000000000000e+00,9.374389051808406093e-01,9.590000000000000000e+02
3.841000000000000155e-06,9.375450119999999554e-01,0.000000000000000000e+00,9.374389051808406093e-01,9.590000000000000000e+02
3.841999999999999807e-06,9.377889729999999702e-01,0.000000000000000000e+00,9.374389051808406093e-01,9.590000000000000000e+02
3.843000000000000306e-06,9.380329349999999566e-01,1.000000000000000000e+00,9.384164222873900840e-01,9.600000000000000000e+02
3.843999999999999957e-06,9.382768959999999714e-01,0.000000000000000000e+00,9.384164222873900840e-01,9.600000000000000000e+02
3.844999999999999609e-06,9.385208579999999579e-01,0.000000000000000000e+00,9.384164222873900840e-01,9.600000000000000000e+02
3.846000000000000108e-06,9.387648189999999726e-01,0.000000000000000000e+00,9.384164222873900840e-01,9.600000000000000000e+02
3.846999999999999759e-06,9.390087809999999591e-01,0.000000000000000000e+00,9.393939393939394478e-01,9.610000000000000000e+02
3.848000000000000258e-06,9.392527419999999738e-01,1.000000000000000000e+00,9.393939393939394478e-01,9.610000000000000000e+02
3.848999999999999909e-06,9.394967039999999603e-01,0.000000000000000000e+00,9.393939393939394478e-01,9.610000000000000000e+02
3.850000000000000408e-06,9.397406659999999468e-01,1.000000000000000000e+00,9.393939393939394478e-01,9.610000000000000000e+02
3.851000000000000060e-06,9.399846269999999615e-01,0.000000000000000000e+00,9.403714565004888115e-01,9.620000000000000000e+02
3.851999999999999711e-06,9.402285889999999480e-01,0.000000000000000000e+00,9.403714565004888115e-01,9.620000000000000000e+02
3.853000000000000210e-06,9.404725499999999627e-01,0.000000000000000000e+00,9.403714565004888115e-01,9.620000000000000000e+02
3.853999999999999862e-06,9.407165119999999492e-01,0.000000000000000000e+00,9.403714565004888115e-01,9.620000000000000000e+02
3.855000000000000360e-06,9.409604729999999639e-01,1.000000000000000000e+00,9.413489736070381753e-01,9.630000000000000000e+02
3.856000000000000012e-06,9.412044349999999504e-01,0.000000000000000000e+00,9.413489736070381753e-01,9.630000000000000000e+02
3.856999999999999663e-06,9.414483959999999652e-01,0.000000000000000000e+00,9.413489736070381753e-01,9.630000000000000000e+02
3.858000000000000162e-06,9.416923579999999516e-01,0.000000000000000000e+00,9.413489736070381753e-01,9.630000000000000000e+02
3.858999999999999814e-06,9.419363189999999664e-01,0.000000000000000000e+00,9.423264907135875390e-01,9.640000000000000000e+02
3.860000000000000312e-06,9.421802809999999528e-01,1.000000000000000000e+00,9.423264907135875390e-01,9.640000000000000000e+02
3.860999999999999964e-06,9.424242419999999676e-01,0.000000000000000000e+00,9.423264907135875390e-01,9.640000000000000000e+02
3.861999999999999616e-06,9.426682039999999541e-01,0.000000000000000000e+00,9.423264907135875390e-01,9.640000000000000000e+02
3.863000000000000114e-06,9.429121649999999688e-01,0.000000000000000000e+00,9.433040078201369028e-01,9.650000000000000000e+02
3.863999999999999766e-06,9.431561269999999553e-01,0.000000000000000000e+00,9.433040078201369028e-01,9.650000000000000000e+02
3.865000000000000264e-06,9.434000890000000528e-01,1.000000000000000000e+00,9.433040078201369028e-01,9.650000000000000000e+02
3.865999999999999916e-06,9.436440499999999565e-01,0.000000000000000000e+00,9.433040078201369028e-01,9.650000000000000000e+02
3.867000000000000415e-06,9.438880120000000540e-01,1.000000000000000000e+00,9.442815249266862665e-01,9.660000000000000000e+02
3.868000000000000066e-06,9.441319729999999577e-01,0.000000000000000000e+00,9.442815249266862665e-01,9.660000000000000000e+02
3.868999999999999718e-06,9.443759350000000552e-01,0.000000000000000000e+00,9.442815249266862665e-01,9.660000000000000000e+02
3.870000000000000217e-06,9.446198959999999589e-01,0.000000000000000000e+00,9.442815249266862665e-01,9.660000000000000000e+02
3.870999999999999868e-06,9.448638579999999454e-01,0.000000000000000000e+00,9.452590420332356302e-01,9.670000000000000000e+02
3.872000000000000367e-06,9.451078189999999601e-01,1.000000000000000000e+00,9.452590420332356302e-01,9.670000000000000000e+02
3.873000000000000018e-06,9.453517809999999466e-01,0.000000000000000000e+00,9.452590420332356302e-01,9.670000000000000000e+02
3.873999999999999670e-06,9.455957419999999614e-01,0.000000000000000000e+00,9.452590420332356302e-01,9.670000000000000000e+02
3.875000000000000169e-06,9.458397039999999478e-01,0.000000000000000000e+00,9.462365591397849940e-01,9.680000000000000000e+02
3.875999999999999820e-06,9.460836649999999626e-01,0.000000000000000000e+00,9.462365591397849940e-01,9.680000000000000000e+02
3.877000000000000319e-06,9.463276269999999490e-01,1.000000000000000000e+00,9.462365591397849940e-01,9.680000000000000000e+02
3.877999999999999971e-06,9.465715890000000465e-01,0.000000000000000000e+00,9.462365591397849940e-01,9.680000000000000000e+02
3.878999999999999622e-06,9.468155499999999503e-01,0.000000000000000000e+00,9.472140762463343577e-01,9.690000000000000000e+02
3.880000000000000121e-06,9.470595120000000477e-01,0.000000000000000000e+00,9.472140762463343577e-01,9.690000000000000000e+02
3.880999999999999772e-06,9.473034729999999515e-01,0.000000000000000000e+00,9.472140762463343577e-01,9.690000000000000000e+02
3.882000000000000271e-06,9.475474350000000490e-01,1.000000000000000000e+00,9.472140762463343577e-01,9.690000000000000000e+02
3.882999999999999923e-06,9.477913959999999527e-01,0.000000000000000000e+00,9.481915933528837215e-01,9.700000000000000000e+02
3.884000000000000421e-06,9.480353580000000502e-01,1.000000000000000000e+00,9.481915933528837215e-01,9.700000000000000000e+02
3.885000000000000073e-06,9.482793189999999539e-01,0.000000000000000000e+00,9.481915933528837215e-01,9.700000000000000000e+02
3.885999999999999725e-06,9.485232810000000514e-01,0.000000000000000000e+00,9.481915933528837215e-01,9.700000000000000000e+02
3.887000000000000223e-06,9.487672419999999551e-01,0.000000000000000000e+00,9.491691104594330852e-01,9.710000000000000000e+02
3.887999999999999875e-06,9.490112040000000526e-01,0.000000000000000000e+00,9.491691104594330852e-01,9.710000000000000000e+02
3.889000000000000374e-06,9.492551649999999563e-01,1.000000000000000000e+00,9.491691104594330852e-01,9.710000000000000000e+02
3.890000000000000025e-06,9.494991270000000538e-01,0.000000000000000000e+00,9.491691104594330852e-01,9.710000000000000000e+02
3.890999999999999677e-06,9.497430879999999576e-01,0.000000000000000000e+00,9.501466275659824490e-01,9.720000000000000000e+02
3.892000000000000175e-06,9.499870500000000551e-01,0.000000000000000000e+00,9.501466275659824490e-01,9.720000000000000000e+02
3.892999999999999827e-06,9.502310120000000415e-01,0.000000000000000000e+00,9.501466275659824490e-01,9.720000000000000000e+02
3.894000000000000326e-06,9.504749729999999452e-01,1.000000000000000000e+00,9.501466275659824490e-01,9.720000000000000000e+02
3.894999999999999977e-06,9.507189350000000427e-01,0.000000000000000000e+00,9.511241446725318127e-01,9.730000000000000000e+02
3.895999999999999629e-06,9.509628959999999465e-01,0.000000000000000000e+00,9.511241446725318127e-01,9.730000000000000000e+02
3.897000000000000128e-06,9.512068580000000440e-01,0.000000000000000000e+00,9.511241446725318127e-01,9.730000000000000000e+02
3.897999999999999779e-06,9.514508189999999477e-01,0.000000000000000000e+00,9.511241446725318127e-01,9.730000000000000000e+02
3.899000000000000278e-06,9.516947810000000452e-01,1.000000000000000000e+00,9.521016617790811765e-01,9.740000000000000000e+02
3.899999999999999929e-06,9.519387419999999489e-01,0.000000000000000000e+00,9.521016617790811765e-01,9.740000000000000000e+02
3.900999999999999581e-06,9.521827040000000464e-01,0.000000000000000000e+00,9.521016617790811765e-01,9.740000000000000000e+02
3.902000000000000080e-06,9.524266649999999501e-01,0.000000000000000000e+00,9.521016617790811765e-01,9.740000000000000000e+02
3.902999999999999731e-06,9.526706270000000476e-01,0.000000000000000000e+00,9.530791788856305402e-01,9.750000000000000000e+02
3.904000000000000230e-06,9.529145879999999513e-01,0.000000000000000000e+00,9.530791788856305402e-01,9.750000000000000000e+02
3.904999999999999882e-06,9.531585500000000488e-01,0.000000000000000000e+00,9.530791788856305402e-01,9.750000000000000000e+02
3.906000000000000380e-06,9.534025109999999525e-01,1.000000000000000000e+00,9.530791788856305402e-01,9.750000000000000000e+02
3.907000000000000032e-06,9.536464730000000500e-01,0.000000000000000000e+00,9.540566959921799040e-01,9.760000000000000000e+02
3.907999999999999683e-06,9.538904350000000365e-01,0.000000000000000000e+00,9.540566959921799040e-01,9.760000000000000000e+02
3.909000000000000182e-06,9.541343960000000513e-01,0.000000000000000000e+00,9.540566959921799040e-01,9.760000000000000000e+02
3.909999999999999834e-06,9.543783580000000377e-01,0.000000000000000000e+00,9.540566959921799040e-01,9.760000000000000000e+02
3.911000000000000332e-06,9.546223190000000525e-01,1.000000000000000000e+00,9.550342130987292677e-01,9.770000000000000000e+02
3.911999999999999984e-06,9.548662810000000389e-01,0.000000000000000000e+00,9.550342130987292677e-01,9.770000000000000000e+02
3.912999999999999636e-06,9.551102420000000537e-01,0.000000000000000000e+00,9.550342130987292677e-01,9.770000000000000000e+02
3.914000000000000134e-06,9.553542040000000402e-01,0.000000000000000000e+00,9.550342130987292677e-01,9.770000000000000000e+02
3.914999999999999786e-06,9.555981650000000549e-01,0.000000000000000000e+00,9.560117302052786314e-01,9.780000000000000000e+02
3.916000000000000284e-06,9.558421270000000414e-01,1.000000000000000000e+00,9.560117302052786314e-01,9.780000000000000000e+02
3.916999999999999936e-06,9.560860879999999451e-01,0.000000000000000000e+00,9.560117302052786314e-01,9.780000000000000000e+02
3.917999999999999588e-06,9.563300500000000426e-01,0.000000000000000000e+00,9.560117302052786314e-01,9.780000000000000000e+02
3.919000000000000086e-06,9.565740109999999463e-01,0.000000000000000000e+00,9.569892473118279952e-01,9.790000000000000000e+02
3.919999999999999738e-06,9.568179730000000438e-01,0.000000000000000000e+00,9.569892473118279952e-01,9.790000000000000000e+02
3.921000000000000237e-06,9.570619339999999475e-01,0.000000000000000000e+00,9.569892473118279952e-01,9.790000000000000000e+02
3.921999999999999888e-06,9.573058960000000450e-01,0.000000000000000000e+00,9.569892473118279952e-01,9.790000000000000000e+02
3.923000000000000387e-06,9.575498580000000315e-01,1.000000000000000000e+00,9.579667644183773589e-01,9.800000000000000000e+02
3.924000000000000038e-06,9.577938190000000462e-01,0.000000000000000000e+00,9.579667644183773589e-01,9.800000000000000000e+02
3.924999999999999690e-06,9.580377810000000327e-01,0.000000000000000000e+00,9.579667644183773589e-01,9.800000000000000000e+02
3.926000000000000189e-06,9.582817420000000475e-01,0.000000000000000000e+00,9.579667644183773589e-01,9.800000000000000000e+02
3.926999999999999840e-06,9.585257040000000339e-01,0.000000000000000000e+00,9.589442815249267227e-01,9.810000000000000000e+02
3.928000000000000339e-06,9.587696650000000487e-01,1.000000000000000000e+00,9.589442815249267227e-01,9.810000000000000000e+02
3.928999999999999991e-06,9.590136270000000351e-01,0.000000000000000000e+00,9.589442815249267227e-01,9.810000000000000000e+02
3.929999999999999642e-06,9.592575880000000499e-01,0.000000000000000000e+00,9.589442815249267227e-01,9.810000000000000000e+02
3.931000000000000141e-06,9.595015500000000364e-01,0.000000000000000000e+00,9.599217986314760864e-01,9.820000000000000000e+02
3.931999999999999792e-06,9.597455110000000511e-01,0.000000000000000000e+00,9.599217986314760864e-01,9.820000000000000000e+02
3.933000000000000291e-06,9.599894730000000376e-01,1.000000000000000000e+00,9.599217986314760864e-01,9.820000000000000000e+02
3.933999999999999943e-06,9.602334340000000523e-01,0.000000000000000000e+00,9.599217986314760864e-01,9.820000000000000000e+02
3.934999999999999594e-06,9.604773960000000388e-01,0.000000000000000000e+00,9.608993157380254502e-01,9.830000000000000000e+02
3.936000000000000093e-06,9.607213570000000535e-01,0.000000000000000000e+00,9.608993157380254502e-01,9.830000000000000000e+02
3.936999999999999745e-06,9.609653190000000400e-01,0.000000000000000000e+00,9.608993157380254502e-01,9.830000000000000000e+02
3.938000000000000243e-06,9.612092810000000265e-01,0.000000000000000000e+00,9.608993157380254502e-01,9.830000000000000000e+02
3.938999999999999895e-06,9.614532420000000412e-01,0.000000000000000000e+00,9.618768328445748139e-01,9.840000000000000000e+02
3.940000000000000393e-06,9.616972040000000277e-01,1.000000000000000000e+00,9.618768328445748139e-01,9.840000000000000000e+02
3.941000000000000045e-06,9.619411650000000424e-01,0.000000000000000000e+00,9.618768328445748139e-01,9.840000000000000000e+02
3.941999999999999697e-06,9.621851270000000289e-01,0.000000000000000000e+00,9.618768328445748139e-01,9.840000000000000000e+02
3.943000000000000195e-06,9.624290880000000437e-01,0.000000000000000000e+00,9.628543499511241777e-01,9.850000000000000000e+02
3.943999999999999847e-06,9.626730500000000301e-01,0.000000000000000000e+00,9.628543499511241777e-01,9.850000000000000000e+02
3.945000000000000346e-06,9.629170110000000449e-01,1.000000000000000000e+00,9.628543499511241777e-01,9.850000000000000000e+02
3.945999999999999997e-06,9.631609730000000313e-01,0.000000000000000000e+00,9.628543499511241777e-01,9.850000000000000000e+02
3.946999999999999649e-06,9.634049340000000461e-01,0.000000000000000000e+00,9.638318670576735414e-01,9.860000000000000000e+02
3.948000000000000147e-06,9.636488960000000326e-01,0.000000000000000000e+00,9.638318670576735414e-01,9.860000000000000000e+02
3.948999999999999799e-06,9.638928570000000473e-01,0.000000000000000000e+00,9.638318670576735414e-01,9.860000000000000000e+02
3.950000000000000298e-06,9.641368190000000338e-01,1.000000000000000000e+00,9.638318670576735414e-01,9.860000000000000000e+02
3.950999999999999949e-06,9.643807810000000202e-01,0.000000000000000000e+00,9.648093841642229052e-01,9.870000000000000000e+02
3.951999999999999601e-06,9.646247420000000350e-01,0.000000000000000000e+00,9.648093841642229052e-01,9.870000000000000000e+02
3.953000000000000100e-06,9.648687040000000215e-01,0.000000000000000000e+00,9.648093841642229052e-01,9.870000000000000000e+02
3.953999999999999751e-06,9.651126650000000362e-01,0.000000000000000000e+00,9.648093841642229052e-01,9.870000000000000000e+02
3.955000000000000250e-06,9.653566270000000227e-01,1.000000000000000000e+00,9.657869012707722689e-01,9.880000000000000000e+02
3.955999999999999901e-06,9.656005880000000374e-01,0.000000000000000000e+00,9.657869012707722689e-01,9.880000000000000000e+02
3.957000000000000400e-06,9.658445500000000239e-01,1.000000000000000000e+00,9.657869012707722689e-01,9.880000000000000000e+02
3.958000000000000052e-06,9.660885110000000386e-01,0.000000000000000000e+00,9.657869012707722689e-01,9.880000000000000000e+02
3.958999999999999703e-06,9.663324730000000251e-01,0.000000000000000000e+00,9.667644183773216326e-01,9.890000000000000000e+02
3.960000000000000202e-06,9.665764340000000399e-01,0.000000000000000000e+00,9.667644183773216326e-01,9.890000000000000000e+02
3.960999999999999854e-06,9.668203960000000263e-01,0.000000000000000000e+00,9.667644183773216326e-01,9.890000000000000000e+02
3.962000000000000352e-06,9.670643570000000411e-01,1.000000000000000000e+00,9.667644183773216326e-01,9.890000000000000000e+02
3.963000000000000004e-06,9.673083190000000275e-01,0.000000000000000000e+00,9.677419354838709964e-01,9.900000000000000000e+02
3.963999999999999655e-06,9.675522800000000423e-01,0.000000000000000000e+00,9.677419354838709964e-01,9.900000000000000000e+02
3.965000000000000154e-06,9.677962420000000288e-01,0.000000000000000000e+00,9.677419354838709964e-01,9.900000000000000000e+02
3.965999999999999806e-06,9.680402040000000152e-01,0.000000000000000000e+00,9.677419354838709964e-01,9.900000000000000000e+02
3.967000000000000304e-06,9.682841650000000300e-01,1.000000000000000000e+00,9.687194525904203601e-01,9.910000000000000000e+02
3.967999999999999956e-06,9.685281270000000164e-01,0.000000000000000000e+00,9.687194525904203601e-01,9.910000000000000000e+02
3.968999999999999608e-06,9.687720880000000312e-01,0.000000000000000000e+00,9.687194525904203601e-01,9.910000000000000000e+02
3.970000000000000106e-06,9.690160500000000177e-01,0.000000000000000000e+00,9.687194525904203601e-01,9.910000000000000000e+02
3.970999999999999758e-06,9.692600110000000324e-01,0.000000000000000000e+00,9.696969696969697239e-01,9.920000000000000000e+02
3.972000000000000256e-06,9.695039730000000189e-01,1.000000000000000000e+00,9.696969696969697239e-01,9.920000000000000000e+02
3.972999999999999908e-06,9.697479340000000336e-01,0.000000000000000000e+00,9.696969696969697239e-01,9.920000000000000000e+02
3.974000000000000407e-06,9.699918960000000201e-01,1.000000000000000000e+00,9.696969696969697239e-01,9.920000000000000000e+02
3.975000000000000058e-06,9.702358570000000348e-01,0.000000000000000000e+00,9.706744868035190876e-01,9.930000000000000000e+02
3.975999999999999710e-06,9.704798190000000213e-01,0.000000000000000000e+00,9.706744868035190876e-01,9.930000000000000000e+02
3.977000000000000209e-06,9.707237800000000361e-01,0.000000000000000000e+00,9.706744868035190876e-01,9.930000000000000000e+02
3.977999999999999860e-06,9.709677420000000225e-01,0.000000000000000000e+00,9.706744868035190876e-01,9.930000000000000000e+02
3.979000000000000359e-06,9.712117030000000373e-01,1.000000000000000000e+00,9.716520039100684514e-01,9.940000000000000000e+02
3.980000000000000010e-06,9.714556650000000237e-01,0.000000000000000000e+00,9.716520039100684514e-01,9.940000000000000000e+02
3.980999999999999662e-06,9.716996270000000102e-01,0.000000000000000000e+00,9.716520039100684514e-01,9.940000000000000000e+02
3.982000000000000161e-06,9.719435880000000250e-01,0.000000000000000000e+00,9.716520039100684514e-01,9.940000000000000000e+02
3.982999999999999812e-06,9.721875500000000114e-01,0.000000000000000000e+00,9.726295210166178151e-01,9.950000000000000000e+02
3.984000000000000311e-06,9.724315110000000262e-01,1.000000000000000000e+00,9.726295210166178151e-01,9.950000000000000000e+02
3.984999999999999963e-06,9.726754730000000126e-01,0.000000000000000000e+00,9.726295210166178151e-01,9.950000000000000000e+02
3.985999999999999614e-06,9.729194340000000274e-01,0.000000000000000000e+00,9.726295210166178151e-01,9.950000000000000000e+02
3.987000000000000113e-06,9.731633960000000139e-01,0.000000000000000000e+00,9.736070381231671789e-01,9.960000000000000000e+02
3.987999999999999764e-06,9.734073570000000286e-01,0.000000000000000000e+00,9.736070381231671789e-01,9.960000000000000000e+02
3.989000000000000263e-06,9.736513190000000151e-01,1.000000000000000000e+00,9.736070381231671789e-01,9.960000000000000000e+02
3.989999999999999915e-06,9.738952800000000298e-01,0.000000000000000000e+00,9.736070381231671789e-01,9.960000000000000000e+02
3.991000000000000413e-06,9.741392420000000163e-01,1.000000000000000000e+00,9.745845552297165426e-01,9.970000000000000000e+02
3.992000000000000065e-06,9.743832030000000310e-01,0.000000000000000000e+00,9.745845552297165426e-01,9.970000000000000000e+02
3.992999999999999717e-06,9.746271650000000175e-01,0.000000000000000000e+00,9.745845552297165426e-01,9.970000000000000000e+02
3.994000000000000215e-06,9.748711260000000323e-01,0.000000000000000000e+00,9.745845552297165426e-01,9.970000000000000000e+02
3.994999999999999867e-06,9.751150880000000187e-01,0.000000000000000000e+00,9.755620723362659064e-01,9.980000000000000000e+02
3.996000000000000366e-06,9.753590500000000052e-01,1.000000000000000000e+00,9.755620723362659064e-01,9.980000000000000000e+02
3.997000000000000017e-06,9.756030110000000199e-01,0.000000000000000000e+00,9.755620723362659064e-01,9.980000000000000000e+02
3.997999999999999669e-06,9.758469730000000064e-01,0.000000000000000000e+00,9.755620723362659064e-01,9.980000000000000000e+02
3.999000000000000167e-06,9.760909340000000212e-01,0.000000000000000000e+00,9.765395894428152701e-01,9.990000000000000000e+02
3.999999999999999819e-06,9.763348960000000076e-01,0.000000000000000000e+00,9.765395894428152701e-01,9.990000000000000000e+02
4.001000000000000318e-06,9.765788570000000224e-01,1.000000000000000000e+00,9.765395894428152701e-01,9.990000000000000000e+02
4.001999999999999969e-06,9.768228190000000088e-01,0.000000000000000000e+00,9.765395894428152701e-01,9.990000000000000000e+02
4.002999999999999621e-06,9.770667800000000236e-01,0.000000000000000000e+00,9.775171065493646338e-01,1.000000000000000000e+03
4.004000000000000120e-06,9.773107420000000101e-01,0.000000000000000000e+00,9.775171065493646338e-01,1.000000000000000000e+03
4.004999999999999771e-06,9.775547030000000248e-01,0.000000000000000000e+00,9.775171065493646338e-01,1.000000000000000000e+03
4.006000000000000270e-06,9.777986650000000113e-01,1.000000000000000000e+00,9.775171065493646338e-01,1.000000000000000000e+03
4.006999999999999921e-06,9.780426260000000260e-01,0.000000000000000000e+00,9.784946236559139976e-01,1.001000000000000000e+03
4.008000000000000420e-06,9.782865880000000125e-01,1.000000000000000000e+00,9.784946236559139976e-01,1.001000000000000000e+03
4.009000000000000072e-06,9.785305490000000272e-01,0.000000000000000000e+00,9.784946236559139976e-01,1.001000000000000000e+03
4.009999999999999723e-06,9.787745110000000137e-01,0.000000000000000000e+00,9.784946236559139976e-01,1.001000000000000000e+03
4.011000000000000222e-06,9.790184730000000002e-01,0.000000000000000000e+00,9.794721407624633613e-01,1.002000000000000000e+03
4.011999999999999874e-06,9.792624340000000149e-01,0.000000000000000000e+00,9.794721407624633613e-01,1.002000000000000000e+03
4.013000000000000372e-06,9.795063960000000014e-01,1.000000000000000000e+00,9.794721407624633613e-01,1.002000000000000000e+03
4.014000000000000024e-06,9.797503570000000161e-01,0.000000000000000000e+00,9.794721407624633613e-01,1.002000000000000000e+03
4.014999999999999675e-06,9.799943190000000026e-01,0.000000000000000000e+00,9.804496578690127251e-01,1.003000000000000000e+03
4.016000000000000174e-06,9.802382800000000174e-01,0.000000000000000000e+00,9.804496578690127251e-01,1.003000000000000000e+03
4.016999999999999826e-06,9.804822420000000038e-01,0.000000000000000000e+00,9.804496578690127251e-01,1.003000000000000000e+03
4.018000000000000324e-06,9.807262030000000186e-01,1.000000000000000000e+00,9.804496578690127251e-01,1.003000000000000000e+03
4.018999999999999976e-06,9.809701650000000051e-01,0.000000000000000000e+00,9.814271749755620888e-01,1.004000000000000000e+03
4.019999999999999628e-06,9.812141260000000198e-01,0.000000000000000000e+00,9.814271749755620888e-01,1.004000000000000000e+03
4.021000000000000126e-06,9.814580880000000063e-01,0.000000000000000000e+00,9.814271749755620888e-01,1.004000000000000000e+03
4.021999999999999778e-06,9.817020490000000210e-01,0.000000000000000000e+00,9.814271749755620888e-01,1.004000000000000000e+03
4.023000000000000276e-06,9.819460110000000075e-01,1.000000000000000000e+00,9.824046920821114526e-01,1.005000000000000000e+03
4.023999999999999928e-06,9.821899729999999940e-01,0.000000000000000000e+00,9.824046920821114526e-01,1.005000000000000000e+03
4.024999999999999580e-06,9.824339340000000087e-01,0.000000000000000000e+00,9.824046920821114526e-01,1.005000000000000000e+03
4.026000000000000078e-06,9.826778959999999952e-01,0.000000000000000000e+00,9.824046920821114526e-01,1.005000000000000000e+03
4.026999999999999730e-06,9.829218570000000099e-01,0.000000000000000000e+00,9.833822091886608163e-01,1.006000000000000000e+03
4.028000000000000229e-06,9.831658189999999964e-01,0.000000000000000000e+00,9.833822091886608163e-01,1.006000000000000000e+03
4.028999999999999880e-06,9.834097800000000111e-01,0.000000000000000000e+00,9.833822091886608163e-01,1.006000000000000000e+03
4.030000000000000379e-06,9.836537419999999976e-01,1.000000000000000000e+00,9.833822091886608163e-01,1.006000000000000000e+03
4.031000000000000030e-06,9.838977030000000124e-01,0.000000000000000000e+00,9.843597262952101801e-01,1.007000000000000000e+03
4.031999999999999682e-06,9.841416649999999988e-01,0.000000000000000000e+00,9.843597262952101801e-01,1.007000000000000000e+03
4.033000000000000181e-06,9.843856260000000136e-01,0.000000000000000000e+00,9.843597262952101801e-01,1.007000000000000000e+03
4.033999999999999832e-06,9.846295880000000000e-01,0.000000000000000000e+00,9.843597262952101801e-01,1.007000000000000000e+03
4.035000000000000331e-06,9.848735490000000148e-01,1.000000000000000000e+00,9.853372434017595438e-01,1.008000000000000000e+03
4.035999999999999983e-06,9.851175110000000013e-01,0.000000000000000000e+00,9.853372434017595438e-01,1.008000000000000000e+03
4.036999999999999634e-06,9.853614720000000160e-01,0.000000000000000000e+00,9.853372434017595438e-01,1.008000000000000000e+03
4.038000000000000133e-06,9.856054340000000025e-01,0.000000000000000000e+00,9.853372434017595438e-01,1.008000000000000000e+03
4.038999999999999784e-06,9.858493959999999889e-01,0.000000000000000000e+00,9.863147605083089076e-01,1.009000000000000000e+03
4.040000000000000283e-06,9.860933570000000037e-01,1.000000000000000000e+00,9.863147605083089076e-01,1.009000000000000000e+03
4.040999999999999935e-06,9.863373189999999902e-01,0.000000000000000000e+00,9.863147605083089076e-01,1.009000000000000000e+03
4.041999999999999586e-06,9.865812800000000049e-01,0.000000000000000000e+00,9.863147605083089076e-01,1.009000000000000000e+03
4.043000000000000085e-06,9.868252419999999914e-01,0.000000000000000000e+00,9.872922776148582713e-01,1.010000000000000000e+03
4.043999999999999737e-06,9.870692030000000061e-01,0.000000000000000000e+00,9.872922776148582713e-01,1.010000000000000000e+03
4.045000000000000235e-06,9.873131649999999926e-01,0.000000000000000000e+00,9.872922776148582713e-01,1.010000000000000000e+03
4.045999999999999887e-06,9.875571260000000073e-01,0.000000000000000000e+00,9.872922776148582713e-01,1.010000000000000000e+03
4.047000000000000385e-06,9.878010879999999938e-01,1.000000000000000000e+00,9.882697947214076351e-01,1.011000000000000000e+03
4.048000000000000037e-06,9.880450490000000086e-01,0.000000000000000000e+00,9.882697947214076351e-01,1.011000000000000000e+03
4.048999999999999689e-06,9.882890109999999950e-01,0.000000000000000000e+00,9.882697947214076351e-01,1.011000000000000000e+03
4.050000000000000187e-06,9.885329720000000098e-01,0.000000000000000000e+00,9.882697947214076351e-01,1.011000000000000000e+03
4.050999999999999839e-06,9.887769339999999962e-01,0.000000000000000000e+00,9.892473118279569988e-01,1.012000000000000000e+03
4.052000000000000338e-06,9.890208950000000110e-01,1.000000000000000000e+00,9.892473118279569988e-01,1.012000000000000000e+03
4.052999999999999989e-06,9.892648569999999975e-01,0.000000000000000000e+00,9.892473118279569988e-01,1.012000000000000000e+03
4.053999999999999641e-06,9.895088189999999839e-01,0.000000000000000000e+00,9.892473118279569988e-01,1.012000000000000000e+03
4.055000000000000139e-06,9.897527799999999987e-01,0.000000000000000000e+00,9.902248289345063625e-01,1.013000000000000000e+03
4.055999999999999791e-06,9.899967419999999851e-01,0.000000000000000000e+00,9.902248289345063625e-01,1.013000000000000000e+03
4.057000000000000290e-06,9.902407029999999999e-01,1.000000000000000000e+00,9.902248289345063625e-01,1.013000000000000000e+03
4.057999999999999941e-06,9.904846649999999864e-01,0.000000000000000000e+00,9.902248289345063625e-01,1.013000000000000000e+03
4.058999999999999593e-06,9.907286260000000011e-01,0.000000000000000000e+00,9.912023460410557263e-01,1.014000000000000000e+03
4.060000000000000092e-06,9.909725879999999876e-01,0.000000000000000000e+00,9.912023460410557263e-01,1.014000000000000000e+03
4.060999999999999743e-06,9.912165490000000023e-01,0.000000000000000000e+00,9.912023460410557263e-01,1.014000000000000000e+03
4.062000000000000242e-06,9.914605109999999888e-01,0.000000000000000000e+00,9.912023460410557263e-01,1.014000000000000000e+03
4.062999999999999893e-06,9.917044720000000035e-01,0.000000000000000000e+00,9.921798631476050900e-01,1.015000000000000000e+03
4.064000000000000392e-06,9.919484339999999900e-01,1.000000000000000000e+00,9.921798631476050900e-01,1.015000000000000000e+03
4.065000000000000044e-06,9.921923950000000048e-01,0.000000000000000000e+00,9.921798631476050900e-01,1.015000000000000000e+03
4.065999999999999695e-06,9.924363569999999912e-01,0.000000000000000000e+00,9.921798631476050900e-01,1.015000000000000000e+03
4.067000000000000194e-06,9.926803180000000060e-01,0.000000000000000000e+00,9.931573802541544538e-01,1.016000000000000000e+03
4.067999999999999846e-06,9.929242799999999924e-01,0.000000000000000000e+00,9.931573802541544538e-01,1.016000000000000000e+03
4.069000000000000344e-06,9.931682419999999789e-01,1.000000000000000000e+00,9.931573802541544538e-01,1.016000000000000000e+03
4.069999999999999996e-06,9.934122029999999937e-01,0.000000000000000000e+00,9.931573802541544538e-01,1.016000000000000000e+03
4.070999999999999647e-06,9.936561649999999801e-01,0.000000000000000000e+00,9.941348973607038175e-01,1.017000000000000000e+03
4.072000000000000146e-06,9.939001259999999949e-01,0.000000000000000000e+00,9.941348973607038175e-01,1.017000000000000000e+03
4.072999999999999798e-06,9.941440879999999813e-01,0.000000000000000000e+00,9.941348973607038175e-01,1.017000000000000000e+03
4.074000000000000296e-06,9.943880489999999961e-01,1.000000000000000000e+00,9.941348973607038175e-01,1.017000000000000000e+03
4.074999999999999948e-06,9.946320109999999826e-01,0.000000000000000000e+00,9.951124144672531813e-01,1.018000000000000000e+03
4.075999999999999600e-06,9.948759719999999973e-01,0.000000000000000000e+00,9.951124144672531813e-01,1.018000000000000000e+03
4.077000000000000098e-06,9.951199339999999838e-01,0.000000000000000000e+00,9.951124144672531813e-01,1.018000000000000000e+03
4.077999999999999750e-06,9.953638949999999985e-01,0.000000000000000000e+00,9.951124144672531813e-01,1.018000000000000000e+03
4.079000000000000248e-06,9.956078569999999850e-01,0.000000000000000000e+00,9.960899315738025450e-01,1.019000000000000000e+03
4.079999999999999900e-06,9.958518179999999997e-01,0.000000000000000000e+00,9.960899315738025450e-01,1.019000000000000000e+03
4.081000000000000399e-06,9.960957799999999862e-01,1.000000000000000000e+00,9.960899315738025450e-01,1.019000000000000000e+03
4.082000000000000050e-06,9.963397419999999727e-01,0.000000000000000000e+00,9.960899315738025450e-01,1.019000000000000000e+03
4.082999999999999702e-06,9.965837029999999874e-01,0.000000000000000000e+00,9.970674486803519088e-01,1.020000000000000000e+03
4.084000000000000201e-06,9.968276649999999739e-01,0.000000000000000000e+00,9.970674486803519088e-01,1.020000000000000000e+03
4.084999999999999852e-06,9.970716259999999886e-01,0.000000000000000000e+00,9.970674486803519088e-01,1.020000000000000000e+03
4.086000000000000351e-06,9.973155879999999751e-01,1.000000000000000000e+00,9.970674486803519088e-01,1.020000000000000000e+03
4.087000000000000002e-06,9.975595489999999899e-01,0.000000000000000000e+00,9.980449657869012725e-01,1.021000000000000000e+03
4.087999999999999654e-06,9.978035109999999763e-01,0.000000000000000000e+00,9.980449657869012725e-01,1.021000000000000000e+03
4.089000000000000153e-06,9.980474719999999911e-01,0.000000000000000000e+00,9.980449657869012725e-01,1.021000000000000000e+03
4.089999999999999804e-06,9.982914339999999775e-01,0.000000000000000000e+00,9.980449657869012725e-01,1.021000000000000000e+03
4.091000000000000303e-06,9.985353949999999923e-01,1.000000000000000000e+00,9.990224828934506363e-01,1.022000000000000000e+03
4.091999999999999955e-06,9.987793569999999788e-01,0.000000000000000000e+00,9.990224828934506363e-01,1.022000000000000000e+03
4.092999999999999606e-06,9.990233179999999935e-01,0.000000000000000000e+00,9.990224828934506363e-01,1.022000000000000000e+03
4.094000000000000105e-06,9.992672799999999800e-01,0.000000000000000000e+00,9.990224828934506363e-01,1.022000000000000000e+03
4.094999999999999756e-06,9.995112409999999947e-01,0.000000000000000000e+00,9.990224828934506363e-01,1.022000000000000000e+03
