time,vin,clk,v_code,code
0.000000000000000000e+00,4.887585532746819813e-04,1.000000000000000000e+00,9.775171065493646130e-04,1.000000000000000000e+00
1.000000000000000062e-09,7.326605266373410448e-04,1.000000000000000000e+00,9.775171065493646130e-04,1.000000000000000000e+00
2.000000000000000125e-09,9.765625000000000000e-04,1.000000000000000000e+00,9.775171065493646130e-04,1.000000000000000000e+00
2.999999999999999980e-09,1.220464473362659931e-03,0.000000000000000000e+00,9.775171065493646130e-04,1.000000000000000000e+00
4.000000000000000249e-09,1.464366446725320079e-03,1.000000000000000000e+00,1.955034213098729226e-03,2.000000000000000000e+00
5.000000000000000105e-09,1.708268420087980010e-03,0.000000000000000000e+00,1.955034213098729226e-03,2.000000000000000000e+00
5.999999999999999960e-09,1.952170393450639941e-03,0.000000000000000000e+00,1.955034213098729226e-03,2.000000000000000000e+00
6.999999999999999816e-09,2.196072366813290114e-03,0.000000000000000000e+00,1.955034213098729226e-03,2.000000000000000000e+00
8.000000000000000498e-09,2.439974340175950045e-03,1.000000000000000000e+00,2.932551319648093839e-03,3.000000000000000000e+00
8.999999999999999527e-09,2.683876313538609976e-03,0.000000000000000000e+00,2.932551319648093839e-03,3.000000000000000000e+00
1.000000000000000021e-08,2.927778286901269907e-03,0.000000000000000000e+00,2.932551319648093839e-03,3.000000000000000000e+00
1.099999999999999924e-08,3.171680260263929838e-03,0.000000000000000000e+00,2.932551319648093839e-03,3.000000000000000000e+00
1.199999999999999992e-08,3.415582233626590202e-03,0.000000000000000000e+00,3.910068426197458452e-03,4.000000000000000000e+00
1.300000000000000060e-08,3.659484206989250133e-03,0.000000000000000000e+00,3.910068426197458452e-03,4.000000000000000000e+00
1.399999999999999963e-08,3.903386180351910064e-03,0.000000000000000000e+00,3.910068426197458452e-03,4.000000000000000000e+00
1.499999999999999866e-08,4.147288153714570429e-03,0.000000000000000000e+00,3.910068426197458452e-03,4.000000000000000000e+00
1.600000000000000100e-08,4.391190127077219951e-03,1.000000000000000000e+00,4.887585532746823065e-03,5.000000000000000000e+00
1.700000000000000002e-08,4.635092100439879882e-03,0.000000000000000000e+00,4.887585532746823065e-03,5.000000000000000000e+00
1.799999999999999905e-08,4.878994073802539813e-03,0.000000000000000000e+00,4.887585532746823065e-03,5.000000000000000000e+00
1.900000000000000139e-08,5.122896047165199744e-03,1.000000000000000000e+00,4.887585532746823065e-03,5.000000000000000000e+00
2.000000000000000042e-08,5.366798020527859675e-03,0.000000000000000000e+00,5.865102639296187678e-03,6.000000000000000000e+00
2.099999999999999945e-08,5.610699993890519606e-03,0.000000000000000000e+00,5.865102639296187678e-03,6.000000000000000000e+00
2.199999999999999848e-08,5.854601967253180404e-03,0.000000000000000000e+00,5.865102639296187678e-03,6.000000000000000000e+00
2.300000000000000081e-08,6.098503940615840335e-03,0.000000000000000000e+00,5.865102639296187678e-03,6.000000000000000000e+00
2.399999999999999984e-08,6.342405913978489858e-03,0.000000000000000000e+00,6.842619745845552291e-03,7.000000000000000000e+00
2.499999999999999887e-08,6.586307887341149789e-03,0.000000000000000000e+00,6.842619745845552291e-03,7.000000000000000000e+00
2.600000000000000121e-08,6.830209860703809720e-03,0.000000000000000000e+00,6.842619745845552291e-03,7.000000000000000000e+00
2.700000000000000023e-08,7.074111834066469651e-03,0.000000000000000000e+00,6.842619745845552291e-03,7.000000000000000000e+00
2.799999999999999926e-08,7.318013807429129582e-03,0.000000000000000000e+00,6.842619745845552291e-03,7.000000000000000000e+00
2.900000000000000160e-08,7.561915780791790380e-03,0.000000000000000000e+00,7.820136852394916904e-03,8.000000000000000000e+00
2.999999999999999732e-08,7.805817754154450311e-03,0.000000000000000000e+00,7.820136852394916904e-03,8.000000000000000000e+00
3.099999999999999966e-08,8.049719727517109374e-03,0.000000000000000000e+00,7.820136852394916904e-03,8.000000000000000000e+00
3.200000000000000199e-08,8.293621700879759764e-03,1.000000000000000000e+00,7.820136852394916904e-03,8.000000000000000000e+00
3.299999999999999771e-08,8.537523674242420563e-03,0.000000000000000000e+00,8.797653958944280650e-03,9.000000000000000000e+00
3.400000000000000005e-08,8.781425647605079626e-03,0.000000000000000000e+00,8.797653958944280650e-03,9.000000000000000000e+00
3.500000000000000239e-08,9.025327620967740425e-03,1.000000000000000000e+00,8.797653958944280650e-03,9.000000000000000000e+00
3.599999999999999811e-08,9.269229594330399488e-03,0.000000000000000000e+00,8.797653958944280650e-03,9.000000000000000000e+00
3.700000000000000044e-08,9.513131567693060286e-03,0.000000000000000000e+00,9.775171065493646130e-03,1.000000000000000000e+01
3.800000000000000278e-08,9.757033541055719350e-03,1.000000000000000000e+00,9.775171065493646130e-03,1.000000000000000000e+01
3.899999999999999850e-08,1.000093551441839923e-02,0.000000000000000000e+00,9.775171065493646130e-03,1.000000000000000000e+01
4.000000000000000084e-08,1.024483748778099931e-02,0.000000000000000000e+00,9.775171065493646130e-03,1.000000000000000000e+01
4.100000000000000317e-08,1.048873946114370001e-02,1.000000000000000000e+00,1.075268817204301161e-02,1.100000000000000000e+01
4.199999999999999889e-08,1.073264143450640071e-02,0.000000000000000000e+00,1.075268817204301161e-02,1.100000000000000000e+01
4.300000000000000123e-08,1.097654340786900079e-02,0.000000000000000000e+00,1.075268817204301161e-02,1.100000000000000000e+01
4.399999999999999695e-08,1.122044538123169975e-02,0.000000000000000000e+00,1.075268817204301161e-02,1.100000000000000000e+01
4.499999999999999929e-08,1.146434735459429984e-02,0.000000000000000000e+00,1.173020527859237536e-02,1.200000000000000000e+01
4.600000000000000162e-08,1.170824932795700053e-02,0.000000000000000000e+00,1.173020527859237536e-02,1.200000000000000000e+01
4.699999999999999734e-08,1.195215130131960062e-02,0.000000000000000000e+00,1.173020527859237536e-02,1.200000000000000000e+01
4.799999999999999968e-08,1.219605327468229958e-02,0.000000000000000000e+00,1.173020527859237536e-02,1.200000000000000000e+01
4.900000000000000202e-08,1.243995524804500027e-02,0.000000000000000000e+00,1.270772238514173910e-02,1.300000000000000000e+01
4.999999999999999774e-08,1.268385722140760036e-02,0.000000000000000000e+00,1.270772238514173910e-02,1.300000000000000000e+01
5.100000000000000007e-08,1.292775919477029932e-02,0.000000000000000000e+00,1.270772238514173910e-02,1.300000000000000000e+01
5.200000000000000241e-08,1.317166116813289940e-02,0.000000000000000000e+00,1.270772238514173910e-02,1.300000000000000000e+01
5.299999999999999813e-08,1.341556314149560010e-02,0.000000000000000000e+00,1.368523949169110458e-02,1.400000000000000000e+01
5.400000000000000047e-08,1.365946511485830080e-02,0.000000000000000000e+00,1.368523949169110458e-02,1.400000000000000000e+01
5.500000000000000281e-08,1.390336708822089914e-02,0.000000000000000000e+00,1.368523949169110458e-02,1.400000000000000000e+01
5.599999999999999852e-08,1.414726906158359984e-02,0.000000000000000000e+00,1.368523949169110458e-02,1.400000000000000000e+01
5.700000000000000086e-08,1.439117103494619992e-02,0.000000000000000000e+00,1.466275659824047006e-02,1.500000000000000000e+01
5.800000000000000320e-08,1.463507300830890062e-02,0.000000000000000000e+00,1.466275659824047006e-02,1.500000000000000000e+01
5.899999999999999892e-08,1.487897498167159958e-02,0.000000000000000000e+00,1.466275659824047006e-02,1.500000000000000000e+01
5.999999999999999464e-08,1.512287695503419967e-02,0.000000000000000000e+00,1.466275659824047006e-02,1.500000000000000000e+01
6.100000000000000359e-08,1.536677892839690036e-02,0.000000000000000000e+00,1.564027370478983381e-02,1.600000000000000000e+01
6.199999999999999931e-08,1.561068090175950045e-02,0.000000000000000000e+00,1.564027370478983381e-02,1.600000000000000000e+01
6.299999999999999503e-08,1.585458287512219941e-02,0.000000000000000000e+00,1.564027370478983381e-02,1.600000000000000000e+01
6.400000000000000399e-08,1.609848484848479949e-02,1.000000000000000000e+00,1.564027370478983381e-02,1.600000000000000000e+01
6.499999999999999971e-08,1.634238682184750019e-02,0.000000000000000000e+00,1.661779081133919755e-02,1.700000000000000000e+01
6.599999999999999543e-08,1.658628879521020089e-02,0.000000000000000000e+00,1.661779081133919755e-02,1.700000000000000000e+01
6.700000000000000438e-08,1.683019076857280097e-02,1.000000000000000000e+00,1.661779081133919755e-02,1.700000000000000000e+01
6.800000000000000010e-08,1.707409274193550167e-02,0.000000000000000000e+00,1.661779081133919755e-02,1.700000000000000000e+01
6.899999999999999582e-08,1.731799471529809828e-02,0.000000000000000000e+00,1.759530791788856130e-02,1.800000000000000000e+01
7.000000000000000477e-08,1.756189668866079898e-02,1.000000000000000000e+00,1.759530791788856130e-02,1.800000000000000000e+01
7.100000000000000049e-08,1.780579866202349967e-02,0.000000000000000000e+00,1.759530791788856130e-02,1.800000000000000000e+01
7.199999999999999621e-08,1.804970063538609976e-02,0.000000000000000000e+00,1.759530791788856130e-02,1.800000000000000000e+01
7.300000000000000517e-08,1.829360260874880045e-02,1.000000000000000000e+00,1.857282502443792851e-02,1.900000000000000000e+01
7.400000000000000089e-08,1.853750458211140054e-02,0.000000000000000000e+00,1.857282502443792851e-02,1.900000000000000000e+01
7.499999999999999661e-08,1.878140655547410123e-02,0.000000000000000000e+00,1.857282502443792851e-02,1.900000000000000000e+01
7.600000000000000556e-08,1.902530852883679846e-02,1.000000000000000000e+00,1.857282502443792851e-02,1.900000000000000000e+01
7.700000000000000128e-08,1.926921050219939854e-02,0.000000000000000000e+00,1.955034213098729226e-02,2.000000000000000000e+01
7.799999999999999700e-08,1.951311247556209924e-02,0.000000000000000000e+00,1.955034213098729226e-02,2.000000000000000000e+01
7.900000000000000595e-08,1.975701444892469932e-02,1.000000000000000000e+00,1.955034213098729226e-02,2.000000000000000000e+01
8.000000000000000167e-08,2.000091642228740002e-02,0.000000000000000000e+00,1.955034213098729226e-02,2.000000000000000000e+01
8.099999999999999739e-08,2.024481839565000010e-02,0.000000000000000000e+00,2.052785923753665601e-02,2.100000000000000000e+01
8.200000000000000635e-08,2.048872036901270080e-02,1.000000000000000000e+00,2.052785923753665601e-02,2.100000000000000000e+01
8.300000000000000207e-08,2.073262234237540150e-02,0.000000000000000000e+00,2.052785923753665601e-02,2.100000000000000000e+01
8.399999999999999779e-08,2.097652431573800158e-02,0.000000000000000000e+00,2.052785923753665601e-02,2.100000000000000000e+01
8.499999999999999351e-08,2.122042628910069881e-02,0.000000000000000000e+00,2.150537634408602322e-02,2.200000000000000000e+01
8.600000000000000246e-08,2.146432826246329889e-02,0.000000000000000000e+00,2.150537634408602322e-02,2.200000000000000000e+01
8.699999999999999818e-08,2.170823023582599959e-02,0.000000000000000000e+00,2.150537634408602322e-02,2.200000000000000000e+01
8.799999999999999390e-08,2.195213220918870028e-02,0.000000000000000000e+00,2.150537634408602322e-02,2.200000000000000000e+01
8.900000000000000285e-08,2.219603418255130037e-02,0.000000000000000000e+00,2.248289345063538697e-02,2.300000000000000000e+01
8.999999999999999857e-08,2.243993615591400106e-02,0.000000000000000000e+00,2.248289345063538697e-02,2.300000000000000000e+01
9.099999999999999429e-08,2.268383812927660115e-02,0.000000000000000000e+00,2.248289345063538697e-02,2.300000000000000000e+01
9.200000000000000325e-08,2.292774010263929838e-02,0.000000000000000000e+00,2.248289345063538697e-02,2.300000000000000000e+01
9.299999999999999897e-08,2.317164207600199907e-02,0.000000000000000000e+00,2.346041055718475071e-02,2.400000000000000000e+01
9.399999999999999469e-08,2.341554404936459916e-02,0.000000000000000000e+00,2.346041055718475071e-02,2.400000000000000000e+01
9.500000000000000364e-08,2.365944602272729985e-02,0.000000000000000000e+00,2.346041055718475071e-02,2.400000000000000000e+01
9.599999999999999936e-08,2.390334799608989994e-02,0.000000000000000000e+00,2.346041055718475071e-02,2.400000000000000000e+01
9.699999999999999508e-08,2.414724996945260063e-02,0.000000000000000000e+00,2.443792766373411446e-02,2.500000000000000000e+01
9.800000000000000404e-08,2.439115194281520071e-02,0.000000000000000000e+00,2.443792766373411446e-02,2.500000000000000000e+01
9.899999999999999976e-08,2.463505391617790141e-02,0.000000000000000000e+00,2.443792766373411446e-02,2.500000000000000000e+01
9.999999999999999547e-08,2.487895588954059864e-02,0.000000000000000000e+00,2.443792766373411446e-02,2.500000000000000000e+01
1.010000000000000044e-07,2.512285786290319872e-02,0.000000000000000000e+00,2.541544477028347820e-02,2.600000000000000000e+01
1.020000000000000001e-07,2.536675983626589942e-02,0.000000000000000000e+00,2.541544477028347820e-02,2.600000000000000000e+01
1.029999999999999959e-07,2.561066180962849950e-02,0.000000000000000000e+00,2.541544477028347820e-02,2.600000000000000000e+01
1.040000000000000048e-07,2.585456378299120020e-02,0.000000000000000000e+00,2.541544477028347820e-02,2.600000000000000000e+01
1.050000000000000005e-07,2.609846575635390090e-02,0.000000000000000000e+00,2.639296187683284542e-02,2.700000000000000000e+01
1.059999999999999963e-07,2.634236772971650098e-02,0.000000000000000000e+00,2.639296187683284542e-02,2.700000000000000000e+01
1.070000000000000052e-07,2.658626970307920168e-02,0.000000000000000000e+00,2.639296187683284542e-02,2.700000000000000000e+01
1.080000000000000009e-07,2.683017167644179829e-02,0.000000000000000000e+00,2.639296187683284542e-02,2.700000000000000000e+01
1.089999999999999967e-07,2.707407364980449899e-02,0.000000000000000000e+00,2.737047898338220916e-02,2.800000000000000000e+01
1.100000000000000056e-07,2.731797562316719968e-02,0.000000000000000000e+00,2.737047898338220916e-02,2.800000000000000000e+01
1.110000000000000013e-07,2.756187759652979977e-02,0.000000000000000000e+00,2.737047898338220916e-02,2.800000000000000000e+01
1.119999999999999970e-07,2.780577956989250046e-02,0.000000000000000000e+00,2.737047898338220916e-02,2.800000000000000000e+01
1.130000000000000060e-07,2.804968154325510055e-02,0.000000000000000000e+00,2.834799608993157291e-02,2.900000000000000000e+01
1.140000000000000017e-07,2.829358351661780124e-02,0.000000000000000000e+00,2.834799608993157291e-02,2.900000000000000000e+01
1.149999999999999974e-07,2.853748548998040133e-02,0.000000000000000000e+00,2.834799608993157291e-02,2.900000000000000000e+01
1.160000000000000064e-07,2.878138746334309855e-02,0.000000000000000000e+00,2.834799608993157291e-02,2.900000000000000000e+01
1.170000000000000021e-07,2.902528943670579925e-02,0.000000000000000000e+00,2.932551319648094013e-02,3.000000000000000000e+01
1.179999999999999978e-07,2.926919141006839933e-02,0.000000000000000000e+00,2.932551319648094013e-02,3.000000000000000000e+01
1.189999999999999936e-07,2.951309338343110003e-02,0.000000000000000000e+00,2.932551319648094013e-02,3.000000000000000000e+01
1.199999999999999893e-07,2.975699535679370011e-02,0.000000000000000000e+00,2.932551319648094013e-02,3.000000000000000000e+01
1.210000000000000115e-07,3.000089733015640081e-02,1.000000000000000000e+00,3.030303030303030387e-02,3.100000000000000000e+01
1.220000000000000072e-07,3.024479930351910151e-02,0.000000000000000000e+00,3.030303030303030387e-02,3.100000000000000000e+01
1.230000000000000029e-07,3.048870127688170159e-02,0.000000000000000000e+00,3.030303030303030387e-02,3.100000000000000000e+01
1.239999999999999986e-07,3.073260325024439882e-02,0.000000000000000000e+00,3.030303030303030387e-02,3.100000000000000000e+01
1.249999999999999943e-07,3.097650522360699890e-02,0.000000000000000000e+00,3.128054740957966762e-02,3.200000000000000000e+01
1.259999999999999901e-07,3.122040719696969960e-02,0.000000000000000000e+00,3.128054740957966762e-02,3.200000000000000000e+01
1.270000000000000123e-07,3.146430917033239683e-02,1.000000000000000000e+00,3.128054740957966762e-02,3.200000000000000000e+01
1.280000000000000080e-07,3.170821114369500038e-02,1.000000000000000000e+00,3.128054740957966762e-02,3.200000000000000000e+01
1.290000000000000037e-07,3.195211311705770107e-02,0.000000000000000000e+00,3.225806451612903136e-02,3.300000000000000000e+01
1.299999999999999994e-07,3.219601509042029769e-02,0.000000000000000000e+00,3.225806451612903136e-02,3.300000000000000000e+01
1.309999999999999951e-07,3.243991706378299839e-02,0.000000000000000000e+00,3.225806451612903136e-02,3.300000000000000000e+01
1.319999999999999909e-07,3.268381903714560194e-02,0.000000000000000000e+00,3.225806451612903136e-02,3.300000000000000000e+01
1.330000000000000130e-07,3.292772101050830263e-02,1.000000000000000000e+00,3.323558162267839511e-02,3.400000000000000000e+01
1.340000000000000088e-07,3.317162298387100333e-02,1.000000000000000000e+00,3.323558162267839511e-02,3.400000000000000000e+01
1.350000000000000045e-07,3.341552495723359995e-02,0.000000000000000000e+00,3.323558162267839511e-02,3.400000000000000000e+01
1.360000000000000002e-07,3.365942693059630064e-02,0.000000000000000000e+00,3.323558162267839511e-02,3.400000000000000000e+01
1.369999999999999959e-07,3.390332890395889726e-02,0.000000000000000000e+00,3.421309872922775885e-02,3.500000000000000000e+01
1.379999999999999916e-07,3.414723087732159795e-02,0.000000000000000000e+00,3.421309872922775885e-02,3.500000000000000000e+01
1.389999999999999874e-07,3.439113285068429865e-02,0.000000000000000000e+00,3.421309872922775885e-02,3.500000000000000000e+01
1.400000000000000095e-07,3.463503482404690220e-02,1.000000000000000000e+00,3.421309872922775885e-02,3.500000000000000000e+01
1.410000000000000053e-07,3.487893679740960290e-02,0.000000000000000000e+00,3.519061583577712260e-02,3.600000000000000000e+01
1.420000000000000010e-07,3.512283877077219951e-02,0.000000000000000000e+00,3.519061583577712260e-02,3.600000000000000000e+01
1.429999999999999967e-07,3.536674074413490021e-02,0.000000000000000000e+00,3.519061583577712260e-02,3.600000000000000000e+01
1.439999999999999924e-07,3.561064271749760091e-02,0.000000000000000000e+00,3.519061583577712260e-02,3.600000000000000000e+01
1.449999999999999881e-07,3.585454469086019752e-02,0.000000000000000000e+00,3.616813294232649328e-02,3.700000000000000000e+01
1.460000000000000103e-07,3.609844666422289822e-02,1.000000000000000000e+00,3.616813294232649328e-02,3.700000000000000000e+01
1.470000000000000061e-07,3.634234863758550177e-02,0.000000000000000000e+00,3.616813294232649328e-02,3.700000000000000000e+01
1.480000000000000018e-07,3.658625061094820247e-02,0.000000000000000000e+00,3.616813294232649328e-02,3.700000000000000000e+01
1.489999999999999975e-07,3.683015258431079908e-02,0.000000000000000000e+00,3.714565004887585703e-02,3.800000000000000000e+01
1.499999999999999932e-07,3.707405455767349978e-02,0.000000000000000000e+00,3.714565004887585703e-02,3.800000000000000000e+01
1.509999999999999889e-07,3.731795653103620047e-02,0.000000000000000000e+00,3.714565004887585703e-02,3.800000000000000000e+01
1.520000000000000111e-07,3.756185850439879709e-02,1.000000000000000000e+00,3.714565004887585703e-02,3.800000000000000000e+01
1.530000000000000068e-07,3.780576047776149778e-02,0.000000000000000000e+00,3.812316715542522078e-02,3.900000000000000000e+01
1.540000000000000026e-07,3.804966245112410134e-02,0.000000000000000000e+00,3.812316715542522078e-02,3.900000000000000000e+01
1.549999999999999983e-07,3.829356442448680203e-02,0.000000000000000000e+00,3.812316715542522078e-02,3.900000000000000000e+01
1.559999999999999940e-07,3.853746639784950273e-02,0.000000000000000000e+00,3.812316715542522078e-02,3.900000000000000000e+01
1.569999999999999897e-07,3.878136837121209934e-02,0.000000000000000000e+00,3.910068426197458452e-02,4.000000000000000000e+01
1.580000000000000119e-07,3.902527034457480004e-02,1.000000000000000000e+00,3.910068426197458452e-02,4.000000000000000000e+01
1.590000000000000076e-07,3.926917231793739665e-02,0.000000000000000000e+00,3.910068426197458452e-02,4.000000000000000000e+01
1.600000000000000033e-07,3.951307429130009735e-02,0.000000000000000000e+00,3.910068426197458452e-02,4.000000000000000000e+01
1.609999999999999991e-07,3.975697626466270090e-02,0.000000000000000000e+00,4.007820136852394827e-02,4.100000000000000000e+01
1.619999999999999948e-07,4.000087823802540160e-02,0.000000000000000000e+00,4.007820136852394827e-02,4.100000000000000000e+01
1.629999999999999905e-07,4.024478021138810230e-02,0.000000000000000000e+00,4.007820136852394827e-02,4.100000000000000000e+01
1.640000000000000127e-07,4.048868218475069891e-02,1.000000000000000000e+00,4.007820136852394827e-02,4.100000000000000000e+01
1.650000000000000084e-07,4.073258415811339961e-02,0.000000000000000000e+00,4.105571847507331201e-02,4.200000000000000000e+01
1.660000000000000041e-07,4.097648613147600316e-02,0.000000000000000000e+00,4.105571847507331201e-02,4.200000000000000000e+01
1.669999999999999999e-07,4.122038810483869692e-02,0.000000000000000000e+00,4.105571847507331201e-02,4.200000000000000000e+01
1.679999999999999956e-07,4.146429007820139762e-02,0.000000000000000000e+00,4.105571847507331201e-02,4.200000000000000000e+01
1.689999999999999913e-07,4.170819205156400117e-02,0.000000000000000000e+00,4.203323558162267576e-02,4.300000000000000000e+01
1.699999999999999870e-07,4.195209402492670187e-02,0.000000000000000000e+00,4.203323558162267576e-02,4.300000000000000000e+01
1.710000000000000092e-07,4.219599599828929848e-02,0.000000000000000000e+00,4.203323558162267576e-02,4.300000000000000000e+01
1.720000000000000049e-07,4.243989797165199918e-02,0.000000000000000000e+00,4.203323558162267576e-02,4.300000000000000000e+01
1.730000000000000006e-07,4.268379994501469987e-02,0.000000000000000000e+00,4.301075268817204644e-02,4.400000000000000000e+01
1.739999999999999964e-07,4.292770191837730342e-02,0.000000000000000000e+00,4.301075268817204644e-02,4.400000000000000000e+01
1.749999999999999921e-07,4.317160389173999718e-02,0.000000000000000000e+00,4.301075268817204644e-02,4.400000000000000000e+01
1.759999999999999878e-07,4.341550586510260074e-02,0.000000000000000000e+00,4.301075268817204644e-02,4.400000000000000000e+01
1.770000000000000100e-07,4.365940783846530143e-02,0.000000000000000000e+00,4.398826979472141019e-02,4.500000000000000000e+01
1.780000000000000057e-07,4.390330981182800213e-02,0.000000000000000000e+00,4.398826979472141019e-02,4.500000000000000000e+01
1.790000000000000014e-07,4.414721178519059874e-02,0.000000000000000000e+00,4.398826979472141019e-02,4.500000000000000000e+01
1.799999999999999971e-07,4.439111375855329944e-02,0.000000000000000000e+00,4.398826979472141019e-02,4.500000000000000000e+01
1.809999999999999929e-07,4.463501573191590299e-02,0.000000000000000000e+00,4.496578690127077393e-02,4.600000000000000000e+01
1.819999999999999886e-07,4.487891770527859675e-02,0.000000000000000000e+00,4.496578690127077393e-02,4.600000000000000000e+01
1.830000000000000108e-07,4.512281967864120030e-02,0.000000000000000000e+00,4.496578690127077393e-02,4.600000000000000000e+01
1.840000000000000065e-07,4.536672165200390100e-02,0.000000000000000000e+00,4.496578690127077393e-02,4.600000000000000000e+01
1.850000000000000022e-07,4.561062362536660170e-02,0.000000000000000000e+00,4.594330400782013768e-02,4.700000000000000000e+01
1.859999999999999979e-07,4.585452559872919831e-02,0.000000000000000000e+00,4.594330400782013768e-02,4.700000000000000000e+01
1.869999999999999937e-07,4.609842757209189901e-02,0.000000000000000000e+00,4.594330400782013768e-02,4.700000000000000000e+01
1.879999999999999894e-07,4.634232954545459970e-02,0.000000000000000000e+00,4.594330400782013768e-02,4.700000000000000000e+01
1.890000000000000116e-07,4.658623151881720326e-02,0.000000000000000000e+00,4.692082111436950143e-02,4.800000000000000000e+01
1.900000000000000073e-07,4.683013349217989701e-02,0.000000000000000000e+00,4.692082111436950143e-02,4.800000000000000000e+01
1.910000000000000030e-07,4.707403546554250057e-02,0.000000000000000000e+00,4.692082111436950143e-02,4.800000000000000000e+01
1.919999999999999987e-07,4.731793743890520126e-02,0.000000000000000000e+00,4.692082111436950143e-02,4.800000000000000000e+01
1.929999999999999944e-07,4.756183941226779788e-02,0.000000000000000000e+00,4.789833822091886517e-02,4.900000000000000000e+01
1.939999999999999902e-07,4.780574138563049857e-02,0.000000000000000000e+00,4.789833822091886517e-02,4.900000000000000000e+01
1.950000000000000124e-07,4.804964335899319927e-02,1.000000000000000000e+00,4.789833822091886517e-02,4.900000000000000000e+01
1.960000000000000081e-07,4.829354533235580282e-02,0.000000000000000000e+00,4.789833822091886517e-02,4.900000000000000000e+01
1.970000000000000038e-07,4.853744730571849658e-02,0.000000000000000000e+00,4.887585532746822892e-02,5.000000000000000000e+01
1.979999999999999995e-07,4.878134927908110013e-02,0.000000000000000000e+00,4.887585532746822892e-02,5.000000000000000000e+01
1.989999999999999952e-07,4.902525125244380083e-02,0.000000000000000000e+00,4.887585532746822892e-02,5.000000000000000000e+01
1.999999999999999909e-07,4.926915322580650153e-02,0.000000000000000000e+00,4.887585532746822892e-02,5.000000000000000000e+01
2.010000000000000131e-07,4.951305519916909814e-02,1.000000000000000000e+00,4.985337243401759266e-02,5.100000000000000000e+01
2.020000000000000089e-07,4.975695717253179884e-02,0.000000000000000000e+00,4.985337243401759266e-02,5.100000000000000000e+01
2.030000000000000046e-07,5.000085914589440239e-02,0.000000000000000000e+00,4.985337243401759266e-02,5.100000000000000000e+01
2.040000000000000003e-07,5.024476111925710309e-02,0.000000000000000000e+00,4.985337243401759266e-02,5.100000000000000000e+01
2.049999999999999960e-07,5.048866309261969970e-02,0.000000000000000000e+00,5.083088954056695641e-02,5.200000000000000000e+01
2.059999999999999917e-07,5.073256506598240040e-02,0.000000000000000000e+00,5.083088954056695641e-02,5.200000000000000000e+01
2.069999999999999875e-07,5.097646703934510110e-02,0.000000000000000000e+00,5.083088954056695641e-02,5.200000000000000000e+01
2.080000000000000096e-07,5.122036901270769771e-02,0.000000000000000000e+00,5.083088954056695641e-02,5.200000000000000000e+01
2.090000000000000054e-07,5.146427098607039841e-02,0.000000000000000000e+00,5.180840664711632709e-02,5.300000000000000000e+01
2.100000000000000011e-07,5.170817295943300196e-02,0.000000000000000000e+00,5.180840664711632709e-02,5.300000000000000000e+01
2.109999999999999968e-07,5.195207493279570266e-02,0.000000000000000000e+00,5.180840664711632709e-02,5.300000000000000000e+01
2.119999999999999925e-07,5.219597690615840335e-02,0.000000000000000000e+00,5.180840664711632709e-02,5.300000000000000000e+01
2.129999999999999882e-07,5.243987887952099997e-02,0.000000000000000000e+00,5.278592375366569084e-02,5.400000000000000000e+01
2.140000000000000104e-07,5.268378085288370066e-02,0.000000000000000000e+00,5.278592375366569084e-02,5.400000000000000000e+01
2.150000000000000062e-07,5.292768282624629728e-02,0.000000000000000000e+00,5.278592375366569084e-02,5.400000000000000000e+01
2.160000000000000019e-07,5.317158479960899797e-02,0.000000000000000000e+00,5.278592375366569084e-02,5.400000000000000000e+01
2.169999999999999976e-07,5.341548677297169867e-02,0.000000000000000000e+00,5.376344086021505458e-02,5.500000000000000000e+01
2.179999999999999933e-07,5.365938874633430222e-02,0.000000000000000000e+00,5.376344086021505458e-02,5.500000000000000000e+01
2.189999999999999890e-07,5.390329071969700292e-02,0.000000000000000000e+00,5.376344086021505458e-02,5.500000000000000000e+01
2.200000000000000112e-07,5.414719269305959953e-02,0.000000000000000000e+00,5.376344086021505458e-02,5.500000000000000000e+01
2.210000000000000069e-07,5.439109466642230023e-02,0.000000000000000000e+00,5.474095796676441833e-02,5.600000000000000000e+01
2.220000000000000027e-07,5.463499663978489684e-02,0.000000000000000000e+00,5.474095796676441833e-02,5.600000000000000000e+01
2.229999999999999984e-07,5.487889861314759754e-02,0.000000000000000000e+00,5.474095796676441833e-02,5.600000000000000000e+01
2.239999999999999941e-07,5.512280058651029824e-02,0.000000000000000000e+00,5.474095796676441833e-02,5.600000000000000000e+01
2.249999999999999898e-07,5.536670255987290179e-02,0.000000000000000000e+00,5.571847507331378208e-02,5.700000000000000000e+01
2.260000000000000120e-07,5.561060453323560249e-02,0.000000000000000000e+00,5.571847507331378208e-02,5.700000000000000000e+01
2.270000000000000077e-07,5.585450650659819910e-02,0.000000000000000000e+00,5.571847507331378208e-02,5.700000000000000000e+01
2.280000000000000034e-07,5.609840847996089980e-02,0.000000000000000000e+00,5.571847507331378208e-02,5.700000000000000000e+01
2.289999999999999992e-07,5.634231045332360049e-02,0.000000000000000000e+00,5.669599217986314582e-02,5.800000000000000000e+01
2.299999999999999949e-07,5.658621242668619711e-02,0.000000000000000000e+00,5.669599217986314582e-02,5.800000000000000000e+01
2.309999999999999906e-07,5.683011440004889780e-02,0.000000000000000000e+00,5.669599217986314582e-02,5.800000000000000000e+01
2.320000000000000128e-07,5.707401637341150136e-02,0.000000000000000000e+00,5.669599217986314582e-02,5.800000000000000000e+01
2.330000000000000085e-07,5.731791834677420205e-02,0.000000000000000000e+00,5.767350928641250957e-02,5.900000000000000000e+01
2.340000000000000042e-07,5.756182032013679867e-02,0.000000000000000000e+00,5.767350928641250957e-02,5.900000000000000000e+01
2.350000000000000000e-07,5.780572229349949936e-02,0.000000000000000000e+00,5.767350928641250957e-02,5.900000000000000000e+01
2.359999999999999957e-07,5.804962426686220006e-02,0.000000000000000000e+00,5.767350928641250957e-02,5.900000000000000000e+01
2.369999999999999914e-07,5.829352624022479668e-02,0.000000000000000000e+00,5.865102639296188025e-02,6.000000000000000000e+01
2.379999999999999871e-07,5.853742821358749737e-02,0.000000000000000000e+00,5.865102639296188025e-02,6.000000000000000000e+01
2.390000000000000093e-07,5.878133018695010092e-02,0.000000000000000000e+00,5.865102639296188025e-02,6.000000000000000000e+01
2.399999999999999786e-07,5.902523216031280162e-02,0.000000000000000000e+00,5.865102639296188025e-02,6.000000000000000000e+01
2.410000000000000007e-07,5.926913413367550232e-02,0.000000000000000000e+00,5.962854349951124400e-02,6.100000000000000000e+01
2.420000000000000229e-07,5.951303610703809893e-02,1.000000000000000000e+00,5.962854349951124400e-02,6.100000000000000000e+01
2.429999999999999922e-07,5.975693808040079963e-02,0.000000000000000000e+00,5.962854349951124400e-02,6.100000000000000000e+01
2.440000000000000144e-07,6.000084005376340318e-02,0.000000000000000000e+00,5.962854349951124400e-02,6.100000000000000000e+01
2.449999999999999836e-07,6.024474202712609694e-02,0.000000000000000000e+00,6.060606060606060774e-02,6.200000000000000000e+01
2.460000000000000058e-07,6.048864400048879764e-02,0.000000000000000000e+00,6.060606060606060774e-02,6.200000000000000000e+01
2.469999999999999751e-07,6.073254597385140119e-02,0.000000000000000000e+00,6.060606060606060774e-02,6.200000000000000000e+01
2.479999999999999972e-07,6.097644794721410189e-02,0.000000000000000000e+00,6.060606060606060774e-02,6.200000000000000000e+01
2.490000000000000194e-07,6.122034992057669850e-02,1.000000000000000000e+00,6.158357771260997149e-02,6.300000000000000000e+01
2.499999999999999887e-07,6.146425189393939920e-02,0.000000000000000000e+00,6.158357771260997149e-02,6.300000000000000000e+01
2.510000000000000109e-07,6.170815386730209989e-02,0.000000000000000000e+00,6.158357771260997149e-02,6.300000000000000000e+01
2.519999999999999801e-07,6.195205584066470345e-02,0.000000000000000000e+00,6.158357771260997149e-02,6.300000000000000000e+01
2.530000000000000023e-07,6.219595781402739720e-02,0.000000000000000000e+00,6.256109481915933523e-02,6.400000000000000000e+01
2.540000000000000245e-07,6.243985978739000076e-02,1.000000000000000000e+00,6.256109481915933523e-02,6.400000000000000000e+01
2.549999999999999938e-07,6.268376176075270145e-02,0.000000000000000000e+00,6.256109481915933523e-02,6.400000000000000000e+01
2.560000000000000159e-07,6.292766373411530501e-02,1.000000000000000000e+00,6.256109481915933523e-02,6.400000000000000000e+01
2.569999999999999852e-07,6.317156570747800570e-02,0.000000000000000000e+00,6.353861192570869898e-02,6.500000000000000000e+01
2.580000000000000074e-07,6.341546768084070640e-02,0.000000000000000000e+00,6.353861192570869898e-02,6.500000000000000000e+01
2.589999999999999766e-07,6.365936965420329607e-02,0.000000000000000000e+00,6.353861192570869898e-02,6.500000000000000000e+01
2.599999999999999988e-07,6.390327162756599677e-02,0.000000000000000000e+00,6.353861192570869898e-02,6.500000000000000000e+01
2.610000000000000210e-07,6.414717360092860032e-02,1.000000000000000000e+00,6.451612903225806273e-02,6.600000000000000000e+01
2.619999999999999903e-07,6.439107557429130102e-02,0.000000000000000000e+00,6.451612903225806273e-02,6.600000000000000000e+01
2.630000000000000125e-07,6.463497754765400172e-02,0.000000000000000000e+00,6.451612903225806273e-02,6.600000000000000000e+01
2.639999999999999817e-07,6.487887952101660527e-02,0.000000000000000000e+00,6.451612903225806273e-02,6.600000000000000000e+01
2.650000000000000039e-07,6.512278149437930597e-02,0.000000000000000000e+00,6.549364613880742647e-02,6.700000000000000000e+01
2.660000000000000261e-07,6.536668346774189564e-02,1.000000000000000000e+00,6.549364613880742647e-02,6.700000000000000000e+01
2.669999999999999953e-07,6.561058544110459634e-02,0.000000000000000000e+00,6.549364613880742647e-02,6.700000000000000000e+01
2.680000000000000175e-07,6.585448741446729704e-02,1.000000000000000000e+00,6.549364613880742647e-02,6.700000000000000000e+01
2.689999999999999868e-07,6.609838938782990059e-02,0.000000000000000000e+00,6.647116324535679022e-02,6.800000000000000000e+01
2.700000000000000090e-07,6.634229136119260128e-02,0.000000000000000000e+00,6.647116324535679022e-02,6.800000000000000000e+01
2.709999999999999782e-07,6.658619333455520484e-02,0.000000000000000000e+00,6.647116324535679022e-02,6.800000000000000000e+01
2.720000000000000004e-07,6.683009530791790553e-02,0.000000000000000000e+00,6.647116324535679022e-02,6.800000000000000000e+01
2.730000000000000226e-07,6.707399728128060623e-02,1.000000000000000000e+00,6.744868035190615396e-02,6.900000000000000000e+01
2.739999999999999918e-07,6.731789925464319591e-02,0.000000000000000000e+00,6.744868035190615396e-02,6.900000000000000000e+01
2.750000000000000140e-07,6.756180122800589660e-02,0.000000000000000000e+00,6.744868035190615396e-02,6.900000000000000000e+01
2.759999999999999833e-07,6.780570320136850015e-02,0.000000000000000000e+00,6.744868035190615396e-02,6.900000000000000000e+01
2.770000000000000055e-07,6.804960517473120085e-02,0.000000000000000000e+00,6.842619745845551771e-02,7.000000000000000000e+01
2.779999999999999747e-07,6.829350714809380440e-02,0.000000000000000000e+00,6.842619745845551771e-02,7.000000000000000000e+01
2.789999999999999969e-07,6.853740912145650510e-02,0.000000000000000000e+00,6.842619745845551771e-02,7.000000000000000000e+01
2.800000000000000191e-07,6.878131109481920580e-02,1.000000000000000000e+00,6.842619745845551771e-02,7.000000000000000000e+01
2.809999999999999883e-07,6.902521306818179547e-02,0.000000000000000000e+00,6.940371456500488145e-02,7.100000000000000000e+01
2.820000000000000105e-07,6.926911504154449617e-02,0.000000000000000000e+00,6.940371456500488145e-02,7.100000000000000000e+01
2.829999999999999798e-07,6.951301701490709972e-02,0.000000000000000000e+00,6.940371456500488145e-02,7.100000000000000000e+01
2.840000000000000020e-07,6.975691898826980042e-02,0.000000000000000000e+00,6.940371456500488145e-02,7.100000000000000000e+01
2.850000000000000242e-07,7.000082096163250112e-02,1.000000000000000000e+00,7.038123167155424520e-02,7.200000000000000000e+01
2.859999999999999934e-07,7.024472293499510467e-02,0.000000000000000000e+00,7.038123167155424520e-02,7.200000000000000000e+01
2.870000000000000156e-07,7.048862490835780537e-02,0.000000000000000000e+00,7.038123167155424520e-02,7.200000000000000000e+01
2.879999999999999848e-07,7.073252688172039504e-02,0.000000000000000000e+00,7.038123167155424520e-02,7.200000000000000000e+01
2.890000000000000070e-07,7.097642885508309574e-02,0.000000000000000000e+00,7.135874877810362282e-02,7.300000000000000000e+01
2.899999999999999763e-07,7.122033082844569929e-02,0.000000000000000000e+00,7.135874877810362282e-02,7.300000000000000000e+01
2.909999999999999985e-07,7.146423280180839999e-02,0.000000000000000000e+00,7.135874877810362282e-02,7.300000000000000000e+01
2.920000000000000207e-07,7.170813477517110068e-02,1.000000000000000000e+00,7.135874877810362282e-02,7.300000000000000000e+01
2.929999999999999899e-07,7.195203674853370424e-02,0.000000000000000000e+00,7.233626588465298657e-02,7.400000000000000000e+01
2.940000000000000121e-07,7.219593872189640493e-02,0.000000000000000000e+00,7.233626588465298657e-02,7.400000000000000000e+01
2.949999999999999814e-07,7.243984069525899461e-02,0.000000000000000000e+00,7.233626588465298657e-02,7.400000000000000000e+01
2.960000000000000035e-07,7.268374266862169530e-02,0.000000000000000000e+00,7.233626588465298657e-02,7.400000000000000000e+01
2.970000000000000257e-07,7.292764464198439600e-02,1.000000000000000000e+00,7.331378299120235031e-02,7.500000000000000000e+01
2.979999999999999950e-07,7.317154661534699955e-02,0.000000000000000000e+00,7.331378299120235031e-02,7.500000000000000000e+01
2.990000000000000172e-07,7.341544858870970025e-02,0.000000000000000000e+00,7.331378299120235031e-02,7.500000000000000000e+01
2.999999999999999864e-07,7.365935056207230380e-02,0.000000000000000000e+00,7.331378299120235031e-02,7.500000000000000000e+01
3.010000000000000086e-07,7.390325253543500450e-02,0.000000000000000000e+00,7.429130009775171406e-02,7.600000000000000000e+01
3.019999999999999779e-07,7.414715450879759417e-02,0.000000000000000000e+00,7.429130009775171406e-02,7.600000000000000000e+01
3.030000000000000001e-07,7.439105648216029487e-02,0.000000000000000000e+00,7.429130009775171406e-02,7.600000000000000000e+01
3.040000000000000222e-07,7.463495845552299557e-02,1.000000000000000000e+00,7.429130009775171406e-02,7.600000000000000000e+01
3.049999999999999915e-07,7.487886042888559912e-02,0.000000000000000000e+00,7.526881720430107781e-02,7.700000000000000000e+01
3.060000000000000137e-07,7.512276240224829982e-02,0.000000000000000000e+00,7.526881720430107781e-02,7.700000000000000000e+01
3.069999999999999829e-07,7.536666437561090337e-02,0.000000000000000000e+00,7.526881720430107781e-02,7.700000000000000000e+01
3.080000000000000051e-07,7.561056634897360407e-02,0.000000000000000000e+00,7.526881720430107781e-02,7.700000000000000000e+01
3.089999999999999744e-07,7.585446832233630476e-02,0.000000000000000000e+00,7.624633431085044155e-02,7.800000000000000000e+01
3.099999999999999966e-07,7.609837029569889444e-02,0.000000000000000000e+00,7.624633431085044155e-02,7.800000000000000000e+01
3.110000000000000187e-07,7.634227226906159514e-02,0.000000000000000000e+00,7.624633431085044155e-02,7.800000000000000000e+01
3.119999999999999880e-07,7.658617424242419869e-02,0.000000000000000000e+00,7.624633431085044155e-02,7.800000000000000000e+01
3.130000000000000102e-07,7.683007621578689939e-02,0.000000000000000000e+00,7.722385141739980530e-02,7.900000000000000000e+01
3.139999999999999794e-07,7.707397818914950294e-02,0.000000000000000000e+00,7.722385141739980530e-02,7.900000000000000000e+01
3.150000000000000016e-07,7.731788016251220363e-02,0.000000000000000000e+00,7.722385141739980530e-02,7.900000000000000000e+01
3.160000000000000238e-07,7.756178213587490433e-02,1.000000000000000000e+00,7.722385141739980530e-02,7.900000000000000000e+01
3.169999999999999931e-07,7.780568410923749401e-02,0.000000000000000000e+00,7.820136852394916904e-02,8.000000000000000000e+01
3.180000000000000153e-07,7.804958608260019470e-02,0.000000000000000000e+00,7.820136852394916904e-02,8.000000000000000000e+01
3.189999999999999845e-07,7.829348805596289540e-02,0.000000000000000000e+00,7.820136852394916904e-02,8.000000000000000000e+01
3.200000000000000067e-07,7.853739002932549895e-02,0.000000000000000000e+00,7.820136852394916904e-02,8.000000000000000000e+01
3.209999999999999759e-07,7.878129200268819965e-02,0.000000000000000000e+00,7.917888563049853279e-02,8.100000000000000000e+01
3.219999999999999981e-07,7.902519397605080320e-02,0.000000000000000000e+00,7.917888563049853279e-02,8.100000000000000000e+01
3.230000000000000203e-07,7.926909594941350390e-02,1.000000000000000000e+00,7.917888563049853279e-02,8.100000000000000000e+01
3.239999999999999896e-07,7.951299792277609357e-02,0.000000000000000000e+00,7.917888563049853279e-02,8.100000000000000000e+01
3.250000000000000118e-07,7.975689989613879427e-02,0.000000000000000000e+00,8.015640273704789653e-02,8.200000000000000000e+01
3.259999999999999810e-07,8.000080186950149497e-02,0.000000000000000000e+00,8.015640273704789653e-02,8.200000000000000000e+01
3.270000000000000032e-07,8.024470384286409852e-02,0.000000000000000000e+00,8.015640273704789653e-02,8.200000000000000000e+01
3.280000000000000254e-07,8.048860581622679922e-02,1.000000000000000000e+00,8.015640273704789653e-02,8.200000000000000000e+01
3.289999999999999946e-07,8.073250778958940277e-02,0.000000000000000000e+00,8.113391984359726028e-02,8.300000000000000000e+01
3.300000000000000168e-07,8.097640976295210347e-02,0.000000000000000000e+00,8.113391984359726028e-02,8.300000000000000000e+01
3.309999999999999861e-07,8.122031173631480416e-02,0.000000000000000000e+00,8.113391984359726028e-02,8.300000000000000000e+01
3.320000000000000083e-07,8.146421370967739384e-02,0.000000000000000000e+00,8.113391984359726028e-02,8.300000000000000000e+01
3.329999999999999775e-07,8.170811568304009453e-02,0.000000000000000000e+00,8.211143695014662403e-02,8.400000000000000000e+01
3.339999999999999997e-07,8.195201765640269809e-02,0.000000000000000000e+00,8.211143695014662403e-02,8.400000000000000000e+01
3.350000000000000219e-07,8.219591962976539878e-02,1.000000000000000000e+00,8.211143695014662403e-02,8.400000000000000000e+01
3.359999999999999911e-07,8.243982160312800234e-02,0.000000000000000000e+00,8.211143695014662403e-02,8.400000000000000000e+01
3.370000000000000133e-07,8.268372357649070303e-02,0.000000000000000000e+00,8.308895405669598777e-02,8.500000000000000000e+01
3.379999999999999826e-07,8.292762554985340373e-02,0.000000000000000000e+00,8.308895405669598777e-02,8.500000000000000000e+01
3.390000000000000048e-07,8.317152752321599340e-02,0.000000000000000000e+00,8.308895405669598777e-02,8.500000000000000000e+01
3.399999999999999740e-07,8.341542949657869410e-02,0.000000000000000000e+00,8.308895405669598777e-02,8.500000000000000000e+01
3.409999999999999962e-07,8.365933146994139480e-02,0.000000000000000000e+00,8.406647116324535152e-02,8.600000000000000000e+01
3.420000000000000184e-07,8.390323344330399835e-02,0.000000000000000000e+00,8.406647116324535152e-02,8.600000000000000000e+01
3.429999999999999877e-07,8.414713541666669905e-02,0.000000000000000000e+00,8.406647116324535152e-02,8.600000000000000000e+01
3.440000000000000098e-07,8.439103739002930260e-02,0.000000000000000000e+00,8.406647116324535152e-02,8.600000000000000000e+01
3.449999999999999791e-07,8.463493936339200330e-02,0.000000000000000000e+00,8.504398826979471526e-02,8.700000000000000000e+01
3.460000000000000013e-07,8.487884133675460685e-02,0.000000000000000000e+00,8.504398826979471526e-02,8.700000000000000000e+01
3.470000000000000235e-07,8.512274331011729367e-02,1.000000000000000000e+00,8.504398826979471526e-02,8.700000000000000000e+01
3.479999999999999927e-07,8.536664528347999437e-02,0.000000000000000000e+00,8.504398826979471526e-02,8.700000000000000000e+01
3.490000000000000149e-07,8.561054725684259792e-02,0.000000000000000000e+00,8.602150537634409289e-02,8.800000000000000000e+01
3.499999999999999842e-07,8.585444923020529862e-02,0.000000000000000000e+00,8.602150537634409289e-02,8.800000000000000000e+01
3.510000000000000064e-07,8.609835120356790217e-02,0.000000000000000000e+00,8.602150537634409289e-02,8.800000000000000000e+01
3.519999999999999756e-07,8.634225317693060286e-02,0.000000000000000000e+00,8.602150537634409289e-02,8.800000000000000000e+01
3.529999999999999978e-07,8.658615515029330356e-02,0.000000000000000000e+00,8.699902248289345663e-02,8.900000000000000000e+01
3.540000000000000200e-07,8.683005712365589324e-02,0.000000000000000000e+00,8.699902248289345663e-02,8.900000000000000000e+01
3.549999999999999892e-07,8.707395909701859393e-02,0.000000000000000000e+00,8.699902248289345663e-02,8.900000000000000000e+01
3.560000000000000114e-07,8.731786107038119749e-02,0.000000000000000000e+00,8.699902248289345663e-02,8.900000000000000000e+01
3.569999999999999807e-07,8.756176304374389818e-02,0.000000000000000000e+00,8.797653958944282038e-02,9.000000000000000000e+01
3.580000000000000029e-07,8.780566501710650174e-02,0.000000000000000000e+00,8.797653958944282038e-02,9.000000000000000000e+01
3.590000000000000250e-07,8.804956699046920243e-02,1.000000000000000000e+00,8.797653958944282038e-02,9.000000000000000000e+01
3.599999999999999943e-07,8.829346896383190313e-02,0.000000000000000000e+00,8.797653958944282038e-02,9.000000000000000000e+01
3.610000000000000165e-07,8.853737093719450668e-02,0.000000000000000000e+00,8.895405669599218412e-02,9.100000000000000000e+01
3.619999999999999857e-07,8.878127291055719350e-02,0.000000000000000000e+00,8.895405669599218412e-02,9.100000000000000000e+01
3.630000000000000079e-07,8.902517488391979705e-02,0.000000000000000000e+00,8.895405669599218412e-02,9.100000000000000000e+01
3.639999999999999772e-07,8.926907685728249775e-02,0.000000000000000000e+00,8.895405669599218412e-02,9.100000000000000000e+01
3.649999999999999994e-07,8.951297883064519845e-02,0.000000000000000000e+00,8.993157380254154787e-02,9.200000000000000000e+01
3.660000000000000216e-07,8.975688080400780200e-02,0.000000000000000000e+00,8.993157380254154787e-02,9.200000000000000000e+01
3.669999999999999908e-07,9.000078277737050270e-02,0.000000000000000000e+00,8.993157380254154787e-02,9.200000000000000000e+01
3.680000000000000130e-07,9.024468475073310625e-02,0.000000000000000000e+00,8.993157380254154787e-02,9.200000000000000000e+01
3.689999999999999822e-07,9.048858672409579307e-02,0.000000000000000000e+00,9.090909090909091161e-02,9.300000000000000000e+01
3.700000000000000044e-07,9.073248869745849376e-02,0.000000000000000000e+00,9.090909090909091161e-02,9.300000000000000000e+01
3.709999999999999737e-07,9.097639067082109732e-02,0.000000000000000000e+00,9.090909090909091161e-02,9.300000000000000000e+01
3.719999999999999959e-07,9.122029264418379801e-02,0.000000000000000000e+00,9.090909090909091161e-02,9.300000000000000000e+01
3.730000000000000181e-07,9.146419461754640157e-02,0.000000000000000000e+00,9.188660801564027536e-02,9.400000000000000000e+01
3.739999999999999873e-07,9.170809659090910226e-02,0.000000000000000000e+00,9.188660801564027536e-02,9.400000000000000000e+01
3.750000000000000095e-07,9.195199856427170582e-02,0.000000000000000000e+00,9.188660801564027536e-02,9.400000000000000000e+01
3.759999999999999788e-07,9.219590053763440651e-02,0.000000000000000000e+00,9.188660801564027536e-02,9.400000000000000000e+01
3.770000000000000009e-07,9.243980251099709333e-02,0.000000000000000000e+00,9.286412512218963911e-02,9.500000000000000000e+01
3.780000000000000231e-07,9.268370448435969688e-02,0.000000000000000000e+00,9.286412512218963911e-02,9.500000000000000000e+01
3.789999999999999924e-07,9.292760645772239758e-02,0.000000000000000000e+00,9.286412512218963911e-02,9.500000000000000000e+01
3.800000000000000146e-07,9.317150843108500113e-02,0.000000000000000000e+00,9.286412512218963911e-02,9.500000000000000000e+01
3.809999999999999838e-07,9.341541040444770183e-02,0.000000000000000000e+00,9.384164222873900285e-02,9.600000000000000000e+01
3.820000000000000060e-07,9.365931237781040253e-02,0.000000000000000000e+00,9.384164222873900285e-02,9.600000000000000000e+01
3.829999999999999753e-07,9.390321435117300608e-02,0.000000000000000000e+00,9.384164222873900285e-02,9.600000000000000000e+01
3.839999999999999974e-07,9.414711632453570678e-02,0.000000000000000000e+00,9.384164222873900285e-02,9.600000000000000000e+01
3.850000000000000196e-07,9.439101829789829645e-02,0.000000000000000000e+00,9.481915933528836660e-02,9.700000000000000000e+01
3.859999999999999889e-07,9.463492027126099715e-02,0.000000000000000000e+00,9.481915933528836660e-02,9.700000000000000000e+01
3.870000000000000111e-07,9.487882224462369785e-02,0.000000000000000000e+00,9.481915933528836660e-02,9.700000000000000000e+01
3.879999999999999803e-07,9.512272421798630140e-02,0.000000000000000000e+00,9.481915933528836660e-02,9.700000000000000000e+01
3.890000000000000025e-07,9.536662619134900210e-02,0.000000000000000000e+00,9.579667644183773034e-02,9.800000000000000000e+01
3.900000000000000247e-07,9.561052816471160565e-02,1.000000000000000000e+00,9.579667644183773034e-02,9.800000000000000000e+01
3.909999999999999940e-07,9.585443013807430634e-02,0.000000000000000000e+00,9.579667644183773034e-02,9.800000000000000000e+01
3.920000000000000161e-07,9.609833211143699316e-02,0.000000000000000000e+00,9.579667644183773034e-02,9.800000000000000000e+01
3.929999999999999854e-07,9.634223408479959672e-02,0.000000000000000000e+00,9.677419354838709409e-02,9.900000000000000000e+01
3.940000000000000076e-07,9.658613605816229741e-02,0.000000000000000000e+00,9.677419354838709409e-02,9.900000000000000000e+01
3.949999999999999768e-07,9.683003803152490097e-02,0.000000000000000000e+00,9.677419354838709409e-02,9.900000000000000000e+01
3.959999999999999990e-07,9.707394000488760166e-02,0.000000000000000000e+00,9.677419354838709409e-02,9.900000000000000000e+01
3.970000000000000212e-07,9.731784197825020521e-02,0.000000000000000000e+00,9.775171065493645783e-02,1.000000000000000000e+02
3.979999999999999905e-07,9.756174395161290591e-02,0.000000000000000000e+00,9.775171065493645783e-02,1.000000000000000000e+02
3.990000000000000126e-07,9.780564592497560661e-02,0.000000000000000000e+00,9.775171065493645783e-02,1.000000000000000000e+02
3.999999999999999819e-07,9.804954789833819628e-02,0.000000000000000000e+00,9.775171065493645783e-02,1.000000000000000000e+02
4.010000000000000041e-07,9.829344987170089698e-02,0.000000000000000000e+00,9.872922776148582158e-02,1.010000000000000000e+02
4.020000000000000263e-07,9.853735184506350053e-02,1.000000000000000000e+00,9.872922776148582158e-02,1.010000000000000000e+02
4.029999999999999955e-07,9.878125381842620123e-02,0.000000000000000000e+00,9.872922776148582158e-02,1.010000000000000000e+02
4.040000000000000177e-07,9.902515579178890193e-02,0.000000000000000000e+00,9.872922776148582158e-02,1.010000000000000000e+02
4.049999999999999870e-07,9.926905776515150548e-02,0.000000000000000000e+00,9.970674486803518533e-02,1.020000000000000000e+02
4.060000000000000092e-07,9.951295973851420618e-02,0.000000000000000000e+00,9.970674486803518533e-02,1.020000000000000000e+02
4.069999999999999784e-07,9.975686171187679585e-02,0.000000000000000000e+00,9.970674486803518533e-02,1.020000000000000000e+02
4.080000000000000006e-07,1.000007636852389969e-01,0.000000000000000000e+00,9.970674486803518533e-02,1.020000000000000000e+02
4.090000000000000228e-07,1.002446656586020030e-01,0.000000000000000000e+00,1.006842619745845491e-01,1.030000000000000000e+02
4.099999999999999920e-07,1.004885676319649951e-01,0.000000000000000000e+00,1.006842619745845491e-01,1.030000000000000000e+02
4.110000000000000142e-07,1.007324696053270019e-01,0.000000000000000000e+00,1.006842619745845491e-01,1.030000000000000000e+02
4.119999999999999835e-07,1.009763715786899940e-01,0.000000000000000000e+00,1.006842619745845491e-01,1.030000000000000000e+02
4.130000000000000057e-07,1.012202735520530000e-01,0.000000000000000000e+00,1.016617790811339128e-01,1.040000000000000000e+02
4.139999999999999749e-07,1.014641755254150068e-01,0.000000000000000000e+00,1.016617790811339128e-01,1.040000000000000000e+02
4.149999999999999971e-07,1.017080774987779990e-01,0.000000000000000000e+00,1.016617790811339128e-01,1.040000000000000000e+02
4.160000000000000193e-07,1.019519794721410050e-01,0.000000000000000000e+00,1.016617790811339128e-01,1.040000000000000000e+02
4.169999999999999885e-07,1.021958814455029979e-01,0.000000000000000000e+00,1.026392961876832904e-01,1.050000000000000000e+02
4.180000000000000107e-07,1.024397834188660039e-01,0.000000000000000000e+00,1.026392961876832904e-01,1.050000000000000000e+02
4.189999999999999800e-07,1.026836853922289960e-01,0.000000000000000000e+00,1.026392961876832904e-01,1.050000000000000000e+02
4.200000000000000022e-07,1.029275873655910029e-01,0.000000000000000000e+00,1.026392961876832904e-01,1.050000000000000000e+02
4.210000000000000244e-07,1.031714893389539950e-01,0.000000000000000000e+00,1.036168132942326542e-01,1.060000000000000000e+02
4.219999999999999936e-07,1.034153913123170010e-01,0.000000000000000000e+00,1.036168132942326542e-01,1.060000000000000000e+02
4.230000000000000158e-07,1.036592932856789939e-01,0.000000000000000000e+00,1.036168132942326542e-01,1.060000000000000000e+02
4.239999999999999850e-07,1.039031952590419999e-01,0.000000000000000000e+00,1.036168132942326542e-01,1.060000000000000000e+02
4.250000000000000072e-07,1.041470972324050059e-01,0.000000000000000000e+00,1.045943304007820179e-01,1.070000000000000000e+02
4.259999999999999765e-07,1.043909992057669989e-01,0.000000000000000000e+00,1.045943304007820179e-01,1.070000000000000000e+02
4.269999999999999987e-07,1.046349011791300049e-01,0.000000000000000000e+00,1.045943304007820179e-01,1.070000000000000000e+02
4.280000000000000209e-07,1.048788031524929970e-01,0.000000000000000000e+00,1.045943304007820179e-01,1.070000000000000000e+02
4.289999999999999901e-07,1.051227051258550038e-01,0.000000000000000000e+00,1.055718475073313817e-01,1.080000000000000000e+02
4.300000000000000123e-07,1.053666070992179959e-01,0.000000000000000000e+00,1.055718475073313817e-01,1.080000000000000000e+02
4.309999999999999816e-07,1.056105090725810020e-01,0.000000000000000000e+00,1.055718475073313817e-01,1.080000000000000000e+02
4.320000000000000037e-07,1.058544110459429949e-01,0.000000000000000000e+00,1.055718475073313817e-01,1.080000000000000000e+02
4.330000000000000259e-07,1.060983130193060009e-01,0.000000000000000000e+00,1.065493646138807454e-01,1.090000000000000000e+02
4.339999999999999952e-07,1.063422149926690069e-01,0.000000000000000000e+00,1.065493646138807454e-01,1.090000000000000000e+02
4.350000000000000174e-07,1.065861169660309998e-01,0.000000000000000000e+00,1.065493646138807454e-01,1.090000000000000000e+02
4.359999999999999866e-07,1.068300189393940058e-01,0.000000000000000000e+00,1.065493646138807454e-01,1.090000000000000000e+02
4.370000000000000088e-07,1.070739209127569980e-01,0.000000000000000000e+00,1.075268817204301092e-01,1.100000000000000000e+02
4.379999999999999781e-07,1.073178228861190048e-01,0.000000000000000000e+00,1.075268817204301092e-01,1.100000000000000000e+02
4.390000000000000003e-07,1.075617248594819969e-01,0.000000000000000000e+00,1.075268817204301092e-01,1.100000000000000000e+02
4.400000000000000224e-07,1.078056268328450029e-01,0.000000000000000000e+00,1.075268817204301092e-01,1.100000000000000000e+02
4.409999999999999917e-07,1.080495288062069958e-01,0.000000000000000000e+00,1.085043988269794729e-01,1.110000000000000000e+02
4.420000000000000139e-07,1.082934307795700019e-01,0.000000000000000000e+00,1.085043988269794729e-01,1.110000000000000000e+02
4.429999999999999831e-07,1.085373327529329940e-01,0.000000000000000000e+00,1.085043988269794729e-01,1.110000000000000000e+02
4.440000000000000053e-07,1.087812347262950008e-01,0.000000000000000000e+00,1.085043988269794729e-01,1.110000000000000000e+02
4.449999999999999746e-07,1.090251366996580068e-01,0.000000000000000000e+00,1.094819159335288367e-01,1.120000000000000000e+02
4.459999999999999968e-07,1.092690386730209989e-01,0.000000000000000000e+00,1.094819159335288367e-01,1.120000000000000000e+02
4.470000000000000189e-07,1.095129406463830057e-01,0.000000000000000000e+00,1.094819159335288367e-01,1.120000000000000000e+02
4.479999999999999882e-07,1.097568426197459979e-01,0.000000000000000000e+00,1.094819159335288367e-01,1.120000000000000000e+02
4.490000000000000104e-07,1.100007445931090039e-01,0.000000000000000000e+00,1.104594330400782004e-01,1.130000000000000000e+02
4.499999999999999796e-07,1.102446465664709968e-01,0.000000000000000000e+00,1.104594330400782004e-01,1.130000000000000000e+02
4.510000000000000018e-07,1.104885485398340028e-01,0.000000000000000000e+00,1.104594330400782004e-01,1.130000000000000000e+02
4.520000000000000240e-07,1.107324505131959957e-01,0.000000000000000000e+00,1.104594330400782004e-01,1.130000000000000000e+02
4.529999999999999933e-07,1.109763524865590018e-01,0.000000000000000000e+00,1.114369501466275642e-01,1.140000000000000000e+02
4.540000000000000155e-07,1.112202544599219939e-01,0.000000000000000000e+00,1.114369501466275642e-01,1.140000000000000000e+02
4.549999999999999847e-07,1.114641564332840007e-01,0.000000000000000000e+00,1.114369501466275642e-01,1.140000000000000000e+02
4.560000000000000069e-07,1.117080584066470067e-01,0.000000000000000000e+00,1.114369501466275642e-01,1.140000000000000000e+02
4.569999999999999761e-07,1.119519603800099988e-01,0.000000000000000000e+00,1.124144672531769279e-01,1.150000000000000000e+02
4.579999999999999983e-07,1.121958623533720056e-01,0.000000000000000000e+00,1.124144672531769279e-01,1.150000000000000000e+02
4.590000000000000205e-07,1.124397643267349978e-01,0.000000000000000000e+00,1.124144672531769279e-01,1.150000000000000000e+02
4.599999999999999898e-07,1.126836663000980038e-01,0.000000000000000000e+00,1.124144672531769279e-01,1.150000000000000000e+02
4.610000000000000120e-07,1.129275682734599967e-01,0.000000000000000000e+00,1.133919843597262916e-01,1.160000000000000000e+02
4.619999999999999812e-07,1.131714702468230027e-01,0.000000000000000000e+00,1.133919843597262916e-01,1.160000000000000000e+02
4.630000000000000034e-07,1.134153722201859948e-01,0.000000000000000000e+00,1.133919843597262916e-01,1.160000000000000000e+02
4.640000000000000256e-07,1.136592741935480017e-01,0.000000000000000000e+00,1.133919843597262916e-01,1.160000000000000000e+02
4.649999999999999948e-07,1.139031761669109938e-01,0.000000000000000000e+00,1.143695014662756554e-01,1.170000000000000000e+02
4.660000000000000170e-07,1.141470781402739998e-01,0.000000000000000000e+00,1.143695014662756554e-01,1.170000000000000000e+02
4.669999999999999863e-07,1.143909801136360066e-01,0.000000000000000000e+00,1.143695014662756554e-01,1.170000000000000000e+02
4.680000000000000085e-07,1.146348820869989987e-01,0.000000000000000000e+00,1.143695014662756554e-01,1.170000000000000000e+02
4.689999999999999777e-07,1.148787840603620047e-01,0.000000000000000000e+00,1.153470185728250191e-01,1.180000000000000000e+02
4.699999999999999999e-07,1.151226860337239977e-01,0.000000000000000000e+00,1.153470185728250191e-01,1.180000000000000000e+02
4.710000000000000221e-07,1.153665880070870037e-01,0.000000000000000000e+00,1.153470185728250191e-01,1.180000000000000000e+02
4.719999999999999913e-07,1.156104899804499958e-01,0.000000000000000000e+00,1.153470185728250191e-01,1.180000000000000000e+02
4.730000000000000135e-07,1.158543919538120026e-01,0.000000000000000000e+00,1.163245356793743829e-01,1.190000000000000000e+02
4.739999999999999828e-07,1.160982939271749947e-01,0.000000000000000000e+00,1.163245356793743829e-01,1.190000000000000000e+02
4.750000000000000050e-07,1.163421959005380008e-01,0.000000000000000000e+00,1.163245356793743829e-01,1.190000000000000000e+02
4.759999999999999742e-07,1.165860978738999937e-01,0.000000000000000000e+00,1.163245356793743829e-01,1.190000000000000000e+02
4.770000000000000494e-07,1.168299998472629997e-01,1.000000000000000000e+00,1.173020527859237605e-01,1.200000000000000000e+02
4.780000000000000186e-07,1.170739018206260057e-01,0.000000000000000000e+00,1.173020527859237605e-01,1.200000000000000000e+02
4.789999999999999879e-07,1.173178037939879986e-01,0.000000000000000000e+00,1.173020527859237605e-01,1.200000000000000000e+02
4.799999999999999571e-07,1.175617057673510046e-01,0.000000000000000000e+00,1.173020527859237605e-01,1.200000000000000000e+02
4.810000000000000322e-07,1.178056077407139968e-01,1.000000000000000000e+00,1.182795698924731242e-01,1.210000000000000000e+02
4.820000000000000015e-07,1.180495097140760036e-01,0.000000000000000000e+00,1.182795698924731242e-01,1.210000000000000000e+02
4.829999999999999707e-07,1.182934116874389957e-01,0.000000000000000000e+00,1.182795698924731242e-01,1.210000000000000000e+02
4.840000000000000459e-07,1.185373136608020017e-01,1.000000000000000000e+00,1.182795698924731242e-01,1.210000000000000000e+02
4.850000000000000151e-07,1.187812156341639946e-01,0.000000000000000000e+00,1.192570869990224880e-01,1.220000000000000000e+02
4.859999999999999844e-07,1.190251176075270007e-01,0.000000000000000000e+00,1.192570869990224880e-01,1.220000000000000000e+02
4.869999999999999536e-07,1.192690195808900067e-01,0.000000000000000000e+00,1.192570869990224880e-01,1.220000000000000000e+02
4.880000000000000287e-07,1.195129215542519996e-01,0.000000000000000000e+00,1.192570869990224880e-01,1.220000000000000000e+02
4.889999999999999980e-07,1.197568235276150056e-01,0.000000000000000000e+00,1.202346041055718517e-01,1.230000000000000000e+02
4.899999999999999672e-07,1.200007255009779977e-01,0.000000000000000000e+00,1.202346041055718517e-01,1.230000000000000000e+02
4.910000000000000424e-07,1.202446274743400045e-01,1.000000000000000000e+00,1.202346041055718517e-01,1.230000000000000000e+02
4.920000000000000116e-07,1.204885294477029967e-01,0.000000000000000000e+00,1.202346041055718517e-01,1.230000000000000000e+02
4.929999999999999809e-07,1.207324314210650035e-01,0.000000000000000000e+00,1.212121212121212155e-01,1.240000000000000000e+02
4.939999999999999501e-07,1.209763333944279956e-01,0.000000000000000000e+00,1.212121212121212155e-01,1.240000000000000000e+02
4.950000000000000252e-07,1.212202353677910016e-01,0.000000000000000000e+00,1.212121212121212155e-01,1.240000000000000000e+02
4.959999999999999945e-07,1.214641373411529945e-01,0.000000000000000000e+00,1.212121212121212155e-01,1.240000000000000000e+02
4.969999999999999637e-07,1.217080393145160006e-01,0.000000000000000000e+00,1.221896383186705792e-01,1.250000000000000000e+02
4.980000000000000389e-07,1.219519412878790066e-01,1.000000000000000000e+00,1.221896383186705792e-01,1.250000000000000000e+02
4.990000000000000081e-07,1.221958432612409995e-01,0.000000000000000000e+00,1.221896383186705792e-01,1.250000000000000000e+02
4.999999999999999774e-07,1.224397452346040055e-01,0.000000000000000000e+00,1.221896383186705792e-01,1.250000000000000000e+02
5.010000000000000525e-07,1.226836472079669976e-01,1.000000000000000000e+00,1.231671554252199430e-01,1.260000000000000000e+02
5.020000000000000218e-07,1.229275491813290044e-01,0.000000000000000000e+00,1.231671554252199430e-01,1.260000000000000000e+02
5.029999999999999910e-07,1.231714511546919966e-01,0.000000000000000000e+00,1.231671554252199430e-01,1.260000000000000000e+02
5.039999999999999603e-07,1.234153531280550026e-01,0.000000000000000000e+00,1.231671554252199430e-01,1.260000000000000000e+02
5.050000000000000354e-07,1.236592551014169955e-01,1.000000000000000000e+00,1.241446725317693067e-01,1.270000000000000000e+02
5.060000000000000046e-07,1.239031570747800015e-01,0.000000000000000000e+00,1.241446725317693067e-01,1.270000000000000000e+02
5.069999999999999739e-07,1.241470590481429936e-01,0.000000000000000000e+00,1.241446725317693067e-01,1.270000000000000000e+02
5.080000000000000490e-07,1.243909610215050005e-01,1.000000000000000000e+00,1.241446725317693067e-01,1.270000000000000000e+02
5.090000000000000183e-07,1.246348629948680065e-01,0.000000000000000000e+00,1.251221896383186705e-01,1.280000000000000000e+02
5.099999999999999875e-07,1.248787649682309986e-01,0.000000000000000000e+00,1.251221896383186705e-01,1.280000000000000000e+02
5.109999999999999568e-07,1.251226669415929915e-01,0.000000000000000000e+00,1.251221896383186705e-01,1.280000000000000000e+02
5.120000000000000319e-07,1.253665689149560114e-01,1.000000000000000000e+00,1.251221896383186705e-01,1.280000000000000000e+02
5.130000000000000011e-07,1.256104708883190035e-01,0.000000000000000000e+00,1.260997067448680342e-01,1.290000000000000000e+02
5.139999999999999704e-07,1.258543728616809965e-01,0.000000000000000000e+00,1.260997067448680342e-01,1.290000000000000000e+02
5.150000000000000455e-07,1.260982748350439886e-01,1.000000000000000000e+00,1.260997067448680342e-01,1.290000000000000000e+02
5.160000000000000148e-07,1.263421768084070085e-01,0.000000000000000000e+00,1.260997067448680342e-01,1.290000000000000000e+02
5.169999999999999840e-07,1.265860787817690014e-01,0.000000000000000000e+00,1.270772238514173980e-01,1.300000000000000000e+02
5.179999999999999533e-07,1.268299807551319935e-01,0.000000000000000000e+00,1.270772238514173980e-01,1.300000000000000000e+02
5.190000000000000284e-07,1.270738827284950134e-01,0.000000000000000000e+00,1.270772238514173980e-01,1.300000000000000000e+02
5.199999999999999976e-07,1.273177847018570064e-01,0.000000000000000000e+00,1.270772238514173980e-01,1.300000000000000000e+02
5.209999999999999669e-07,1.275616866752199985e-01,0.000000000000000000e+00,1.280547409579667617e-01,1.310000000000000000e+02
5.220000000000000420e-07,1.278055886485829906e-01,1.000000000000000000e+00,1.280547409579667617e-01,1.310000000000000000e+02
5.230000000000000113e-07,1.280494906219450113e-01,0.000000000000000000e+00,1.280547409579667617e-01,1.310000000000000000e+02
5.239999999999999805e-07,1.282933925953080034e-01,0.000000000000000000e+00,1.280547409579667617e-01,1.310000000000000000e+02
5.249999999999999498e-07,1.285372945686709956e-01,0.000000000000000000e+00,1.290322580645161255e-01,1.320000000000000000e+02
5.260000000000000249e-07,1.287811965420329885e-01,0.000000000000000000e+00,1.290322580645161255e-01,1.320000000000000000e+02
5.269999999999999942e-07,1.290250985153960084e-01,0.000000000000000000e+00,1.290322580645161255e-01,1.320000000000000000e+02
5.279999999999999634e-07,1.292690004887590005e-01,0.000000000000000000e+00,1.290322580645161255e-01,1.320000000000000000e+02
5.290000000000000385e-07,1.295129024621209934e-01,1.000000000000000000e+00,1.300097751710654892e-01,1.330000000000000000e+02
5.300000000000000078e-07,1.297568044354840133e-01,0.000000000000000000e+00,1.300097751710654892e-01,1.330000000000000000e+02
5.309999999999999770e-07,1.300007064088470055e-01,0.000000000000000000e+00,1.300097751710654892e-01,1.330000000000000000e+02
5.320000000000000522e-07,1.302446083822089984e-01,1.000000000000000000e+00,1.300097751710654892e-01,1.330000000000000000e+02
5.330000000000000214e-07,1.304885103555719905e-01,0.000000000000000000e+00,1.309872922776148529e-01,1.340000000000000000e+02
5.339999999999999907e-07,1.307324123289340112e-01,0.000000000000000000e+00,1.309872922776148529e-01,1.340000000000000000e+02
5.349999999999999599e-07,1.309763143022970033e-01,0.000000000000000000e+00,1.309872922776148529e-01,1.340000000000000000e+02
5.360000000000000350e-07,1.312202162756599955e-01,1.000000000000000000e+00,1.309872922776148529e-01,1.340000000000000000e+02
5.370000000000000043e-07,1.314641182490219884e-01,0.000000000000000000e+00,1.319648093841642167e-01,1.350000000000000000e+02
5.379999999999999735e-07,1.317080202223850083e-01,0.000000000000000000e+00,1.319648093841642167e-01,1.350000000000000000e+02
5.390000000000000487e-07,1.319519221957480004e-01,1.000000000000000000e+00,1.319648093841642167e-01,1.350000000000000000e+02
5.400000000000000179e-07,1.321958241691099933e-01,0.000000000000000000e+00,1.319648093841642167e-01,1.350000000000000000e+02
5.409999999999999872e-07,1.324397261424730132e-01,0.000000000000000000e+00,1.319648093841642167e-01,1.350000000000000000e+02
5.419999999999999564e-07,1.326836281158360054e-01,0.000000000000000000e+00,1.329423264907135804e-01,1.360000000000000000e+02
5.430000000000000315e-07,1.329275300891979983e-01,0.000000000000000000e+00,1.329423264907135804e-01,1.360000000000000000e+02
5.440000000000000008e-07,1.331714320625609904e-01,0.000000000000000000e+00,1.329423264907135804e-01,1.360000000000000000e+02
5.449999999999999700e-07,1.334153340359240103e-01,0.000000000000000000e+00,1.329423264907135804e-01,1.360000000000000000e+02
5.460000000000000452e-07,1.336592360092860032e-01,1.000000000000000000e+00,1.339198435972629442e-01,1.370000000000000000e+02
5.470000000000000144e-07,1.339031379826489954e-01,0.000000000000000000e+00,1.339198435972629442e-01,1.370000000000000000e+02
5.479999999999999837e-07,1.341470399560119875e-01,0.000000000000000000e+00,1.339198435972629442e-01,1.370000000000000000e+02
5.489999999999999529e-07,1.343909419293740082e-01,0.000000000000000000e+00,1.339198435972629442e-01,1.370000000000000000e+02
5.500000000000000281e-07,1.346348439027370003e-01,0.000000000000000000e+00,1.348973607038123079e-01,1.380000000000000000e+02
5.509999999999999973e-07,1.348787458760999924e-01,0.000000000000000000e+00,1.348973607038123079e-01,1.380000000000000000e+02
5.519999999999999666e-07,1.351226478494620131e-01,0.000000000000000000e+00,1.348973607038123079e-01,1.380000000000000000e+02
5.530000000000000417e-07,1.353665498228250053e-01,1.000000000000000000e+00,1.348973607038123079e-01,1.380000000000000000e+02
5.540000000000000109e-07,1.356104517961879974e-01,0.000000000000000000e+00,1.358748778103616717e-01,1.390000000000000000e+02
5.549999999999999802e-07,1.358543537695499903e-01,0.000000000000000000e+00,1.358748778103616717e-01,1.390000000000000000e+02
5.559999999999999494e-07,1.360982557429130102e-01,0.000000000000000000e+00,1.358748778103616717e-01,1.390000000000000000e+02
5.570000000000000246e-07,1.363421577162760023e-01,0.000000000000000000e+00,1.358748778103616717e-01,1.390000000000000000e+02
5.579999999999999938e-07,1.365860596896379953e-01,0.000000000000000000e+00,1.368523949169110354e-01,1.400000000000000000e+02
5.589999999999999631e-07,1.368299616630009874e-01,0.000000000000000000e+00,1.368523949169110354e-01,1.400000000000000000e+02
5.600000000000000382e-07,1.370738636363640073e-01,1.000000000000000000e+00,1.368523949169110354e-01,1.400000000000000000e+02
5.610000000000000074e-07,1.373177656097260002e-01,0.000000000000000000e+00,1.368523949169110354e-01,1.400000000000000000e+02
5.619999999999999767e-07,1.375616675830889923e-01,0.000000000000000000e+00,1.378299120234603992e-01,1.410000000000000000e+02
5.630000000000000518e-07,1.378055695564520122e-01,1.000000000000000000e+00,1.378299120234603992e-01,1.410000000000000000e+02
5.640000000000000211e-07,1.380494715298140052e-01,0.000000000000000000e+00,1.378299120234603992e-01,1.410000000000000000e+02
5.649999999999999903e-07,1.382933735031769973e-01,0.000000000000000000e+00,1.378299120234603992e-01,1.410000000000000000e+02
5.659999999999999596e-07,1.385372754765399894e-01,0.000000000000000000e+00,1.388074291300097629e-01,1.420000000000000000e+02
5.670000000000000347e-07,1.387811774499020101e-01,0.000000000000000000e+00,1.388074291300097629e-01,1.420000000000000000e+02
5.680000000000000039e-07,1.390250794232650022e-01,0.000000000000000000e+00,1.388074291300097629e-01,1.420000000000000000e+02
5.689999999999999732e-07,1.392689813966279944e-01,0.000000000000000000e+00,1.388074291300097629e-01,1.420000000000000000e+02
5.700000000000000483e-07,1.395128833699899873e-01,1.000000000000000000e+00,1.397849462365591267e-01,1.430000000000000000e+02
5.710000000000000176e-07,1.397567853433530072e-01,0.000000000000000000e+00,1.397849462365591267e-01,1.430000000000000000e+02
5.719999999999999868e-07,1.400006873167159993e-01,0.000000000000000000e+00,1.397849462365591267e-01,1.430000000000000000e+02
5.729999999999999561e-07,1.402445892900779922e-01,0.000000000000000000e+00,1.397849462365591267e-01,1.430000000000000000e+02
5.740000000000000312e-07,1.404884912634410121e-01,0.000000000000000000e+00,1.407624633431084904e-01,1.440000000000000000e+02
5.750000000000000004e-07,1.407323932368040043e-01,0.000000000000000000e+00,1.407624633431084904e-01,1.440000000000000000e+02
5.759999999999999697e-07,1.409762952101659972e-01,0.000000000000000000e+00,1.407624633431084904e-01,1.440000000000000000e+02
5.770000000000000448e-07,1.412201971835289893e-01,1.000000000000000000e+00,1.407624633431084904e-01,1.440000000000000000e+02
5.780000000000000141e-07,1.414640991568910100e-01,0.000000000000000000e+00,1.417399804496578819e-01,1.450000000000000000e+02
5.789999999999999833e-07,1.417080011302540021e-01,0.000000000000000000e+00,1.417399804496578819e-01,1.450000000000000000e+02
5.799999999999999526e-07,1.419519031036169943e-01,0.000000000000000000e+00,1.417399804496578819e-01,1.450000000000000000e+02
5.810000000000000277e-07,1.421958050769789872e-01,0.000000000000000000e+00,1.417399804496578819e-01,1.450000000000000000e+02
5.819999999999999970e-07,1.424397070503420071e-01,0.000000000000000000e+00,1.427174975562072456e-01,1.460000000000000000e+02
5.829999999999999662e-07,1.426836090237049992e-01,0.000000000000000000e+00,1.427174975562072456e-01,1.460000000000000000e+02
5.840000000000000413e-07,1.429275109970669921e-01,1.000000000000000000e+00,1.427174975562072456e-01,1.460000000000000000e+02
5.850000000000000106e-07,1.431714129704300120e-01,0.000000000000000000e+00,1.427174975562072456e-01,1.460000000000000000e+02
5.859999999999999798e-07,1.434153149437930042e-01,0.000000000000000000e+00,1.436950146627566094e-01,1.470000000000000000e+02
5.869999999999999491e-07,1.436592169171549971e-01,0.000000000000000000e+00,1.436950146627566094e-01,1.470000000000000000e+02
5.880000000000000242e-07,1.439031188905179892e-01,0.000000000000000000e+00,1.436950146627566094e-01,1.470000000000000000e+02
5.889999999999999935e-07,1.441470208638810091e-01,0.000000000000000000e+00,1.436950146627566094e-01,1.470000000000000000e+02
5.899999999999999627e-07,1.443909228372430020e-01,0.000000000000000000e+00,1.446725317693059731e-01,1.480000000000000000e+02
5.910000000000000378e-07,1.446348248106059942e-01,1.000000000000000000e+00,1.446725317693059731e-01,1.480000000000000000e+02
5.920000000000000071e-07,1.448787267839689863e-01,0.000000000000000000e+00,1.446725317693059731e-01,1.480000000000000000e+02
5.929999999999999763e-07,1.451226287573310070e-01,0.000000000000000000e+00,1.446725317693059731e-01,1.480000000000000000e+02
5.940000000000000515e-07,1.453665307306939991e-01,1.000000000000000000e+00,1.456500488758553369e-01,1.490000000000000000e+02
5.950000000000000207e-07,1.456104327040569912e-01,0.000000000000000000e+00,1.456500488758553369e-01,1.490000000000000000e+02
5.959999999999999900e-07,1.458543346774190119e-01,0.000000000000000000e+00,1.456500488758553369e-01,1.490000000000000000e+02
5.969999999999999592e-07,1.460982366507820041e-01,0.000000000000000000e+00,1.456500488758553369e-01,1.490000000000000000e+02
5.980000000000000343e-07,1.463421386241449962e-01,0.000000000000000000e+00,1.466275659824047006e-01,1.500000000000000000e+02
5.990000000000000036e-07,1.465860405975069891e-01,0.000000000000000000e+00,1.466275659824047006e-01,1.500000000000000000e+02
5.999999999999999728e-07,1.468299425708700090e-01,0.000000000000000000e+00,1.466275659824047006e-01,1.500000000000000000e+02
6.010000000000000480e-07,1.470738445442330011e-01,1.000000000000000000e+00,1.466275659824047006e-01,1.500000000000000000e+02
6.020000000000000172e-07,1.473177465175949941e-01,0.000000000000000000e+00,1.476050830889540644e-01,1.510000000000000000e+02
6.029999999999999865e-07,1.475616484909579862e-01,0.000000000000000000e+00,1.476050830889540644e-01,1.510000000000000000e+02
6.039999999999999557e-07,1.478055504643210061e-01,0.000000000000000000e+00,1.476050830889540644e-01,1.510000000000000000e+02
6.050000000000000309e-07,1.480494524376829990e-01,0.000000000000000000e+00,1.476050830889540644e-01,1.510000000000000000e+02
6.060000000000000001e-07,1.482933544110459911e-01,0.000000000000000000e+00,1.485826001955034281e-01,1.520000000000000000e+02
6.069999999999999694e-07,1.485372563844090110e-01,0.000000000000000000e+00,1.485826001955034281e-01,1.520000000000000000e+02
6.080000000000000445e-07,1.487811583577710040e-01,1.000000000000000000e+00,1.485826001955034281e-01,1.520000000000000000e+02
6.090000000000000137e-07,1.490250603311339961e-01,0.000000000000000000e+00,1.485826001955034281e-01,1.520000000000000000e+02
6.099999999999999830e-07,1.492689623044969882e-01,0.000000000000000000e+00,1.495601173020527919e-01,1.530000000000000000e+02
6.109999999999999522e-07,1.495128642778590089e-01,0.000000000000000000e+00,1.495601173020527919e-01,1.530000000000000000e+02
6.120000000000000274e-07,1.497567662512220010e-01,0.000000000000000000e+00,1.495601173020527919e-01,1.530000000000000000e+02
6.129999999999999966e-07,1.500006682245849932e-01,0.000000000000000000e+00,1.495601173020527919e-01,1.530000000000000000e+02
6.139999999999999659e-07,1.502445701979470138e-01,0.000000000000000000e+00,1.505376344086021556e-01,1.540000000000000000e+02
6.150000000000000410e-07,1.504884721713100060e-01,1.000000000000000000e+00,1.505376344086021556e-01,1.540000000000000000e+02
6.160000000000000102e-07,1.507323741446729981e-01,0.000000000000000000e+00,1.505376344086021556e-01,1.540000000000000000e+02
6.169999999999999795e-07,1.509762761180349910e-01,0.000000000000000000e+00,1.505376344086021556e-01,1.540000000000000000e+02
6.179999999999999487e-07,1.512201780913980109e-01,0.000000000000000000e+00,1.515151515151515194e-01,1.550000000000000000e+02
6.190000000000000239e-07,1.514640800647610031e-01,0.000000000000000000e+00,1.515151515151515194e-01,1.550000000000000000e+02
6.199999999999999931e-07,1.517079820381229960e-01,0.000000000000000000e+00,1.515151515151515194e-01,1.550000000000000000e+02
6.209999999999999624e-07,1.519518840114859881e-01,0.000000000000000000e+00,1.515151515151515194e-01,1.550000000000000000e+02
6.220000000000000375e-07,1.521957859848480088e-01,0.000000000000000000e+00,1.524926686217008831e-01,1.560000000000000000e+02
6.230000000000000067e-07,1.524396879582110009e-01,0.000000000000000000e+00,1.524926686217008831e-01,1.560000000000000000e+02
6.239999999999999760e-07,1.526835899315739931e-01,0.000000000000000000e+00,1.524926686217008831e-01,1.560000000000000000e+02
6.250000000000000511e-07,1.529274919049360137e-01,1.000000000000000000e+00,1.524926686217008831e-01,1.560000000000000000e+02
6.260000000000000204e-07,1.531713938782990059e-01,0.000000000000000000e+00,1.534701857282502468e-01,1.570000000000000000e+02
6.269999999999999896e-07,1.534152958516619980e-01,0.000000000000000000e+00,1.534701857282502468e-01,1.570000000000000000e+02
6.279999999999999589e-07,1.536591978250239909e-01,0.000000000000000000e+00,1.534701857282502468e-01,1.570000000000000000e+02
6.290000000000000340e-07,1.539030997983870108e-01,0.000000000000000000e+00,1.534701857282502468e-01,1.570000000000000000e+02
6.300000000000000033e-07,1.541470017717500030e-01,0.000000000000000000e+00,1.544477028347996106e-01,1.580000000000000000e+02
6.309999999999999725e-07,1.543909037451119959e-01,0.000000000000000000e+00,1.544477028347996106e-01,1.580000000000000000e+02
6.320000000000000476e-07,1.546348057184749880e-01,1.000000000000000000e+00,1.544477028347996106e-01,1.580000000000000000e+02
6.330000000000000169e-07,1.548787076918380079e-01,0.000000000000000000e+00,1.544477028347996106e-01,1.580000000000000000e+02
6.339999999999999861e-07,1.551226096652000008e-01,0.000000000000000000e+00,1.554252199413489743e-01,1.590000000000000000e+02
6.349999999999999554e-07,1.553665116385629930e-01,0.000000000000000000e+00,1.554252199413489743e-01,1.590000000000000000e+02
6.360000000000000305e-07,1.556104136119260128e-01,0.000000000000000000e+00,1.554252199413489743e-01,1.590000000000000000e+02
6.369999999999999998e-07,1.558543155852880058e-01,0.000000000000000000e+00,1.554252199413489743e-01,1.590000000000000000e+02
6.379999999999999690e-07,1.560982175586509979e-01,0.000000000000000000e+00,1.564027370478983381e-01,1.600000000000000000e+02
6.390000000000000441e-07,1.563421195320139900e-01,1.000000000000000000e+00,1.564027370478983381e-01,1.600000000000000000e+02
6.400000000000000134e-07,1.565860215053760107e-01,0.000000000000000000e+00,1.564027370478983381e-01,1.600000000000000000e+02
6.409999999999999826e-07,1.568299234787390029e-01,0.000000000000000000e+00,1.564027370478983381e-01,1.600000000000000000e+02
6.419999999999999519e-07,1.570738254521019950e-01,0.000000000000000000e+00,1.573802541544477018e-01,1.610000000000000000e+02
6.430000000000000270e-07,1.573177274254639879e-01,0.000000000000000000e+00,1.573802541544477018e-01,1.610000000000000000e+02
6.439999999999999963e-07,1.575616293988270078e-01,0.000000000000000000e+00,1.573802541544477018e-01,1.610000000000000000e+02
6.449999999999999655e-07,1.578055313721899999e-01,0.000000000000000000e+00,1.573802541544477018e-01,1.610000000000000000e+02
6.460000000000000406e-07,1.580494333455519929e-01,1.000000000000000000e+00,1.583577712609970656e-01,1.620000000000000000e+02
6.470000000000000099e-07,1.582933353189150127e-01,0.000000000000000000e+00,1.583577712609970656e-01,1.620000000000000000e+02
6.479999999999999791e-07,1.585372372922780049e-01,0.000000000000000000e+00,1.583577712609970656e-01,1.620000000000000000e+02
6.489999999999999484e-07,1.587811392656399978e-01,0.000000000000000000e+00,1.583577712609970656e-01,1.620000000000000000e+02
6.500000000000000235e-07,1.590250412390029899e-01,0.000000000000000000e+00,1.593352883675464293e-01,1.630000000000000000e+02
6.509999999999999928e-07,1.592689432123660098e-01,0.000000000000000000e+00,1.593352883675464293e-01,1.630000000000000000e+02
6.519999999999999620e-07,1.595128451857280028e-01,0.000000000000000000e+00,1.593352883675464293e-01,1.630000000000000000e+02
6.530000000000000372e-07,1.597567471590909949e-01,0.000000000000000000e+00,1.593352883675464293e-01,1.630000000000000000e+02
6.540000000000000064e-07,1.600006491324539870e-01,0.000000000000000000e+00,1.603128054740957931e-01,1.640000000000000000e+02
6.549999999999999757e-07,1.602445511058160077e-01,0.000000000000000000e+00,1.603128054740957931e-01,1.640000000000000000e+02
6.560000000000000508e-07,1.604884530791789998e-01,1.000000000000000000e+00,1.603128054740957931e-01,1.640000000000000000e+02
6.570000000000000200e-07,1.607323550525419920e-01,0.000000000000000000e+00,1.603128054740957931e-01,1.640000000000000000e+02
6.579999999999999893e-07,1.609762570259040126e-01,0.000000000000000000e+00,1.612903225806451568e-01,1.650000000000000000e+02
6.589999999999999585e-07,1.612201589992670048e-01,0.000000000000000000e+00,1.612903225806451568e-01,1.650000000000000000e+02
6.600000000000000337e-07,1.614640609726289977e-01,0.000000000000000000e+00,1.612903225806451568e-01,1.650000000000000000e+02
6.610000000000000029e-07,1.617079629459919898e-01,0.000000000000000000e+00,1.612903225806451568e-01,1.650000000000000000e+02
6.619999999999999722e-07,1.619518649193550097e-01,0.000000000000000000e+00,1.622678396871945206e-01,1.660000000000000000e+02
6.630000000000000473e-07,1.621957668927180019e-01,1.000000000000000000e+00,1.622678396871945206e-01,1.660000000000000000e+02
6.640000000000000165e-07,1.624396688660799948e-01,0.000000000000000000e+00,1.622678396871945206e-01,1.660000000000000000e+02
6.649999999999999858e-07,1.626835708394429869e-01,0.000000000000000000e+00,1.622678396871945206e-01,1.660000000000000000e+02
6.659999999999999550e-07,1.629274728128050076e-01,0.000000000000000000e+00,1.632453567937438843e-01,1.670000000000000000e+02
6.670000000000000302e-07,1.631713747861679997e-01,0.000000000000000000e+00,1.632453567937438843e-01,1.670000000000000000e+02
6.679999999999999994e-07,1.634152767595309919e-01,0.000000000000000000e+00,1.632453567937438843e-01,1.670000000000000000e+02
6.689999999999999687e-07,1.636591787328930125e-01,0.000000000000000000e+00,1.632453567937438843e-01,1.670000000000000000e+02
6.700000000000000438e-07,1.639030807062560047e-01,1.000000000000000000e+00,1.642228739002932481e-01,1.680000000000000000e+02
6.710000000000000130e-07,1.641469826796189968e-01,0.000000000000000000e+00,1.642228739002932481e-01,1.680000000000000000e+02
6.719999999999999823e-07,1.643908846529809897e-01,0.000000000000000000e+00,1.642228739002932481e-01,1.680000000000000000e+02
6.729999999999999515e-07,1.646347866263440096e-01,0.000000000000000000e+00,1.642228739002932481e-01,1.680000000000000000e+02
6.740000000000000267e-07,1.648786885997070017e-01,0.000000000000000000e+00,1.652003910068426118e-01,1.690000000000000000e+02
6.749999999999999959e-07,1.651225905730689947e-01,0.000000000000000000e+00,1.652003910068426118e-01,1.690000000000000000e+02
6.759999999999999652e-07,1.653664925464319868e-01,0.000000000000000000e+00,1.652003910068426118e-01,1.690000000000000000e+02
6.770000000000000403e-07,1.656103945197950067e-01,0.000000000000000000e+00,1.652003910068426118e-01,1.690000000000000000e+02
6.780000000000000096e-07,1.658542964931569996e-01,0.000000000000000000e+00,1.661779081133919755e-01,1.700000000000000000e+02
6.789999999999999788e-07,1.660981984665199918e-01,0.000000000000000000e+00,1.661779081133919755e-01,1.700000000000000000e+02
6.799999999999999481e-07,1.663421004398830116e-01,0.000000000000000000e+00,1.661779081133919755e-01,1.700000000000000000e+02
6.810000000000000232e-07,1.665860024132450046e-01,0.000000000000000000e+00,1.661779081133919755e-01,1.700000000000000000e+02
6.819999999999999924e-07,1.668299043866079967e-01,0.000000000000000000e+00,1.671554252199413393e-01,1.710000000000000000e+02
6.829999999999999617e-07,1.670738063599709888e-01,0.000000000000000000e+00,1.671554252199413393e-01,1.710000000000000000e+02
6.840000000000000368e-07,1.673177083333330095e-01,0.000000000000000000e+00,1.671554252199413393e-01,1.710000000000000000e+02
6.850000000000000061e-07,1.675616103066960016e-01,0.000000000000000000e+00,1.671554252199413393e-01,1.710000000000000000e+02
6.859999999999999753e-07,1.678055122800589938e-01,0.000000000000000000e+00,1.681329423264907030e-01,1.720000000000000000e+02
6.870000000000000504e-07,1.680494142534209867e-01,1.000000000000000000e+00,1.681329423264907030e-01,1.720000000000000000e+02
6.880000000000000197e-07,1.682933162267840066e-01,0.000000000000000000e+00,1.681329423264907030e-01,1.720000000000000000e+02
6.889999999999999889e-07,1.685372182001469987e-01,0.000000000000000000e+00,1.681329423264907030e-01,1.720000000000000000e+02
6.899999999999999582e-07,1.687811201735089917e-01,0.000000000000000000e+00,1.691104594330400668e-01,1.730000000000000000e+02
6.910000000000000333e-07,1.690250221468720115e-01,0.000000000000000000e+00,1.691104594330400668e-01,1.730000000000000000e+02
6.920000000000000026e-07,1.692689241202350037e-01,0.000000000000000000e+00,1.691104594330400668e-01,1.730000000000000000e+02
6.929999999999999718e-07,1.695128260935969966e-01,0.000000000000000000e+00,1.691104594330400668e-01,1.730000000000000000e+02
6.940000000000000469e-07,1.697567280669599887e-01,1.000000000000000000e+00,1.700879765395894305e-01,1.740000000000000000e+02
6.950000000000000162e-07,1.700006300403230086e-01,0.000000000000000000e+00,1.700879765395894305e-01,1.740000000000000000e+02
6.959999999999999854e-07,1.702445320136850015e-01,0.000000000000000000e+00,1.700879765395894305e-01,1.740000000000000000e+02
6.969999999999999547e-07,1.704884339870479937e-01,0.000000000000000000e+00,1.700879765395894305e-01,1.740000000000000000e+02
6.980000000000000298e-07,1.707323359604110136e-01,0.000000000000000000e+00,1.710654936461387943e-01,1.750000000000000000e+02
6.989999999999999991e-07,1.709762379337730065e-01,0.000000000000000000e+00,1.710654936461387943e-01,1.750000000000000000e+02
6.999999999999999683e-07,1.712201399071359986e-01,0.000000000000000000e+00,1.710654936461387943e-01,1.750000000000000000e+02
7.010000000000000435e-07,1.714640418804989908e-01,0.000000000000000000e+00,1.710654936461387943e-01,1.750000000000000000e+02
7.020000000000000127e-07,1.717079438538610114e-01,0.000000000000000000e+00,1.720430107526881858e-01,1.760000000000000000e+02
7.029999999999999820e-07,1.719518458272240036e-01,0.000000000000000000e+00,1.720430107526881858e-01,1.760000000000000000e+02
7.039999999999999512e-07,1.721957478005859965e-01,0.000000000000000000e+00,1.720430107526881858e-01,1.760000000000000000e+02
7.050000000000000263e-07,1.724396497739489886e-01,0.000000000000000000e+00,1.720430107526881858e-01,1.760000000000000000e+02
7.059999999999999956e-07,1.726835517473120085e-01,0.000000000000000000e+00,1.730205278592375495e-01,1.770000000000000000e+02
7.069999999999999648e-07,1.729274537206740014e-01,0.000000000000000000e+00,1.730205278592375495e-01,1.770000000000000000e+02
7.080000000000000400e-07,1.731713556940369936e-01,0.000000000000000000e+00,1.730205278592375495e-01,1.770000000000000000e+02
7.090000000000000092e-07,1.734152576674000135e-01,0.000000000000000000e+00,1.730205278592375495e-01,1.770000000000000000e+02
7.099999999999999785e-07,1.736591596407620064e-01,0.000000000000000000e+00,1.739980449657869133e-01,1.780000000000000000e+02
7.109999999999999477e-07,1.739030616141249985e-01,0.000000000000000000e+00,1.739980449657869133e-01,1.780000000000000000e+02
7.120000000000000228e-07,1.741469635874879907e-01,0.000000000000000000e+00,1.739980449657869133e-01,1.780000000000000000e+02
7.129999999999999921e-07,1.743908655608500113e-01,0.000000000000000000e+00,1.739980449657869133e-01,1.780000000000000000e+02
7.139999999999999613e-07,1.746347675342130035e-01,0.000000000000000000e+00,1.749755620723362770e-01,1.790000000000000000e+02
7.150000000000000365e-07,1.748786695075759956e-01,0.000000000000000000e+00,1.749755620723362770e-01,1.790000000000000000e+02
7.160000000000000057e-07,1.751225714809379885e-01,0.000000000000000000e+00,1.749755620723362770e-01,1.790000000000000000e+02
7.169999999999999750e-07,1.753664734543010084e-01,0.000000000000000000e+00,1.749755620723362770e-01,1.790000000000000000e+02
7.180000000000000501e-07,1.756103754276640005e-01,1.000000000000000000e+00,1.759530791788856408e-01,1.800000000000000000e+02
7.190000000000000193e-07,1.758542774010259935e-01,0.000000000000000000e+00,1.759530791788856408e-01,1.800000000000000000e+02
7.199999999999999886e-07,1.760981793743890134e-01,0.000000000000000000e+00,1.759530791788856408e-01,1.800000000000000000e+02
7.209999999999999578e-07,1.763420813477520055e-01,0.000000000000000000e+00,1.759530791788856408e-01,1.800000000000000000e+02
7.220000000000000330e-07,1.765859833211139984e-01,0.000000000000000000e+00,1.769305962854350045e-01,1.810000000000000000e+02
7.230000000000000022e-07,1.768298852944769906e-01,0.000000000000000000e+00,1.769305962854350045e-01,1.810000000000000000e+02
7.239999999999999715e-07,1.770737872678400104e-01,0.000000000000000000e+00,1.769305962854350045e-01,1.810000000000000000e+02
7.250000000000000466e-07,1.773176892412020034e-01,1.000000000000000000e+00,1.769305962854350045e-01,1.810000000000000000e+02
7.260000000000000159e-07,1.775615912145649955e-01,0.000000000000000000e+00,1.779081133919843682e-01,1.820000000000000000e+02
7.269999999999999851e-07,1.778054931879279876e-01,0.000000000000000000e+00,1.779081133919843682e-01,1.820000000000000000e+02
7.279999999999999544e-07,1.780493951612900083e-01,0.000000000000000000e+00,1.779081133919843682e-01,1.820000000000000000e+02
7.290000000000000295e-07,1.782932971346530004e-01,0.000000000000000000e+00,1.779081133919843682e-01,1.820000000000000000e+02
7.299999999999999987e-07,1.785371991080159926e-01,0.000000000000000000e+00,1.788856304985337320e-01,1.830000000000000000e+02
7.309999999999999680e-07,1.787811010813780133e-01,0.000000000000000000e+00,1.788856304985337320e-01,1.830000000000000000e+02
7.320000000000000431e-07,1.790250030547410054e-01,0.000000000000000000e+00,1.788856304985337320e-01,1.830000000000000000e+02
7.330000000000000124e-07,1.792689050281039975e-01,0.000000000000000000e+00,1.788856304985337320e-01,1.830000000000000000e+02
7.339999999999999816e-07,1.795128070014659905e-01,0.000000000000000000e+00,1.798631476050830957e-01,1.840000000000000000e+02
7.349999999999999509e-07,1.797567089748290103e-01,0.000000000000000000e+00,1.798631476050830957e-01,1.840000000000000000e+02
7.360000000000000260e-07,1.800006109481920025e-01,0.000000000000000000e+00,1.798631476050830957e-01,1.840000000000000000e+02
7.369999999999999952e-07,1.802445129215539954e-01,0.000000000000000000e+00,1.798631476050830957e-01,1.840000000000000000e+02
7.379999999999999645e-07,1.804884148949169875e-01,0.000000000000000000e+00,1.808406647116324595e-01,1.850000000000000000e+02
7.390000000000000396e-07,1.807323168682800074e-01,0.000000000000000000e+00,1.808406647116324595e-01,1.850000000000000000e+02
7.400000000000000089e-07,1.809762188416420003e-01,0.000000000000000000e+00,1.808406647116324595e-01,1.850000000000000000e+02
7.409999999999999781e-07,1.812201208150049925e-01,0.000000000000000000e+00,1.808406647116324595e-01,1.850000000000000000e+02
7.419999999999999474e-07,1.814640227883680124e-01,0.000000000000000000e+00,1.818181818181818232e-01,1.860000000000000000e+02
7.430000000000000225e-07,1.817079247617300053e-01,0.000000000000000000e+00,1.818181818181818232e-01,1.860000000000000000e+02
7.439999999999999917e-07,1.819518267350929974e-01,0.000000000000000000e+00,1.818181818181818232e-01,1.860000000000000000e+02
7.449999999999999610e-07,1.821957287084549904e-01,0.000000000000000000e+00,1.818181818181818232e-01,1.860000000000000000e+02
7.460000000000000361e-07,1.824396306818180102e-01,0.000000000000000000e+00,1.827956989247311870e-01,1.870000000000000000e+02
7.470000000000000054e-07,1.826835326551810024e-01,0.000000000000000000e+00,1.827956989247311870e-01,1.870000000000000000e+02
7.479999999999999746e-07,1.829274346285429953e-01,0.000000000000000000e+00,1.827956989247311870e-01,1.870000000000000000e+02
7.490000000000000498e-07,1.831713366019059874e-01,1.000000000000000000e+00,1.827956989247311870e-01,1.870000000000000000e+02
7.500000000000000190e-07,1.834152385752690073e-01,0.000000000000000000e+00,1.837732160312805507e-01,1.880000000000000000e+02
7.509999999999999883e-07,1.836591405486310002e-01,0.000000000000000000e+00,1.837732160312805507e-01,1.880000000000000000e+02
7.519999999999999575e-07,1.839030425219939924e-01,0.000000000000000000e+00,1.837732160312805507e-01,1.880000000000000000e+02
7.530000000000000326e-07,1.841469444953570123e-01,0.000000000000000000e+00,1.837732160312805507e-01,1.880000000000000000e+02
7.540000000000000019e-07,1.843908464687190052e-01,0.000000000000000000e+00,1.847507331378299145e-01,1.890000000000000000e+02
7.549999999999999711e-07,1.846347484420819973e-01,0.000000000000000000e+00,1.847507331378299145e-01,1.890000000000000000e+02
7.560000000000000463e-07,1.848786504154449895e-01,0.000000000000000000e+00,1.847507331378299145e-01,1.890000000000000000e+02
7.570000000000000155e-07,1.851225523888070101e-01,0.000000000000000000e+00,1.847507331378299145e-01,1.890000000000000000e+02
7.579999999999999848e-07,1.853664543621700023e-01,0.000000000000000000e+00,1.857282502443792782e-01,1.900000000000000000e+02
7.589999999999999540e-07,1.856103563355329944e-01,0.000000000000000000e+00,1.857282502443792782e-01,1.900000000000000000e+02
7.600000000000000291e-07,1.858542583088949873e-01,0.000000000000000000e+00,1.857282502443792782e-01,1.900000000000000000e+02
7.609999999999999984e-07,1.860981602822580072e-01,0.000000000000000000e+00,1.857282502443792782e-01,1.900000000000000000e+02
7.619999999999999676e-07,1.863420622556209993e-01,0.000000000000000000e+00,1.867057673509286420e-01,1.910000000000000000e+02
7.630000000000000428e-07,1.865859642289829923e-01,0.000000000000000000e+00,1.867057673509286420e-01,1.910000000000000000e+02
7.640000000000000120e-07,1.868298662023460122e-01,0.000000000000000000e+00,1.867057673509286420e-01,1.910000000000000000e+02
7.649999999999999813e-07,1.870737681757090043e-01,0.000000000000000000e+00,1.867057673509286420e-01,1.910000000000000000e+02
7.659999999999999505e-07,1.873176701490709972e-01,0.000000000000000000e+00,1.876832844574780057e-01,1.920000000000000000e+02
7.670000000000000256e-07,1.875615721224339894e-01,0.000000000000000000e+00,1.876832844574780057e-01,1.920000000000000000e+02
7.679999999999999949e-07,1.878054740957970092e-01,0.000000000000000000e+00,1.876832844574780057e-01,1.920000000000000000e+02
7.689999999999999641e-07,1.880493760691590022e-01,0.000000000000000000e+00,1.876832844574780057e-01,1.920000000000000000e+02
7.700000000000000393e-07,1.882932780425219943e-01,0.000000000000000000e+00,1.886608015640273694e-01,1.930000000000000000e+02
7.710000000000000085e-07,1.885371800158849864e-01,0.000000000000000000e+00,1.886608015640273694e-01,1.930000000000000000e+02
7.719999999999999778e-07,1.887810819892470071e-01,0.000000000000000000e+00,1.886608015640273694e-01,1.930000000000000000e+02
7.730000000000000529e-07,1.890249839626099992e-01,1.000000000000000000e+00,1.886608015640273694e-01,1.930000000000000000e+02
7.740000000000000221e-07,1.892688859359729914e-01,0.000000000000000000e+00,1.896383186705767332e-01,1.940000000000000000e+02
7.749999999999999914e-07,1.895127879093350121e-01,0.000000000000000000e+00,1.896383186705767332e-01,1.940000000000000000e+02
7.759999999999999606e-07,1.897566898826980042e-01,0.000000000000000000e+00,1.896383186705767332e-01,1.940000000000000000e+02
7.770000000000000358e-07,1.900005918560609963e-01,0.000000000000000000e+00,1.896383186705767332e-01,1.940000000000000000e+02
7.780000000000000050e-07,1.902444938294229893e-01,0.000000000000000000e+00,1.906158357771260969e-01,1.950000000000000000e+02
7.789999999999999743e-07,1.904883958027860091e-01,0.000000000000000000e+00,1.906158357771260969e-01,1.950000000000000000e+02
7.800000000000000494e-07,1.907322977761490013e-01,1.000000000000000000e+00,1.906158357771260969e-01,1.950000000000000000e+02
7.810000000000000187e-07,1.909761997495109942e-01,0.000000000000000000e+00,1.906158357771260969e-01,1.950000000000000000e+02
7.819999999999999879e-07,1.912201017228739863e-01,0.000000000000000000e+00,1.915933528836754607e-01,1.960000000000000000e+02
7.829999999999999572e-07,1.914640036962370062e-01,0.000000000000000000e+00,1.915933528836754607e-01,1.960000000000000000e+02
7.840000000000000323e-07,1.917079056695989991e-01,0.000000000000000000e+00,1.915933528836754607e-01,1.960000000000000000e+02
7.850000000000000015e-07,1.919518076429619913e-01,0.000000000000000000e+00,1.915933528836754607e-01,1.960000000000000000e+02
7.859999999999999708e-07,1.921957096163250112e-01,0.000000000000000000e+00,1.925708699902248244e-01,1.970000000000000000e+02
7.870000000000000459e-07,1.924396115896870041e-01,0.000000000000000000e+00,1.925708699902248244e-01,1.970000000000000000e+02
7.880000000000000152e-07,1.926835135630499962e-01,0.000000000000000000e+00,1.925708699902248244e-01,1.970000000000000000e+02
7.889999999999999844e-07,1.929274155364119891e-01,0.000000000000000000e+00,1.925708699902248244e-01,1.970000000000000000e+02
7.899999999999999537e-07,1.931713175097750090e-01,0.000000000000000000e+00,1.935483870967741882e-01,1.980000000000000000e+02
7.910000000000000288e-07,1.934152194831380012e-01,0.000000000000000000e+00,1.935483870967741882e-01,1.980000000000000000e+02
7.919999999999999980e-07,1.936591214564999941e-01,0.000000000000000000e+00,1.935483870967741882e-01,1.980000000000000000e+02
7.929999999999999673e-07,1.939030234298629862e-01,0.000000000000000000e+00,1.935483870967741882e-01,1.980000000000000000e+02
7.940000000000000424e-07,1.941469254032260061e-01,0.000000000000000000e+00,1.945259042033235519e-01,1.990000000000000000e+02
7.950000000000000117e-07,1.943908273765879990e-01,0.000000000000000000e+00,1.945259042033235519e-01,1.990000000000000000e+02
7.959999999999999809e-07,1.946347293499509912e-01,0.000000000000000000e+00,1.945259042033235519e-01,1.990000000000000000e+02
7.969999999999999502e-07,1.948786313233140111e-01,0.000000000000000000e+00,1.945259042033235519e-01,1.990000000000000000e+02
7.980000000000000253e-07,1.951225332966760040e-01,0.000000000000000000e+00,1.955034213098729157e-01,2.000000000000000000e+02
7.989999999999999945e-07,1.953664352700389961e-01,0.000000000000000000e+00,1.955034213098729157e-01,2.000000000000000000e+02
7.999999999999999638e-07,1.956103372434019882e-01,0.000000000000000000e+00,1.955034213098729157e-01,2.000000000000000000e+02
8.010000000000000389e-07,1.958542392167640089e-01,0.000000000000000000e+00,1.955034213098729157e-01,2.000000000000000000e+02
8.020000000000000082e-07,1.960981411901270011e-01,0.000000000000000000e+00,1.964809384164222794e-01,2.010000000000000000e+02
8.029999999999999774e-07,1.963420431634899932e-01,0.000000000000000000e+00,1.964809384164222794e-01,2.010000000000000000e+02
8.040000000000000526e-07,1.965859451368519861e-01,1.000000000000000000e+00,1.964809384164222794e-01,2.010000000000000000e+02
8.050000000000000218e-07,1.968298471102150060e-01,0.000000000000000000e+00,1.964809384164222794e-01,2.010000000000000000e+02
8.059999999999999911e-07,1.970737490835779981e-01,0.000000000000000000e+00,1.974584555229716432e-01,2.020000000000000000e+02
8.069999999999999603e-07,1.973176510569399911e-01,0.000000000000000000e+00,1.974584555229716432e-01,2.020000000000000000e+02
8.080000000000000354e-07,1.975615530303030110e-01,0.000000000000000000e+00,1.974584555229716432e-01,2.020000000000000000e+02
8.090000000000000047e-07,1.978054550036660031e-01,0.000000000000000000e+00,1.974584555229716432e-01,2.020000000000000000e+02
8.099999999999999739e-07,1.980493569770279960e-01,0.000000000000000000e+00,1.984359726295210069e-01,2.030000000000000000e+02
8.110000000000000491e-07,1.982932589503909881e-01,0.000000000000000000e+00,1.984359726295210069e-01,2.030000000000000000e+02
8.120000000000000183e-07,1.985371609237540080e-01,0.000000000000000000e+00,1.984359726295210069e-01,2.030000000000000000e+02
8.129999999999999876e-07,1.987810628971160010e-01,0.000000000000000000e+00,1.984359726295210069e-01,2.030000000000000000e+02
8.139999999999999568e-07,1.990249648704789931e-01,0.000000000000000000e+00,1.994134897360703707e-01,2.040000000000000000e+02
8.150000000000000319e-07,1.992688668438420130e-01,0.000000000000000000e+00,1.994134897360703707e-01,2.040000000000000000e+02
8.160000000000000012e-07,1.995127688172040059e-01,0.000000000000000000e+00,1.994134897360703707e-01,2.040000000000000000e+02
8.169999999999999704e-07,1.997566707905669980e-01,0.000000000000000000e+00,1.994134897360703707e-01,2.040000000000000000e+02
8.180000000000000456e-07,2.000005727639299902e-01,0.000000000000000000e+00,2.003910068426197344e-01,2.050000000000000000e+02
8.190000000000000148e-07,2.002444747372920109e-01,0.000000000000000000e+00,2.003910068426197344e-01,2.050000000000000000e+02
8.199999999999999841e-07,2.004883767106550030e-01,0.000000000000000000e+00,2.003910068426197344e-01,2.050000000000000000e+02
8.209999999999999533e-07,2.007322786840179951e-01,0.000000000000000000e+00,2.003910068426197344e-01,2.050000000000000000e+02
8.220000000000000284e-07,2.009761806573799880e-01,0.000000000000000000e+00,2.013685239491690981e-01,2.060000000000000000e+02
8.229999999999999977e-07,2.012200826307430079e-01,0.000000000000000000e+00,2.013685239491690981e-01,2.060000000000000000e+02
8.239999999999999669e-07,2.014639846041060001e-01,0.000000000000000000e+00,2.013685239491690981e-01,2.060000000000000000e+02
8.250000000000000421e-07,2.017078865774679930e-01,0.000000000000000000e+00,2.013685239491690981e-01,2.060000000000000000e+02
8.260000000000000113e-07,2.019517885508310129e-01,0.000000000000000000e+00,2.023460410557184619e-01,2.070000000000000000e+02
8.269999999999999806e-07,2.021956905241940050e-01,0.000000000000000000e+00,2.023460410557184619e-01,2.070000000000000000e+02
8.279999999999999498e-07,2.024395924975559979e-01,0.000000000000000000e+00,2.023460410557184619e-01,2.070000000000000000e+02
8.290000000000000250e-07,2.026834944709189901e-01,0.000000000000000000e+00,2.023460410557184619e-01,2.070000000000000000e+02
8.299999999999999942e-07,2.029273964442820100e-01,0.000000000000000000e+00,2.033235581622678256e-01,2.080000000000000000e+02
8.309999999999999635e-07,2.031712984176440029e-01,0.000000000000000000e+00,2.033235581622678256e-01,2.080000000000000000e+02
8.320000000000000386e-07,2.034152003910069950e-01,0.000000000000000000e+00,2.033235581622678256e-01,2.080000000000000000e+02
8.330000000000000078e-07,2.036591023643689879e-01,0.000000000000000000e+00,2.033235581622678256e-01,2.080000000000000000e+02
8.339999999999999771e-07,2.039030043377320078e-01,0.000000000000000000e+00,2.043010752688172171e-01,2.090000000000000000e+02
8.350000000000000522e-07,2.041469063110950000e-01,1.000000000000000000e+00,2.043010752688172171e-01,2.090000000000000000e+02
8.360000000000000215e-07,2.043908082844569929e-01,0.000000000000000000e+00,2.043010752688172171e-01,2.090000000000000000e+02
8.369999999999999907e-07,2.046347102578200128e-01,0.000000000000000000e+00,2.043010752688172171e-01,2.090000000000000000e+02
8.379999999999999600e-07,2.048786122311830049e-01,0.000000000000000000e+00,2.052785923753665809e-01,2.100000000000000000e+02
8.390000000000000351e-07,2.051225142045449978e-01,0.000000000000000000e+00,2.052785923753665809e-01,2.100000000000000000e+02
8.400000000000000043e-07,2.053664161779079900e-01,0.000000000000000000e+00,2.052785923753665809e-01,2.100000000000000000e+02
8.409999999999999736e-07,2.056103181512710099e-01,0.000000000000000000e+00,2.052785923753665809e-01,2.100000000000000000e+02
8.420000000000000487e-07,2.058542201246330028e-01,0.000000000000000000e+00,2.062561094819159446e-01,2.110000000000000000e+02
8.430000000000000180e-07,2.060981220979959949e-01,0.000000000000000000e+00,2.062561094819159446e-01,2.110000000000000000e+02
8.439999999999999872e-07,2.063420240713589870e-01,0.000000000000000000e+00,2.062561094819159446e-01,2.110000000000000000e+02
8.449999999999999565e-07,2.065859260447210077e-01,0.000000000000000000e+00,2.062561094819159446e-01,2.110000000000000000e+02
8.460000000000000316e-07,2.068298280180839999e-01,0.000000000000000000e+00,2.072336265884653084e-01,2.120000000000000000e+02
8.470000000000000008e-07,2.070737299914469920e-01,0.000000000000000000e+00,2.072336265884653084e-01,2.120000000000000000e+02
8.479999999999999701e-07,2.073176319648090127e-01,0.000000000000000000e+00,2.072336265884653084e-01,2.120000000000000000e+02
8.490000000000000452e-07,2.075615339381720048e-01,0.000000000000000000e+00,2.072336265884653084e-01,2.120000000000000000e+02
8.500000000000000145e-07,2.078054359115349969e-01,0.000000000000000000e+00,2.082111436950146721e-01,2.130000000000000000e+02
8.509999999999999837e-07,2.080493378848969899e-01,0.000000000000000000e+00,2.082111436950146721e-01,2.130000000000000000e+02
8.519999999999999530e-07,2.082932398582600098e-01,0.000000000000000000e+00,2.082111436950146721e-01,2.130000000000000000e+02
8.530000000000000281e-07,2.085371418316230019e-01,0.000000000000000000e+00,2.082111436950146721e-01,2.130000000000000000e+02
8.539999999999999974e-07,2.087810438049849948e-01,0.000000000000000000e+00,2.091886608015640359e-01,2.140000000000000000e+02
8.549999999999999666e-07,2.090249457783479869e-01,0.000000000000000000e+00,2.091886608015640359e-01,2.140000000000000000e+02
8.560000000000000417e-07,2.092688477517110068e-01,0.000000000000000000e+00,2.091886608015640359e-01,2.140000000000000000e+02
8.570000000000000110e-07,2.095127497250729998e-01,0.000000000000000000e+00,2.091886608015640359e-01,2.140000000000000000e+02
8.579999999999999802e-07,2.097566516984359919e-01,0.000000000000000000e+00,2.101661779081133996e-01,2.150000000000000000e+02
8.589999999999999495e-07,2.100005536717990118e-01,0.000000000000000000e+00,2.101661779081133996e-01,2.150000000000000000e+02
8.600000000000000246e-07,2.102444556451610047e-01,0.000000000000000000e+00,2.101661779081133996e-01,2.150000000000000000e+02
8.609999999999999939e-07,2.104883576185239968e-01,0.000000000000000000e+00,2.101661779081133996e-01,2.150000000000000000e+02
8.619999999999999631e-07,2.107322595918869890e-01,0.000000000000000000e+00,2.111436950146627634e-01,2.160000000000000000e+02
8.630000000000000382e-07,2.109761615652490097e-01,0.000000000000000000e+00,2.111436950146627634e-01,2.160000000000000000e+02
8.640000000000000075e-07,2.112200635386120018e-01,0.000000000000000000e+00,2.111436950146627634e-01,2.160000000000000000e+02
8.649999999999999767e-07,2.114639655119749939e-01,0.000000000000000000e+00,2.111436950146627634e-01,2.160000000000000000e+02
8.660000000000000519e-07,2.117078674853369868e-01,0.000000000000000000e+00,2.121212121212121271e-01,2.170000000000000000e+02
8.670000000000000211e-07,2.119517694587000067e-01,0.000000000000000000e+00,2.121212121212121271e-01,2.170000000000000000e+02
8.679999999999999904e-07,2.121956714320629989e-01,0.000000000000000000e+00,2.121212121212121271e-01,2.170000000000000000e+02
8.689999999999999596e-07,2.124395734054249918e-01,0.000000000000000000e+00,2.121212121212121271e-01,2.170000000000000000e+02
8.700000000000000347e-07,2.126834753787880117e-01,0.000000000000000000e+00,2.130987292277614908e-01,2.180000000000000000e+02
8.710000000000000040e-07,2.129273773521510038e-01,0.000000000000000000e+00,2.130987292277614908e-01,2.180000000000000000e+02
8.719999999999999732e-07,2.131712793255129967e-01,0.000000000000000000e+00,2.130987292277614908e-01,2.180000000000000000e+02
8.730000000000000484e-07,2.134151812988759889e-01,0.000000000000000000e+00,2.130987292277614908e-01,2.180000000000000000e+02
8.740000000000000176e-07,2.136590832722390088e-01,0.000000000000000000e+00,2.140762463343108546e-01,2.190000000000000000e+02
8.749999999999999869e-07,2.139029852456010017e-01,0.000000000000000000e+00,2.140762463343108546e-01,2.190000000000000000e+02
8.759999999999999561e-07,2.141468872189639938e-01,0.000000000000000000e+00,2.140762463343108546e-01,2.190000000000000000e+02
8.770000000000000313e-07,2.143907891923259867e-01,0.000000000000000000e+00,2.140762463343108546e-01,2.190000000000000000e+02
8.780000000000000005e-07,2.146346911656890066e-01,0.000000000000000000e+00,2.150537634408602183e-01,2.200000000000000000e+02
8.789999999999999698e-07,2.148785931390519988e-01,0.000000000000000000e+00,2.150537634408602183e-01,2.200000000000000000e+02
8.800000000000000449e-07,2.151224951124139917e-01,0.000000000000000000e+00,2.150537634408602183e-01,2.200000000000000000e+02
8.810000000000000141e-07,2.153663970857770116e-01,0.000000000000000000e+00,2.150537634408602183e-01,2.200000000000000000e+02
8.819999999999999834e-07,2.156102990591400037e-01,0.000000000000000000e+00,2.160312805474095821e-01,2.210000000000000000e+02
8.829999999999999526e-07,2.158542010325019966e-01,0.000000000000000000e+00,2.160312805474095821e-01,2.210000000000000000e+02
8.840000000000000278e-07,2.160981030058649888e-01,0.000000000000000000e+00,2.160312805474095821e-01,2.210000000000000000e+02
8.849999999999999970e-07,2.163420049792280087e-01,0.000000000000000000e+00,2.160312805474095821e-01,2.210000000000000000e+02
8.859999999999999663e-07,2.165859069525900016e-01,0.000000000000000000e+00,2.170087976539589458e-01,2.220000000000000000e+02
8.870000000000000414e-07,2.168298089259529937e-01,0.000000000000000000e+00,2.170087976539589458e-01,2.220000000000000000e+02
8.880000000000000106e-07,2.170737108993160136e-01,0.000000000000000000e+00,2.170087976539589458e-01,2.220000000000000000e+02
8.889999999999999799e-07,2.173176128726780065e-01,0.000000000000000000e+00,2.170087976539589458e-01,2.220000000000000000e+02
8.899999999999999491e-07,2.175615148460409987e-01,0.000000000000000000e+00,2.179863147605083096e-01,2.230000000000000000e+02
8.910000000000000243e-07,2.178054168194039908e-01,0.000000000000000000e+00,2.179863147605083096e-01,2.230000000000000000e+02
8.919999999999999935e-07,2.180493187927660115e-01,0.000000000000000000e+00,2.179863147605083096e-01,2.230000000000000000e+02
8.929999999999999628e-07,2.182932207661290036e-01,0.000000000000000000e+00,2.179863147605083096e-01,2.230000000000000000e+02
8.940000000000000379e-07,2.185371227394919957e-01,0.000000000000000000e+00,2.189638318670576733e-01,2.240000000000000000e+02
8.950000000000000071e-07,2.187810247128539887e-01,0.000000000000000000e+00,2.189638318670576733e-01,2.240000000000000000e+02
8.959999999999999764e-07,2.190249266862170086e-01,0.000000000000000000e+00,2.189638318670576733e-01,2.240000000000000000e+02
8.970000000000000515e-07,2.192688286595800007e-01,0.000000000000000000e+00,2.189638318670576733e-01,2.240000000000000000e+02
8.980000000000000208e-07,2.195127306329419936e-01,0.000000000000000000e+00,2.199413489736070371e-01,2.250000000000000000e+02
8.989999999999999900e-07,2.197566326063050135e-01,0.000000000000000000e+00,2.199413489736070371e-01,2.250000000000000000e+02
8.999999999999999593e-07,2.200005345796680056e-01,0.000000000000000000e+00,2.199413489736070371e-01,2.250000000000000000e+02
9.010000000000000344e-07,2.202444365530299986e-01,0.000000000000000000e+00,2.199413489736070371e-01,2.250000000000000000e+02
9.020000000000000037e-07,2.204883385263929907e-01,0.000000000000000000e+00,2.209188660801564008e-01,2.260000000000000000e+02
9.029999999999999729e-07,2.207322404997560106e-01,0.000000000000000000e+00,2.209188660801564008e-01,2.260000000000000000e+02
9.040000000000000480e-07,2.209761424731180035e-01,0.000000000000000000e+00,2.209188660801564008e-01,2.260000000000000000e+02
9.050000000000000173e-07,2.212200444464809956e-01,0.000000000000000000e+00,2.209188660801564008e-01,2.260000000000000000e+02
9.059999999999999865e-07,2.214639464198439878e-01,0.000000000000000000e+00,2.218963831867057646e-01,2.270000000000000000e+02
9.069999999999999558e-07,2.217078483932060085e-01,0.000000000000000000e+00,2.218963831867057646e-01,2.270000000000000000e+02
9.080000000000000309e-07,2.219517503665690006e-01,0.000000000000000000e+00,2.218963831867057646e-01,2.270000000000000000e+02
9.090000000000000002e-07,2.221956523399319927e-01,0.000000000000000000e+00,2.218963831867057646e-01,2.270000000000000000e+02
9.099999999999999694e-07,2.224395543132940134e-01,0.000000000000000000e+00,2.228739002932551283e-01,2.280000000000000000e+02
9.110000000000000445e-07,2.226834562866570055e-01,0.000000000000000000e+00,2.228739002932551283e-01,2.280000000000000000e+02
9.120000000000000138e-07,2.229273582600199977e-01,0.000000000000000000e+00,2.228739002932551283e-01,2.280000000000000000e+02
9.129999999999999830e-07,2.231712602333819906e-01,0.000000000000000000e+00,2.228739002932551283e-01,2.280000000000000000e+02
9.139999999999999523e-07,2.234151622067450105e-01,0.000000000000000000e+00,2.238514173998044920e-01,2.290000000000000000e+02
9.150000000000000274e-07,2.236590641801080026e-01,0.000000000000000000e+00,2.238514173998044920e-01,2.290000000000000000e+02
9.159999999999999967e-07,2.239029661534699955e-01,0.000000000000000000e+00,2.238514173998044920e-01,2.290000000000000000e+02
9.169999999999999659e-07,2.241468681268329877e-01,0.000000000000000000e+00,2.238514173998044920e-01,2.290000000000000000e+02
9.180000000000000410e-07,2.243907701001960076e-01,0.000000000000000000e+00,2.248289345063538558e-01,2.300000000000000000e+02
9.190000000000000103e-07,2.246346720735580005e-01,0.000000000000000000e+00,2.248289345063538558e-01,2.300000000000000000e+02
9.199999999999999795e-07,2.248785740469209926e-01,0.000000000000000000e+00,2.248289345063538558e-01,2.300000000000000000e+02
9.209999999999999488e-07,2.251224760202830133e-01,0.000000000000000000e+00,2.248289345063538558e-01,2.300000000000000000e+02
9.220000000000000239e-07,2.253663779936460054e-01,0.000000000000000000e+00,2.258064516129032195e-01,2.310000000000000000e+02
9.229999999999999932e-07,2.256102799670089976e-01,0.000000000000000000e+00,2.258064516129032195e-01,2.310000000000000000e+02
9.239999999999999624e-07,2.258541819403709905e-01,0.000000000000000000e+00,2.258064516129032195e-01,2.310000000000000000e+02
9.250000000000000376e-07,2.260980839137340104e-01,0.000000000000000000e+00,2.258064516129032195e-01,2.310000000000000000e+02
9.260000000000000068e-07,2.263419858870970025e-01,0.000000000000000000e+00,2.267839687194525833e-01,2.320000000000000000e+02
9.269999999999999761e-07,2.265858878604589954e-01,0.000000000000000000e+00,2.267839687194525833e-01,2.320000000000000000e+02
9.280000000000000512e-07,2.268297898338219876e-01,0.000000000000000000e+00,2.267839687194525833e-01,2.320000000000000000e+02
9.290000000000000204e-07,2.270736918071850075e-01,0.000000000000000000e+00,2.267839687194525833e-01,2.320000000000000000e+02
9.299999999999999897e-07,2.273175937805470004e-01,0.000000000000000000e+00,2.277614858260019470e-01,2.330000000000000000e+02
9.309999999999999589e-07,2.275614957539099925e-01,0.000000000000000000e+00,2.277614858260019470e-01,2.330000000000000000e+02
9.320000000000000341e-07,2.278053977272730124e-01,0.000000000000000000e+00,2.277614858260019470e-01,2.330000000000000000e+02
9.330000000000000033e-07,2.280492997006350053e-01,0.000000000000000000e+00,2.277614858260019470e-01,2.330000000000000000e+02
9.339999999999999726e-07,2.282932016739979975e-01,0.000000000000000000e+00,2.287390029325513108e-01,2.340000000000000000e+02
9.350000000000000477e-07,2.285371036473609896e-01,0.000000000000000000e+00,2.287390029325513108e-01,2.340000000000000000e+02
9.360000000000000169e-07,2.287810056207230103e-01,0.000000000000000000e+00,2.287390029325513108e-01,2.340000000000000000e+02
9.369999999999999862e-07,2.290249075940860024e-01,0.000000000000000000e+00,2.287390029325513108e-01,2.340000000000000000e+02
9.379999999999999554e-07,2.292688095674489945e-01,0.000000000000000000e+00,2.297165200391006745e-01,2.350000000000000000e+02
9.390000000000000306e-07,2.295127115408109875e-01,0.000000000000000000e+00,2.297165200391006745e-01,2.350000000000000000e+02
9.399999999999999998e-07,2.297566135141740074e-01,0.000000000000000000e+00,2.297165200391006745e-01,2.350000000000000000e+02
9.409999999999999691e-07,2.300005154875369995e-01,0.000000000000000000e+00,2.297165200391006745e-01,2.350000000000000000e+02
9.420000000000000442e-07,2.302444174608989924e-01,0.000000000000000000e+00,2.306940371456500383e-01,2.360000000000000000e+02
9.430000000000000134e-07,2.304883194342620123e-01,0.000000000000000000e+00,2.306940371456500383e-01,2.360000000000000000e+02
9.439999999999999827e-07,2.307322214076250044e-01,0.000000000000000000e+00,2.306940371456500383e-01,2.360000000000000000e+02
9.449999999999999519e-07,2.309761233809869974e-01,0.000000000000000000e+00,2.306940371456500383e-01,2.360000000000000000e+02
9.460000000000000271e-07,2.312200253543499895e-01,0.000000000000000000e+00,2.316715542521994020e-01,2.370000000000000000e+02
9.469999999999999963e-07,2.314639273277130094e-01,0.000000000000000000e+00,2.316715542521994020e-01,2.370000000000000000e+02
9.479999999999999656e-07,2.317078293010750023e-01,0.000000000000000000e+00,2.316715542521994020e-01,2.370000000000000000e+02
9.490000000000000407e-07,2.319517312744379944e-01,0.000000000000000000e+00,2.316715542521994020e-01,2.370000000000000000e+02
9.500000000000000100e-07,2.321956332478009866e-01,0.000000000000000000e+00,2.326490713587487658e-01,2.380000000000000000e+02
9.509999999999999792e-07,2.324395352211630073e-01,0.000000000000000000e+00,2.326490713587487658e-01,2.380000000000000000e+02
9.519999999999999484e-07,2.326834371945259994e-01,0.000000000000000000e+00,2.326490713587487658e-01,2.380000000000000000e+02
9.530000000000000236e-07,2.329273391678889915e-01,0.000000000000000000e+00,2.326490713587487658e-01,2.380000000000000000e+02
9.540000000000000987e-07,2.331712411412510122e-01,1.000000000000000000e+00,2.336265884652981295e-01,2.390000000000000000e+02
9.549999999999999621e-07,2.334151431146140043e-01,0.000000000000000000e+00,2.336265884652981295e-01,2.390000000000000000e+02
9.560000000000000372e-07,2.336590450879769965e-01,0.000000000000000000e+00,2.336265884652981295e-01,2.390000000000000000e+02
9.569999999999999006e-07,2.339029470613389894e-01,0.000000000000000000e+00,2.336265884652981295e-01,2.390000000000000000e+02
9.579999999999999757e-07,2.341468490347020093e-01,0.000000000000000000e+00,2.346041055718475210e-01,2.400000000000000000e+02
9.590000000000000508e-07,2.343907510080650014e-01,0.000000000000000000e+00,2.346041055718475210e-01,2.400000000000000000e+02
9.599999999999999142e-07,2.346346529814269943e-01,0.000000000000000000e+00,2.346041055718475210e-01,2.400000000000000000e+02
9.609999999999999893e-07,2.348785549547899865e-01,0.000000000000000000e+00,2.346041055718475210e-01,2.400000000000000000e+02
9.620000000000000645e-07,2.351224569281530064e-01,1.000000000000000000e+00,2.355816226783968848e-01,2.410000000000000000e+02
9.629999999999999278e-07,2.353663589015149993e-01,0.000000000000000000e+00,2.355816226783968848e-01,2.410000000000000000e+02
9.640000000000000030e-07,2.356102608748779914e-01,0.000000000000000000e+00,2.355816226783968848e-01,2.410000000000000000e+02
9.650000000000000781e-07,2.358541628482400121e-01,1.000000000000000000e+00,2.355816226783968848e-01,2.410000000000000000e+02
9.659999999999999415e-07,2.360980648216030042e-01,0.000000000000000000e+00,2.365591397849462485e-01,2.420000000000000000e+02
9.670000000000000166e-07,2.363419667949659964e-01,0.000000000000000000e+00,2.365591397849462485e-01,2.420000000000000000e+02
9.680000000000000917e-07,2.365858687683279893e-01,1.000000000000000000e+00,2.365591397849462485e-01,2.420000000000000000e+02
9.689999999999999551e-07,2.368297707416910092e-01,0.000000000000000000e+00,2.365591397849462485e-01,2.420000000000000000e+02
9.700000000000000302e-07,2.370736727150540013e-01,0.000000000000000000e+00,2.375366568914956122e-01,2.430000000000000000e+02
9.710000000000001053e-07,2.373175746884159942e-01,1.000000000000000000e+00,2.375366568914956122e-01,2.430000000000000000e+02
9.719999999999999687e-07,2.375614766617789864e-01,0.000000000000000000e+00,2.375366568914956122e-01,2.430000000000000000e+02
9.730000000000000438e-07,2.378053786351420062e-01,0.000000000000000000e+00,2.375366568914956122e-01,2.430000000000000000e+02
9.739999999999999072e-07,2.380492806085039992e-01,0.000000000000000000e+00,2.385141739980449760e-01,2.440000000000000000e+02
9.749999999999999823e-07,2.382931825818669913e-01,0.000000000000000000e+00,2.385141739980449760e-01,2.440000000000000000e+02
9.760000000000000575e-07,2.385370845552300112e-01,0.000000000000000000e+00,2.385141739980449760e-01,2.440000000000000000e+02
9.769999999999999208e-07,2.387809865285920041e-01,0.000000000000000000e+00,2.385141739980449760e-01,2.440000000000000000e+02
9.779999999999999960e-07,2.390248885019549963e-01,0.000000000000000000e+00,2.394916911045943397e-01,2.450000000000000000e+02
9.790000000000000711e-07,2.392687904753179884e-01,1.000000000000000000e+00,2.394916911045943397e-01,2.450000000000000000e+02
9.799999999999999345e-07,2.395126924486800091e-01,0.000000000000000000e+00,2.394916911045943397e-01,2.450000000000000000e+02
9.810000000000000096e-07,2.397565944220430012e-01,0.000000000000000000e+00,2.394916911045943397e-01,2.450000000000000000e+02
9.820000000000000847e-07,2.400004963954059933e-01,1.000000000000000000e+00,2.404692082111437035e-01,2.460000000000000000e+02
9.829999999999999481e-07,2.402443983687679863e-01,0.000000000000000000e+00,2.404692082111437035e-01,2.460000000000000000e+02
9.840000000000000232e-07,2.404883003421310061e-01,0.000000000000000000e+00,2.404692082111437035e-01,2.460000000000000000e+02
9.850000000000000984e-07,2.407322023154939983e-01,1.000000000000000000e+00,2.404692082111437035e-01,2.460000000000000000e+02
9.859999999999999617e-07,2.409761042888559912e-01,0.000000000000000000e+00,2.414467253176930672e-01,2.470000000000000000e+02
9.870000000000000369e-07,2.412200062622190111e-01,0.000000000000000000e+00,2.414467253176930672e-01,2.470000000000000000e+02
9.879999999999999002e-07,2.414639082355820032e-01,0.000000000000000000e+00,2.414467253176930672e-01,2.470000000000000000e+02
9.889999999999999754e-07,2.417078102089439962e-01,0.000000000000000000e+00,2.414467253176930672e-01,2.470000000000000000e+02
9.900000000000000505e-07,2.419517121823069883e-01,0.000000000000000000e+00,2.424242424242424310e-01,2.480000000000000000e+02
9.909999999999999139e-07,2.421956141556700082e-01,0.000000000000000000e+00,2.424242424242424310e-01,2.480000000000000000e+02
9.919999999999999890e-07,2.424395161290320011e-01,0.000000000000000000e+00,2.424242424242424310e-01,2.480000000000000000e+02
9.930000000000000641e-07,2.426834181023949932e-01,1.000000000000000000e+00,2.424242424242424310e-01,2.480000000000000000e+02
9.939999999999999275e-07,2.429273200757580131e-01,0.000000000000000000e+00,2.434017595307917947e-01,2.490000000000000000e+02
9.950000000000000026e-07,2.431712220491200060e-01,0.000000000000000000e+00,2.434017595307917947e-01,2.490000000000000000e+02
9.960000000000000777e-07,2.434151240224829982e-01,1.000000000000000000e+00,2.434017595307917947e-01,2.490000000000000000e+02
9.969999999999999411e-07,2.436590259958459903e-01,0.000000000000000000e+00,2.434017595307917947e-01,2.490000000000000000e+02
9.980000000000000162e-07,2.439029279692080110e-01,0.000000000000000000e+00,2.443792766373411585e-01,2.500000000000000000e+02
9.990000000000000914e-07,2.441468299425710031e-01,1.000000000000000000e+00,2.443792766373411585e-01,2.500000000000000000e+02
9.999999999999999547e-07,2.443907319159339953e-01,0.000000000000000000e+00,2.443792766373411585e-01,2.500000000000000000e+02
1.001000000000000030e-06,2.446346338892959882e-01,0.000000000000000000e+00,2.443792766373411585e-01,2.500000000000000000e+02
1.002000000000000105e-06,2.448785358626590081e-01,1.000000000000000000e+00,2.453567937438905222e-01,2.510000000000000000e+02
1.002999999999999968e-06,2.451224378360220002e-01,0.000000000000000000e+00,2.453567937438905222e-01,2.510000000000000000e+02
1.004000000000000044e-06,2.453663398093839931e-01,0.000000000000000000e+00,2.453567937438905222e-01,2.510000000000000000e+02
1.004999999999999907e-06,2.456102417827470130e-01,0.000000000000000000e+00,2.453567937438905222e-01,2.510000000000000000e+02
1.005999999999999982e-06,2.458541437561100051e-01,0.000000000000000000e+00,2.463343108504398860e-01,2.520000000000000000e+02
1.007000000000000057e-06,2.460980457294719981e-01,0.000000000000000000e+00,2.463343108504398860e-01,2.520000000000000000e+02
1.007999999999999921e-06,2.463419477028349902e-01,0.000000000000000000e+00,2.463343108504398860e-01,2.520000000000000000e+02
1.008999999999999996e-06,2.465858496761970109e-01,0.000000000000000000e+00,2.463343108504398860e-01,2.520000000000000000e+02
1.010000000000000071e-06,2.468297516495600030e-01,1.000000000000000000e+00,2.473118279569892497e-01,2.530000000000000000e+02
1.010999999999999934e-06,2.470736536229229952e-01,0.000000000000000000e+00,2.473118279569892497e-01,2.530000000000000000e+02
1.012000000000000009e-06,2.473175555962849881e-01,0.000000000000000000e+00,2.473118279569892497e-01,2.530000000000000000e+02
1.013000000000000084e-06,2.475614575696480080e-01,1.000000000000000000e+00,2.473118279569892497e-01,2.530000000000000000e+02
1.013999999999999948e-06,2.478053595430110001e-01,0.000000000000000000e+00,2.482893450635386134e-01,2.540000000000000000e+02
1.015000000000000023e-06,2.480492615163729930e-01,0.000000000000000000e+00,2.482893450635386134e-01,2.540000000000000000e+02
1.016000000000000098e-06,2.482931634897360129e-01,1.000000000000000000e+00,2.482893450635386134e-01,2.540000000000000000e+02
1.016999999999999961e-06,2.485370654630990050e-01,0.000000000000000000e+00,2.482893450635386134e-01,2.540000000000000000e+02
1.018000000000000037e-06,2.487809674364609980e-01,0.000000000000000000e+00,2.492668621700879772e-01,2.550000000000000000e+02
1.018999999999999900e-06,2.490248694098239901e-01,0.000000000000000000e+00,2.492668621700879772e-01,2.550000000000000000e+02
1.019999999999999975e-06,2.492687713831870100e-01,0.000000000000000000e+00,2.492668621700879772e-01,2.550000000000000000e+02
1.021000000000000050e-06,2.495126733565490029e-01,0.000000000000000000e+00,2.492668621700879772e-01,2.550000000000000000e+02
1.021999999999999914e-06,2.497565753299119951e-01,0.000000000000000000e+00,2.502443792766373409e-01,2.560000000000000000e+02
1.022999999999999989e-06,2.500004773032750149e-01,0.000000000000000000e+00,2.502443792766373409e-01,2.560000000000000000e+02
1.024000000000000064e-06,2.502443792766370079e-01,1.000000000000000000e+00,2.502443792766373409e-01,2.560000000000000000e+02
1.024999999999999927e-06,2.504882812500000000e-01,0.000000000000000000e+00,2.502443792766373409e-01,2.560000000000000000e+02
1.026000000000000002e-06,2.507321832233629921e-01,0.000000000000000000e+00,2.512218963831867047e-01,2.570000000000000000e+02
1.027000000000000077e-06,2.509760851967249851e-01,1.000000000000000000e+00,2.512218963831867047e-01,2.570000000000000000e+02
1.027999999999999941e-06,2.512199871700879772e-01,0.000000000000000000e+00,2.512218963831867047e-01,2.570000000000000000e+02
1.029000000000000016e-06,2.514638891434510248e-01,0.000000000000000000e+00,2.512218963831867047e-01,2.570000000000000000e+02
1.030000000000000091e-06,2.517077911168130178e-01,1.000000000000000000e+00,2.521994134897360684e-01,2.580000000000000000e+02
1.030999999999999954e-06,2.519516930901760099e-01,0.000000000000000000e+00,2.521994134897360684e-01,2.580000000000000000e+02
1.032000000000000030e-06,2.521955950635390020e-01,0.000000000000000000e+00,2.521994134897360684e-01,2.580000000000000000e+02
1.033000000000000105e-06,2.524394970369009950e-01,1.000000000000000000e+00,2.521994134897360684e-01,2.580000000000000000e+02
1.033999999999999968e-06,2.526833990102639871e-01,0.000000000000000000e+00,2.531769305962854322e-01,2.590000000000000000e+02
1.035000000000000043e-06,2.529273009836269792e-01,0.000000000000000000e+00,2.531769305962854322e-01,2.590000000000000000e+02
1.035999999999999907e-06,2.531712029569890277e-01,0.000000000000000000e+00,2.531769305962854322e-01,2.590000000000000000e+02
1.036999999999999982e-06,2.534151049303520198e-01,0.000000000000000000e+00,2.531769305962854322e-01,2.590000000000000000e+02
1.038000000000000057e-06,2.536590069037150119e-01,0.000000000000000000e+00,2.541544477028347959e-01,2.600000000000000000e+02
1.038999999999999920e-06,2.539029088770770048e-01,0.000000000000000000e+00,2.541544477028347959e-01,2.600000000000000000e+02
1.039999999999999995e-06,2.541468108504399970e-01,0.000000000000000000e+00,2.541544477028347959e-01,2.600000000000000000e+02
1.041000000000000070e-06,2.543907128238029891e-01,1.000000000000000000e+00,2.541544477028347959e-01,2.600000000000000000e+02
1.041999999999999934e-06,2.546346147971649820e-01,0.000000000000000000e+00,2.551319648093841597e-01,2.610000000000000000e+02
1.043000000000000009e-06,2.548785167705279742e-01,0.000000000000000000e+00,2.551319648093841597e-01,2.610000000000000000e+02
1.044000000000000084e-06,2.551224187438910218e-01,1.000000000000000000e+00,2.551319648093841597e-01,2.610000000000000000e+02
1.044999999999999947e-06,2.553663207172530147e-01,0.000000000000000000e+00,2.551319648093841597e-01,2.610000000000000000e+02
1.046000000000000023e-06,2.556102226906160069e-01,0.000000000000000000e+00,2.561094819159335234e-01,2.620000000000000000e+02
1.047000000000000098e-06,2.558541246639779998e-01,1.000000000000000000e+00,2.561094819159335234e-01,2.620000000000000000e+02
1.047999999999999961e-06,2.560980266373409919e-01,0.000000000000000000e+00,2.561094819159335234e-01,2.620000000000000000e+02
1.049000000000000036e-06,2.563419286107039841e-01,0.000000000000000000e+00,2.561094819159335234e-01,2.620000000000000000e+02
1.049999999999999900e-06,2.565858305840669762e-01,0.000000000000000000e+00,2.561094819159335234e-01,2.620000000000000000e+02
1.050999999999999975e-06,2.568297325574290246e-01,0.000000000000000000e+00,2.570869990224828872e-01,2.630000000000000000e+02
1.052000000000000050e-06,2.570736345307920168e-01,0.000000000000000000e+00,2.570869990224828872e-01,2.630000000000000000e+02
1.052999999999999913e-06,2.573175365041540097e-01,0.000000000000000000e+00,2.570869990224828872e-01,2.630000000000000000e+02
1.053999999999999988e-06,2.575614384775170018e-01,0.000000000000000000e+00,2.570869990224828872e-01,2.630000000000000000e+02
1.055000000000000063e-06,2.578053404508799940e-01,0.000000000000000000e+00,2.580645161290322509e-01,2.640000000000000000e+02
1.055999999999999927e-06,2.580492424242419869e-01,0.000000000000000000e+00,2.580645161290322509e-01,2.640000000000000000e+02
1.057000000000000002e-06,2.582931443976049790e-01,0.000000000000000000e+00,2.580645161290322509e-01,2.640000000000000000e+02
1.058000000000000077e-06,2.585370463709680267e-01,1.000000000000000000e+00,2.580645161290322509e-01,2.640000000000000000e+02
1.058999999999999940e-06,2.587809483443300196e-01,0.000000000000000000e+00,2.590420332355816146e-01,2.650000000000000000e+02
1.060000000000000016e-06,2.590248503176930117e-01,0.000000000000000000e+00,2.590420332355816146e-01,2.650000000000000000e+02
1.061000000000000091e-06,2.592687522910560038e-01,1.000000000000000000e+00,2.590420332355816146e-01,2.650000000000000000e+02
1.061999999999999954e-06,2.595126542644179968e-01,0.000000000000000000e+00,2.590420332355816146e-01,2.650000000000000000e+02
1.063000000000000029e-06,2.597565562377809889e-01,0.000000000000000000e+00,2.600195503421309784e-01,2.660000000000000000e+02
1.064000000000000104e-06,2.600004582111439810e-01,1.000000000000000000e+00,2.600195503421309784e-01,2.660000000000000000e+02
1.064999999999999968e-06,2.602443601845059740e-01,0.000000000000000000e+00,2.600195503421309784e-01,2.660000000000000000e+02
1.066000000000000043e-06,2.604882621578690216e-01,0.000000000000000000e+00,2.600195503421309784e-01,2.660000000000000000e+02
1.066999999999999906e-06,2.607321641312320137e-01,0.000000000000000000e+00,2.609970674486803421e-01,2.670000000000000000e+02
1.067999999999999981e-06,2.609760661045940067e-01,0.000000000000000000e+00,2.609970674486803421e-01,2.670000000000000000e+02
1.069000000000000056e-06,2.612199680779569988e-01,0.000000000000000000e+00,2.609970674486803421e-01,2.670000000000000000e+02
1.069999999999999920e-06,2.614638700513199909e-01,0.000000000000000000e+00,2.609970674486803421e-01,2.670000000000000000e+02
1.070999999999999995e-06,2.617077720246819839e-01,0.000000000000000000e+00,2.619745845552297059e-01,2.680000000000000000e+02
1.072000000000000070e-06,2.619516739980449760e-01,1.000000000000000000e+00,2.619745845552297059e-01,2.680000000000000000e+02
1.072999999999999933e-06,2.621955759714080236e-01,0.000000000000000000e+00,2.619745845552297059e-01,2.680000000000000000e+02
1.074000000000000009e-06,2.624394779447700166e-01,0.000000000000000000e+00,2.619745845552297059e-01,2.680000000000000000e+02
1.075000000000000084e-06,2.626833799181330087e-01,1.000000000000000000e+00,2.629521016617790696e-01,2.690000000000000000e+02
1.075999999999999947e-06,2.629272818914960008e-01,0.000000000000000000e+00,2.629521016617790696e-01,2.690000000000000000e+02
1.077000000000000022e-06,2.631711838648579938e-01,0.000000000000000000e+00,2.629521016617790696e-01,2.690000000000000000e+02
1.078000000000000097e-06,2.634150858382209859e-01,1.000000000000000000e+00,2.629521016617790696e-01,2.690000000000000000e+02
1.078999999999999961e-06,2.636589878115839780e-01,0.000000000000000000e+00,2.639296187683284334e-01,2.700000000000000000e+02
1.080000000000000036e-06,2.639028897849460265e-01,0.000000000000000000e+00,2.639296187683284334e-01,2.700000000000000000e+02
1.080999999999999899e-06,2.641467917583090186e-01,0.000000000000000000e+00,2.639296187683284334e-01,2.700000000000000000e+02
1.081999999999999974e-06,2.643906937316720107e-01,0.000000000000000000e+00,2.639296187683284334e-01,2.700000000000000000e+02
1.083000000000000049e-06,2.646345957050340036e-01,0.000000000000000000e+00,2.649071358748777971e-01,2.710000000000000000e+02
1.083999999999999913e-06,2.648784976783969958e-01,0.000000000000000000e+00,2.649071358748777971e-01,2.710000000000000000e+02
1.084999999999999988e-06,2.651223996517599879e-01,0.000000000000000000e+00,2.649071358748777971e-01,2.710000000000000000e+02
1.086000000000000063e-06,2.653663016251219808e-01,0.000000000000000000e+00,2.649071358748777971e-01,2.710000000000000000e+02
1.086999999999999926e-06,2.656102035984849730e-01,0.000000000000000000e+00,2.658846529814271609e-01,2.720000000000000000e+02
1.088000000000000002e-06,2.658541055718480206e-01,0.000000000000000000e+00,2.658846529814271609e-01,2.720000000000000000e+02
1.089000000000000077e-06,2.660980075452100135e-01,1.000000000000000000e+00,2.658846529814271609e-01,2.720000000000000000e+02
1.089999999999999940e-06,2.663419095185730057e-01,0.000000000000000000e+00,2.658846529814271609e-01,2.720000000000000000e+02
1.091000000000000015e-06,2.665858114919349986e-01,0.000000000000000000e+00,2.668621700879765246e-01,2.730000000000000000e+02
1.092000000000000090e-06,2.668297134652979907e-01,1.000000000000000000e+00,2.668621700879765246e-01,2.730000000000000000e+02
1.092999999999999954e-06,2.670736154386609829e-01,0.000000000000000000e+00,2.668621700879765246e-01,2.730000000000000000e+02
1.094000000000000029e-06,2.673175174120229758e-01,0.000000000000000000e+00,2.668621700879765246e-01,2.730000000000000000e+02
1.095000000000000104e-06,2.675614193853860234e-01,1.000000000000000000e+00,2.678396871945258884e-01,2.740000000000000000e+02
1.095999999999999967e-06,2.678053213587490156e-01,0.000000000000000000e+00,2.678396871945258884e-01,2.740000000000000000e+02
1.097000000000000042e-06,2.680492233321110085e-01,0.000000000000000000e+00,2.678396871945258884e-01,2.740000000000000000e+02
1.097999999999999906e-06,2.682931253054740006e-01,0.000000000000000000e+00,2.678396871945258884e-01,2.740000000000000000e+02
1.098999999999999981e-06,2.685370272788369927e-01,0.000000000000000000e+00,2.688172043010752521e-01,2.750000000000000000e+02
1.100000000000000056e-06,2.687809292521989857e-01,0.000000000000000000e+00,2.688172043010752521e-01,2.750000000000000000e+02
1.100999999999999919e-06,2.690248312255619778e-01,0.000000000000000000e+00,2.688172043010752521e-01,2.750000000000000000e+02
1.101999999999999995e-06,2.692687331989250255e-01,0.000000000000000000e+00,2.688172043010752521e-01,2.750000000000000000e+02
1.103000000000000070e-06,2.695126351722870184e-01,1.000000000000000000e+00,2.697947214076246158e-01,2.760000000000000000e+02
1.103999999999999933e-06,2.697565371456500105e-01,0.000000000000000000e+00,2.697947214076246158e-01,2.760000000000000000e+02
1.105000000000000008e-06,2.700004391190130026e-01,0.000000000000000000e+00,2.697947214076246158e-01,2.760000000000000000e+02
1.106000000000000083e-06,2.702443410923749956e-01,1.000000000000000000e+00,2.697947214076246158e-01,2.760000000000000000e+02
1.106999999999999947e-06,2.704882430657379877e-01,0.000000000000000000e+00,2.707722385141739796e-01,2.770000000000000000e+02
1.108000000000000022e-06,2.707321450391009798e-01,0.000000000000000000e+00,2.707722385141739796e-01,2.770000000000000000e+02
1.109000000000000097e-06,2.709760470124629728e-01,1.000000000000000000e+00,2.707722385141739796e-01,2.770000000000000000e+02
1.109999999999999960e-06,2.712199489858260204e-01,0.000000000000000000e+00,2.707722385141739796e-01,2.770000000000000000e+02
1.111000000000000035e-06,2.714638509591890125e-01,0.000000000000000000e+00,2.717497556207233433e-01,2.780000000000000000e+02
1.111999999999999899e-06,2.717077529325510055e-01,0.000000000000000000e+00,2.717497556207233433e-01,2.780000000000000000e+02
1.112999999999999974e-06,2.719516549059139976e-01,0.000000000000000000e+00,2.717497556207233433e-01,2.780000000000000000e+02
1.114000000000000049e-06,2.721955568792769897e-01,0.000000000000000000e+00,2.717497556207233433e-01,2.780000000000000000e+02
1.114999999999999912e-06,2.724394588526389827e-01,0.000000000000000000e+00,2.727272727272727071e-01,2.790000000000000000e+02
1.115999999999999988e-06,2.726833608260019748e-01,0.000000000000000000e+00,2.727272727272727071e-01,2.790000000000000000e+02
1.117000000000000063e-06,2.729272627993650224e-01,0.000000000000000000e+00,2.727272727272727071e-01,2.790000000000000000e+02
1.117999999999999926e-06,2.731711647727270154e-01,0.000000000000000000e+00,2.727272727272727071e-01,2.790000000000000000e+02
1.119000000000000001e-06,2.734150667460900075e-01,0.000000000000000000e+00,2.737047898338220708e-01,2.800000000000000000e+02
1.120000000000000076e-06,2.736589687194529996e-01,1.000000000000000000e+00,2.737047898338220708e-01,2.800000000000000000e+02
1.120999999999999940e-06,2.739028706928149925e-01,0.000000000000000000e+00,2.737047898338220708e-01,2.800000000000000000e+02
1.122000000000000015e-06,2.741467726661779847e-01,0.000000000000000000e+00,2.737047898338220708e-01,2.800000000000000000e+02
1.123000000000000090e-06,2.743906746395409768e-01,1.000000000000000000e+00,2.746823069403714346e-01,2.810000000000000000e+02
1.123999999999999953e-06,2.746345766129030253e-01,0.000000000000000000e+00,2.746823069403714346e-01,2.810000000000000000e+02
1.125000000000000029e-06,2.748784785862660174e-01,0.000000000000000000e+00,2.746823069403714346e-01,2.810000000000000000e+02
1.126000000000000104e-06,2.751223805596290095e-01,1.000000000000000000e+00,2.746823069403714346e-01,2.810000000000000000e+02
1.126999999999999967e-06,2.753662825329910024e-01,0.000000000000000000e+00,2.756598240469207983e-01,2.820000000000000000e+02
1.128000000000000042e-06,2.756101845063539946e-01,0.000000000000000000e+00,2.756598240469207983e-01,2.820000000000000000e+02
1.128999999999999906e-06,2.758540864797169867e-01,0.000000000000000000e+00,2.756598240469207983e-01,2.820000000000000000e+02
1.129999999999999981e-06,2.760979884530789796e-01,0.000000000000000000e+00,2.756598240469207983e-01,2.820000000000000000e+02
1.131000000000000056e-06,2.763418904264420273e-01,0.000000000000000000e+00,2.766373411534701621e-01,2.830000000000000000e+02
1.131999999999999919e-06,2.765857923998050194e-01,0.000000000000000000e+00,2.766373411534701621e-01,2.830000000000000000e+02
1.132999999999999994e-06,2.768296943731670123e-01,0.000000000000000000e+00,2.766373411534701621e-01,2.830000000000000000e+02
1.134000000000000069e-06,2.770735963465300045e-01,0.000000000000000000e+00,2.766373411534701621e-01,2.830000000000000000e+02
1.134999999999999933e-06,2.773174983198919974e-01,0.000000000000000000e+00,2.776148582600195258e-01,2.840000000000000000e+02
1.136000000000000008e-06,2.775614002932549895e-01,0.000000000000000000e+00,2.776148582600195258e-01,2.840000000000000000e+02
1.137000000000000083e-06,2.778053022666179817e-01,1.000000000000000000e+00,2.776148582600195258e-01,2.840000000000000000e+02
1.137999999999999946e-06,2.780492042399799746e-01,0.000000000000000000e+00,2.776148582600195258e-01,2.840000000000000000e+02
1.139000000000000022e-06,2.782931062133430222e-01,0.000000000000000000e+00,2.785923753665688896e-01,2.850000000000000000e+02
1.140000000000000097e-06,2.785370081867060144e-01,1.000000000000000000e+00,2.785923753665688896e-01,2.850000000000000000e+02
1.140999999999999960e-06,2.787809101600680073e-01,0.000000000000000000e+00,2.785923753665688896e-01,2.850000000000000000e+02
1.142000000000000035e-06,2.790248121334309994e-01,0.000000000000000000e+00,2.785923753665688896e-01,2.850000000000000000e+02
1.142999999999999899e-06,2.792687141067939915e-01,0.000000000000000000e+00,2.795698924731182533e-01,2.860000000000000000e+02
1.143999999999999974e-06,2.795126160801559845e-01,0.000000000000000000e+00,2.795698924731182533e-01,2.860000000000000000e+02
1.145000000000000049e-06,2.797565180535189766e-01,0.000000000000000000e+00,2.795698924731182533e-01,2.860000000000000000e+02
1.145999999999999912e-06,2.800004200268820242e-01,0.000000000000000000e+00,2.795698924731182533e-01,2.860000000000000000e+02
1.146999999999999987e-06,2.802443220002440172e-01,0.000000000000000000e+00,2.805474095796676171e-01,2.870000000000000000e+02
1.148000000000000062e-06,2.804882239736070093e-01,0.000000000000000000e+00,2.805474095796676171e-01,2.870000000000000000e+02
1.148999999999999926e-06,2.807321259469700014e-01,0.000000000000000000e+00,2.805474095796676171e-01,2.870000000000000000e+02
1.150000000000000001e-06,2.809760279203319944e-01,0.000000000000000000e+00,2.805474095796676171e-01,2.870000000000000000e+02
1.151000000000000076e-06,2.812199298936949865e-01,1.000000000000000000e+00,2.815249266862169808e-01,2.880000000000000000e+02
1.151999999999999939e-06,2.814638318670579786e-01,0.000000000000000000e+00,2.815249266862169808e-01,2.880000000000000000e+02
1.153000000000000015e-06,2.817077338404200271e-01,0.000000000000000000e+00,2.815249266862169808e-01,2.880000000000000000e+02
1.154000000000000090e-06,2.819516358137830192e-01,1.000000000000000000e+00,2.815249266862169808e-01,2.880000000000000000e+02
1.154999999999999953e-06,2.821955377871460113e-01,0.000000000000000000e+00,2.825024437927664001e-01,2.890000000000000000e+02
1.156000000000000028e-06,2.824394397605080043e-01,0.000000000000000000e+00,2.825024437927664001e-01,2.890000000000000000e+02
1.157000000000000103e-06,2.826833417338709964e-01,1.000000000000000000e+00,2.825024437927664001e-01,2.890000000000000000e+02
1.157999999999999967e-06,2.829272437072339885e-01,0.000000000000000000e+00,2.825024437927664001e-01,2.890000000000000000e+02
1.159000000000000042e-06,2.831711456805959815e-01,0.000000000000000000e+00,2.834799608993157638e-01,2.900000000000000000e+02
1.159999999999999905e-06,2.834150476539589736e-01,0.000000000000000000e+00,2.834799608993157638e-01,2.900000000000000000e+02
1.160999999999999980e-06,2.836589496273220212e-01,0.000000000000000000e+00,2.834799608993157638e-01,2.900000000000000000e+02
1.162000000000000055e-06,2.839028516006840142e-01,0.000000000000000000e+00,2.834799608993157638e-01,2.900000000000000000e+02
1.162999999999999919e-06,2.841467535740470063e-01,0.000000000000000000e+00,2.844574780058651275e-01,2.910000000000000000e+02
1.163999999999999994e-06,2.843906555474099984e-01,0.000000000000000000e+00,2.844574780058651275e-01,2.910000000000000000e+02
1.165000000000000069e-06,2.846345575207719913e-01,0.000000000000000000e+00,2.844574780058651275e-01,2.910000000000000000e+02
1.165999999999999932e-06,2.848784594941349835e-01,0.000000000000000000e+00,2.844574780058651275e-01,2.910000000000000000e+02
1.167000000000000008e-06,2.851223614674979756e-01,0.000000000000000000e+00,2.854349951124144913e-01,2.920000000000000000e+02
1.168000000000000083e-06,2.853662634408600240e-01,1.000000000000000000e+00,2.854349951124144913e-01,2.920000000000000000e+02
1.168999999999999946e-06,2.856101654142230162e-01,0.000000000000000000e+00,2.854349951124144913e-01,2.920000000000000000e+02
1.170000000000000021e-06,2.858540673875860083e-01,0.000000000000000000e+00,2.854349951124144913e-01,2.920000000000000000e+02
1.171000000000000096e-06,2.860979693609480012e-01,1.000000000000000000e+00,2.864125122189638550e-01,2.930000000000000000e+02
1.171999999999999960e-06,2.863418713343109934e-01,0.000000000000000000e+00,2.864125122189638550e-01,2.930000000000000000e+02
1.173000000000000035e-06,2.865857733076739855e-01,0.000000000000000000e+00,2.864125122189638550e-01,2.930000000000000000e+02
1.173999999999999898e-06,2.868296752810359784e-01,0.000000000000000000e+00,2.864125122189638550e-01,2.930000000000000000e+02
1.174999999999999973e-06,2.870735772543990261e-01,0.000000000000000000e+00,2.873900293255132188e-01,2.940000000000000000e+02
1.176000000000000048e-06,2.873174792277610190e-01,0.000000000000000000e+00,2.873900293255132188e-01,2.940000000000000000e+02
1.176999999999999912e-06,2.875613812011240111e-01,0.000000000000000000e+00,2.873900293255132188e-01,2.940000000000000000e+02
1.177999999999999987e-06,2.878052831744870033e-01,0.000000000000000000e+00,2.873900293255132188e-01,2.940000000000000000e+02
1.179000000000000062e-06,2.880491851478489962e-01,0.000000000000000000e+00,2.883675464320625825e-01,2.950000000000000000e+02
1.179999999999999925e-06,2.882930871212119883e-01,0.000000000000000000e+00,2.883675464320625825e-01,2.950000000000000000e+02
1.181000000000000001e-06,2.885369890945749805e-01,0.000000000000000000e+00,2.883675464320625825e-01,2.950000000000000000e+02
1.182000000000000076e-06,2.887808910679369734e-01,1.000000000000000000e+00,2.883675464320625825e-01,2.950000000000000000e+02
1.182999999999999939e-06,2.890247930413000210e-01,0.000000000000000000e+00,2.893450635386119463e-01,2.960000000000000000e+02
1.184000000000000014e-06,2.892686950146630132e-01,0.000000000000000000e+00,2.893450635386119463e-01,2.960000000000000000e+02
1.185000000000000089e-06,2.895125969880250061e-01,1.000000000000000000e+00,2.893450635386119463e-01,2.960000000000000000e+02
1.185999999999999953e-06,2.897564989613879982e-01,0.000000000000000000e+00,2.893450635386119463e-01,2.960000000000000000e+02
1.187000000000000028e-06,2.900004009347509903e-01,0.000000000000000000e+00,2.903225806451613100e-01,2.970000000000000000e+02
1.188000000000000103e-06,2.902443029081129833e-01,1.000000000000000000e+00,2.903225806451613100e-01,2.970000000000000000e+02
1.188999999999999966e-06,2.904882048814759754e-01,0.000000000000000000e+00,2.903225806451613100e-01,2.970000000000000000e+02
1.190000000000000041e-06,2.907321068548390230e-01,0.000000000000000000e+00,2.903225806451613100e-01,2.970000000000000000e+02
1.190999999999999905e-06,2.909760088282010160e-01,0.000000000000000000e+00,2.913000977517106738e-01,2.980000000000000000e+02
1.191999999999999980e-06,2.912199108015640081e-01,0.000000000000000000e+00,2.913000977517106738e-01,2.980000000000000000e+02
1.193000000000000055e-06,2.914638127749270002e-01,0.000000000000000000e+00,2.913000977517106738e-01,2.980000000000000000e+02
1.193999999999999918e-06,2.917077147482889932e-01,0.000000000000000000e+00,2.913000977517106738e-01,2.980000000000000000e+02
1.194999999999999994e-06,2.919516167216519853e-01,0.000000000000000000e+00,2.922776148582600375e-01,2.990000000000000000e+02
1.196000000000000069e-06,2.921955186950149774e-01,0.000000000000000000e+00,2.922776148582600375e-01,2.990000000000000000e+02
1.196999999999999932e-06,2.924394206683770259e-01,0.000000000000000000e+00,2.922776148582600375e-01,2.990000000000000000e+02
1.198000000000000007e-06,2.926833226417400180e-01,0.000000000000000000e+00,2.922776148582600375e-01,2.990000000000000000e+02
1.199000000000000082e-06,2.929272246151030101e-01,1.000000000000000000e+00,2.932551319648094013e-01,3.000000000000000000e+02
1.199999999999999946e-06,2.931711265884650031e-01,0.000000000000000000e+00,2.932551319648094013e-01,3.000000000000000000e+02
1.201000000000000021e-06,2.934150285618279952e-01,0.000000000000000000e+00,2.932551319648094013e-01,3.000000000000000000e+02
1.202000000000000096e-06,2.936589305351909873e-01,1.000000000000000000e+00,2.932551319648094013e-01,3.000000000000000000e+02
1.202999999999999959e-06,2.939028325085529803e-01,0.000000000000000000e+00,2.942326490713587650e-01,3.010000000000000000e+02
1.204000000000000034e-06,2.941467344819159724e-01,0.000000000000000000e+00,2.942326490713587650e-01,3.010000000000000000e+02
1.204999999999999898e-06,2.943906364552790200e-01,0.000000000000000000e+00,2.942326490713587650e-01,3.010000000000000000e+02
1.205999999999999973e-06,2.946345384286410130e-01,0.000000000000000000e+00,2.942326490713587650e-01,3.010000000000000000e+02
1.207000000000000048e-06,2.948784404020040051e-01,0.000000000000000000e+00,2.952101661779081287e-01,3.020000000000000000e+02
1.207999999999999911e-06,2.951223423753669972e-01,0.000000000000000000e+00,2.952101661779081287e-01,3.020000000000000000e+02
1.208999999999999987e-06,2.953662443487289901e-01,0.000000000000000000e+00,2.952101661779081287e-01,3.020000000000000000e+02
1.210000000000000062e-06,2.956101463220919823e-01,0.000000000000000000e+00,2.952101661779081287e-01,3.020000000000000000e+02
1.210999999999999925e-06,2.958540482954549744e-01,0.000000000000000000e+00,2.961876832844574925e-01,3.030000000000000000e+02
1.212000000000000000e-06,2.960979502688170228e-01,0.000000000000000000e+00,2.961876832844574925e-01,3.030000000000000000e+02
1.213000000000000075e-06,2.963418522421800150e-01,0.000000000000000000e+00,2.961876832844574925e-01,3.030000000000000000e+02
1.213999999999999939e-06,2.965857542155430071e-01,0.000000000000000000e+00,2.961876832844574925e-01,3.030000000000000000e+02
1.215000000000000014e-06,2.968296561889050000e-01,0.000000000000000000e+00,2.971652003910068562e-01,3.040000000000000000e+02
1.216000000000000089e-06,2.970735581622679922e-01,1.000000000000000000e+00,2.971652003910068562e-01,3.040000000000000000e+02
1.216999999999999952e-06,2.973174601356309843e-01,0.000000000000000000e+00,2.971652003910068562e-01,3.040000000000000000e+02
1.218000000000000027e-06,2.975613621089929772e-01,0.000000000000000000e+00,2.971652003910068562e-01,3.040000000000000000e+02
1.219000000000000103e-06,2.978052640823560249e-01,1.000000000000000000e+00,2.981427174975562200e-01,3.050000000000000000e+02
1.219999999999999966e-06,2.980491660557180178e-01,0.000000000000000000e+00,2.981427174975562200e-01,3.050000000000000000e+02
1.221000000000000041e-06,2.982930680290810099e-01,0.000000000000000000e+00,2.981427174975562200e-01,3.050000000000000000e+02
1.221999999999999904e-06,2.985369700024440021e-01,0.000000000000000000e+00,2.981427174975562200e-01,3.050000000000000000e+02
1.222999999999999980e-06,2.987808719758059950e-01,0.000000000000000000e+00,2.991202346041055837e-01,3.060000000000000000e+02
1.224000000000000055e-06,2.990247739491689871e-01,0.000000000000000000e+00,2.991202346041055837e-01,3.060000000000000000e+02
1.224999999999999918e-06,2.992686759225319792e-01,0.000000000000000000e+00,2.991202346041055837e-01,3.060000000000000000e+02
1.225999999999999993e-06,2.995125778958940277e-01,0.000000000000000000e+00,2.991202346041055837e-01,3.060000000000000000e+02
1.227000000000000068e-06,2.997564798692570198e-01,0.000000000000000000e+00,3.000977517106549475e-01,3.070000000000000000e+02
1.227999999999999932e-06,3.000003818426200120e-01,0.000000000000000000e+00,3.000977517106549475e-01,3.070000000000000000e+02
1.229000000000000007e-06,3.002442838159820049e-01,0.000000000000000000e+00,3.000977517106549475e-01,3.070000000000000000e+02
1.230000000000000082e-06,3.004881857893449970e-01,1.000000000000000000e+00,3.000977517106549475e-01,3.070000000000000000e+02
1.230999999999999945e-06,3.007320877627079891e-01,0.000000000000000000e+00,3.010752688172043112e-01,3.080000000000000000e+02
1.232000000000000020e-06,3.009759897360699821e-01,0.000000000000000000e+00,3.010752688172043112e-01,3.080000000000000000e+02
1.233000000000000096e-06,3.012198917094329742e-01,1.000000000000000000e+00,3.010752688172043112e-01,3.080000000000000000e+02
1.233999999999999959e-06,3.014637936827960218e-01,0.000000000000000000e+00,3.010752688172043112e-01,3.080000000000000000e+02
1.235000000000000034e-06,3.017076956561580148e-01,0.000000000000000000e+00,3.020527859237536750e-01,3.090000000000000000e+02
1.235999999999999897e-06,3.019515976295210069e-01,0.000000000000000000e+00,3.020527859237536750e-01,3.090000000000000000e+02
1.236999999999999973e-06,3.021954996028839990e-01,0.000000000000000000e+00,3.020527859237536750e-01,3.090000000000000000e+02
1.238000000000000048e-06,3.024394015762459920e-01,0.000000000000000000e+00,3.020527859237536750e-01,3.090000000000000000e+02
1.238999999999999911e-06,3.026833035496089841e-01,0.000000000000000000e+00,3.030303030303030387e-01,3.100000000000000000e+02
1.239999999999999986e-06,3.029272055229719762e-01,0.000000000000000000e+00,3.030303030303030387e-01,3.100000000000000000e+02
1.241000000000000061e-06,3.031711074963340247e-01,0.000000000000000000e+00,3.030303030303030387e-01,3.100000000000000000e+02
1.241999999999999925e-06,3.034150094696970168e-01,0.000000000000000000e+00,3.030303030303030387e-01,3.100000000000000000e+02
1.243000000000000000e-06,3.036589114430600089e-01,0.000000000000000000e+00,3.040078201368524025e-01,3.110000000000000000e+02
1.244000000000000075e-06,3.039028134164220019e-01,0.000000000000000000e+00,3.040078201368524025e-01,3.110000000000000000e+02
1.244999999999999938e-06,3.041467153897849940e-01,0.000000000000000000e+00,3.040078201368524025e-01,3.110000000000000000e+02
1.246000000000000013e-06,3.043906173631479861e-01,0.000000000000000000e+00,3.040078201368524025e-01,3.110000000000000000e+02
1.247000000000000089e-06,3.046345193365099790e-01,1.000000000000000000e+00,3.049853372434017662e-01,3.120000000000000000e+02
1.247999999999999952e-06,3.048784213098730267e-01,0.000000000000000000e+00,3.049853372434017662e-01,3.120000000000000000e+02
1.249000000000000027e-06,3.051223232832360188e-01,0.000000000000000000e+00,3.049853372434017662e-01,3.120000000000000000e+02
1.250000000000000102e-06,3.053662252565980118e-01,1.000000000000000000e+00,3.049853372434017662e-01,3.120000000000000000e+02
1.250999999999999966e-06,3.056101272299610039e-01,0.000000000000000000e+00,3.059628543499511300e-01,3.130000000000000000e+02
1.252000000000000041e-06,3.058540292033239960e-01,0.000000000000000000e+00,3.059628543499511300e-01,3.130000000000000000e+02
1.252999999999999904e-06,3.060979311766859889e-01,0.000000000000000000e+00,3.059628543499511300e-01,3.130000000000000000e+02
1.253999999999999979e-06,3.063418331500489811e-01,0.000000000000000000e+00,3.059628543499511300e-01,3.130000000000000000e+02
1.255000000000000054e-06,3.065857351234119732e-01,0.000000000000000000e+00,3.069403714565004937e-01,3.140000000000000000e+02
1.255999999999999918e-06,3.068296370967740216e-01,0.000000000000000000e+00,3.069403714565004937e-01,3.140000000000000000e+02
1.256999999999999993e-06,3.070735390701370138e-01,0.000000000000000000e+00,3.069403714565004937e-01,3.140000000000000000e+02
1.258000000000000068e-06,3.073174410435000059e-01,0.000000000000000000e+00,3.069403714565004937e-01,3.140000000000000000e+02
1.258999999999999931e-06,3.075613430168619988e-01,0.000000000000000000e+00,3.079178885630498574e-01,3.150000000000000000e+02
1.260000000000000007e-06,3.078052449902249910e-01,0.000000000000000000e+00,3.079178885630498574e-01,3.150000000000000000e+02
1.261000000000000082e-06,3.080491469635869839e-01,1.000000000000000000e+00,3.079178885630498574e-01,3.150000000000000000e+02
1.261999999999999945e-06,3.082930489369499760e-01,0.000000000000000000e+00,3.079178885630498574e-01,3.150000000000000000e+02
1.263000000000000020e-06,3.085369509103130237e-01,0.000000000000000000e+00,3.088954056695992212e-01,3.160000000000000000e+02
1.264000000000000095e-06,3.087808528836750166e-01,1.000000000000000000e+00,3.088954056695992212e-01,3.160000000000000000e+02
1.264999999999999959e-06,3.090247548570380087e-01,0.000000000000000000e+00,3.088954056695992212e-01,3.160000000000000000e+02
1.266000000000000034e-06,3.092686568304010009e-01,0.000000000000000000e+00,3.088954056695992212e-01,3.160000000000000000e+02
1.266999999999999897e-06,3.095125588037629938e-01,0.000000000000000000e+00,3.098729227761485849e-01,3.170000000000000000e+02
1.267999999999999972e-06,3.097564607771259859e-01,0.000000000000000000e+00,3.098729227761485849e-01,3.170000000000000000e+02
1.269000000000000047e-06,3.100003627504889780e-01,0.000000000000000000e+00,3.098729227761485849e-01,3.170000000000000000e+02
1.269999999999999911e-06,3.102442647238510265e-01,0.000000000000000000e+00,3.098729227761485849e-01,3.170000000000000000e+02
1.270999999999999986e-06,3.104881666972140186e-01,0.000000000000000000e+00,3.108504398826979487e-01,3.180000000000000000e+02
1.272000000000000061e-06,3.107320686705770107e-01,0.000000000000000000e+00,3.108504398826979487e-01,3.180000000000000000e+02
1.272999999999999924e-06,3.109759706439390037e-01,0.000000000000000000e+00,3.108504398826979487e-01,3.180000000000000000e+02
1.274000000000000000e-06,3.112198726173019958e-01,0.000000000000000000e+00,3.108504398826979487e-01,3.180000000000000000e+02
1.275000000000000075e-06,3.114637745906649879e-01,0.000000000000000000e+00,3.118279569892473124e-01,3.190000000000000000e+02
1.275999999999999938e-06,3.117076765640269809e-01,0.000000000000000000e+00,3.118279569892473124e-01,3.190000000000000000e+02
1.277000000000000013e-06,3.119515785373899730e-01,0.000000000000000000e+00,3.118279569892473124e-01,3.190000000000000000e+02
1.278000000000000088e-06,3.121954805107530206e-01,1.000000000000000000e+00,3.118279569892473124e-01,3.190000000000000000e+02
1.278999999999999952e-06,3.124393824841150136e-01,0.000000000000000000e+00,3.128054740957966762e-01,3.200000000000000000e+02
1.280000000000000027e-06,3.126832844574780057e-01,0.000000000000000000e+00,3.128054740957966762e-01,3.200000000000000000e+02
1.281000000000000102e-06,3.129271864308409978e-01,1.000000000000000000e+00,3.128054740957966762e-01,3.200000000000000000e+02
1.281999999999999965e-06,3.131710884042029908e-01,0.000000000000000000e+00,3.128054740957966762e-01,3.200000000000000000e+02
1.283000000000000040e-06,3.134149903775659829e-01,0.000000000000000000e+00,3.137829912023460399e-01,3.210000000000000000e+02
1.283999999999999904e-06,3.136588923509289750e-01,0.000000000000000000e+00,3.137829912023460399e-01,3.210000000000000000e+02
1.284999999999999979e-06,3.139027943242910235e-01,0.000000000000000000e+00,3.137829912023460399e-01,3.210000000000000000e+02
1.286000000000000054e-06,3.141466962976540156e-01,0.000000000000000000e+00,3.137829912023460399e-01,3.210000000000000000e+02
1.286999999999999917e-06,3.143905982710170077e-01,0.000000000000000000e+00,3.147605083088954037e-01,3.220000000000000000e+02
1.287999999999999993e-06,3.146345002443790007e-01,0.000000000000000000e+00,3.147605083088954037e-01,3.220000000000000000e+02
1.289000000000000068e-06,3.148784022177419928e-01,0.000000000000000000e+00,3.147605083088954037e-01,3.220000000000000000e+02
1.289999999999999931e-06,3.151223041911049849e-01,0.000000000000000000e+00,3.147605083088954037e-01,3.220000000000000000e+02
1.291000000000000006e-06,3.153662061644669778e-01,0.000000000000000000e+00,3.157380254154447674e-01,3.230000000000000000e+02
1.292000000000000081e-06,3.156101081378300255e-01,1.000000000000000000e+00,3.157380254154447674e-01,3.230000000000000000e+02
1.292999999999999945e-06,3.158540101111930176e-01,0.000000000000000000e+00,3.157380254154447674e-01,3.230000000000000000e+02
1.294000000000000020e-06,3.160979120845550105e-01,0.000000000000000000e+00,3.157380254154447674e-01,3.230000000000000000e+02
1.295000000000000095e-06,3.163418140579180027e-01,1.000000000000000000e+00,3.167155425219941312e-01,3.240000000000000000e+02
1.295999999999999958e-06,3.165857160312809948e-01,0.000000000000000000e+00,3.167155425219941312e-01,3.240000000000000000e+02
1.297000000000000033e-06,3.168296180046429877e-01,0.000000000000000000e+00,3.167155425219941312e-01,3.240000000000000000e+02
1.297999999999999897e-06,3.170735199780059799e-01,0.000000000000000000e+00,3.167155425219941312e-01,3.240000000000000000e+02
1.298999999999999972e-06,3.173174219513690275e-01,0.000000000000000000e+00,3.176930596285434949e-01,3.250000000000000000e+02
1.300000000000000047e-06,3.175613239247310204e-01,0.000000000000000000e+00,3.176930596285434949e-01,3.250000000000000000e+02
1.300999999999999910e-06,3.178052258980940126e-01,0.000000000000000000e+00,3.176930596285434949e-01,3.250000000000000000e+02
1.301999999999999986e-06,3.180491278714570047e-01,0.000000000000000000e+00,3.176930596285434949e-01,3.250000000000000000e+02
1.303000000000000061e-06,3.182930298448189976e-01,0.000000000000000000e+00,3.186705767350928586e-01,3.260000000000000000e+02
1.303999999999999924e-06,3.185369318181819898e-01,0.000000000000000000e+00,3.186705767350928586e-01,3.260000000000000000e+02
1.304999999999999999e-06,3.187808337915439827e-01,0.000000000000000000e+00,3.186705767350928586e-01,3.260000000000000000e+02
1.306000000000000074e-06,3.190247357649069748e-01,0.000000000000000000e+00,3.186705767350928586e-01,3.260000000000000000e+02
1.306999999999999938e-06,3.192686377382700225e-01,0.000000000000000000e+00,3.196480938416422224e-01,3.270000000000000000e+02
1.308000000000000013e-06,3.195125397116320154e-01,0.000000000000000000e+00,3.196480938416422224e-01,3.270000000000000000e+02
1.309000000000000088e-06,3.197564416849950075e-01,1.000000000000000000e+00,3.196480938416422224e-01,3.270000000000000000e+02
1.309999999999999951e-06,3.200003436583579997e-01,0.000000000000000000e+00,3.196480938416422224e-01,3.270000000000000000e+02
1.311000000000000026e-06,3.202442456317199926e-01,0.000000000000000000e+00,3.206256109481915861e-01,3.280000000000000000e+02
1.312000000000000102e-06,3.204881476050829847e-01,1.000000000000000000e+00,3.206256109481915861e-01,3.280000000000000000e+02
1.312999999999999965e-06,3.207320495784459768e-01,0.000000000000000000e+00,3.206256109481915861e-01,3.280000000000000000e+02
1.314000000000000040e-06,3.209759515518080253e-01,0.000000000000000000e+00,3.206256109481915861e-01,3.280000000000000000e+02
1.314999999999999903e-06,3.212198535251710174e-01,0.000000000000000000e+00,3.216031280547409499e-01,3.290000000000000000e+02
1.315999999999999979e-06,3.214637554985340095e-01,0.000000000000000000e+00,3.216031280547409499e-01,3.290000000000000000e+02
1.317000000000000054e-06,3.217076574718960025e-01,0.000000000000000000e+00,3.216031280547409499e-01,3.290000000000000000e+02
1.317999999999999917e-06,3.219515594452589946e-01,0.000000000000000000e+00,3.216031280547409499e-01,3.290000000000000000e+02
1.318999999999999992e-06,3.221954614186219867e-01,0.000000000000000000e+00,3.225806451612903136e-01,3.300000000000000000e+02
1.320000000000000067e-06,3.224393633919839797e-01,0.000000000000000000e+00,3.225806451612903136e-01,3.300000000000000000e+02
1.320999999999999931e-06,3.226832653653470273e-01,0.000000000000000000e+00,3.225806451612903136e-01,3.300000000000000000e+02
1.322000000000000006e-06,3.229271673387100194e-01,0.000000000000000000e+00,3.225806451612903136e-01,3.300000000000000000e+02
1.323000000000000081e-06,3.231710693120720124e-01,0.000000000000000000e+00,3.235581622678396774e-01,3.310000000000000000e+02
1.323999999999999944e-06,3.234149712854350045e-01,0.000000000000000000e+00,3.235581622678396774e-01,3.310000000000000000e+02
1.325000000000000019e-06,3.236588732587979966e-01,0.000000000000000000e+00,3.235581622678396774e-01,3.310000000000000000e+02
1.326000000000000095e-06,3.239027752321599896e-01,1.000000000000000000e+00,3.235581622678396774e-01,3.310000000000000000e+02
1.326999999999999958e-06,3.241466772055229817e-01,0.000000000000000000e+00,3.245356793743890411e-01,3.320000000000000000e+02
1.328000000000000033e-06,3.243905791788859738e-01,0.000000000000000000e+00,3.245356793743890411e-01,3.320000000000000000e+02
1.328999999999999896e-06,3.246344811522480223e-01,0.000000000000000000e+00,3.245356793743890411e-01,3.320000000000000000e+02
1.329999999999999972e-06,3.248783831256110144e-01,0.000000000000000000e+00,3.245356793743890411e-01,3.320000000000000000e+02
1.331000000000000047e-06,3.251222850989740065e-01,0.000000000000000000e+00,3.255131964809384049e-01,3.330000000000000000e+02
1.331999999999999910e-06,3.253661870723359995e-01,0.000000000000000000e+00,3.255131964809384049e-01,3.330000000000000000e+02
1.332999999999999985e-06,3.256100890456989916e-01,0.000000000000000000e+00,3.255131964809384049e-01,3.330000000000000000e+02
1.334000000000000060e-06,3.258539910190619837e-01,0.000000000000000000e+00,3.255131964809384049e-01,3.330000000000000000e+02
1.334999999999999924e-06,3.260978929924239766e-01,0.000000000000000000e+00,3.264907135874877686e-01,3.340000000000000000e+02
1.335999999999999999e-06,3.263417949657870243e-01,0.000000000000000000e+00,3.264907135874877686e-01,3.340000000000000000e+02
1.337000000000000074e-06,3.265856969391500164e-01,0.000000000000000000e+00,3.264907135874877686e-01,3.340000000000000000e+02
1.337999999999999937e-06,3.268295989125120093e-01,0.000000000000000000e+00,3.264907135874877686e-01,3.340000000000000000e+02
1.339000000000000012e-06,3.270735008858750015e-01,0.000000000000000000e+00,3.274682306940371324e-01,3.350000000000000000e+02
1.340000000000000088e-06,3.273174028592369944e-01,1.000000000000000000e+00,3.274682306940371324e-01,3.350000000000000000e+02
1.340999999999999951e-06,3.275613048325999865e-01,0.000000000000000000e+00,3.274682306940371324e-01,3.350000000000000000e+02
1.342000000000000026e-06,3.278052068059629787e-01,0.000000000000000000e+00,3.274682306940371324e-01,3.350000000000000000e+02
1.343000000000000101e-06,3.280491087793260263e-01,1.000000000000000000e+00,3.284457478005864961e-01,3.360000000000000000e+02
1.343999999999999965e-06,3.282930107526880192e-01,0.000000000000000000e+00,3.284457478005864961e-01,3.360000000000000000e+02
1.345000000000000040e-06,3.285369127260510114e-01,0.000000000000000000e+00,3.284457478005864961e-01,3.360000000000000000e+02
1.345999999999999903e-06,3.287808146994140035e-01,0.000000000000000000e+00,3.284457478005864961e-01,3.360000000000000000e+02
1.346999999999999978e-06,3.290247166727759964e-01,0.000000000000000000e+00,3.294232649071358598e-01,3.370000000000000000e+02
1.348000000000000053e-06,3.292686186461389886e-01,0.000000000000000000e+00,3.294232649071358598e-01,3.370000000000000000e+02
1.348999999999999917e-06,3.295125206195009815e-01,0.000000000000000000e+00,3.294232649071358598e-01,3.370000000000000000e+02
1.349999999999999992e-06,3.297564225928639736e-01,0.000000000000000000e+00,3.294232649071358598e-01,3.370000000000000000e+02
1.351000000000000067e-06,3.300003245662270213e-01,0.000000000000000000e+00,3.304007820136852236e-01,3.380000000000000000e+02
1.351999999999999930e-06,3.302442265395890142e-01,0.000000000000000000e+00,3.304007820136852236e-01,3.380000000000000000e+02
1.353000000000000005e-06,3.304881285129520063e-01,0.000000000000000000e+00,3.304007820136852236e-01,3.380000000000000000e+02
1.354000000000000081e-06,3.307320304863149985e-01,0.000000000000000000e+00,3.304007820136852236e-01,3.380000000000000000e+02
1.354999999999999944e-06,3.309759324596769914e-01,0.000000000000000000e+00,3.313782991202345873e-01,3.390000000000000000e+02
1.356000000000000019e-06,3.312198344330399835e-01,0.000000000000000000e+00,3.313782991202345873e-01,3.390000000000000000e+02
1.357000000000000094e-06,3.314637364064029756e-01,1.000000000000000000e+00,3.313782991202345873e-01,3.390000000000000000e+02
1.357999999999999958e-06,3.317076383797650241e-01,0.000000000000000000e+00,3.313782991202345873e-01,3.390000000000000000e+02
1.359000000000000033e-06,3.319515403531280162e-01,0.000000000000000000e+00,3.323558162267839511e-01,3.400000000000000000e+02
1.359999999999999896e-06,3.321954423264910083e-01,0.000000000000000000e+00,3.323558162267839511e-01,3.400000000000000000e+02
1.360999999999999971e-06,3.324393442998530013e-01,0.000000000000000000e+00,3.323558162267839511e-01,3.400000000000000000e+02
1.362000000000000046e-06,3.326832462732159934e-01,0.000000000000000000e+00,3.323558162267839511e-01,3.400000000000000000e+02
1.362999999999999910e-06,3.329271482465789855e-01,0.000000000000000000e+00,3.333333333333333148e-01,3.410000000000000000e+02
1.363999999999999985e-06,3.331710502199409785e-01,0.000000000000000000e+00,3.333333333333333148e-01,3.410000000000000000e+02
1.365000000000000060e-06,3.334149521933040261e-01,0.000000000000000000e+00,3.333333333333333148e-01,3.410000000000000000e+02
1.365999999999999923e-06,3.336588541666670182e-01,0.000000000000000000e+00,3.333333333333333148e-01,3.410000000000000000e+02
1.366999999999999998e-06,3.339027561400290112e-01,0.000000000000000000e+00,3.343108504398826786e-01,3.420000000000000000e+02
1.368000000000000074e-06,3.341466581133920033e-01,0.000000000000000000e+00,3.343108504398826786e-01,3.420000000000000000e+02
1.368999999999999937e-06,3.343905600867549954e-01,0.000000000000000000e+00,3.343108504398826786e-01,3.420000000000000000e+02
1.370000000000000012e-06,3.346344620601169884e-01,0.000000000000000000e+00,3.343108504398826786e-01,3.420000000000000000e+02
1.371000000000000087e-06,3.348783640334799805e-01,1.000000000000000000e+00,3.352883675464320423e-01,3.430000000000000000e+02
1.371999999999999951e-06,3.351222660068429726e-01,0.000000000000000000e+00,3.352883675464320423e-01,3.430000000000000000e+02
1.373000000000000026e-06,3.353661679802050211e-01,0.000000000000000000e+00,3.352883675464320423e-01,3.430000000000000000e+02
1.374000000000000101e-06,3.356100699535680132e-01,1.000000000000000000e+00,3.352883675464320423e-01,3.430000000000000000e+02
1.374999999999999964e-06,3.358539719269310053e-01,0.000000000000000000e+00,3.362658846529814061e-01,3.440000000000000000e+02
1.376000000000000039e-06,3.360978739002929983e-01,0.000000000000000000e+00,3.362658846529814061e-01,3.440000000000000000e+02
1.376999999999999903e-06,3.363417758736559904e-01,0.000000000000000000e+00,3.362658846529814061e-01,3.440000000000000000e+02
1.377999999999999978e-06,3.365856778470189825e-01,0.000000000000000000e+00,3.362658846529814061e-01,3.440000000000000000e+02
1.379000000000000053e-06,3.368295798203809754e-01,0.000000000000000000e+00,3.372434017595307698e-01,3.450000000000000000e+02
1.379999999999999916e-06,3.370734817937440231e-01,0.000000000000000000e+00,3.372434017595307698e-01,3.450000000000000000e+02
1.380999999999999992e-06,3.373173837671070152e-01,0.000000000000000000e+00,3.372434017595307698e-01,3.450000000000000000e+02
1.382000000000000067e-06,3.375612857404690081e-01,0.000000000000000000e+00,3.372434017595307698e-01,3.450000000000000000e+02
1.382999999999999930e-06,3.378051877138320003e-01,0.000000000000000000e+00,3.382209188660801336e-01,3.460000000000000000e+02
1.384000000000000005e-06,3.380490896871949924e-01,0.000000000000000000e+00,3.382209188660801336e-01,3.460000000000000000e+02
1.385000000000000080e-06,3.382929916605569853e-01,0.000000000000000000e+00,3.382209188660801336e-01,3.460000000000000000e+02
1.385999999999999944e-06,3.385368936339199775e-01,0.000000000000000000e+00,3.382209188660801336e-01,3.460000000000000000e+02
1.387000000000000019e-06,3.387807956072830251e-01,0.000000000000000000e+00,3.391984359726294973e-01,3.470000000000000000e+02
1.388000000000000094e-06,3.390246975806450180e-01,1.000000000000000000e+00,3.391984359726294973e-01,3.470000000000000000e+02
1.388999999999999957e-06,3.392685995540080102e-01,0.000000000000000000e+00,3.391984359726294973e-01,3.470000000000000000e+02
1.390000000000000032e-06,3.395125015273700031e-01,0.000000000000000000e+00,3.391984359726294973e-01,3.470000000000000000e+02
1.390999999999999896e-06,3.397564035007329952e-01,0.000000000000000000e+00,3.401759530791788610e-01,3.480000000000000000e+02
1.391999999999999971e-06,3.400003054740959874e-01,0.000000000000000000e+00,3.401759530791788610e-01,3.480000000000000000e+02
1.393000000000000046e-06,3.402442074474579803e-01,0.000000000000000000e+00,3.401759530791788610e-01,3.480000000000000000e+02
1.393999999999999909e-06,3.404881094208209724e-01,0.000000000000000000e+00,3.401759530791788610e-01,3.480000000000000000e+02
1.394999999999999985e-06,3.407320113941840201e-01,0.000000000000000000e+00,3.411534701857282248e-01,3.490000000000000000e+02
1.396000000000000060e-06,3.409759133675460130e-01,0.000000000000000000e+00,3.411534701857282248e-01,3.490000000000000000e+02
1.396999999999999923e-06,3.412198153409090051e-01,0.000000000000000000e+00,3.411534701857282248e-01,3.490000000000000000e+02
1.397999999999999998e-06,3.414637173142719972e-01,0.000000000000000000e+00,3.411534701857282248e-01,3.490000000000000000e+02
1.399000000000000073e-06,3.417076192876339902e-01,0.000000000000000000e+00,3.421309872922775885e-01,3.500000000000000000e+02
1.399999999999999937e-06,3.419515212609969823e-01,0.000000000000000000e+00,3.421309872922775885e-01,3.500000000000000000e+02
1.401000000000000012e-06,3.421954232343599744e-01,0.000000000000000000e+00,3.421309872922775885e-01,3.500000000000000000e+02
1.402000000000000087e-06,3.424393252077220229e-01,0.000000000000000000e+00,3.421309872922775885e-01,3.500000000000000000e+02
1.402999999999999950e-06,3.426832271810850150e-01,0.000000000000000000e+00,3.431085043988269523e-01,3.510000000000000000e+02
1.404000000000000025e-06,3.429271291544480071e-01,0.000000000000000000e+00,3.431085043988269523e-01,3.510000000000000000e+02
1.405000000000000101e-06,3.431710311278100001e-01,1.000000000000000000e+00,3.431085043988269523e-01,3.510000000000000000e+02
1.405999999999999964e-06,3.434149331011729922e-01,0.000000000000000000e+00,3.431085043988269523e-01,3.510000000000000000e+02
1.407000000000000039e-06,3.436588350745359843e-01,0.000000000000000000e+00,3.440860215053763715e-01,3.520000000000000000e+02
1.407999999999999902e-06,3.439027370478979773e-01,0.000000000000000000e+00,3.440860215053763715e-01,3.520000000000000000e+02
1.408999999999999978e-06,3.441466390212610249e-01,0.000000000000000000e+00,3.440860215053763715e-01,3.520000000000000000e+02
1.410000000000000053e-06,3.443905409946240170e-01,0.000000000000000000e+00,3.440860215053763715e-01,3.520000000000000000e+02
1.410999999999999916e-06,3.446344429679860100e-01,0.000000000000000000e+00,3.450635386119257353e-01,3.530000000000000000e+02
1.411999999999999991e-06,3.448783449413490021e-01,0.000000000000000000e+00,3.450635386119257353e-01,3.530000000000000000e+02
1.413000000000000066e-06,3.451222469147119942e-01,0.000000000000000000e+00,3.450635386119257353e-01,3.530000000000000000e+02
1.413999999999999930e-06,3.453661488880739872e-01,0.000000000000000000e+00,3.450635386119257353e-01,3.530000000000000000e+02
1.415000000000000005e-06,3.456100508614369793e-01,0.000000000000000000e+00,3.460410557184750990e-01,3.540000000000000000e+02
1.416000000000000080e-06,3.458539528348000269e-01,0.000000000000000000e+00,3.460410557184750990e-01,3.540000000000000000e+02
1.416999999999999943e-06,3.460978548081620199e-01,0.000000000000000000e+00,3.460410557184750990e-01,3.540000000000000000e+02
1.418000000000000018e-06,3.463417567815250120e-01,0.000000000000000000e+00,3.460410557184750990e-01,3.540000000000000000e+02
1.419000000000000094e-06,3.465856587548880041e-01,1.000000000000000000e+00,3.470185728250244628e-01,3.550000000000000000e+02
1.419999999999999957e-06,3.468295607282499970e-01,0.000000000000000000e+00,3.470185728250244628e-01,3.550000000000000000e+02
1.421000000000000032e-06,3.470734627016129892e-01,0.000000000000000000e+00,3.470185728250244628e-01,3.550000000000000000e+02
1.421999999999999895e-06,3.473173646749759813e-01,0.000000000000000000e+00,3.470185728250244628e-01,3.550000000000000000e+02
1.422999999999999971e-06,3.475612666483379742e-01,0.000000000000000000e+00,3.479960899315738265e-01,3.560000000000000000e+02
1.424000000000000046e-06,3.478051686217010219e-01,0.000000000000000000e+00,3.479960899315738265e-01,3.560000000000000000e+02
1.424999999999999909e-06,3.480490705950640140e-01,0.000000000000000000e+00,3.479960899315738265e-01,3.560000000000000000e+02
1.425999999999999984e-06,3.482929725684260069e-01,0.000000000000000000e+00,3.479960899315738265e-01,3.560000000000000000e+02
1.427000000000000059e-06,3.485368745417889991e-01,0.000000000000000000e+00,3.489736070381231903e-01,3.570000000000000000e+02
1.427999999999999923e-06,3.487807765151509920e-01,0.000000000000000000e+00,3.489736070381231903e-01,3.570000000000000000e+02
1.428999999999999998e-06,3.490246784885139841e-01,0.000000000000000000e+00,3.489736070381231903e-01,3.570000000000000000e+02
1.430000000000000073e-06,3.492685804618769763e-01,0.000000000000000000e+00,3.489736070381231903e-01,3.570000000000000000e+02
1.430999999999999936e-06,3.495124824352400239e-01,0.000000000000000000e+00,3.499511241446725540e-01,3.580000000000000000e+02
1.432000000000000011e-06,3.497563844086020168e-01,0.000000000000000000e+00,3.499511241446725540e-01,3.580000000000000000e+02
1.433000000000000087e-06,3.500002863819650090e-01,0.000000000000000000e+00,3.499511241446725540e-01,3.580000000000000000e+02
1.433999999999999950e-06,3.502441883553280011e-01,0.000000000000000000e+00,3.499511241446725540e-01,3.580000000000000000e+02
1.435000000000000025e-06,3.504880903286899940e-01,0.000000000000000000e+00,3.509286412512219178e-01,3.590000000000000000e+02
1.436000000000000100e-06,3.507319923020529862e-01,1.000000000000000000e+00,3.509286412512219178e-01,3.590000000000000000e+02
1.436999999999999964e-06,3.509758942754149791e-01,0.000000000000000000e+00,3.509286412512219178e-01,3.590000000000000000e+02
1.438000000000000039e-06,3.512197962487780267e-01,0.000000000000000000e+00,3.509286412512219178e-01,3.590000000000000000e+02
1.438999999999999902e-06,3.514636982221410189e-01,0.000000000000000000e+00,3.519061583577712815e-01,3.600000000000000000e+02
1.439999999999999977e-06,3.517076001955030118e-01,0.000000000000000000e+00,3.519061583577712815e-01,3.600000000000000000e+02
1.441000000000000052e-06,3.519515021688660039e-01,0.000000000000000000e+00,3.519061583577712815e-01,3.600000000000000000e+02
1.441999999999999916e-06,3.521954041422289960e-01,0.000000000000000000e+00,3.519061583577712815e-01,3.600000000000000000e+02
1.442999999999999991e-06,3.524393061155909890e-01,0.000000000000000000e+00,3.528836754643206453e-01,3.610000000000000000e+02
1.444000000000000066e-06,3.526832080889539811e-01,0.000000000000000000e+00,3.528836754643206453e-01,3.610000000000000000e+02
1.444999999999999929e-06,3.529271100623169732e-01,0.000000000000000000e+00,3.528836754643206453e-01,3.610000000000000000e+02
1.446000000000000004e-06,3.531710120356790217e-01,0.000000000000000000e+00,3.528836754643206453e-01,3.610000000000000000e+02
1.447000000000000080e-06,3.534149140090420138e-01,0.000000000000000000e+00,3.538611925708700090e-01,3.620000000000000000e+02
1.447999999999999943e-06,3.536588159824050059e-01,0.000000000000000000e+00,3.538611925708700090e-01,3.620000000000000000e+02
1.449000000000000018e-06,3.539027179557669989e-01,0.000000000000000000e+00,3.538611925708700090e-01,3.620000000000000000e+02
1.450000000000000093e-06,3.541466199291299910e-01,1.000000000000000000e+00,3.538611925708700090e-01,3.620000000000000000e+02
1.450999999999999957e-06,3.543905219024929831e-01,0.000000000000000000e+00,3.548387096774193727e-01,3.630000000000000000e+02
1.452000000000000032e-06,3.546344238758549761e-01,0.000000000000000000e+00,3.548387096774193727e-01,3.630000000000000000e+02
1.452999999999999895e-06,3.548783258492180237e-01,0.000000000000000000e+00,3.548387096774193727e-01,3.630000000000000000e+02
1.453999999999999970e-06,3.551222278225810158e-01,0.000000000000000000e+00,3.548387096774193727e-01,3.630000000000000000e+02
1.455000000000000045e-06,3.553661297959430088e-01,0.000000000000000000e+00,3.558162267839687365e-01,3.640000000000000000e+02
1.455999999999999909e-06,3.556100317693060009e-01,0.000000000000000000e+00,3.558162267839687365e-01,3.640000000000000000e+02
1.456999999999999984e-06,3.558539337426689930e-01,0.000000000000000000e+00,3.558162267839687365e-01,3.640000000000000000e+02
1.458000000000000059e-06,3.560978357160309860e-01,0.000000000000000000e+00,3.558162267839687365e-01,3.640000000000000000e+02
1.458999999999999922e-06,3.563417376893939781e-01,0.000000000000000000e+00,3.567937438905181002e-01,3.650000000000000000e+02
1.459999999999999997e-06,3.565856396627570257e-01,0.000000000000000000e+00,3.567937438905181002e-01,3.650000000000000000e+02
1.461000000000000073e-06,3.568295416361190187e-01,0.000000000000000000e+00,3.567937438905181002e-01,3.650000000000000000e+02
1.461999999999999936e-06,3.570734436094820108e-01,0.000000000000000000e+00,3.567937438905181002e-01,3.650000000000000000e+02
1.463000000000000011e-06,3.573173455828450029e-01,0.000000000000000000e+00,3.577712609970674640e-01,3.660000000000000000e+02
1.464000000000000086e-06,3.575612475562069958e-01,0.000000000000000000e+00,3.577712609970674640e-01,3.660000000000000000e+02
1.464999999999999950e-06,3.578051495295699880e-01,0.000000000000000000e+00,3.577712609970674640e-01,3.660000000000000000e+02
1.466000000000000025e-06,3.580490515029329801e-01,0.000000000000000000e+00,3.577712609970674640e-01,3.660000000000000000e+02
1.467000000000000100e-06,3.582929534762949730e-01,1.000000000000000000e+00,3.587487781036168277e-01,3.670000000000000000e+02
1.467999999999999963e-06,3.585368554496580207e-01,0.000000000000000000e+00,3.587487781036168277e-01,3.670000000000000000e+02
1.469000000000000038e-06,3.587807574230210128e-01,0.000000000000000000e+00,3.587487781036168277e-01,3.670000000000000000e+02
1.469999999999999902e-06,3.590246593963830057e-01,0.000000000000000000e+00,3.587487781036168277e-01,3.670000000000000000e+02
1.470999999999999977e-06,3.592685613697459979e-01,0.000000000000000000e+00,3.597262952101661915e-01,3.680000000000000000e+02
1.472000000000000052e-06,3.595124633431089900e-01,0.000000000000000000e+00,3.597262952101661915e-01,3.680000000000000000e+02
1.472999999999999915e-06,3.597563653164709829e-01,0.000000000000000000e+00,3.597262952101661915e-01,3.680000000000000000e+02
1.473999999999999990e-06,3.600002672898339751e-01,0.000000000000000000e+00,3.597262952101661915e-01,3.680000000000000000e+02
1.475000000000000066e-06,3.602441692631960235e-01,0.000000000000000000e+00,3.607038123167155552e-01,3.690000000000000000e+02
1.475999999999999929e-06,3.604880712365590156e-01,0.000000000000000000e+00,3.607038123167155552e-01,3.690000000000000000e+02
1.477000000000000004e-06,3.607319732099220078e-01,0.000000000000000000e+00,3.607038123167155552e-01,3.690000000000000000e+02
1.478000000000000079e-06,3.609758751832840007e-01,0.000000000000000000e+00,3.607038123167155552e-01,3.690000000000000000e+02
1.478999999999999943e-06,3.612197771566469928e-01,0.000000000000000000e+00,3.616813294232649190e-01,3.700000000000000000e+02
1.480000000000000018e-06,3.614636791300099850e-01,0.000000000000000000e+00,3.616813294232649190e-01,3.700000000000000000e+02
1.481000000000000093e-06,3.617075811033719779e-01,1.000000000000000000e+00,3.616813294232649190e-01,3.700000000000000000e+02
1.481999999999999956e-06,3.619514830767350255e-01,0.000000000000000000e+00,3.616813294232649190e-01,3.700000000000000000e+02
1.483000000000000031e-06,3.621953850500980177e-01,0.000000000000000000e+00,3.626588465298142827e-01,3.710000000000000000e+02
1.483999999999999895e-06,3.624392870234600106e-01,0.000000000000000000e+00,3.626588465298142827e-01,3.710000000000000000e+02
1.484999999999999970e-06,3.626831889968230027e-01,0.000000000000000000e+00,3.626588465298142827e-01,3.710000000000000000e+02
1.486000000000000045e-06,3.629270909701859948e-01,0.000000000000000000e+00,3.626588465298142827e-01,3.710000000000000000e+02
1.486999999999999908e-06,3.631709929435479878e-01,0.000000000000000000e+00,3.636363636363636465e-01,3.720000000000000000e+02
1.487999999999999983e-06,3.634148949169109799e-01,0.000000000000000000e+00,3.636363636363636465e-01,3.720000000000000000e+02
1.489000000000000059e-06,3.636587968902740275e-01,0.000000000000000000e+00,3.636363636363636465e-01,3.720000000000000000e+02
1.489999999999999922e-06,3.639026988636360205e-01,0.000000000000000000e+00,3.636363636363636465e-01,3.720000000000000000e+02
1.490999999999999997e-06,3.641466008369990126e-01,0.000000000000000000e+00,3.646138807429130102e-01,3.730000000000000000e+02
1.492000000000000072e-06,3.643905028103620047e-01,0.000000000000000000e+00,3.646138807429130102e-01,3.730000000000000000e+02
1.492999999999999936e-06,3.646344047837239977e-01,0.000000000000000000e+00,3.646138807429130102e-01,3.730000000000000000e+02
1.494000000000000011e-06,3.648783067570869898e-01,0.000000000000000000e+00,3.646138807429130102e-01,3.730000000000000000e+02
1.495000000000000086e-06,3.651222087304499819e-01,0.000000000000000000e+00,3.655913978494623739e-01,3.740000000000000000e+02
1.495999999999999949e-06,3.653661107038119749e-01,0.000000000000000000e+00,3.655913978494623739e-01,3.740000000000000000e+02
1.497000000000000024e-06,3.656100126771750225e-01,0.000000000000000000e+00,3.655913978494623739e-01,3.740000000000000000e+02
1.498000000000000100e-06,3.658539146505380146e-01,1.000000000000000000e+00,3.655913978494623739e-01,3.740000000000000000e+02
1.498999999999999963e-06,3.660978166239000076e-01,0.000000000000000000e+00,3.665689149560117377e-01,3.750000000000000000e+02
1.500000000000000038e-06,3.663417185972629997e-01,0.000000000000000000e+00,3.665689149560117377e-01,3.750000000000000000e+02
1.500999999999999901e-06,3.665856205706259918e-01,0.000000000000000000e+00,3.665689149560117377e-01,3.750000000000000000e+02
1.501999999999999977e-06,3.668295225439879848e-01,0.000000000000000000e+00,3.665689149560117377e-01,3.750000000000000000e+02
1.503000000000000052e-06,3.670734245173509769e-01,0.000000000000000000e+00,3.675464320625611014e-01,3.760000000000000000e+02
1.503999999999999915e-06,3.673173264907140245e-01,0.000000000000000000e+00,3.675464320625611014e-01,3.760000000000000000e+02
1.504999999999999990e-06,3.675612284640760175e-01,0.000000000000000000e+00,3.675464320625611014e-01,3.760000000000000000e+02
1.506000000000000065e-06,3.678051304374390096e-01,0.000000000000000000e+00,3.675464320625611014e-01,3.760000000000000000e+02
1.506999999999999929e-06,3.680490324108020017e-01,0.000000000000000000e+00,3.685239491691104652e-01,3.770000000000000000e+02
1.508000000000000004e-06,3.682929343841639946e-01,0.000000000000000000e+00,3.685239491691104652e-01,3.770000000000000000e+02
1.509000000000000079e-06,3.685368363575269868e-01,0.000000000000000000e+00,3.685239491691104652e-01,3.770000000000000000e+02
1.509999999999999942e-06,3.687807383308899789e-01,0.000000000000000000e+00,3.685239491691104652e-01,3.770000000000000000e+02
1.511000000000000017e-06,3.690246403042520273e-01,0.000000000000000000e+00,3.695014662756598289e-01,3.780000000000000000e+02
1.512000000000000093e-06,3.692685422776150195e-01,0.000000000000000000e+00,3.695014662756598289e-01,3.780000000000000000e+02
1.512999999999999956e-06,3.695124442509780116e-01,0.000000000000000000e+00,3.695014662756598289e-01,3.780000000000000000e+02
1.514000000000000031e-06,3.697563462243400045e-01,0.000000000000000000e+00,3.695014662756598289e-01,3.780000000000000000e+02
1.514999999999999894e-06,3.700002481977029967e-01,0.000000000000000000e+00,3.704789833822091927e-01,3.790000000000000000e+02
1.515999999999999970e-06,3.702441501710659888e-01,0.000000000000000000e+00,3.704789833822091927e-01,3.790000000000000000e+02
1.517000000000000045e-06,3.704880521444279817e-01,0.000000000000000000e+00,3.704789833822091927e-01,3.790000000000000000e+02
1.517999999999999908e-06,3.707319541177909739e-01,0.000000000000000000e+00,3.704789833822091927e-01,3.790000000000000000e+02
1.518999999999999983e-06,3.709758560911540215e-01,0.000000000000000000e+00,3.714565004887585564e-01,3.800000000000000000e+02
1.520000000000000058e-06,3.712197580645160144e-01,0.000000000000000000e+00,3.714565004887585564e-01,3.800000000000000000e+02
1.520999999999999922e-06,3.714636600378790066e-01,0.000000000000000000e+00,3.714565004887585564e-01,3.800000000000000000e+02
1.521999999999999997e-06,3.717075620112409995e-01,0.000000000000000000e+00,3.714565004887585564e-01,3.800000000000000000e+02
1.523000000000000072e-06,3.719514639846039916e-01,0.000000000000000000e+00,3.724340175953079202e-01,3.810000000000000000e+02
1.523999999999999935e-06,3.721953659579669837e-01,0.000000000000000000e+00,3.724340175953079202e-01,3.810000000000000000e+02
1.525000000000000010e-06,3.724392679313289767e-01,0.000000000000000000e+00,3.724340175953079202e-01,3.810000000000000000e+02
1.526000000000000086e-06,3.726831699046920243e-01,0.000000000000000000e+00,3.724340175953079202e-01,3.810000000000000000e+02
1.526999999999999949e-06,3.729270718780550165e-01,0.000000000000000000e+00,3.734115347018572839e-01,3.820000000000000000e+02
1.528000000000000024e-06,3.731709738514170094e-01,0.000000000000000000e+00,3.734115347018572839e-01,3.820000000000000000e+02
1.529000000000000099e-06,3.734148758247800015e-01,1.000000000000000000e+00,3.734115347018572839e-01,3.820000000000000000e+02
1.529999999999999963e-06,3.736587777981429936e-01,0.000000000000000000e+00,3.734115347018572839e-01,3.820000000000000000e+02
1.531000000000000038e-06,3.739026797715049866e-01,0.000000000000000000e+00,3.743890518084066477e-01,3.830000000000000000e+02
1.531999999999999901e-06,3.741465817448679787e-01,0.000000000000000000e+00,3.743890518084066477e-01,3.830000000000000000e+02
1.532999999999999976e-06,3.743904837182310263e-01,0.000000000000000000e+00,3.743890518084066477e-01,3.830000000000000000e+02
1.534000000000000051e-06,3.746343856915930193e-01,0.000000000000000000e+00,3.743890518084066477e-01,3.830000000000000000e+02
1.534999999999999915e-06,3.748782876649560114e-01,0.000000000000000000e+00,3.753665689149560114e-01,3.840000000000000000e+02
1.535999999999999990e-06,3.751221896383190035e-01,0.000000000000000000e+00,3.753665689149560114e-01,3.840000000000000000e+02
1.537000000000000065e-06,3.753660916116809965e-01,0.000000000000000000e+00,3.753665689149560114e-01,3.840000000000000000e+02
1.537999999999999928e-06,3.756099935850439886e-01,0.000000000000000000e+00,3.753665689149560114e-01,3.840000000000000000e+02
1.539000000000000003e-06,3.758538955584069807e-01,0.000000000000000000e+00,3.763440860215053752e-01,3.850000000000000000e+02
1.540000000000000079e-06,3.760977975317689737e-01,0.000000000000000000e+00,3.763440860215053752e-01,3.850000000000000000e+02
1.540999999999999942e-06,3.763416995051320213e-01,0.000000000000000000e+00,3.763440860215053752e-01,3.850000000000000000e+02
1.542000000000000017e-06,3.765856014784950134e-01,0.000000000000000000e+00,3.763440860215053752e-01,3.850000000000000000e+02
1.543000000000000092e-06,3.768295034518570064e-01,0.000000000000000000e+00,3.773216031280547389e-01,3.860000000000000000e+02
1.543999999999999956e-06,3.770734054252199985e-01,0.000000000000000000e+00,3.773216031280547389e-01,3.860000000000000000e+02
1.545000000000000031e-06,3.773173073985829906e-01,0.000000000000000000e+00,3.773216031280547389e-01,3.860000000000000000e+02
1.546000000000000106e-06,3.775612093719449835e-01,1.000000000000000000e+00,3.773216031280547389e-01,3.860000000000000000e+02
1.546999999999999969e-06,3.778051113453079757e-01,0.000000000000000000e+00,3.782991202346041026e-01,3.870000000000000000e+02
1.548000000000000044e-06,3.780490133186710233e-01,0.000000000000000000e+00,3.782991202346041026e-01,3.870000000000000000e+02
1.548999999999999908e-06,3.782929152920330163e-01,0.000000000000000000e+00,3.782991202346041026e-01,3.870000000000000000e+02
1.549999999999999983e-06,3.785368172653960084e-01,0.000000000000000000e+00,3.782991202346041026e-01,3.870000000000000000e+02
1.551000000000000058e-06,3.787807192387590005e-01,0.000000000000000000e+00,3.792766373411534664e-01,3.880000000000000000e+02
1.551999999999999921e-06,3.790246212121209934e-01,0.000000000000000000e+00,3.792766373411534664e-01,3.880000000000000000e+02
1.552999999999999996e-06,3.792685231854839856e-01,0.000000000000000000e+00,3.792766373411534664e-01,3.880000000000000000e+02
1.554000000000000072e-06,3.795124251588469777e-01,0.000000000000000000e+00,3.792766373411534664e-01,3.880000000000000000e+02
1.554999999999999935e-06,3.797563271322090261e-01,0.000000000000000000e+00,3.802541544477028301e-01,3.890000000000000000e+02
1.556000000000000010e-06,3.800002291055720183e-01,0.000000000000000000e+00,3.802541544477028301e-01,3.890000000000000000e+02
1.557000000000000085e-06,3.802441310789350104e-01,0.000000000000000000e+00,3.802541544477028301e-01,3.890000000000000000e+02
1.557999999999999949e-06,3.804880330522970033e-01,0.000000000000000000e+00,3.802541544477028301e-01,3.890000000000000000e+02
1.559000000000000024e-06,3.807319350256599955e-01,0.000000000000000000e+00,3.812316715542521939e-01,3.900000000000000000e+02
1.560000000000000099e-06,3.809758369990219884e-01,1.000000000000000000e+00,3.812316715542521939e-01,3.900000000000000000e+02
1.560999999999999962e-06,3.812197389723849805e-01,0.000000000000000000e+00,3.812316715542521939e-01,3.900000000000000000e+02
1.562000000000000037e-06,3.814636409457479727e-01,0.000000000000000000e+00,3.812316715542521939e-01,3.900000000000000000e+02
1.562999999999999901e-06,3.817075429191100211e-01,0.000000000000000000e+00,3.812316715542521939e-01,3.900000000000000000e+02
1.563999999999999976e-06,3.819514448924730132e-01,0.000000000000000000e+00,3.822091886608015576e-01,3.910000000000000000e+02
1.565000000000000051e-06,3.821953468658360054e-01,0.000000000000000000e+00,3.822091886608015576e-01,3.910000000000000000e+02
1.565999999999999914e-06,3.824392488391979983e-01,0.000000000000000000e+00,3.822091886608015576e-01,3.910000000000000000e+02
1.566999999999999989e-06,3.826831508125609904e-01,0.000000000000000000e+00,3.822091886608015576e-01,3.910000000000000000e+02
1.568000000000000065e-06,3.829270527859239825e-01,0.000000000000000000e+00,3.831867057673509214e-01,3.920000000000000000e+02
1.568999999999999928e-06,3.831709547592859755e-01,0.000000000000000000e+00,3.831867057673509214e-01,3.920000000000000000e+02
1.570000000000000003e-06,3.834148567326490231e-01,0.000000000000000000e+00,3.831867057673509214e-01,3.920000000000000000e+02
1.571000000000000078e-06,3.836587587060120152e-01,0.000000000000000000e+00,3.831867057673509214e-01,3.920000000000000000e+02
1.571999999999999942e-06,3.839026606793740082e-01,0.000000000000000000e+00,3.841642228739002851e-01,3.930000000000000000e+02
1.573000000000000017e-06,3.841465626527370003e-01,0.000000000000000000e+00,3.841642228739002851e-01,3.930000000000000000e+02
1.574000000000000092e-06,3.843904646260999924e-01,0.000000000000000000e+00,3.841642228739002851e-01,3.930000000000000000e+02
1.574999999999999955e-06,3.846343665994619854e-01,0.000000000000000000e+00,3.841642228739002851e-01,3.930000000000000000e+02
1.576000000000000030e-06,3.848782685728249775e-01,0.000000000000000000e+00,3.851417399804496489e-01,3.940000000000000000e+02
1.577000000000000105e-06,3.851221705461880251e-01,1.000000000000000000e+00,3.851417399804496489e-01,3.940000000000000000e+02
1.577999999999999969e-06,3.853660725195500181e-01,0.000000000000000000e+00,3.851417399804496489e-01,3.940000000000000000e+02
1.579000000000000044e-06,3.856099744929130102e-01,0.000000000000000000e+00,3.851417399804496489e-01,3.940000000000000000e+02
1.579999999999999907e-06,3.858538764662760023e-01,0.000000000000000000e+00,3.861192570869990126e-01,3.950000000000000000e+02
1.580999999999999982e-06,3.860977784396379953e-01,0.000000000000000000e+00,3.861192570869990126e-01,3.950000000000000000e+02
1.582000000000000058e-06,3.863416804130009874e-01,0.000000000000000000e+00,3.861192570869990126e-01,3.950000000000000000e+02
1.582999999999999921e-06,3.865855823863639795e-01,0.000000000000000000e+00,3.861192570869990126e-01,3.950000000000000000e+02
1.583999999999999996e-06,3.868294843597259725e-01,0.000000000000000000e+00,3.870967741935483764e-01,3.960000000000000000e+02
1.585000000000000071e-06,3.870733863330890201e-01,0.000000000000000000e+00,3.870967741935483764e-01,3.960000000000000000e+02
1.585999999999999935e-06,3.873172883064520122e-01,0.000000000000000000e+00,3.870967741935483764e-01,3.960000000000000000e+02
1.587000000000000010e-06,3.875611902798140052e-01,0.000000000000000000e+00,3.870967741935483764e-01,3.960000000000000000e+02
1.588000000000000085e-06,3.878050922531769973e-01,0.000000000000000000e+00,3.880742913000977401e-01,3.970000000000000000e+02
1.588999999999999948e-06,3.880489942265399894e-01,0.000000000000000000e+00,3.880742913000977401e-01,3.970000000000000000e+02
1.590000000000000023e-06,3.882928961999019823e-01,0.000000000000000000e+00,3.880742913000977401e-01,3.970000000000000000e+02
1.591000000000000098e-06,3.885367981732649745e-01,0.000000000000000000e+00,3.880742913000977401e-01,3.970000000000000000e+02
1.591999999999999962e-06,3.887807001466280221e-01,0.000000000000000000e+00,3.890518084066471038e-01,3.980000000000000000e+02
1.593000000000000037e-06,3.890246021199900150e-01,0.000000000000000000e+00,3.890518084066471038e-01,3.980000000000000000e+02
1.593999999999999900e-06,3.892685040933530072e-01,0.000000000000000000e+00,3.890518084066471038e-01,3.980000000000000000e+02
1.594999999999999975e-06,3.895124060667159993e-01,0.000000000000000000e+00,3.890518084066471038e-01,3.980000000000000000e+02
1.596000000000000051e-06,3.897563080400779922e-01,0.000000000000000000e+00,3.900293255131964676e-01,3.990000000000000000e+02
1.596999999999999914e-06,3.900002100134409844e-01,0.000000000000000000e+00,3.900293255131964676e-01,3.990000000000000000e+02
1.597999999999999989e-06,3.902441119868039765e-01,0.000000000000000000e+00,3.900293255131964676e-01,3.990000000000000000e+02
1.599000000000000064e-06,3.904880139601660249e-01,0.000000000000000000e+00,3.900293255131964676e-01,3.990000000000000000e+02
1.599999999999999928e-06,3.907319159335290171e-01,0.000000000000000000e+00,3.910068426197458313e-01,4.000000000000000000e+02
1.601000000000000003e-06,3.909758179068920092e-01,0.000000000000000000e+00,3.910068426197458313e-01,4.000000000000000000e+02
1.602000000000000078e-06,3.912197198802540021e-01,0.000000000000000000e+00,3.910068426197458313e-01,4.000000000000000000e+02
1.602999999999999941e-06,3.914636218536169943e-01,0.000000000000000000e+00,3.910068426197458313e-01,4.000000000000000000e+02
1.604000000000000016e-06,3.917075238269799864e-01,0.000000000000000000e+00,3.919843597262951951e-01,4.010000000000000000e+02
1.605000000000000091e-06,3.919514258003419793e-01,0.000000000000000000e+00,3.919843597262951951e-01,4.010000000000000000e+02
1.605999999999999955e-06,3.921953277737050270e-01,0.000000000000000000e+00,3.919843597262951951e-01,4.010000000000000000e+02
1.607000000000000030e-06,3.924392297470680191e-01,0.000000000000000000e+00,3.919843597262951951e-01,4.010000000000000000e+02
1.608000000000000105e-06,3.926831317204300120e-01,1.000000000000000000e+00,3.929618768328445588e-01,4.020000000000000000e+02
1.608999999999999968e-06,3.929270336937930042e-01,0.000000000000000000e+00,3.929618768328445588e-01,4.020000000000000000e+02
1.610000000000000044e-06,3.931709356671549971e-01,0.000000000000000000e+00,3.929618768328445588e-01,4.020000000000000000e+02
1.610999999999999907e-06,3.934148376405179892e-01,0.000000000000000000e+00,3.929618768328445588e-01,4.020000000000000000e+02
1.611999999999999982e-06,3.936587396138809813e-01,0.000000000000000000e+00,3.939393939393939226e-01,4.030000000000000000e+02
1.613000000000000057e-06,3.939026415872429743e-01,0.000000000000000000e+00,3.939393939393939226e-01,4.030000000000000000e+02
1.613999999999999921e-06,3.941465435606060219e-01,0.000000000000000000e+00,3.939393939393939226e-01,4.030000000000000000e+02
1.614999999999999996e-06,3.943904455339690140e-01,0.000000000000000000e+00,3.939393939393939226e-01,4.030000000000000000e+02
1.616000000000000071e-06,3.946343475073310070e-01,0.000000000000000000e+00,3.949169110459432863e-01,4.040000000000000000e+02
1.616999999999999934e-06,3.948782494806939991e-01,0.000000000000000000e+00,3.949169110459432863e-01,4.040000000000000000e+02
1.618000000000000009e-06,3.951221514540569912e-01,0.000000000000000000e+00,3.949169110459432863e-01,4.040000000000000000e+02
1.619000000000000084e-06,3.953660534274189842e-01,0.000000000000000000e+00,3.949169110459432863e-01,4.040000000000000000e+02
1.619999999999999948e-06,3.956099554007819763e-01,0.000000000000000000e+00,3.958944281524926501e-01,4.050000000000000000e+02
1.621000000000000023e-06,3.958538573741450239e-01,0.000000000000000000e+00,3.958944281524926501e-01,4.050000000000000000e+02
1.622000000000000098e-06,3.960977593475070169e-01,0.000000000000000000e+00,3.958944281524926501e-01,4.050000000000000000e+02
1.622999999999999961e-06,3.963416613208700090e-01,0.000000000000000000e+00,3.958944281524926501e-01,4.050000000000000000e+02
1.624000000000000037e-06,3.965855632942330011e-01,0.000000000000000000e+00,3.968719452590420138e-01,4.060000000000000000e+02
1.624999999999999900e-06,3.968294652675949941e-01,0.000000000000000000e+00,3.968719452590420138e-01,4.060000000000000000e+02
1.625999999999999975e-06,3.970733672409579862e-01,0.000000000000000000e+00,3.968719452590420138e-01,4.060000000000000000e+02
1.627000000000000050e-06,3.973172692143209783e-01,0.000000000000000000e+00,3.968719452590420138e-01,4.060000000000000000e+02
1.627999999999999914e-06,3.975611711876830268e-01,0.000000000000000000e+00,3.978494623655913776e-01,4.070000000000000000e+02
1.628999999999999989e-06,3.978050731610460189e-01,0.000000000000000000e+00,3.978494623655913776e-01,4.070000000000000000e+02
1.630000000000000064e-06,3.980489751344090110e-01,0.000000000000000000e+00,3.978494623655913776e-01,4.070000000000000000e+02
1.630999999999999927e-06,3.982928771077710040e-01,0.000000000000000000e+00,3.978494623655913776e-01,4.070000000000000000e+02
1.632000000000000002e-06,3.985367790811339961e-01,0.000000000000000000e+00,3.988269794721407413e-01,4.080000000000000000e+02
1.633000000000000078e-06,3.987806810544969882e-01,0.000000000000000000e+00,3.988269794721407413e-01,4.080000000000000000e+02
1.633999999999999941e-06,3.990245830278589811e-01,0.000000000000000000e+00,3.988269794721407413e-01,4.080000000000000000e+02
1.635000000000000016e-06,3.992684850012219733e-01,0.000000000000000000e+00,3.988269794721407413e-01,4.080000000000000000e+02
1.636000000000000091e-06,3.995123869745850209e-01,0.000000000000000000e+00,3.998044965786901050e-01,4.090000000000000000e+02
1.636999999999999955e-06,3.997562889479470138e-01,0.000000000000000000e+00,3.998044965786901050e-01,4.090000000000000000e+02
1.638000000000000030e-06,4.000001909213100060e-01,0.000000000000000000e+00,3.998044965786901050e-01,4.090000000000000000e+02
1.639000000000000105e-06,4.002440928946729981e-01,1.000000000000000000e+00,3.998044965786901050e-01,4.090000000000000000e+02
1.639999999999999968e-06,4.004879948680349910e-01,0.000000000000000000e+00,4.007820136852394688e-01,4.100000000000000000e+02
1.641000000000000043e-06,4.007318968413979832e-01,0.000000000000000000e+00,4.007820136852394688e-01,4.100000000000000000e+02
1.641999999999999907e-06,4.009757988147599761e-01,0.000000000000000000e+00,4.007820136852394688e-01,4.100000000000000000e+02
1.642999999999999982e-06,4.012197007881230237e-01,0.000000000000000000e+00,4.007820136852394688e-01,4.100000000000000000e+02
1.644000000000000057e-06,4.014636027614860159e-01,0.000000000000000000e+00,4.017595307917888325e-01,4.110000000000000000e+02
1.644999999999999920e-06,4.017075047348480088e-01,0.000000000000000000e+00,4.017595307917888325e-01,4.110000000000000000e+02
1.645999999999999995e-06,4.019514067082110009e-01,0.000000000000000000e+00,4.017595307917888325e-01,4.110000000000000000e+02
1.647000000000000071e-06,4.021953086815739931e-01,0.000000000000000000e+00,4.017595307917888325e-01,4.110000000000000000e+02
1.647999999999999934e-06,4.024392106549359860e-01,0.000000000000000000e+00,4.027370478983381963e-01,4.120000000000000000e+02
1.649000000000000009e-06,4.026831126282989781e-01,0.000000000000000000e+00,4.027370478983381963e-01,4.120000000000000000e+02
1.650000000000000084e-06,4.029270146016620258e-01,0.000000000000000000e+00,4.027370478983381963e-01,4.120000000000000000e+02
1.650999999999999948e-06,4.031709165750240187e-01,0.000000000000000000e+00,4.027370478983381963e-01,4.120000000000000000e+02
1.652000000000000023e-06,4.034148185483870108e-01,0.000000000000000000e+00,4.037145650048875600e-01,4.130000000000000000e+02
1.653000000000000098e-06,4.036587205217500030e-01,0.000000000000000000e+00,4.037145650048875600e-01,4.130000000000000000e+02
1.653999999999999961e-06,4.039026224951119959e-01,0.000000000000000000e+00,4.037145650048875600e-01,4.130000000000000000e+02
1.655000000000000036e-06,4.041465244684749880e-01,0.000000000000000000e+00,4.037145650048875600e-01,4.130000000000000000e+02
1.655999999999999900e-06,4.043904264418379801e-01,0.000000000000000000e+00,4.046920821114369238e-01,4.140000000000000000e+02
1.656999999999999975e-06,4.046343284151999731e-01,0.000000000000000000e+00,4.046920821114369238e-01,4.140000000000000000e+02
1.658000000000000050e-06,4.048782303885630207e-01,0.000000000000000000e+00,4.046920821114369238e-01,4.140000000000000000e+02
1.658999999999999913e-06,4.051221323619260128e-01,0.000000000000000000e+00,4.046920821114369238e-01,4.140000000000000000e+02
1.659999999999999988e-06,4.053660343352880058e-01,0.000000000000000000e+00,4.056695992179862875e-01,4.150000000000000000e+02
1.661000000000000064e-06,4.056099363086509979e-01,0.000000000000000000e+00,4.056695992179862875e-01,4.150000000000000000e+02
1.661999999999999927e-06,4.058538382820139900e-01,0.000000000000000000e+00,4.056695992179862875e-01,4.150000000000000000e+02
1.663000000000000002e-06,4.060977402553759830e-01,0.000000000000000000e+00,4.056695992179862875e-01,4.150000000000000000e+02
1.664000000000000077e-06,4.063416422287389751e-01,0.000000000000000000e+00,4.066471163245356513e-01,4.160000000000000000e+02
1.664999999999999941e-06,4.065855442021020227e-01,0.000000000000000000e+00,4.066471163245356513e-01,4.160000000000000000e+02
1.666000000000000016e-06,4.068294461754640157e-01,0.000000000000000000e+00,4.066471163245356513e-01,4.160000000000000000e+02
1.667000000000000091e-06,4.070733481488270078e-01,0.000000000000000000e+00,4.066471163245356513e-01,4.160000000000000000e+02
1.667999999999999954e-06,4.073172501221899999e-01,0.000000000000000000e+00,4.076246334310850705e-01,4.170000000000000000e+02
1.669000000000000029e-06,4.075611520955519929e-01,0.000000000000000000e+00,4.076246334310850705e-01,4.170000000000000000e+02
1.670000000000000104e-06,4.078050540689149850e-01,1.000000000000000000e+00,4.076246334310850705e-01,4.170000000000000000e+02
1.670999999999999968e-06,4.080489560422779771e-01,0.000000000000000000e+00,4.076246334310850705e-01,4.170000000000000000e+02
1.672000000000000043e-06,4.082928580156400256e-01,0.000000000000000000e+00,4.086021505376344343e-01,4.180000000000000000e+02
1.672999999999999906e-06,4.085367599890030177e-01,0.000000000000000000e+00,4.086021505376344343e-01,4.180000000000000000e+02
1.673999999999999981e-06,4.087806619623660098e-01,0.000000000000000000e+00,4.086021505376344343e-01,4.180000000000000000e+02
1.675000000000000057e-06,4.090245639357280028e-01,0.000000000000000000e+00,4.086021505376344343e-01,4.180000000000000000e+02
1.675999999999999920e-06,4.092684659090909949e-01,0.000000000000000000e+00,4.095796676441837980e-01,4.190000000000000000e+02
1.676999999999999995e-06,4.095123678824539870e-01,0.000000000000000000e+00,4.095796676441837980e-01,4.190000000000000000e+02
1.678000000000000070e-06,4.097562698558159799e-01,0.000000000000000000e+00,4.095796676441837980e-01,4.190000000000000000e+02
1.678999999999999934e-06,4.100001718291790276e-01,0.000000000000000000e+00,4.095796676441837980e-01,4.190000000000000000e+02
1.680000000000000009e-06,4.102440738025420197e-01,0.000000000000000000e+00,4.105571847507331618e-01,4.200000000000000000e+02
1.681000000000000084e-06,4.104879757759040126e-01,0.000000000000000000e+00,4.105571847507331618e-01,4.200000000000000000e+02
1.681999999999999947e-06,4.107318777492670048e-01,0.000000000000000000e+00,4.105571847507331618e-01,4.200000000000000000e+02
1.683000000000000022e-06,4.109757797226299969e-01,0.000000000000000000e+00,4.105571847507331618e-01,4.200000000000000000e+02
1.684000000000000097e-06,4.112196816959919898e-01,0.000000000000000000e+00,4.115347018572825255e-01,4.210000000000000000e+02
1.684999999999999961e-06,4.114635836693549820e-01,0.000000000000000000e+00,4.115347018572825255e-01,4.210000000000000000e+02
1.686000000000000036e-06,4.117074856427169749e-01,0.000000000000000000e+00,4.115347018572825255e-01,4.210000000000000000e+02
1.686999999999999899e-06,4.119513876160800225e-01,0.000000000000000000e+00,4.115347018572825255e-01,4.210000000000000000e+02
1.687999999999999974e-06,4.121952895894430147e-01,0.000000000000000000e+00,4.125122189638318893e-01,4.220000000000000000e+02
1.689000000000000050e-06,4.124391915628060068e-01,0.000000000000000000e+00,4.125122189638318893e-01,4.220000000000000000e+02
1.689999999999999913e-06,4.126830935361679997e-01,0.000000000000000000e+00,4.125122189638318893e-01,4.220000000000000000e+02
1.690999999999999988e-06,4.129269955095309919e-01,0.000000000000000000e+00,4.125122189638318893e-01,4.220000000000000000e+02
1.692000000000000063e-06,4.131708974828929848e-01,0.000000000000000000e+00,4.134897360703812530e-01,4.230000000000000000e+02
1.692999999999999927e-06,4.134147994562559769e-01,0.000000000000000000e+00,4.134897360703812530e-01,4.230000000000000000e+02
1.694000000000000002e-06,4.136587014296190246e-01,0.000000000000000000e+00,4.134897360703812530e-01,4.230000000000000000e+02
1.695000000000000077e-06,4.139026034029810175e-01,0.000000000000000000e+00,4.134897360703812530e-01,4.230000000000000000e+02
1.695999999999999940e-06,4.141465053763440096e-01,0.000000000000000000e+00,4.144672531769306167e-01,4.240000000000000000e+02
1.697000000000000015e-06,4.143904073497070017e-01,0.000000000000000000e+00,4.144672531769306167e-01,4.240000000000000000e+02
1.698000000000000090e-06,4.146343093230689947e-01,0.000000000000000000e+00,4.144672531769306167e-01,4.240000000000000000e+02
1.698999999999999954e-06,4.148782112964319868e-01,0.000000000000000000e+00,4.144672531769306167e-01,4.240000000000000000e+02
1.700000000000000029e-06,4.151221132697949789e-01,0.000000000000000000e+00,4.154447702834799805e-01,4.250000000000000000e+02
1.701000000000000104e-06,4.153660152431570274e-01,0.000000000000000000e+00,4.154447702834799805e-01,4.250000000000000000e+02
1.701999999999999967e-06,4.156099172165200195e-01,0.000000000000000000e+00,4.154447702834799805e-01,4.250000000000000000e+02
1.703000000000000043e-06,4.158538191898830116e-01,0.000000000000000000e+00,4.154447702834799805e-01,4.250000000000000000e+02
1.703999999999999906e-06,4.160977211632450046e-01,0.000000000000000000e+00,4.164222873900293442e-01,4.260000000000000000e+02
1.704999999999999981e-06,4.163416231366079967e-01,0.000000000000000000e+00,4.164222873900293442e-01,4.260000000000000000e+02
1.706000000000000056e-06,4.165855251099709888e-01,0.000000000000000000e+00,4.164222873900293442e-01,4.260000000000000000e+02
1.706999999999999920e-06,4.168294270833329818e-01,0.000000000000000000e+00,4.164222873900293442e-01,4.260000000000000000e+02
1.707999999999999995e-06,4.170733290566959739e-01,0.000000000000000000e+00,4.173998044965787080e-01,4.270000000000000000e+02
1.709000000000000070e-06,4.173172310300590215e-01,0.000000000000000000e+00,4.173998044965787080e-01,4.270000000000000000e+02
1.709999999999999933e-06,4.175611330034210145e-01,0.000000000000000000e+00,4.173998044965787080e-01,4.270000000000000000e+02
1.711000000000000008e-06,4.178050349767840066e-01,0.000000000000000000e+00,4.173998044965787080e-01,4.270000000000000000e+02
1.712000000000000083e-06,4.180489369501469987e-01,0.000000000000000000e+00,4.183773216031280717e-01,4.280000000000000000e+02
1.712999999999999947e-06,4.182928389235089917e-01,0.000000000000000000e+00,4.183773216031280717e-01,4.280000000000000000e+02
1.714000000000000022e-06,4.185367408968719838e-01,0.000000000000000000e+00,4.183773216031280717e-01,4.280000000000000000e+02
1.715000000000000097e-06,4.187806428702349759e-01,0.000000000000000000e+00,4.183773216031280717e-01,4.280000000000000000e+02
1.715999999999999960e-06,4.190245448435970244e-01,0.000000000000000000e+00,4.193548387096774355e-01,4.290000000000000000e+02
1.717000000000000036e-06,4.192684468169600165e-01,0.000000000000000000e+00,4.193548387096774355e-01,4.290000000000000000e+02
1.717999999999999899e-06,4.195123487903230086e-01,0.000000000000000000e+00,4.193548387096774355e-01,4.290000000000000000e+02
1.718999999999999974e-06,4.197562507636850015e-01,0.000000000000000000e+00,4.193548387096774355e-01,4.290000000000000000e+02
1.720000000000000049e-06,4.200001527370479937e-01,0.000000000000000000e+00,4.203323558162267992e-01,4.300000000000000000e+02
1.720999999999999913e-06,4.202440547104109858e-01,0.000000000000000000e+00,4.203323558162267992e-01,4.300000000000000000e+02
1.721999999999999988e-06,4.204879566837729787e-01,0.000000000000000000e+00,4.203323558162267992e-01,4.300000000000000000e+02
1.723000000000000063e-06,4.207318586571360264e-01,0.000000000000000000e+00,4.203323558162267992e-01,4.300000000000000000e+02
1.723999999999999926e-06,4.209757606304990185e-01,0.000000000000000000e+00,4.213098729227761630e-01,4.310000000000000000e+02
1.725000000000000001e-06,4.212196626038610114e-01,0.000000000000000000e+00,4.213098729227761630e-01,4.310000000000000000e+02
1.726000000000000076e-06,4.214635645772240036e-01,0.000000000000000000e+00,4.213098729227761630e-01,4.310000000000000000e+02
1.726999999999999940e-06,4.217074665505859965e-01,0.000000000000000000e+00,4.213098729227761630e-01,4.310000000000000000e+02
1.728000000000000015e-06,4.219513685239489886e-01,0.000000000000000000e+00,4.222873900293255267e-01,4.320000000000000000e+02
1.729000000000000090e-06,4.221952704973119808e-01,0.000000000000000000e+00,4.222873900293255267e-01,4.320000000000000000e+02
1.729999999999999953e-06,4.224391724706739737e-01,0.000000000000000000e+00,4.222873900293255267e-01,4.320000000000000000e+02
1.731000000000000029e-06,4.226830744440370213e-01,0.000000000000000000e+00,4.222873900293255267e-01,4.320000000000000000e+02
1.732000000000000104e-06,4.229269764174000135e-01,0.000000000000000000e+00,4.232649071358748905e-01,4.330000000000000000e+02
1.732999999999999967e-06,4.231708783907620064e-01,0.000000000000000000e+00,4.232649071358748905e-01,4.330000000000000000e+02
1.734000000000000042e-06,4.234147803641249985e-01,0.000000000000000000e+00,4.232649071358748905e-01,4.330000000000000000e+02
1.734999999999999906e-06,4.236586823374879907e-01,0.000000000000000000e+00,4.232649071358748905e-01,4.330000000000000000e+02
1.735999999999999981e-06,4.239025843108499836e-01,0.000000000000000000e+00,4.242424242424242542e-01,4.340000000000000000e+02
1.737000000000000056e-06,4.241464862842129757e-01,0.000000000000000000e+00,4.242424242424242542e-01,4.340000000000000000e+02
1.737999999999999919e-06,4.243903882575760234e-01,0.000000000000000000e+00,4.242424242424242542e-01,4.340000000000000000e+02
1.738999999999999994e-06,4.246342902309380163e-01,0.000000000000000000e+00,4.242424242424242542e-01,4.340000000000000000e+02
1.740000000000000069e-06,4.248781922043010084e-01,0.000000000000000000e+00,4.252199413489736179e-01,4.350000000000000000e+02
1.740999999999999933e-06,4.251220941776640005e-01,0.000000000000000000e+00,4.252199413489736179e-01,4.350000000000000000e+02
1.742000000000000008e-06,4.253659961510259935e-01,0.000000000000000000e+00,4.252199413489736179e-01,4.350000000000000000e+02
1.743000000000000083e-06,4.256098981243889856e-01,0.000000000000000000e+00,4.252199413489736179e-01,4.350000000000000000e+02
1.743999999999999946e-06,4.258538000977519777e-01,0.000000000000000000e+00,4.261974584555229817e-01,4.360000000000000000e+02
1.745000000000000022e-06,4.260977020711140262e-01,0.000000000000000000e+00,4.261974584555229817e-01,4.360000000000000000e+02
1.746000000000000097e-06,4.263416040444770183e-01,0.000000000000000000e+00,4.261974584555229817e-01,4.360000000000000000e+02
1.746999999999999960e-06,4.265855060178400104e-01,0.000000000000000000e+00,4.261974584555229817e-01,4.360000000000000000e+02
1.748000000000000035e-06,4.268294079912020034e-01,0.000000000000000000e+00,4.271749755620723454e-01,4.370000000000000000e+02
1.748999999999999899e-06,4.270733099645649955e-01,0.000000000000000000e+00,4.271749755620723454e-01,4.370000000000000000e+02
1.749999999999999974e-06,4.273172119379279876e-01,0.000000000000000000e+00,4.271749755620723454e-01,4.370000000000000000e+02
1.751000000000000049e-06,4.275611139112899806e-01,0.000000000000000000e+00,4.271749755620723454e-01,4.370000000000000000e+02
1.751999999999999912e-06,4.278050158846529727e-01,0.000000000000000000e+00,4.281524926686217092e-01,4.380000000000000000e+02
1.752999999999999987e-06,4.280489178580160203e-01,0.000000000000000000e+00,4.281524926686217092e-01,4.380000000000000000e+02
1.754000000000000063e-06,4.282928198313780133e-01,0.000000000000000000e+00,4.281524926686217092e-01,4.380000000000000000e+02
1.754999999999999926e-06,4.285367218047410054e-01,0.000000000000000000e+00,4.281524926686217092e-01,4.380000000000000000e+02
1.756000000000000001e-06,4.287806237781039975e-01,0.000000000000000000e+00,4.291300097751710729e-01,4.390000000000000000e+02
1.757000000000000076e-06,4.290245257514659905e-01,0.000000000000000000e+00,4.291300097751710729e-01,4.390000000000000000e+02
1.757999999999999940e-06,4.292684277248289826e-01,0.000000000000000000e+00,4.291300097751710729e-01,4.390000000000000000e+02
1.759000000000000015e-06,4.295123296981919747e-01,0.000000000000000000e+00,4.291300097751710729e-01,4.390000000000000000e+02
1.760000000000000090e-06,4.297562316715540232e-01,0.000000000000000000e+00,4.301075268817204367e-01,4.400000000000000000e+02
1.760999999999999953e-06,4.300001336449170153e-01,0.000000000000000000e+00,4.301075268817204367e-01,4.400000000000000000e+02
1.762000000000000028e-06,4.302440356182800074e-01,0.000000000000000000e+00,4.301075268817204367e-01,4.400000000000000000e+02
1.763000000000000103e-06,4.304879375916420003e-01,0.000000000000000000e+00,4.301075268817204367e-01,4.400000000000000000e+02
1.763999999999999967e-06,4.307318395650049925e-01,0.000000000000000000e+00,4.310850439882698004e-01,4.410000000000000000e+02
1.765000000000000042e-06,4.309757415383679846e-01,0.000000000000000000e+00,4.310850439882698004e-01,4.410000000000000000e+02
1.765999999999999905e-06,4.312196435117299775e-01,0.000000000000000000e+00,4.310850439882698004e-01,4.410000000000000000e+02
1.766999999999999980e-06,4.314635454850930252e-01,0.000000000000000000e+00,4.310850439882698004e-01,4.410000000000000000e+02
1.768000000000000056e-06,4.317074474584560173e-01,0.000000000000000000e+00,4.320625610948191642e-01,4.420000000000000000e+02
1.768999999999999919e-06,4.319513494318180102e-01,0.000000000000000000e+00,4.320625610948191642e-01,4.420000000000000000e+02
1.769999999999999994e-06,4.321952514051810024e-01,0.000000000000000000e+00,4.320625610948191642e-01,4.420000000000000000e+02
1.771000000000000069e-06,4.324391533785439945e-01,0.000000000000000000e+00,4.320625610948191642e-01,4.420000000000000000e+02
1.771999999999999933e-06,4.326830553519059874e-01,0.000000000000000000e+00,4.330400782013685279e-01,4.430000000000000000e+02
1.773000000000000008e-06,4.329269573252689796e-01,0.000000000000000000e+00,4.330400782013685279e-01,4.430000000000000000e+02
1.774000000000000083e-06,4.331708592986309725e-01,0.000000000000000000e+00,4.330400782013685279e-01,4.430000000000000000e+02
1.774999999999999946e-06,4.334147612719940201e-01,0.000000000000000000e+00,4.330400782013685279e-01,4.430000000000000000e+02
1.776000000000000021e-06,4.336586632453570123e-01,0.000000000000000000e+00,4.340175953079178917e-01,4.440000000000000000e+02
1.777000000000000096e-06,4.339025652187190052e-01,0.000000000000000000e+00,4.340175953079178917e-01,4.440000000000000000e+02
1.777999999999999960e-06,4.341464671920819973e-01,0.000000000000000000e+00,4.340175953079178917e-01,4.440000000000000000e+02
1.779000000000000035e-06,4.343903691654449895e-01,0.000000000000000000e+00,4.340175953079178917e-01,4.440000000000000000e+02
1.779999999999999898e-06,4.346342711388069824e-01,0.000000000000000000e+00,4.349951124144672554e-01,4.450000000000000000e+02
1.780999999999999973e-06,4.348781731121699745e-01,0.000000000000000000e+00,4.349951124144672554e-01,4.450000000000000000e+02
1.782000000000000049e-06,4.351220750855330222e-01,0.000000000000000000e+00,4.349951124144672554e-01,4.450000000000000000e+02
1.782999999999999912e-06,4.353659770588950151e-01,0.000000000000000000e+00,4.349951124144672554e-01,4.450000000000000000e+02
1.783999999999999987e-06,4.356098790322580072e-01,0.000000000000000000e+00,4.359726295210166191e-01,4.460000000000000000e+02
1.785000000000000062e-06,4.358537810056209993e-01,0.000000000000000000e+00,4.359726295210166191e-01,4.460000000000000000e+02
1.785999999999999926e-06,4.360976829789829923e-01,0.000000000000000000e+00,4.359726295210166191e-01,4.460000000000000000e+02
1.787000000000000001e-06,4.363415849523459844e-01,0.000000000000000000e+00,4.359726295210166191e-01,4.460000000000000000e+02
1.788000000000000076e-06,4.365854869257089765e-01,0.000000000000000000e+00,4.369501466275659829e-01,4.470000000000000000e+02
1.788999999999999939e-06,4.368293888990710250e-01,0.000000000000000000e+00,4.369501466275659829e-01,4.470000000000000000e+02
1.790000000000000014e-06,4.370732908724340171e-01,0.000000000000000000e+00,4.369501466275659829e-01,4.470000000000000000e+02
1.791000000000000089e-06,4.373171928457970092e-01,0.000000000000000000e+00,4.369501466275659829e-01,4.470000000000000000e+02
1.791999999999999953e-06,4.375610948191590022e-01,0.000000000000000000e+00,4.379276637341153466e-01,4.480000000000000000e+02
1.793000000000000028e-06,4.378049967925219943e-01,0.000000000000000000e+00,4.379276637341153466e-01,4.480000000000000000e+02
1.794000000000000103e-06,4.380488987658849864e-01,0.000000000000000000e+00,4.379276637341153466e-01,4.480000000000000000e+02
1.794999999999999966e-06,4.382928007392469794e-01,0.000000000000000000e+00,4.379276637341153466e-01,4.480000000000000000e+02
1.796000000000000042e-06,4.385367027126100270e-01,0.000000000000000000e+00,4.389051808406647104e-01,4.490000000000000000e+02
1.796999999999999905e-06,4.387806046859730191e-01,0.000000000000000000e+00,4.389051808406647104e-01,4.490000000000000000e+02
1.797999999999999980e-06,4.390245066593350121e-01,0.000000000000000000e+00,4.389051808406647104e-01,4.490000000000000000e+02
1.799000000000000055e-06,4.392684086326980042e-01,0.000000000000000000e+00,4.389051808406647104e-01,4.490000000000000000e+02
1.799999999999999919e-06,4.395123106060609963e-01,0.000000000000000000e+00,4.398826979472140741e-01,4.500000000000000000e+02
1.800999999999999994e-06,4.397562125794229893e-01,0.000000000000000000e+00,4.398826979472140741e-01,4.500000000000000000e+02
1.802000000000000069e-06,4.400001145527859814e-01,0.000000000000000000e+00,4.398826979472140741e-01,4.500000000000000000e+02
1.802999999999999932e-06,4.402440165261489735e-01,0.000000000000000000e+00,4.398826979472140741e-01,4.500000000000000000e+02
1.804000000000000007e-06,4.404879184995110220e-01,0.000000000000000000e+00,4.408602150537634379e-01,4.510000000000000000e+02
1.805000000000000082e-06,4.407318204728740141e-01,0.000000000000000000e+00,4.408602150537634379e-01,4.510000000000000000e+02
1.805999999999999946e-06,4.409757224462370062e-01,0.000000000000000000e+00,4.408602150537634379e-01,4.510000000000000000e+02
1.807000000000000021e-06,4.412196244195989991e-01,0.000000000000000000e+00,4.408602150537634379e-01,4.510000000000000000e+02
1.808000000000000096e-06,4.414635263929619913e-01,0.000000000000000000e+00,4.418377321603128016e-01,4.520000000000000000e+02
1.808999999999999959e-06,4.417074283663249834e-01,0.000000000000000000e+00,4.418377321603128016e-01,4.520000000000000000e+02
1.810000000000000035e-06,4.419513303396869763e-01,0.000000000000000000e+00,4.418377321603128016e-01,4.520000000000000000e+02
1.810999999999999898e-06,4.421952323130500240e-01,0.000000000000000000e+00,4.418377321603128016e-01,4.520000000000000000e+02
1.811999999999999973e-06,4.424391342864130161e-01,0.000000000000000000e+00,4.428152492668621654e-01,4.530000000000000000e+02
1.813000000000000048e-06,4.426830362597750090e-01,0.000000000000000000e+00,4.428152492668621654e-01,4.530000000000000000e+02
1.813999999999999912e-06,4.429269382331380012e-01,0.000000000000000000e+00,4.428152492668621654e-01,4.530000000000000000e+02
1.814999999999999987e-06,4.431708402064999941e-01,0.000000000000000000e+00,4.428152492668621654e-01,4.530000000000000000e+02
1.816000000000000062e-06,4.434147421798629862e-01,0.000000000000000000e+00,4.437927663734115291e-01,4.540000000000000000e+02
1.816999999999999925e-06,4.436586441532259784e-01,0.000000000000000000e+00,4.437927663734115291e-01,4.540000000000000000e+02
1.818000000000000000e-06,4.439025461265880268e-01,0.000000000000000000e+00,4.437927663734115291e-01,4.540000000000000000e+02
1.819000000000000075e-06,4.441464480999510189e-01,0.000000000000000000e+00,4.437927663734115291e-01,4.540000000000000000e+02
1.819999999999999939e-06,4.443903500733140111e-01,0.000000000000000000e+00,4.447702834799608929e-01,4.550000000000000000e+02
1.821000000000000014e-06,4.446342520466770032e-01,0.000000000000000000e+00,4.447702834799608929e-01,4.550000000000000000e+02
1.822000000000000089e-06,4.448781540200389961e-01,0.000000000000000000e+00,4.447702834799608929e-01,4.550000000000000000e+02
1.822999999999999952e-06,4.451220559934019882e-01,0.000000000000000000e+00,4.447702834799608929e-01,4.550000000000000000e+02
1.824000000000000028e-06,4.453659579667639812e-01,0.000000000000000000e+00,4.457478005865102566e-01,4.560000000000000000e+02
1.825000000000000103e-06,4.456098599401269733e-01,0.000000000000000000e+00,4.457478005865102566e-01,4.560000000000000000e+02
1.825999999999999966e-06,4.458537619134900210e-01,0.000000000000000000e+00,4.457478005865102566e-01,4.560000000000000000e+02
1.827000000000000041e-06,4.460976638868520139e-01,0.000000000000000000e+00,4.457478005865102566e-01,4.560000000000000000e+02
1.827999999999999905e-06,4.463415658602150060e-01,0.000000000000000000e+00,4.467253176930596203e-01,4.570000000000000000e+02
1.828999999999999980e-06,4.465854678335779981e-01,0.000000000000000000e+00,4.467253176930596203e-01,4.570000000000000000e+02
1.830000000000000055e-06,4.468293698069399911e-01,0.000000000000000000e+00,4.467253176930596203e-01,4.570000000000000000e+02
1.830999999999999918e-06,4.470732717803029832e-01,0.000000000000000000e+00,4.467253176930596203e-01,4.570000000000000000e+02
1.831999999999999993e-06,4.473171737536659753e-01,0.000000000000000000e+00,4.477028347996089841e-01,4.580000000000000000e+02
1.833000000000000068e-06,4.475610757270280238e-01,0.000000000000000000e+00,4.477028347996089841e-01,4.580000000000000000e+02
1.833999999999999932e-06,4.478049777003910159e-01,0.000000000000000000e+00,4.477028347996089841e-01,4.580000000000000000e+02
1.835000000000000007e-06,4.480488796737540080e-01,0.000000000000000000e+00,4.477028347996089841e-01,4.580000000000000000e+02
1.836000000000000082e-06,4.482927816471160010e-01,0.000000000000000000e+00,4.486803519061583478e-01,4.590000000000000000e+02
1.836999999999999945e-06,4.485366836204789931e-01,0.000000000000000000e+00,4.486803519061583478e-01,4.590000000000000000e+02
1.838000000000000021e-06,4.487805855938419852e-01,0.000000000000000000e+00,4.486803519061583478e-01,4.590000000000000000e+02
1.839000000000000096e-06,4.490244875672039782e-01,0.000000000000000000e+00,4.486803519061583478e-01,4.590000000000000000e+02
1.839999999999999959e-06,4.492683895405670258e-01,0.000000000000000000e+00,4.496578690127077116e-01,4.600000000000000000e+02
1.841000000000000034e-06,4.495122915139300179e-01,0.000000000000000000e+00,4.496578690127077116e-01,4.600000000000000000e+02
1.841999999999999898e-06,4.497561934872920109e-01,0.000000000000000000e+00,4.496578690127077116e-01,4.600000000000000000e+02
1.842999999999999973e-06,4.500000954606550030e-01,0.000000000000000000e+00,4.496578690127077116e-01,4.600000000000000000e+02
1.844000000000000048e-06,4.502439974340179951e-01,0.000000000000000000e+00,4.506353861192570753e-01,4.610000000000000000e+02
1.844999999999999911e-06,4.504878994073799880e-01,0.000000000000000000e+00,4.506353861192570753e-01,4.610000000000000000e+02
1.845999999999999986e-06,4.507318013807429802e-01,0.000000000000000000e+00,4.506353861192570753e-01,4.610000000000000000e+02
1.847000000000000061e-06,4.509757033541059723e-01,0.000000000000000000e+00,4.506353861192570753e-01,4.610000000000000000e+02
1.847999999999999925e-06,4.512196053274680208e-01,0.000000000000000000e+00,4.516129032258064391e-01,4.620000000000000000e+02
1.849000000000000000e-06,4.514635073008310129e-01,0.000000000000000000e+00,4.516129032258064391e-01,4.620000000000000000e+02
1.850000000000000075e-06,4.517074092741940050e-01,0.000000000000000000e+00,4.516129032258064391e-01,4.620000000000000000e+02
1.850999999999999938e-06,4.519513112475559979e-01,0.000000000000000000e+00,4.516129032258064391e-01,4.620000000000000000e+02
1.852000000000000014e-06,4.521952132209189901e-01,0.000000000000000000e+00,4.525904203323558028e-01,4.630000000000000000e+02
1.853000000000000089e-06,4.524391151942819822e-01,0.000000000000000000e+00,4.525904203323558028e-01,4.630000000000000000e+02
1.853999999999999952e-06,4.526830171676439751e-01,0.000000000000000000e+00,4.525904203323558028e-01,4.630000000000000000e+02
1.855000000000000027e-06,4.529269191410070228e-01,0.000000000000000000e+00,4.525904203323558028e-01,4.630000000000000000e+02
1.856000000000000102e-06,4.531708211143700149e-01,0.000000000000000000e+00,4.535679374389051666e-01,4.640000000000000000e+02
1.856999999999999966e-06,4.534147230877320078e-01,0.000000000000000000e+00,4.535679374389051666e-01,4.640000000000000000e+02
1.858000000000000041e-06,4.536586250610950000e-01,0.000000000000000000e+00,4.535679374389051666e-01,4.640000000000000000e+02
1.858999999999999904e-06,4.539025270344569929e-01,0.000000000000000000e+00,4.535679374389051666e-01,4.640000000000000000e+02
1.859999999999999979e-06,4.541464290078199850e-01,0.000000000000000000e+00,4.545454545454545303e-01,4.650000000000000000e+02
1.861000000000000054e-06,4.543903309811829772e-01,0.000000000000000000e+00,4.545454545454545303e-01,4.650000000000000000e+02
1.861999999999999918e-06,4.546342329545450256e-01,0.000000000000000000e+00,4.545454545454545303e-01,4.650000000000000000e+02
1.862999999999999993e-06,4.548781349279080177e-01,0.000000000000000000e+00,4.545454545454545303e-01,4.650000000000000000e+02
1.864000000000000068e-06,4.551220369012710099e-01,0.000000000000000000e+00,4.555229716520038941e-01,4.660000000000000000e+02
1.864999999999999931e-06,4.553659388746330028e-01,0.000000000000000000e+00,4.555229716520038941e-01,4.660000000000000000e+02
1.866000000000000007e-06,4.556098408479959949e-01,0.000000000000000000e+00,4.555229716520038941e-01,4.660000000000000000e+02
1.867000000000000082e-06,4.558537428213589870e-01,0.000000000000000000e+00,4.555229716520038941e-01,4.660000000000000000e+02
1.867999999999999945e-06,4.560976447947209800e-01,0.000000000000000000e+00,4.565004887585532578e-01,4.670000000000000000e+02
1.869000000000000020e-06,4.563415467680840276e-01,0.000000000000000000e+00,4.565004887585532578e-01,4.670000000000000000e+02
1.870000000000000095e-06,4.565854487414470197e-01,0.000000000000000000e+00,4.565004887585532578e-01,4.670000000000000000e+02
1.870999999999999959e-06,4.568293507148090127e-01,0.000000000000000000e+00,4.565004887585532578e-01,4.670000000000000000e+02
1.872000000000000034e-06,4.570732526881720048e-01,0.000000000000000000e+00,4.574780058651026216e-01,4.680000000000000000e+02
1.872999999999999897e-06,4.573171546615349969e-01,0.000000000000000000e+00,4.574780058651026216e-01,4.680000000000000000e+02
1.873999999999999972e-06,4.575610566348969899e-01,0.000000000000000000e+00,4.574780058651026216e-01,4.680000000000000000e+02
1.875000000000000048e-06,4.578049586082599820e-01,0.000000000000000000e+00,4.574780058651026216e-01,4.680000000000000000e+02
1.875999999999999911e-06,4.580488605816229741e-01,0.000000000000000000e+00,4.584555229716519853e-01,4.690000000000000000e+02
1.876999999999999986e-06,4.582927625549850226e-01,0.000000000000000000e+00,4.584555229716519853e-01,4.690000000000000000e+02
1.878000000000000061e-06,4.585366645283480147e-01,0.000000000000000000e+00,4.584555229716519853e-01,4.690000000000000000e+02
1.878999999999999925e-06,4.587805665017110068e-01,0.000000000000000000e+00,4.584555229716519853e-01,4.690000000000000000e+02
1.880000000000000000e-06,4.590244684750729998e-01,0.000000000000000000e+00,4.594330400782013490e-01,4.700000000000000000e+02
1.881000000000000075e-06,4.592683704484359919e-01,0.000000000000000000e+00,4.594330400782013490e-01,4.700000000000000000e+02
1.881999999999999938e-06,4.595122724217989840e-01,0.000000000000000000e+00,4.594330400782013490e-01,4.700000000000000000e+02
1.883000000000000013e-06,4.597561743951609770e-01,0.000000000000000000e+00,4.594330400782013490e-01,4.700000000000000000e+02
1.884000000000000088e-06,4.600000763685240246e-01,0.000000000000000000e+00,4.604105571847507128e-01,4.710000000000000000e+02
1.884999999999999952e-06,4.602439783418870167e-01,0.000000000000000000e+00,4.604105571847507128e-01,4.710000000000000000e+02
1.886000000000000027e-06,4.604878803152490097e-01,0.000000000000000000e+00,4.604105571847507128e-01,4.710000000000000000e+02
1.887000000000000102e-06,4.607317822886120018e-01,0.000000000000000000e+00,4.604105571847507128e-01,4.710000000000000000e+02
1.887999999999999965e-06,4.609756842619749939e-01,0.000000000000000000e+00,4.613880742913000765e-01,4.720000000000000000e+02
1.889000000000000041e-06,4.612195862353369868e-01,0.000000000000000000e+00,4.613880742913000765e-01,4.720000000000000000e+02
1.889999999999999904e-06,4.614634882086999790e-01,0.000000000000000000e+00,4.613880742913000765e-01,4.720000000000000000e+02
1.890999999999999979e-06,4.617073901820630266e-01,0.000000000000000000e+00,4.613880742913000765e-01,4.720000000000000000e+02
1.892000000000000054e-06,4.619512921554250195e-01,0.000000000000000000e+00,4.623655913978494403e-01,4.730000000000000000e+02
1.892999999999999918e-06,4.621951941287880117e-01,0.000000000000000000e+00,4.623655913978494403e-01,4.730000000000000000e+02
1.893999999999999993e-06,4.624390961021510038e-01,0.000000000000000000e+00,4.623655913978494403e-01,4.730000000000000000e+02
1.895000000000000068e-06,4.626829980755129967e-01,0.000000000000000000e+00,4.623655913978494403e-01,4.730000000000000000e+02
1.895999999999999931e-06,4.629269000488759889e-01,0.000000000000000000e+00,4.633431085043988040e-01,4.740000000000000000e+02
1.897000000000000006e-06,4.631708020222389810e-01,0.000000000000000000e+00,4.633431085043988040e-01,4.740000000000000000e+02
1.898000000000000081e-06,4.634147039956009739e-01,0.000000000000000000e+00,4.633431085043988040e-01,4.740000000000000000e+02
1.898999999999999945e-06,4.636586059689640216e-01,0.000000000000000000e+00,4.633431085043988040e-01,4.740000000000000000e+02
1.900000000000000020e-06,4.639025079423270137e-01,0.000000000000000000e+00,4.643206256109481678e-01,4.750000000000000000e+02
1.901000000000000095e-06,4.641464099156890066e-01,0.000000000000000000e+00,4.643206256109481678e-01,4.750000000000000000e+02
1.901999999999999958e-06,4.643903118890519988e-01,0.000000000000000000e+00,4.643206256109481678e-01,4.750000000000000000e+02
1.903000000000000034e-06,4.646342138624139917e-01,0.000000000000000000e+00,4.643206256109481678e-01,4.750000000000000000e+02
1.903999999999999897e-06,4.648781158357769838e-01,0.000000000000000000e+00,4.652981427174975315e-01,4.760000000000000000e+02
1.904999999999999972e-06,4.651220178091399760e-01,0.000000000000000000e+00,4.652981427174975315e-01,4.760000000000000000e+02
1.906000000000000047e-06,4.653659197825020244e-01,0.000000000000000000e+00,4.652981427174975315e-01,4.760000000000000000e+02
1.906999999999999911e-06,4.656098217558650165e-01,0.000000000000000000e+00,4.652981427174975315e-01,4.760000000000000000e+02
1.908000000000000197e-06,4.658537237292280087e-01,1.000000000000000000e+00,4.662756598240468953e-01,4.770000000000000000e+02
1.908999999999999849e-06,4.660976257025910008e-01,0.000000000000000000e+00,4.662756598240468953e-01,4.770000000000000000e+02
1.909999999999999924e-06,4.663415276759529937e-01,0.000000000000000000e+00,4.662756598240468953e-01,4.770000000000000000e+02
1.910999999999999999e-06,4.665854296493159858e-01,0.000000000000000000e+00,4.662756598240468953e-01,4.770000000000000000e+02
1.912000000000000074e-06,4.668293316226779788e-01,0.000000000000000000e+00,4.672531769305962590e-01,4.780000000000000000e+02
1.913000000000000150e-06,4.670732335960410264e-01,1.000000000000000000e+00,4.672531769305962590e-01,4.780000000000000000e+02
1.913999999999999801e-06,4.673171355694040185e-01,0.000000000000000000e+00,4.672531769305962590e-01,4.780000000000000000e+02
1.914999999999999876e-06,4.675610375427660115e-01,0.000000000000000000e+00,4.672531769305962590e-01,4.780000000000000000e+02
1.915999999999999951e-06,4.678049395161290036e-01,0.000000000000000000e+00,4.682306940371456228e-01,4.790000000000000000e+02
1.917000000000000027e-06,4.680488414894919957e-01,0.000000000000000000e+00,4.682306940371456228e-01,4.790000000000000000e+02
1.918000000000000102e-06,4.682927434628539887e-01,0.000000000000000000e+00,4.682306940371456228e-01,4.790000000000000000e+02
1.919000000000000177e-06,4.685366454362169808e-01,1.000000000000000000e+00,4.682306940371456228e-01,4.790000000000000000e+02
1.919999999999999828e-06,4.687805474095799729e-01,0.000000000000000000e+00,4.692082111436950420e-01,4.800000000000000000e+02
1.920999999999999904e-06,4.690244493829420214e-01,0.000000000000000000e+00,4.692082111436950420e-01,4.800000000000000000e+02
1.921999999999999979e-06,4.692683513563050135e-01,0.000000000000000000e+00,4.692082111436950420e-01,4.800000000000000000e+02
1.923000000000000054e-06,4.695122533296680056e-01,0.000000000000000000e+00,4.692082111436950420e-01,4.800000000000000000e+02
1.924000000000000129e-06,4.697561553030299986e-01,1.000000000000000000e+00,4.701857282502444058e-01,4.810000000000000000e+02
1.925000000000000204e-06,4.700000572763929907e-01,1.000000000000000000e+00,4.701857282502444058e-01,4.810000000000000000e+02
1.925999999999999856e-06,4.702439592497559828e-01,0.000000000000000000e+00,4.701857282502444058e-01,4.810000000000000000e+02
1.926999999999999931e-06,4.704878612231179758e-01,0.000000000000000000e+00,4.701857282502444058e-01,4.810000000000000000e+02
1.928000000000000006e-06,4.707317631964810234e-01,0.000000000000000000e+00,4.711632453567937695e-01,4.820000000000000000e+02
1.929000000000000081e-06,4.709756651698440155e-01,0.000000000000000000e+00,4.711632453567937695e-01,4.820000000000000000e+02
1.930000000000000156e-06,4.712195671432060085e-01,1.000000000000000000e+00,4.711632453567937695e-01,4.820000000000000000e+02
1.930999999999999808e-06,4.714634691165690006e-01,0.000000000000000000e+00,4.711632453567937695e-01,4.820000000000000000e+02
1.931999999999999883e-06,4.717073710899309935e-01,0.000000000000000000e+00,4.721407624633431332e-01,4.830000000000000000e+02
1.932999999999999958e-06,4.719512730632939856e-01,0.000000000000000000e+00,4.721407624633431332e-01,4.830000000000000000e+02
1.934000000000000033e-06,4.721951750366569778e-01,0.000000000000000000e+00,4.721407624633431332e-01,4.830000000000000000e+02
1.935000000000000108e-06,4.724390770100190262e-01,0.000000000000000000e+00,4.721407624633431332e-01,4.830000000000000000e+02
1.936000000000000183e-06,4.726829789833820183e-01,1.000000000000000000e+00,4.731182795698924970e-01,4.840000000000000000e+02
1.936999999999999835e-06,4.729268809567450105e-01,0.000000000000000000e+00,4.731182795698924970e-01,4.840000000000000000e+02
1.937999999999999910e-06,4.731707829301080026e-01,0.000000000000000000e+00,4.731182795698924970e-01,4.840000000000000000e+02
1.938999999999999985e-06,4.734146849034699955e-01,0.000000000000000000e+00,4.731182795698924970e-01,4.840000000000000000e+02
1.940000000000000060e-06,4.736585868768329877e-01,0.000000000000000000e+00,4.740957966764418607e-01,4.850000000000000000e+02
1.941000000000000136e-06,4.739024888501949806e-01,1.000000000000000000e+00,4.740957966764418607e-01,4.850000000000000000e+02
1.942000000000000211e-06,4.741463908235579727e-01,1.000000000000000000e+00,4.740957966764418607e-01,4.850000000000000000e+02
1.942999999999999862e-06,4.743902927969210204e-01,0.000000000000000000e+00,4.740957966764418607e-01,4.850000000000000000e+02
1.943999999999999937e-06,4.746341947702830133e-01,0.000000000000000000e+00,4.750733137829912245e-01,4.860000000000000000e+02
1.945000000000000013e-06,4.748780967436460054e-01,0.000000000000000000e+00,4.750733137829912245e-01,4.860000000000000000e+02
1.946000000000000088e-06,4.751219987170089976e-01,0.000000000000000000e+00,4.750733137829912245e-01,4.860000000000000000e+02
1.947000000000000163e-06,4.753659006903709905e-01,1.000000000000000000e+00,4.750733137829912245e-01,4.860000000000000000e+02
1.947999999999999814e-06,4.756098026637339826e-01,0.000000000000000000e+00,4.760508308895405882e-01,4.870000000000000000e+02
1.948999999999999890e-06,4.758537046370969747e-01,0.000000000000000000e+00,4.760508308895405882e-01,4.870000000000000000e+02
1.949999999999999965e-06,4.760976066104590232e-01,0.000000000000000000e+00,4.760508308895405882e-01,4.870000000000000000e+02
1.951000000000000040e-06,4.763415085838220153e-01,0.000000000000000000e+00,4.760508308895405882e-01,4.870000000000000000e+02
1.952000000000000115e-06,4.765854105571850075e-01,0.000000000000000000e+00,4.770283479960899520e-01,4.880000000000000000e+02
1.953000000000000190e-06,4.768293125305470004e-01,1.000000000000000000e+00,4.770283479960899520e-01,4.880000000000000000e+02
1.953999999999999842e-06,4.770732145039099925e-01,0.000000000000000000e+00,4.770283479960899520e-01,4.880000000000000000e+02
1.954999999999999917e-06,4.773171164772729846e-01,0.000000000000000000e+00,4.770283479960899520e-01,4.880000000000000000e+02
1.955999999999999992e-06,4.775610184506349776e-01,0.000000000000000000e+00,4.780058651026393157e-01,4.890000000000000000e+02
1.957000000000000067e-06,4.778049204239980252e-01,0.000000000000000000e+00,4.780058651026393157e-01,4.890000000000000000e+02
1.958000000000000142e-06,4.780488223973610173e-01,1.000000000000000000e+00,4.780058651026393157e-01,4.890000000000000000e+02
1.958999999999999794e-06,4.782927243707230103e-01,0.000000000000000000e+00,4.780058651026393157e-01,4.890000000000000000e+02
1.959999999999999869e-06,4.785366263440860024e-01,0.000000000000000000e+00,4.789833822091886795e-01,4.900000000000000000e+02
1.960999999999999944e-06,4.787805283174489945e-01,0.000000000000000000e+00,4.789833822091886795e-01,4.900000000000000000e+02
1.962000000000000019e-06,4.790244302908109875e-01,0.000000000000000000e+00,4.789833822091886795e-01,4.900000000000000000e+02
1.963000000000000094e-06,4.792683322641739796e-01,0.000000000000000000e+00,4.789833822091886795e-01,4.900000000000000000e+02
1.964000000000000169e-06,4.795122342375370272e-01,1.000000000000000000e+00,4.799608993157380432e-01,4.910000000000000000e+02
1.964999999999999821e-06,4.797561362108990202e-01,0.000000000000000000e+00,4.799608993157380432e-01,4.910000000000000000e+02
1.965999999999999896e-06,4.800000381842620123e-01,0.000000000000000000e+00,4.799608993157380432e-01,4.910000000000000000e+02
1.966999999999999971e-06,4.802439401576250044e-01,0.000000000000000000e+00,4.799608993157380432e-01,4.910000000000000000e+02
1.968000000000000046e-06,4.804878421309869974e-01,0.000000000000000000e+00,4.809384164222874070e-01,4.920000000000000000e+02
1.969000000000000122e-06,4.807317441043499895e-01,0.000000000000000000e+00,4.809384164222874070e-01,4.920000000000000000e+02
1.970000000000000197e-06,4.809756460777129816e-01,1.000000000000000000e+00,4.809384164222874070e-01,4.920000000000000000e+02
1.970999999999999848e-06,4.812195480510749745e-01,0.000000000000000000e+00,4.809384164222874070e-01,4.920000000000000000e+02
1.971999999999999923e-06,4.814634500244380222e-01,0.000000000000000000e+00,4.819159335288367707e-01,4.930000000000000000e+02
1.972999999999999999e-06,4.817073519978010143e-01,0.000000000000000000e+00,4.819159335288367707e-01,4.930000000000000000e+02
1.974000000000000074e-06,4.819512539711630073e-01,0.000000000000000000e+00,4.819159335288367707e-01,4.930000000000000000e+02
1.975000000000000149e-06,4.821951559445259994e-01,1.000000000000000000e+00,4.819159335288367707e-01,4.930000000000000000e+02
1.975999999999999800e-06,4.824390579178879923e-01,0.000000000000000000e+00,4.828934506353861345e-01,4.940000000000000000e+02
1.976999999999999876e-06,4.826829598912509844e-01,0.000000000000000000e+00,4.828934506353861345e-01,4.940000000000000000e+02
1.977999999999999951e-06,4.829268618646139766e-01,0.000000000000000000e+00,4.828934506353861345e-01,4.940000000000000000e+02
1.979000000000000026e-06,4.831707638379760250e-01,0.000000000000000000e+00,4.828934506353861345e-01,4.940000000000000000e+02
1.980000000000000101e-06,4.834146658113390171e-01,0.000000000000000000e+00,4.838709677419354982e-01,4.950000000000000000e+02
1.981000000000000176e-06,4.836585677847020093e-01,1.000000000000000000e+00,4.838709677419354982e-01,4.950000000000000000e+02
1.981999999999999828e-06,4.839024697580650014e-01,0.000000000000000000e+00,4.838709677419354982e-01,4.950000000000000000e+02
1.982999999999999903e-06,4.841463717314269943e-01,0.000000000000000000e+00,4.838709677419354982e-01,4.950000000000000000e+02
1.983999999999999978e-06,4.843902737047899865e-01,0.000000000000000000e+00,4.848484848484848619e-01,4.960000000000000000e+02
1.985000000000000053e-06,4.846341756781529786e-01,0.000000000000000000e+00,4.848484848484848619e-01,4.960000000000000000e+02
1.986000000000000128e-06,4.848780776515150270e-01,1.000000000000000000e+00,4.848484848484848619e-01,4.960000000000000000e+02
1.987000000000000203e-06,4.851219796248780192e-01,1.000000000000000000e+00,4.848484848484848619e-01,4.960000000000000000e+02
1.987999999999999855e-06,4.853658815982400121e-01,0.000000000000000000e+00,4.858260019550342257e-01,4.970000000000000000e+02
1.988999999999999930e-06,4.856097835716030042e-01,0.000000000000000000e+00,4.858260019550342257e-01,4.970000000000000000e+02
1.990000000000000005e-06,4.858536855449659964e-01,0.000000000000000000e+00,4.858260019550342257e-01,4.970000000000000000e+02
1.991000000000000080e-06,4.860975875183279893e-01,0.000000000000000000e+00,4.858260019550342257e-01,4.970000000000000000e+02
1.992000000000000155e-06,4.863414894916909814e-01,1.000000000000000000e+00,4.868035190615835894e-01,4.980000000000000000e+02
1.992999999999999807e-06,4.865853914650539735e-01,0.000000000000000000e+00,4.868035190615835894e-01,4.980000000000000000e+02
1.993999999999999882e-06,4.868292934384160220e-01,0.000000000000000000e+00,4.868035190615835894e-01,4.980000000000000000e+02
1.994999999999999957e-06,4.870731954117790141e-01,0.000000000000000000e+00,4.868035190615835894e-01,4.980000000000000000e+02
1.996000000000000032e-06,4.873170973851420062e-01,0.000000000000000000e+00,4.877810361681329532e-01,4.990000000000000000e+02
1.997000000000000108e-06,4.875609993585039992e-01,0.000000000000000000e+00,4.877810361681329532e-01,4.990000000000000000e+02
1.998000000000000183e-06,4.878049013318669913e-01,1.000000000000000000e+00,4.877810361681329532e-01,4.990000000000000000e+02
1.998999999999999834e-06,4.880488033052299834e-01,0.000000000000000000e+00,4.877810361681329532e-01,4.990000000000000000e+02
1.999999999999999909e-06,4.882927052785919764e-01,0.000000000000000000e+00,4.887585532746823169e-01,5.000000000000000000e+02
2.000999999999999985e-06,4.885366072519550240e-01,0.000000000000000000e+00,4.887585532746823169e-01,5.000000000000000000e+02
2.002000000000000060e-06,4.887805092253180161e-01,0.000000000000000000e+00,4.887585532746823169e-01,5.000000000000000000e+02
2.003000000000000135e-06,4.890244111986800091e-01,1.000000000000000000e+00,4.887585532746823169e-01,5.000000000000000000e+02
2.004000000000000210e-06,4.892683131720430012e-01,1.000000000000000000e+00,4.897360703812316807e-01,5.010000000000000000e+02
2.004999999999999862e-06,4.895122151454059933e-01,0.000000000000000000e+00,4.897360703812316807e-01,5.010000000000000000e+02
2.005999999999999937e-06,4.897561171187679863e-01,0.000000000000000000e+00,4.897360703812316807e-01,5.010000000000000000e+02
2.007000000000000012e-06,4.900000190921309784e-01,0.000000000000000000e+00,4.897360703812316807e-01,5.010000000000000000e+02
2.008000000000000087e-06,4.902439210654940260e-01,0.000000000000000000e+00,4.907135874877810444e-01,5.020000000000000000e+02
2.009000000000000162e-06,4.904878230388560190e-01,1.000000000000000000e+00,4.907135874877810444e-01,5.020000000000000000e+02
2.009999999999999814e-06,4.907317250122190111e-01,0.000000000000000000e+00,4.907135874877810444e-01,5.020000000000000000e+02
2.010999999999999889e-06,4.909756269855820032e-01,0.000000000000000000e+00,4.907135874877810444e-01,5.020000000000000000e+02
2.011999999999999964e-06,4.912195289589439962e-01,0.000000000000000000e+00,4.916911045943304082e-01,5.030000000000000000e+02
2.013000000000000039e-06,4.914634309323069883e-01,0.000000000000000000e+00,4.916911045943304082e-01,5.030000000000000000e+02
2.014000000000000114e-06,4.917073329056699804e-01,0.000000000000000000e+00,4.916911045943304082e-01,5.030000000000000000e+02
2.015000000000000189e-06,4.919512348790319733e-01,1.000000000000000000e+00,4.916911045943304082e-01,5.030000000000000000e+02
2.015999999999999841e-06,4.921951368523950210e-01,0.000000000000000000e+00,4.926686217008797719e-01,5.040000000000000000e+02
2.016999999999999916e-06,4.924390388257580131e-01,0.000000000000000000e+00,4.926686217008797719e-01,5.040000000000000000e+02
2.017999999999999991e-06,4.926829407991200060e-01,0.000000000000000000e+00,4.926686217008797719e-01,5.040000000000000000e+02
2.019000000000000066e-06,4.929268427724829982e-01,0.000000000000000000e+00,4.926686217008797719e-01,5.040000000000000000e+02
2.020000000000000142e-06,4.931707447458459903e-01,1.000000000000000000e+00,4.936461388074291357e-01,5.050000000000000000e+02
2.020999999999999793e-06,4.934146467192079832e-01,0.000000000000000000e+00,4.936461388074291357e-01,5.050000000000000000e+02
2.021999999999999868e-06,4.936585486925709754e-01,0.000000000000000000e+00,4.936461388074291357e-01,5.050000000000000000e+02
2.022999999999999943e-06,4.939024506659330238e-01,0.000000000000000000e+00,4.936461388074291357e-01,5.050000000000000000e+02
2.024000000000000019e-06,4.941463526392960159e-01,0.000000000000000000e+00,4.946236559139784994e-01,5.060000000000000000e+02
2.025000000000000094e-06,4.943902546126590081e-01,0.000000000000000000e+00,4.946236559139784994e-01,5.060000000000000000e+02
2.026000000000000169e-06,4.946341565860220002e-01,1.000000000000000000e+00,4.946236559139784994e-01,5.060000000000000000e+02
2.026999999999999820e-06,4.948780585593839931e-01,0.000000000000000000e+00,4.946236559139784994e-01,5.060000000000000000e+02
2.027999999999999896e-06,4.951219605327469853e-01,0.000000000000000000e+00,4.956011730205278631e-01,5.070000000000000000e+02
2.028999999999999971e-06,4.953658625061089782e-01,0.000000000000000000e+00,4.956011730205278631e-01,5.070000000000000000e+02
2.030000000000000046e-06,4.956097644794720258e-01,0.000000000000000000e+00,4.956011730205278631e-01,5.070000000000000000e+02
2.031000000000000121e-06,4.958536664528350180e-01,0.000000000000000000e+00,4.956011730205278631e-01,5.070000000000000000e+02
2.032000000000000196e-06,4.960975684261970109e-01,1.000000000000000000e+00,4.965786901270772269e-01,5.080000000000000000e+02
2.032999999999999848e-06,4.963414703995600030e-01,0.000000000000000000e+00,4.965786901270772269e-01,5.080000000000000000e+02
2.033999999999999923e-06,4.965853723729229952e-01,0.000000000000000000e+00,4.965786901270772269e-01,5.080000000000000000e+02
2.034999999999999998e-06,4.968292743462849881e-01,0.000000000000000000e+00,4.965786901270772269e-01,5.080000000000000000e+02
2.036000000000000073e-06,4.970731763196479802e-01,0.000000000000000000e+00,4.975562072336265906e-01,5.090000000000000000e+02
2.037000000000000148e-06,4.973170782930109723e-01,1.000000000000000000e+00,4.975562072336265906e-01,5.090000000000000000e+02
2.037999999999999800e-06,4.975609802663730208e-01,0.000000000000000000e+00,4.975562072336265906e-01,5.090000000000000000e+02
2.038999999999999875e-06,4.978048822397360129e-01,0.000000000000000000e+00,4.975562072336265906e-01,5.090000000000000000e+02
2.039999999999999950e-06,4.980487842130990050e-01,0.000000000000000000e+00,4.985337243401759544e-01,5.100000000000000000e+02
2.041000000000000025e-06,4.982926861864609980e-01,0.000000000000000000e+00,4.985337243401759544e-01,5.100000000000000000e+02
2.042000000000000100e-06,4.985365881598239901e-01,0.000000000000000000e+00,4.985337243401759544e-01,5.100000000000000000e+02
2.043000000000000175e-06,4.987804901331869822e-01,1.000000000000000000e+00,4.985337243401759544e-01,5.100000000000000000e+02
2.043999999999999827e-06,4.990243921065489752e-01,0.000000000000000000e+00,4.995112414467253181e-01,5.110000000000000000e+02
2.044999999999999902e-06,4.992682940799120228e-01,0.000000000000000000e+00,4.995112414467253181e-01,5.110000000000000000e+02
2.045999999999999977e-06,4.995121960532750149e-01,0.000000000000000000e+00,4.995112414467253181e-01,5.110000000000000000e+02
2.047000000000000052e-06,4.997560980266370079e-01,0.000000000000000000e+00,4.995112414467253181e-01,5.110000000000000000e+02
2.048000000000000128e-06,5.000000000000000000e-01,1.000000000000000000e+00,5.004887585532746819e-01,5.120000000000000000e+02
2.049000000000000203e-06,5.002439019733629921e-01,1.000000000000000000e+00,5.004887585532746819e-01,5.120000000000000000e+02
2.049999999999999854e-06,5.004878039467249851e-01,0.000000000000000000e+00,5.004887585532746819e-01,5.120000000000000000e+02
2.050999999999999929e-06,5.007317059200879772e-01,0.000000000000000000e+00,5.004887585532746819e-01,5.120000000000000000e+02
2.052000000000000005e-06,5.009756078934509693e-01,0.000000000000000000e+00,5.014662756598240456e-01,5.130000000000000000e+02
2.053000000000000080e-06,5.012195098668129623e-01,0.000000000000000000e+00,5.014662756598240456e-01,5.130000000000000000e+02
2.054000000000000155e-06,5.014634118401759544e-01,1.000000000000000000e+00,5.014662756598240456e-01,5.130000000000000000e+02
2.054999999999999806e-06,5.017073138135389465e-01,0.000000000000000000e+00,5.014662756598240456e-01,5.130000000000000000e+02
2.055999999999999882e-06,5.019512157869010505e-01,0.000000000000000000e+00,5.024437927663734094e-01,5.140000000000000000e+02
2.056999999999999957e-06,5.021951177602640426e-01,0.000000000000000000e+00,5.024437927663734094e-01,5.140000000000000000e+02
2.058000000000000032e-06,5.024390197336270347e-01,0.000000000000000000e+00,5.024437927663734094e-01,5.140000000000000000e+02
2.059000000000000107e-06,5.026829217069890277e-01,0.000000000000000000e+00,5.024437927663734094e-01,5.140000000000000000e+02
2.060000000000000182e-06,5.029268236803520198e-01,1.000000000000000000e+00,5.034213098729227731e-01,5.150000000000000000e+02
2.060999999999999834e-06,5.031707256537150119e-01,0.000000000000000000e+00,5.034213098729227731e-01,5.150000000000000000e+02
2.061999999999999909e-06,5.034146276270770048e-01,0.000000000000000000e+00,5.034213098729227731e-01,5.150000000000000000e+02
2.062999999999999984e-06,5.036585296004399970e-01,0.000000000000000000e+00,5.034213098729227731e-01,5.150000000000000000e+02
2.064000000000000059e-06,5.039024315738029891e-01,0.000000000000000000e+00,5.043988269794721369e-01,5.160000000000000000e+02
2.065000000000000134e-06,5.041463335471649820e-01,1.000000000000000000e+00,5.043988269794721369e-01,5.160000000000000000e+02
2.066000000000000209e-06,5.043902355205279742e-01,1.000000000000000000e+00,5.043988269794721369e-01,5.160000000000000000e+02
2.066999999999999861e-06,5.046341374938899671e-01,0.000000000000000000e+00,5.043988269794721369e-01,5.160000000000000000e+02
2.067999999999999936e-06,5.048780394672529592e-01,0.000000000000000000e+00,5.053763440860215006e-01,5.170000000000000000e+02
2.069000000000000011e-06,5.051219414406159514e-01,0.000000000000000000e+00,5.053763440860215006e-01,5.170000000000000000e+02
2.070000000000000086e-06,5.053658434139780553e-01,0.000000000000000000e+00,5.053763440860215006e-01,5.170000000000000000e+02
2.071000000000000161e-06,5.056097453873410474e-01,1.000000000000000000e+00,5.053763440860215006e-01,5.170000000000000000e+02
2.071999999999999813e-06,5.058536473607040396e-01,0.000000000000000000e+00,5.063538611925708643e-01,5.180000000000000000e+02
2.072999999999999888e-06,5.060975493340660325e-01,0.000000000000000000e+00,5.063538611925708643e-01,5.180000000000000000e+02
2.073999999999999963e-06,5.063414513074290246e-01,0.000000000000000000e+00,5.063538611925708643e-01,5.180000000000000000e+02
2.075000000000000038e-06,5.065853532807920168e-01,0.000000000000000000e+00,5.063538611925708643e-01,5.180000000000000000e+02
2.076000000000000114e-06,5.068292552541540097e-01,0.000000000000000000e+00,5.063538611925708643e-01,5.180000000000000000e+02
2.077000000000000189e-06,5.070731572275170018e-01,1.000000000000000000e+00,5.073313782991202281e-01,5.190000000000000000e+02
2.077999999999999840e-06,5.073170592008799940e-01,0.000000000000000000e+00,5.073313782991202281e-01,5.190000000000000000e+02
2.078999999999999915e-06,5.075609611742419869e-01,0.000000000000000000e+00,5.073313782991202281e-01,5.190000000000000000e+02
2.079999999999999991e-06,5.078048631476049790e-01,0.000000000000000000e+00,5.073313782991202281e-01,5.190000000000000000e+02
2.081000000000000066e-06,5.080487651209679711e-01,0.000000000000000000e+00,5.083088954056695918e-01,5.200000000000000000e+02
2.082000000000000141e-06,5.082926670943299641e-01,1.000000000000000000e+00,5.083088954056695918e-01,5.200000000000000000e+02
2.082999999999999792e-06,5.085365690676929562e-01,0.000000000000000000e+00,5.083088954056695918e-01,5.200000000000000000e+02
2.083999999999999868e-06,5.087804710410559483e-01,0.000000000000000000e+00,5.083088954056695918e-01,5.200000000000000000e+02
2.084999999999999943e-06,5.090243730144180523e-01,0.000000000000000000e+00,5.092864125122189556e-01,5.210000000000000000e+02
2.086000000000000018e-06,5.092682749877810444e-01,0.000000000000000000e+00,5.092864125122189556e-01,5.210000000000000000e+02
2.087000000000000093e-06,5.095121769611440365e-01,0.000000000000000000e+00,5.092864125122189556e-01,5.210000000000000000e+02
2.088000000000000168e-06,5.097560789345060295e-01,1.000000000000000000e+00,5.092864125122189556e-01,5.210000000000000000e+02
2.088999999999999820e-06,5.099999809078690216e-01,0.000000000000000000e+00,5.102639296187683193e-01,5.220000000000000000e+02
2.089999999999999895e-06,5.102438828812320137e-01,0.000000000000000000e+00,5.102639296187683193e-01,5.220000000000000000e+02
2.090999999999999970e-06,5.104877848545940067e-01,0.000000000000000000e+00,5.102639296187683193e-01,5.220000000000000000e+02
2.092000000000000045e-06,5.107316868279569988e-01,0.000000000000000000e+00,5.102639296187683193e-01,5.220000000000000000e+02
2.093000000000000120e-06,5.109755888013199909e-01,0.000000000000000000e+00,5.112414467253176831e-01,5.230000000000000000e+02
2.094000000000000195e-06,5.112194907746819839e-01,1.000000000000000000e+00,5.112414467253176831e-01,5.230000000000000000e+02
2.094999999999999847e-06,5.114633927480449760e-01,0.000000000000000000e+00,5.112414467253176831e-01,5.230000000000000000e+02
2.095999999999999922e-06,5.117072947214079681e-01,0.000000000000000000e+00,5.112414467253176831e-01,5.230000000000000000e+02
2.096999999999999997e-06,5.119511966947699610e-01,0.000000000000000000e+00,5.122189638318670468e-01,5.240000000000000000e+02
2.098000000000000072e-06,5.121950986681329532e-01,0.000000000000000000e+00,5.122189638318670468e-01,5.240000000000000000e+02
2.099000000000000147e-06,5.124390006414959453e-01,1.000000000000000000e+00,5.122189638318670468e-01,5.240000000000000000e+02
2.099999999999999799e-06,5.126829026148580493e-01,0.000000000000000000e+00,5.122189638318670468e-01,5.240000000000000000e+02
2.100999999999999874e-06,5.129268045882210414e-01,0.000000000000000000e+00,5.131964809384164106e-01,5.250000000000000000e+02
2.101999999999999949e-06,5.131707065615830343e-01,0.000000000000000000e+00,5.131964809384164106e-01,5.250000000000000000e+02
2.103000000000000024e-06,5.134146085349460265e-01,0.000000000000000000e+00,5.131964809384164106e-01,5.250000000000000000e+02
2.104000000000000100e-06,5.136585105083090186e-01,0.000000000000000000e+00,5.131964809384164106e-01,5.250000000000000000e+02
2.105000000000000175e-06,5.139024124816720107e-01,1.000000000000000000e+00,5.141739980449657743e-01,5.260000000000000000e+02
2.105999999999999826e-06,5.141463144550340036e-01,0.000000000000000000e+00,5.141739980449657743e-01,5.260000000000000000e+02
2.106999999999999901e-06,5.143902164283969958e-01,0.000000000000000000e+00,5.141739980449657743e-01,5.260000000000000000e+02
2.107999999999999977e-06,5.146341184017599879e-01,0.000000000000000000e+00,5.141739980449657743e-01,5.260000000000000000e+02
2.109000000000000052e-06,5.148780203751219808e-01,0.000000000000000000e+00,5.151515151515151381e-01,5.270000000000000000e+02
2.110000000000000127e-06,5.151219223484849730e-01,0.000000000000000000e+00,5.151515151515151381e-01,5.270000000000000000e+02
2.111000000000000202e-06,5.153658243218469659e-01,1.000000000000000000e+00,5.151515151515151381e-01,5.270000000000000000e+02
2.111999999999999854e-06,5.156097262952099580e-01,0.000000000000000000e+00,5.151515151515151381e-01,5.270000000000000000e+02
2.112999999999999929e-06,5.158536282685729502e-01,0.000000000000000000e+00,5.161290322580645018e-01,5.280000000000000000e+02
2.114000000000000004e-06,5.160975302419350541e-01,0.000000000000000000e+00,5.161290322580645018e-01,5.280000000000000000e+02
2.115000000000000079e-06,5.163414322152980462e-01,0.000000000000000000e+00,5.161290322580645018e-01,5.280000000000000000e+02
2.116000000000000154e-06,5.165853341886610384e-01,1.000000000000000000e+00,5.161290322580645018e-01,5.280000000000000000e+02
2.116999999999999806e-06,5.168292361620230313e-01,0.000000000000000000e+00,5.171065493646138655e-01,5.290000000000000000e+02
2.117999999999999881e-06,5.170731381353860234e-01,0.000000000000000000e+00,5.171065493646138655e-01,5.290000000000000000e+02
2.118999999999999956e-06,5.173170401087490156e-01,0.000000000000000000e+00,5.171065493646138655e-01,5.290000000000000000e+02
2.120000000000000031e-06,5.175609420821110085e-01,0.000000000000000000e+00,5.171065493646138655e-01,5.290000000000000000e+02
2.121000000000000106e-06,5.178048440554740006e-01,0.000000000000000000e+00,5.180840664711632293e-01,5.300000000000000000e+02
2.122000000000000181e-06,5.180487460288369927e-01,1.000000000000000000e+00,5.180840664711632293e-01,5.300000000000000000e+02
2.122999999999999833e-06,5.182926480021989857e-01,0.000000000000000000e+00,5.180840664711632293e-01,5.300000000000000000e+02
2.123999999999999908e-06,5.185365499755619778e-01,0.000000000000000000e+00,5.180840664711632293e-01,5.300000000000000000e+02
2.124999999999999983e-06,5.187804519489249699e-01,0.000000000000000000e+00,5.190615835777125930e-01,5.310000000000000000e+02
2.126000000000000058e-06,5.190243539222869629e-01,0.000000000000000000e+00,5.190615835777125930e-01,5.310000000000000000e+02
2.127000000000000134e-06,5.192682558956499550e-01,1.000000000000000000e+00,5.190615835777125930e-01,5.310000000000000000e+02
2.128000000000000209e-06,5.195121578690129471e-01,1.000000000000000000e+00,5.190615835777125930e-01,5.310000000000000000e+02
2.128999999999999860e-06,5.197560598423750511e-01,0.000000000000000000e+00,5.200391006842619568e-01,5.320000000000000000e+02
2.129999999999999935e-06,5.199999618157380432e-01,0.000000000000000000e+00,5.200391006842619568e-01,5.320000000000000000e+02
2.131000000000000011e-06,5.202438637891010353e-01,0.000000000000000000e+00,5.200391006842619568e-01,5.320000000000000000e+02
2.132000000000000086e-06,5.204877657624630283e-01,0.000000000000000000e+00,5.200391006842619568e-01,5.320000000000000000e+02
2.133000000000000161e-06,5.207316677358260204e-01,1.000000000000000000e+00,5.210166177908113205e-01,5.330000000000000000e+02
2.133999999999999812e-06,5.209755697091890125e-01,0.000000000000000000e+00,5.210166177908113205e-01,5.330000000000000000e+02
2.134999999999999888e-06,5.212194716825510055e-01,0.000000000000000000e+00,5.210166177908113205e-01,5.330000000000000000e+02
2.135999999999999963e-06,5.214633736559139976e-01,0.000000000000000000e+00,5.210166177908113205e-01,5.330000000000000000e+02
2.137000000000000038e-06,5.217072756292769897e-01,0.000000000000000000e+00,5.219941348973606843e-01,5.340000000000000000e+02
2.138000000000000113e-06,5.219511776026389827e-01,0.000000000000000000e+00,5.219941348973606843e-01,5.340000000000000000e+02
2.139000000000000188e-06,5.221950795760019748e-01,1.000000000000000000e+00,5.219941348973606843e-01,5.340000000000000000e+02
2.139999999999999840e-06,5.224389815493649669e-01,0.000000000000000000e+00,5.219941348973606843e-01,5.340000000000000000e+02
2.140999999999999915e-06,5.226828835227269598e-01,0.000000000000000000e+00,5.229716520039100480e-01,5.350000000000000000e+02
2.141999999999999990e-06,5.229267854960899520e-01,0.000000000000000000e+00,5.229716520039100480e-01,5.350000000000000000e+02
2.143000000000000065e-06,5.231706874694530551e-01,0.000000000000000000e+00,5.229716520039100480e-01,5.350000000000000000e+02
2.144000000000000140e-06,5.234145894428150481e-01,1.000000000000000000e+00,5.229716520039100480e-01,5.350000000000000000e+02
2.144999999999999792e-06,5.236584914161780402e-01,0.000000000000000000e+00,5.239491691104594118e-01,5.360000000000000000e+02
2.145999999999999867e-06,5.239023933895410323e-01,0.000000000000000000e+00,5.239491691104594118e-01,5.360000000000000000e+02
2.146999999999999942e-06,5.241462953629030253e-01,0.000000000000000000e+00,5.239491691104594118e-01,5.360000000000000000e+02
2.148000000000000017e-06,5.243901973362660174e-01,0.000000000000000000e+00,5.239491691104594118e-01,5.360000000000000000e+02
2.149000000000000092e-06,5.246340993096290095e-01,0.000000000000000000e+00,5.249266862170087755e-01,5.370000000000000000e+02
2.150000000000000167e-06,5.248780012829910024e-01,1.000000000000000000e+00,5.249266862170087755e-01,5.370000000000000000e+02
2.150999999999999819e-06,5.251219032563539946e-01,0.000000000000000000e+00,5.249266862170087755e-01,5.370000000000000000e+02
2.151999999999999894e-06,5.253658052297159875e-01,0.000000000000000000e+00,5.249266862170087755e-01,5.370000000000000000e+02
2.152999999999999969e-06,5.256097072030789796e-01,0.000000000000000000e+00,5.259042033235581393e-01,5.380000000000000000e+02
2.154000000000000044e-06,5.258536091764419718e-01,0.000000000000000000e+00,5.259042033235581393e-01,5.380000000000000000e+02
2.155000000000000120e-06,5.260975111498039647e-01,0.000000000000000000e+00,5.259042033235581393e-01,5.380000000000000000e+02
2.156000000000000195e-06,5.263414131231669568e-01,1.000000000000000000e+00,5.259042033235581393e-01,5.380000000000000000e+02
2.156999999999999846e-06,5.265853150965299490e-01,0.000000000000000000e+00,5.268817204301075030e-01,5.390000000000000000e+02
2.157999999999999921e-06,5.268292170698920529e-01,0.000000000000000000e+00,5.268817204301075030e-01,5.390000000000000000e+02
2.158999999999999997e-06,5.270731190432550450e-01,0.000000000000000000e+00,5.268817204301075030e-01,5.390000000000000000e+02
2.160000000000000072e-06,5.273170210166180372e-01,0.000000000000000000e+00,5.268817204301075030e-01,5.390000000000000000e+02
2.161000000000000147e-06,5.275609229899800301e-01,1.000000000000000000e+00,5.278592375366568668e-01,5.400000000000000000e+02
2.161999999999999798e-06,5.278048249633430222e-01,0.000000000000000000e+00,5.278592375366568668e-01,5.400000000000000000e+02
2.162999999999999874e-06,5.280487269367060144e-01,0.000000000000000000e+00,5.278592375366568668e-01,5.400000000000000000e+02
2.163999999999999949e-06,5.282926289100680073e-01,0.000000000000000000e+00,5.278592375366568668e-01,5.400000000000000000e+02
2.165000000000000024e-06,5.285365308834309994e-01,0.000000000000000000e+00,5.288367546432062305e-01,5.410000000000000000e+02
2.166000000000000099e-06,5.287804328567939915e-01,0.000000000000000000e+00,5.288367546432062305e-01,5.410000000000000000e+02
2.167000000000000174e-06,5.290243348301559845e-01,1.000000000000000000e+00,5.288367546432062305e-01,5.410000000000000000e+02
2.167999999999999826e-06,5.292682368035189766e-01,0.000000000000000000e+00,5.288367546432062305e-01,5.410000000000000000e+02
2.168999999999999901e-06,5.295121387768819687e-01,0.000000000000000000e+00,5.298142717497555942e-01,5.420000000000000000e+02
2.169999999999999976e-06,5.297560407502439617e-01,0.000000000000000000e+00,5.298142717497555942e-01,5.420000000000000000e+02
2.171000000000000051e-06,5.299999427236069538e-01,0.000000000000000000e+00,5.298142717497555942e-01,5.420000000000000000e+02
2.172000000000000126e-06,5.302438446969699459e-01,0.000000000000000000e+00,5.298142717497555942e-01,5.420000000000000000e+02
2.173000000000000201e-06,5.304877466703320499e-01,1.000000000000000000e+00,5.307917888563049580e-01,5.430000000000000000e+02
2.173999999999999853e-06,5.307316486436950420e-01,0.000000000000000000e+00,5.307917888563049580e-01,5.430000000000000000e+02
2.174999999999999928e-06,5.309755506170580341e-01,0.000000000000000000e+00,5.307917888563049580e-01,5.430000000000000000e+02
2.176000000000000003e-06,5.312194525904200271e-01,0.000000000000000000e+00,5.307917888563049580e-01,5.430000000000000000e+02
2.177000000000000078e-06,5.314633545637830192e-01,0.000000000000000000e+00,5.317693059628543217e-01,5.440000000000000000e+02
2.178000000000000153e-06,5.317072565371460113e-01,1.000000000000000000e+00,5.317693059628543217e-01,5.440000000000000000e+02
2.178999999999999805e-06,5.319511585105080043e-01,0.000000000000000000e+00,5.317693059628543217e-01,5.440000000000000000e+02
2.179999999999999880e-06,5.321950604838709964e-01,0.000000000000000000e+00,5.317693059628543217e-01,5.440000000000000000e+02
2.180999999999999955e-06,5.324389624572339885e-01,0.000000000000000000e+00,5.327468230694036855e-01,5.450000000000000000e+02
2.182000000000000030e-06,5.326828644305959815e-01,0.000000000000000000e+00,5.327468230694036855e-01,5.450000000000000000e+02
2.183000000000000106e-06,5.329267664039589736e-01,0.000000000000000000e+00,5.327468230694036855e-01,5.450000000000000000e+02
2.184000000000000181e-06,5.331706683773219657e-01,1.000000000000000000e+00,5.327468230694036855e-01,5.450000000000000000e+02
2.184999999999999832e-06,5.334145703506839586e-01,0.000000000000000000e+00,5.337243401759530492e-01,5.460000000000000000e+02
2.185999999999999907e-06,5.336584723240469508e-01,0.000000000000000000e+00,5.337243401759530492e-01,5.460000000000000000e+02
2.186999999999999983e-06,5.339023742974090547e-01,0.000000000000000000e+00,5.337243401759530492e-01,5.460000000000000000e+02
2.188000000000000058e-06,5.341462762707720469e-01,0.000000000000000000e+00,5.337243401759530492e-01,5.460000000000000000e+02
2.189000000000000133e-06,5.343901782441350390e-01,0.000000000000000000e+00,5.347018572825024130e-01,5.470000000000000000e+02
2.190000000000000208e-06,5.346340802174980311e-01,1.000000000000000000e+00,5.347018572825024130e-01,5.470000000000000000e+02
2.190999999999999860e-06,5.348779821908600240e-01,0.000000000000000000e+00,5.347018572825024130e-01,5.470000000000000000e+02
2.191999999999999935e-06,5.351218841642230162e-01,0.000000000000000000e+00,5.347018572825024130e-01,5.470000000000000000e+02
2.193000000000000010e-06,5.353657861375860083e-01,0.000000000000000000e+00,5.356793743890517767e-01,5.480000000000000000e+02
2.194000000000000085e-06,5.356096881109480012e-01,0.000000000000000000e+00,5.356793743890517767e-01,5.480000000000000000e+02
2.195000000000000160e-06,5.358535900843109934e-01,1.000000000000000000e+00,5.356793743890517767e-01,5.480000000000000000e+02
2.195999999999999812e-06,5.360974920576729863e-01,0.000000000000000000e+00,5.356793743890517767e-01,5.480000000000000000e+02
2.196999999999999887e-06,5.363413940310359784e-01,0.000000000000000000e+00,5.366568914956011405e-01,5.490000000000000000e+02
2.197999999999999962e-06,5.365852960043989706e-01,0.000000000000000000e+00,5.366568914956011405e-01,5.490000000000000000e+02
2.199000000000000037e-06,5.368291979777609635e-01,0.000000000000000000e+00,5.366568914956011405e-01,5.490000000000000000e+02
2.200000000000000112e-06,5.370730999511239556e-01,0.000000000000000000e+00,5.366568914956011405e-01,5.490000000000000000e+02
2.201000000000000187e-06,5.373170019244869478e-01,1.000000000000000000e+00,5.376344086021505042e-01,5.500000000000000000e+02
2.201999999999999839e-06,5.375609038978490517e-01,0.000000000000000000e+00,5.376344086021505042e-01,5.500000000000000000e+02
2.202999999999999914e-06,5.378048058712120438e-01,0.000000000000000000e+00,5.376344086021505042e-01,5.500000000000000000e+02
2.203999999999999989e-06,5.380487078445750360e-01,0.000000000000000000e+00,5.376344086021505042e-01,5.500000000000000000e+02
2.205000000000000064e-06,5.382926098179370289e-01,0.000000000000000000e+00,5.386119257086998680e-01,5.510000000000000000e+02
2.206000000000000139e-06,5.385365117913000210e-01,1.000000000000000000e+00,5.386119257086998680e-01,5.510000000000000000e+02
2.206999999999999791e-06,5.387804137646630132e-01,0.000000000000000000e+00,5.386119257086998680e-01,5.510000000000000000e+02
2.207999999999999866e-06,5.390243157380250061e-01,0.000000000000000000e+00,5.386119257086998680e-01,5.510000000000000000e+02
2.208999999999999941e-06,5.392682177113879982e-01,0.000000000000000000e+00,5.395894428152492317e-01,5.520000000000000000e+02
2.210000000000000016e-06,5.395121196847509903e-01,0.000000000000000000e+00,5.395894428152492317e-01,5.520000000000000000e+02
2.211000000000000092e-06,5.397560216581129833e-01,0.000000000000000000e+00,5.395894428152492317e-01,5.520000000000000000e+02
2.212000000000000167e-06,5.399999236314759754e-01,1.000000000000000000e+00,5.395894428152492317e-01,5.520000000000000000e+02
2.212999999999999818e-06,5.402438256048389675e-01,0.000000000000000000e+00,5.405669599217985954e-01,5.530000000000000000e+02
2.213999999999999893e-06,5.404877275782009605e-01,0.000000000000000000e+00,5.405669599217985954e-01,5.530000000000000000e+02
2.214999999999999969e-06,5.407316295515639526e-01,0.000000000000000000e+00,5.405669599217985954e-01,5.530000000000000000e+02
2.216000000000000044e-06,5.409755315249269447e-01,0.000000000000000000e+00,5.405669599217985954e-01,5.530000000000000000e+02
2.217000000000000119e-06,5.412194334982890487e-01,0.000000000000000000e+00,5.415444770283479592e-01,5.540000000000000000e+02
2.218000000000000194e-06,5.414633354716520408e-01,1.000000000000000000e+00,5.415444770283479592e-01,5.540000000000000000e+02
2.218999999999999846e-06,5.417072374450150329e-01,0.000000000000000000e+00,5.415444770283479592e-01,5.540000000000000000e+02
2.219999999999999921e-06,5.419511394183770259e-01,0.000000000000000000e+00,5.415444770283479592e-01,5.540000000000000000e+02
2.220999999999999996e-06,5.421950413917400180e-01,0.000000000000000000e+00,5.425219941348973229e-01,5.550000000000000000e+02
2.222000000000000071e-06,5.424389433651030101e-01,0.000000000000000000e+00,5.425219941348973229e-01,5.550000000000000000e+02
2.223000000000000146e-06,5.426828453384650031e-01,1.000000000000000000e+00,5.425219941348973229e-01,5.550000000000000000e+02
2.223999999999999798e-06,5.429267473118279952e-01,0.000000000000000000e+00,5.425219941348973229e-01,5.550000000000000000e+02
2.224999999999999873e-06,5.431706492851909873e-01,0.000000000000000000e+00,5.434995112414466867e-01,5.560000000000000000e+02
2.225999999999999948e-06,5.434145512585529803e-01,0.000000000000000000e+00,5.434995112414466867e-01,5.560000000000000000e+02
2.227000000000000023e-06,5.436584532319159724e-01,0.000000000000000000e+00,5.434995112414466867e-01,5.560000000000000000e+02
2.228000000000000098e-06,5.439023552052789645e-01,0.000000000000000000e+00,5.434995112414466867e-01,5.560000000000000000e+02
2.229000000000000173e-06,5.441462571786409574e-01,1.000000000000000000e+00,5.444770283479960504e-01,5.570000000000000000e+02
2.229999999999999825e-06,5.443901591520039496e-01,0.000000000000000000e+00,5.444770283479960504e-01,5.570000000000000000e+02
2.230999999999999900e-06,5.446340611253660535e-01,0.000000000000000000e+00,5.444770283479960504e-01,5.570000000000000000e+02
2.231999999999999975e-06,5.448779630987290457e-01,0.000000000000000000e+00,5.444770283479960504e-01,5.570000000000000000e+02
2.233000000000000050e-06,5.451218650720920378e-01,0.000000000000000000e+00,5.454545454545454142e-01,5.580000000000000000e+02
2.234000000000000125e-06,5.453657670454550299e-01,0.000000000000000000e+00,5.454545454545454142e-01,5.580000000000000000e+02
2.235000000000000201e-06,5.456096690188170228e-01,1.000000000000000000e+00,5.454545454545454142e-01,5.580000000000000000e+02
2.235999999999999852e-06,5.458535709921800150e-01,0.000000000000000000e+00,5.454545454545454142e-01,5.580000000000000000e+02
2.236999999999999927e-06,5.460974729655420079e-01,0.000000000000000000e+00,5.464320625610947779e-01,5.590000000000000000e+02
2.238000000000000002e-06,5.463413749389050000e-01,0.000000000000000000e+00,5.464320625610947779e-01,5.590000000000000000e+02
2.239000000000000078e-06,5.465852769122679922e-01,0.000000000000000000e+00,5.464320625610947779e-01,5.590000000000000000e+02
2.240000000000000153e-06,5.468291788856309843e-01,1.000000000000000000e+00,5.464320625610947779e-01,5.590000000000000000e+02
2.240999999999999804e-06,5.470730808589929772e-01,0.000000000000000000e+00,5.474095796676441417e-01,5.600000000000000000e+02
2.241999999999999879e-06,5.473169828323559694e-01,0.000000000000000000e+00,5.474095796676441417e-01,5.600000000000000000e+02
2.242999999999999955e-06,5.475608848057179623e-01,0.000000000000000000e+00,5.474095796676441417e-01,5.600000000000000000e+02
2.244000000000000030e-06,5.478047867790809544e-01,0.000000000000000000e+00,5.474095796676441417e-01,5.600000000000000000e+02
2.245000000000000105e-06,5.480486887524439465e-01,0.000000000000000000e+00,5.483870967741935054e-01,5.610000000000000000e+02
2.246000000000000180e-06,5.482925907258060505e-01,1.000000000000000000e+00,5.483870967741935054e-01,5.610000000000000000e+02
2.246999999999999832e-06,5.485364926991690426e-01,0.000000000000000000e+00,5.483870967741935054e-01,5.610000000000000000e+02
2.247999999999999907e-06,5.487803946725320348e-01,0.000000000000000000e+00,5.483870967741935054e-01,5.610000000000000000e+02
2.248999999999999982e-06,5.490242966458940277e-01,0.000000000000000000e+00,5.493646138807428692e-01,5.620000000000000000e+02
2.250000000000000057e-06,5.492681986192570198e-01,0.000000000000000000e+00,5.493646138807428692e-01,5.620000000000000000e+02
2.251000000000000132e-06,5.495121005926200120e-01,0.000000000000000000e+00,5.493646138807428692e-01,5.620000000000000000e+02
2.252000000000000207e-06,5.497560025659820049e-01,1.000000000000000000e+00,5.493646138807428692e-01,5.620000000000000000e+02
2.252999999999999859e-06,5.499999045393449970e-01,0.000000000000000000e+00,5.503421309872922329e-01,5.630000000000000000e+02
2.253999999999999934e-06,5.502438065127079891e-01,0.000000000000000000e+00,5.503421309872922329e-01,5.630000000000000000e+02
2.255000000000000009e-06,5.504877084860699821e-01,0.000000000000000000e+00,5.503421309872922329e-01,5.630000000000000000e+02
2.256000000000000084e-06,5.507316104594329742e-01,0.000000000000000000e+00,5.503421309872922329e-01,5.630000000000000000e+02
2.257000000000000159e-06,5.509755124327959663e-01,1.000000000000000000e+00,5.513196480938415966e-01,5.640000000000000000e+02
2.257999999999999811e-06,5.512194144061579593e-01,0.000000000000000000e+00,5.513196480938415966e-01,5.640000000000000000e+02
2.258999999999999886e-06,5.514633163795209514e-01,0.000000000000000000e+00,5.513196480938415966e-01,5.640000000000000000e+02
2.259999999999999961e-06,5.517072183528840545e-01,0.000000000000000000e+00,5.513196480938415966e-01,5.640000000000000000e+02
2.261000000000000036e-06,5.519511203262460475e-01,0.000000000000000000e+00,5.522971652003909604e-01,5.650000000000000000e+02
2.262000000000000112e-06,5.521950222996090396e-01,0.000000000000000000e+00,5.522971652003909604e-01,5.650000000000000000e+02
2.263000000000000187e-06,5.524389242729720317e-01,1.000000000000000000e+00,5.522971652003909604e-01,5.650000000000000000e+02
2.263999999999999838e-06,5.526828262463340247e-01,0.000000000000000000e+00,5.522971652003909604e-01,5.650000000000000000e+02
2.264999999999999913e-06,5.529267282196970168e-01,0.000000000000000000e+00,5.532746823069403241e-01,5.660000000000000000e+02
2.265999999999999989e-06,5.531706301930600089e-01,0.000000000000000000e+00,5.532746823069403241e-01,5.660000000000000000e+02
2.267000000000000064e-06,5.534145321664220019e-01,0.000000000000000000e+00,5.532746823069403241e-01,5.660000000000000000e+02
2.268000000000000139e-06,5.536584341397849940e-01,0.000000000000000000e+00,5.532746823069403241e-01,5.660000000000000000e+02
2.268999999999999790e-06,5.539023361131479861e-01,0.000000000000000000e+00,5.542521994134896879e-01,5.670000000000000000e+02
2.269999999999999866e-06,5.541462380865099790e-01,0.000000000000000000e+00,5.542521994134896879e-01,5.670000000000000000e+02
2.270999999999999941e-06,5.543901400598729712e-01,0.000000000000000000e+00,5.542521994134896879e-01,5.670000000000000000e+02
2.272000000000000016e-06,5.546340420332359633e-01,0.000000000000000000e+00,5.542521994134896879e-01,5.670000000000000000e+02
2.273000000000000091e-06,5.548779440065979562e-01,0.000000000000000000e+00,5.552297165200390516e-01,5.680000000000000000e+02
2.274000000000000166e-06,5.551218459799609484e-01,1.000000000000000000e+00,5.552297165200390516e-01,5.680000000000000000e+02
2.274999999999999818e-06,5.553657479533230523e-01,0.000000000000000000e+00,5.552297165200390516e-01,5.680000000000000000e+02
2.275999999999999893e-06,5.556096499266860445e-01,0.000000000000000000e+00,5.552297165200390516e-01,5.680000000000000000e+02
2.276999999999999968e-06,5.558535519000490366e-01,0.000000000000000000e+00,5.562072336265884154e-01,5.690000000000000000e+02
2.278000000000000043e-06,5.560974538734110295e-01,0.000000000000000000e+00,5.562072336265884154e-01,5.690000000000000000e+02
2.279000000000000118e-06,5.563413558467740216e-01,0.000000000000000000e+00,5.562072336265884154e-01,5.690000000000000000e+02
2.280000000000000193e-06,5.565852578201370138e-01,1.000000000000000000e+00,5.562072336265884154e-01,5.690000000000000000e+02
2.280999999999999845e-06,5.568291597935000059e-01,0.000000000000000000e+00,5.571847507331377791e-01,5.700000000000000000e+02
2.281999999999999920e-06,5.570730617668619988e-01,0.000000000000000000e+00,5.571847507331377791e-01,5.700000000000000000e+02
2.282999999999999995e-06,5.573169637402249910e-01,0.000000000000000000e+00,5.571847507331377791e-01,5.700000000000000000e+02
2.284000000000000070e-06,5.575608657135879831e-01,0.000000000000000000e+00,5.571847507331377791e-01,5.700000000000000000e+02
2.285000000000000145e-06,5.578047676869499760e-01,1.000000000000000000e+00,5.581622678396871429e-01,5.710000000000000000e+02
2.285999999999999797e-06,5.580486696603129682e-01,0.000000000000000000e+00,5.581622678396871429e-01,5.710000000000000000e+02
2.286999999999999872e-06,5.582925716336749611e-01,0.000000000000000000e+00,5.581622678396871429e-01,5.710000000000000000e+02
2.287999999999999947e-06,5.585364736070379532e-01,0.000000000000000000e+00,5.581622678396871429e-01,5.710000000000000000e+02
2.289000000000000022e-06,5.587803755804009453e-01,0.000000000000000000e+00,5.591397849462365066e-01,5.720000000000000000e+02
2.290000000000000098e-06,5.590242775537630493e-01,0.000000000000000000e+00,5.591397849462365066e-01,5.720000000000000000e+02
2.291000000000000173e-06,5.592681795271260414e-01,1.000000000000000000e+00,5.591397849462365066e-01,5.720000000000000000e+02
2.291999999999999824e-06,5.595120815004890336e-01,0.000000000000000000e+00,5.591397849462365066e-01,5.720000000000000000e+02
2.292999999999999899e-06,5.597559834738510265e-01,0.000000000000000000e+00,5.601173020527858704e-01,5.730000000000000000e+02
2.293999999999999975e-06,5.599998854472140186e-01,0.000000000000000000e+00,5.601173020527858704e-01,5.730000000000000000e+02
2.295000000000000050e-06,5.602437874205770107e-01,0.000000000000000000e+00,5.601173020527858704e-01,5.730000000000000000e+02
2.296000000000000125e-06,5.604876893939390037e-01,0.000000000000000000e+00,5.601173020527858704e-01,5.730000000000000000e+02
2.297000000000000200e-06,5.607315913673019958e-01,1.000000000000000000e+00,5.610948191593352341e-01,5.740000000000000000e+02
2.297999999999999852e-06,5.609754933406649879e-01,0.000000000000000000e+00,5.610948191593352341e-01,5.740000000000000000e+02
2.298999999999999927e-06,5.612193953140269809e-01,0.000000000000000000e+00,5.610948191593352341e-01,5.740000000000000000e+02
2.300000000000000002e-06,5.614632972873899730e-01,0.000000000000000000e+00,5.610948191593352341e-01,5.740000000000000000e+02
2.301000000000000077e-06,5.617071992607529651e-01,0.000000000000000000e+00,5.620723362658845979e-01,5.750000000000000000e+02
2.302000000000000152e-06,5.619511012341149581e-01,1.000000000000000000e+00,5.620723362658845979e-01,5.750000000000000000e+02
2.302999999999999804e-06,5.621950032074779502e-01,0.000000000000000000e+00,5.620723362658845979e-01,5.750000000000000000e+02
2.303999999999999879e-06,5.624389051808410533e-01,0.000000000000000000e+00,5.620723362658845979e-01,5.750000000000000000e+02
2.304999999999999954e-06,5.626828071542030463e-01,0.000000000000000000e+00,5.630498533724339616e-01,5.760000000000000000e+02
2.306000000000000029e-06,5.629267091275660384e-01,0.000000000000000000e+00,5.630498533724339616e-01,5.760000000000000000e+02
2.307000000000000104e-06,5.631706111009280313e-01,0.000000000000000000e+00,5.630498533724339616e-01,5.760000000000000000e+02
2.308000000000000179e-06,5.634145130742910235e-01,1.000000000000000000e+00,5.630498533724339616e-01,5.760000000000000000e+02
2.308999999999999831e-06,5.636584150476540156e-01,0.000000000000000000e+00,5.640273704789834364e-01,5.770000000000000000e+02
2.309999999999999906e-06,5.639023170210170077e-01,0.000000000000000000e+00,5.640273704789834364e-01,5.770000000000000000e+02
2.310999999999999981e-06,5.641462189943790007e-01,0.000000000000000000e+00,5.640273704789834364e-01,5.770000000000000000e+02
2.312000000000000056e-06,5.643901209677419928e-01,0.000000000000000000e+00,5.640273704789834364e-01,5.770000000000000000e+02
2.313000000000000131e-06,5.646340229411049849e-01,0.000000000000000000e+00,5.650048875855328001e-01,5.780000000000000000e+02
2.314000000000000207e-06,5.648779249144669778e-01,1.000000000000000000e+00,5.650048875855328001e-01,5.780000000000000000e+02
2.314999999999999858e-06,5.651218268878299700e-01,0.000000000000000000e+00,5.650048875855328001e-01,5.780000000000000000e+02
2.315999999999999933e-06,5.653657288611929621e-01,0.000000000000000000e+00,5.650048875855328001e-01,5.780000000000000000e+02
2.317000000000000008e-06,5.656096308345549550e-01,0.000000000000000000e+00,5.659824046920821639e-01,5.790000000000000000e+02
2.318000000000000084e-06,5.658535328079179472e-01,0.000000000000000000e+00,5.659824046920821639e-01,5.790000000000000000e+02
2.319000000000000159e-06,5.660974347812800511e-01,1.000000000000000000e+00,5.659824046920821639e-01,5.790000000000000000e+02
2.319999999999999810e-06,5.663413367546430432e-01,0.000000000000000000e+00,5.659824046920821639e-01,5.790000000000000000e+02
2.320999999999999885e-06,5.665852387280060354e-01,0.000000000000000000e+00,5.669599217986315276e-01,5.800000000000000000e+02
2.321999999999999961e-06,5.668291407013680283e-01,0.000000000000000000e+00,5.669599217986315276e-01,5.800000000000000000e+02
2.323000000000000036e-06,5.670730426747310204e-01,0.000000000000000000e+00,5.669599217986315276e-01,5.800000000000000000e+02
2.324000000000000111e-06,5.673169446480940126e-01,0.000000000000000000e+00,5.669599217986315276e-01,5.800000000000000000e+02
2.325000000000000186e-06,5.675608466214560055e-01,1.000000000000000000e+00,5.679374389051808913e-01,5.810000000000000000e+02
2.325999999999999838e-06,5.678047485948189976e-01,0.000000000000000000e+00,5.679374389051808913e-01,5.810000000000000000e+02
2.326999999999999913e-06,5.680486505681819898e-01,0.000000000000000000e+00,5.679374389051808913e-01,5.810000000000000000e+02
2.327999999999999988e-06,5.682925525415439827e-01,0.000000000000000000e+00,5.679374389051808913e-01,5.810000000000000000e+02
2.329000000000000063e-06,5.685364545149069748e-01,0.000000000000000000e+00,5.689149560117302551e-01,5.820000000000000000e+02
2.330000000000000138e-06,5.687803564882699670e-01,0.000000000000000000e+00,5.689149560117302551e-01,5.820000000000000000e+02
2.330999999999999790e-06,5.690242584616319599e-01,0.000000000000000000e+00,5.689149560117302551e-01,5.820000000000000000e+02
2.331999999999999865e-06,5.692681604349949520e-01,0.000000000000000000e+00,5.689149560117302551e-01,5.820000000000000000e+02
2.332999999999999940e-06,5.695120624083580552e-01,0.000000000000000000e+00,5.698924731182796188e-01,5.830000000000000000e+02
2.334000000000000015e-06,5.697559643817200481e-01,0.000000000000000000e+00,5.698924731182796188e-01,5.830000000000000000e+02
2.335000000000000090e-06,5.699998663550830402e-01,0.000000000000000000e+00,5.698924731182796188e-01,5.830000000000000000e+02
2.336000000000000165e-06,5.702437683284460324e-01,1.000000000000000000e+00,5.698924731182796188e-01,5.830000000000000000e+02
2.336999999999999817e-06,5.704876703018080253e-01,0.000000000000000000e+00,5.708699902248289826e-01,5.840000000000000000e+02
2.337999999999999892e-06,5.707315722751710174e-01,0.000000000000000000e+00,5.708699902248289826e-01,5.840000000000000000e+02
2.338999999999999967e-06,5.709754742485340095e-01,0.000000000000000000e+00,5.708699902248289826e-01,5.840000000000000000e+02
2.340000000000000042e-06,5.712193762218960025e-01,0.000000000000000000e+00,5.708699902248289826e-01,5.840000000000000000e+02
2.341000000000000117e-06,5.714632781952589946e-01,0.000000000000000000e+00,5.718475073313783463e-01,5.850000000000000000e+02
2.342000000000000193e-06,5.717071801686219867e-01,1.000000000000000000e+00,5.718475073313783463e-01,5.850000000000000000e+02
2.342999999999999844e-06,5.719510821419839797e-01,0.000000000000000000e+00,5.718475073313783463e-01,5.850000000000000000e+02
2.343999999999999919e-06,5.721949841153469718e-01,0.000000000000000000e+00,5.718475073313783463e-01,5.850000000000000000e+02
2.344999999999999994e-06,5.724388860887099639e-01,0.000000000000000000e+00,5.728250244379277101e-01,5.860000000000000000e+02
2.346000000000000070e-06,5.726827880620719569e-01,0.000000000000000000e+00,5.728250244379277101e-01,5.860000000000000000e+02
2.347000000000000145e-06,5.729266900354349490e-01,0.000000000000000000e+00,5.728250244379277101e-01,5.860000000000000000e+02
2.347999999999999796e-06,5.731705920087980521e-01,0.000000000000000000e+00,5.728250244379277101e-01,5.860000000000000000e+02
2.348999999999999871e-06,5.734144939821600451e-01,0.000000000000000000e+00,5.738025415444770738e-01,5.870000000000000000e+02
2.349999999999999947e-06,5.736583959555230372e-01,0.000000000000000000e+00,5.738025415444770738e-01,5.870000000000000000e+02
2.351000000000000022e-06,5.739022979288860293e-01,0.000000000000000000e+00,5.738025415444770738e-01,5.870000000000000000e+02
2.352000000000000097e-06,5.741461999022480223e-01,0.000000000000000000e+00,5.738025415444770738e-01,5.870000000000000000e+02
2.353000000000000172e-06,5.743901018756110144e-01,1.000000000000000000e+00,5.747800586510264376e-01,5.880000000000000000e+02
2.353999999999999824e-06,5.746340038489740065e-01,0.000000000000000000e+00,5.747800586510264376e-01,5.880000000000000000e+02
2.354999999999999899e-06,5.748779058223359995e-01,0.000000000000000000e+00,5.747800586510264376e-01,5.880000000000000000e+02
2.355999999999999974e-06,5.751218077956989916e-01,0.000000000000000000e+00,5.747800586510264376e-01,5.880000000000000000e+02
2.357000000000000049e-06,5.753657097690619837e-01,0.000000000000000000e+00,5.757575757575758013e-01,5.890000000000000000e+02
2.358000000000000124e-06,5.756096117424239766e-01,0.000000000000000000e+00,5.757575757575758013e-01,5.890000000000000000e+02
2.359000000000000199e-06,5.758535137157869688e-01,1.000000000000000000e+00,5.757575757575758013e-01,5.890000000000000000e+02
2.359999999999999851e-06,5.760974156891489617e-01,0.000000000000000000e+00,5.757575757575758013e-01,5.890000000000000000e+02
2.360999999999999926e-06,5.763413176625119538e-01,0.000000000000000000e+00,5.767350928641251651e-01,5.900000000000000000e+02
2.362000000000000001e-06,5.765852196358749460e-01,0.000000000000000000e+00,5.767350928641251651e-01,5.900000000000000000e+02
2.363000000000000076e-06,5.768291216092370499e-01,0.000000000000000000e+00,5.767350928641251651e-01,5.900000000000000000e+02
2.364000000000000151e-06,5.770730235826000420e-01,1.000000000000000000e+00,5.767350928641251651e-01,5.900000000000000000e+02
2.364999999999999803e-06,5.773169255559630342e-01,0.000000000000000000e+00,5.777126099706745288e-01,5.910000000000000000e+02
2.365999999999999878e-06,5.775608275293250271e-01,0.000000000000000000e+00,5.777126099706745288e-01,5.910000000000000000e+02
2.366999999999999953e-06,5.778047295026880192e-01,0.000000000000000000e+00,5.777126099706745288e-01,5.910000000000000000e+02
2.368000000000000028e-06,5.780486314760510114e-01,0.000000000000000000e+00,5.777126099706745288e-01,5.910000000000000000e+02
2.369000000000000103e-06,5.782925334494140035e-01,0.000000000000000000e+00,5.786901270772238925e-01,5.920000000000000000e+02
2.370000000000000179e-06,5.785364354227759964e-01,1.000000000000000000e+00,5.786901270772238925e-01,5.920000000000000000e+02
2.370999999999999830e-06,5.787803373961389886e-01,0.000000000000000000e+00,5.786901270772238925e-01,5.920000000000000000e+02
2.371999999999999905e-06,5.790242393695009815e-01,0.000000000000000000e+00,5.786901270772238925e-01,5.920000000000000000e+02
2.372999999999999980e-06,5.792681413428639736e-01,0.000000000000000000e+00,5.796676441837732563e-01,5.930000000000000000e+02
2.374000000000000056e-06,5.795120433162269658e-01,0.000000000000000000e+00,5.796676441837732563e-01,5.930000000000000000e+02
2.375000000000000131e-06,5.797559452895889587e-01,0.000000000000000000e+00,5.796676441837732563e-01,5.930000000000000000e+02
2.376000000000000206e-06,5.799998472629519508e-01,1.000000000000000000e+00,5.796676441837732563e-01,5.930000000000000000e+02
2.376999999999999857e-06,5.802437492363150540e-01,0.000000000000000000e+00,5.806451612903226200e-01,5.940000000000000000e+02
2.377999999999999933e-06,5.804876512096770469e-01,0.000000000000000000e+00,5.806451612903226200e-01,5.940000000000000000e+02
2.379000000000000008e-06,5.807315531830400390e-01,0.000000000000000000e+00,5.806451612903226200e-01,5.940000000000000000e+02
2.380000000000000083e-06,5.809754551564030312e-01,0.000000000000000000e+00,5.806451612903226200e-01,5.940000000000000000e+02
2.381000000000000158e-06,5.812193571297650241e-01,1.000000000000000000e+00,5.816226783968719838e-01,5.950000000000000000e+02
2.381999999999999810e-06,5.814632591031280162e-01,0.000000000000000000e+00,5.816226783968719838e-01,5.950000000000000000e+02
2.382999999999999885e-06,5.817071610764910083e-01,0.000000000000000000e+00,5.816226783968719838e-01,5.950000000000000000e+02
2.383999999999999960e-06,5.819510630498530013e-01,0.000000000000000000e+00,5.816226783968719838e-01,5.950000000000000000e+02
2.385000000000000035e-06,5.821949650232159934e-01,0.000000000000000000e+00,5.826001955034213475e-01,5.960000000000000000e+02
2.386000000000000110e-06,5.824388669965789855e-01,0.000000000000000000e+00,5.826001955034213475e-01,5.960000000000000000e+02
2.387000000000000185e-06,5.826827689699409785e-01,1.000000000000000000e+00,5.826001955034213475e-01,5.960000000000000000e+02
2.387999999999999837e-06,5.829266709433039706e-01,0.000000000000000000e+00,5.826001955034213475e-01,5.960000000000000000e+02
2.388999999999999912e-06,5.831705729166669627e-01,0.000000000000000000e+00,5.835777126099707113e-01,5.970000000000000000e+02
2.389999999999999987e-06,5.834144748900289557e-01,0.000000000000000000e+00,5.835777126099707113e-01,5.970000000000000000e+02
2.391000000000000062e-06,5.836583768633919478e-01,0.000000000000000000e+00,5.835777126099707113e-01,5.970000000000000000e+02
2.392000000000000137e-06,5.839022788367550509e-01,0.000000000000000000e+00,5.835777126099707113e-01,5.970000000000000000e+02
2.392999999999999789e-06,5.841461808101170439e-01,0.000000000000000000e+00,5.845552297165200750e-01,5.980000000000000000e+02
2.393999999999999864e-06,5.843900827834800360e-01,0.000000000000000000e+00,5.845552297165200750e-01,5.980000000000000000e+02
2.394999999999999939e-06,5.846339847568420289e-01,0.000000000000000000e+00,5.845552297165200750e-01,5.980000000000000000e+02
2.396000000000000014e-06,5.848778867302050211e-01,0.000000000000000000e+00,5.845552297165200750e-01,5.980000000000000000e+02
2.397000000000000090e-06,5.851217887035680132e-01,0.000000000000000000e+00,5.855327468230694388e-01,5.990000000000000000e+02
2.398000000000000165e-06,5.853656906769310053e-01,1.000000000000000000e+00,5.855327468230694388e-01,5.990000000000000000e+02
2.398999999999999816e-06,5.856095926502929983e-01,0.000000000000000000e+00,5.855327468230694388e-01,5.990000000000000000e+02
2.399999999999999891e-06,5.858534946236559904e-01,0.000000000000000000e+00,5.855327468230694388e-01,5.990000000000000000e+02
2.400999999999999967e-06,5.860973965970189825e-01,0.000000000000000000e+00,5.865102639296188025e-01,6.000000000000000000e+02
2.402000000000000042e-06,5.863412985703809754e-01,0.000000000000000000e+00,5.865102639296188025e-01,6.000000000000000000e+02
2.403000000000000117e-06,5.865852005437439676e-01,0.000000000000000000e+00,5.865102639296188025e-01,6.000000000000000000e+02
2.404000000000000192e-06,5.868291025171069597e-01,1.000000000000000000e+00,5.865102639296188025e-01,6.000000000000000000e+02
2.404999999999999844e-06,5.870730044904689526e-01,0.000000000000000000e+00,5.874877810361681663e-01,6.010000000000000000e+02
2.405999999999999919e-06,5.873169064638319448e-01,0.000000000000000000e+00,5.874877810361681663e-01,6.010000000000000000e+02
2.406999999999999994e-06,5.875608084371940487e-01,0.000000000000000000e+00,5.874877810361681663e-01,6.010000000000000000e+02
2.408000000000000069e-06,5.878047104105570408e-01,0.000000000000000000e+00,5.874877810361681663e-01,6.010000000000000000e+02
2.409000000000000144e-06,5.880486123839200330e-01,0.000000000000000000e+00,5.884652981427175300e-01,6.020000000000000000e+02
2.409999999999999796e-06,5.882925143572820259e-01,0.000000000000000000e+00,5.884652981427175300e-01,6.020000000000000000e+02
2.410999999999999871e-06,5.885364163306450180e-01,0.000000000000000000e+00,5.884652981427175300e-01,6.020000000000000000e+02
2.411999999999999946e-06,5.887803183040080102e-01,0.000000000000000000e+00,5.884652981427175300e-01,6.020000000000000000e+02
2.413000000000000021e-06,5.890242202773700031e-01,0.000000000000000000e+00,5.894428152492668938e-01,6.030000000000000000e+02
2.414000000000000096e-06,5.892681222507329952e-01,0.000000000000000000e+00,5.894428152492668938e-01,6.030000000000000000e+02
2.415000000000000171e-06,5.895120242240959874e-01,1.000000000000000000e+00,5.894428152492668938e-01,6.030000000000000000e+02
2.415999999999999823e-06,5.897559261974579803e-01,0.000000000000000000e+00,5.894428152492668938e-01,6.030000000000000000e+02
2.416999999999999898e-06,5.899998281708209724e-01,0.000000000000000000e+00,5.904203323558162575e-01,6.040000000000000000e+02
2.417999999999999973e-06,5.902437301441839645e-01,0.000000000000000000e+00,5.904203323558162575e-01,6.040000000000000000e+02
2.419000000000000048e-06,5.904876321175459575e-01,0.000000000000000000e+00,5.904203323558162575e-01,6.040000000000000000e+02
2.420000000000000123e-06,5.907315340909089496e-01,0.000000000000000000e+00,5.904203323558162575e-01,6.040000000000000000e+02
2.421000000000000199e-06,5.909754360642720528e-01,1.000000000000000000e+00,5.913978494623656212e-01,6.050000000000000000e+02
2.421999999999999850e-06,5.912193380376340457e-01,0.000000000000000000e+00,5.913978494623656212e-01,6.050000000000000000e+02
2.422999999999999925e-06,5.914632400109970378e-01,0.000000000000000000e+00,5.913978494623656212e-01,6.050000000000000000e+02
2.424000000000000000e-06,5.917071419843600300e-01,0.000000000000000000e+00,5.913978494623656212e-01,6.050000000000000000e+02
2.425000000000000076e-06,5.919510439577220229e-01,0.000000000000000000e+00,5.923753665689149850e-01,6.060000000000000000e+02
2.426000000000000151e-06,5.921949459310850150e-01,0.000000000000000000e+00,5.923753665689149850e-01,6.060000000000000000e+02
2.426999999999999802e-06,5.924388479044480071e-01,0.000000000000000000e+00,5.923753665689149850e-01,6.060000000000000000e+02
2.427999999999999877e-06,5.926827498778100001e-01,0.000000000000000000e+00,5.923753665689149850e-01,6.060000000000000000e+02
2.428999999999999953e-06,5.929266518511729922e-01,0.000000000000000000e+00,5.933528836754643487e-01,6.070000000000000000e+02
2.430000000000000028e-06,5.931705538245359843e-01,0.000000000000000000e+00,5.933528836754643487e-01,6.070000000000000000e+02
2.431000000000000103e-06,5.934144557978979773e-01,0.000000000000000000e+00,5.933528836754643487e-01,6.070000000000000000e+02
2.432000000000000178e-06,5.936583577712609694e-01,1.000000000000000000e+00,5.933528836754643487e-01,6.070000000000000000e+02
2.432999999999999830e-06,5.939022597446239615e-01,0.000000000000000000e+00,5.943304007820137125e-01,6.080000000000000000e+02
2.433999999999999905e-06,5.941461617179859545e-01,0.000000000000000000e+00,5.943304007820137125e-01,6.080000000000000000e+02
2.434999999999999980e-06,5.943900636913489466e-01,0.000000000000000000e+00,5.943304007820137125e-01,6.080000000000000000e+02
2.436000000000000055e-06,5.946339656647120497e-01,0.000000000000000000e+00,5.943304007820137125e-01,6.080000000000000000e+02
2.437000000000000130e-06,5.948778676380740427e-01,0.000000000000000000e+00,5.953079178885630762e-01,6.090000000000000000e+02
2.438000000000000205e-06,5.951217696114370348e-01,1.000000000000000000e+00,5.953079178885630762e-01,6.090000000000000000e+02
2.438999999999999857e-06,5.953656715848000269e-01,0.000000000000000000e+00,5.953079178885630762e-01,6.090000000000000000e+02
2.439999999999999932e-06,5.956095735581620199e-01,0.000000000000000000e+00,5.953079178885630762e-01,6.090000000000000000e+02
2.441000000000000007e-06,5.958534755315250120e-01,0.000000000000000000e+00,5.962854349951124400e-01,6.100000000000000000e+02
2.442000000000000082e-06,5.960973775048880041e-01,0.000000000000000000e+00,5.962854349951124400e-01,6.100000000000000000e+02
2.443000000000000157e-06,5.963412794782499970e-01,1.000000000000000000e+00,5.962854349951124400e-01,6.100000000000000000e+02
2.443999999999999809e-06,5.965851814516129892e-01,0.000000000000000000e+00,5.962854349951124400e-01,6.100000000000000000e+02
2.444999999999999884e-06,5.968290834249759813e-01,0.000000000000000000e+00,5.972629521016618037e-01,6.110000000000000000e+02
2.445999999999999959e-06,5.970729853983379742e-01,0.000000000000000000e+00,5.972629521016618037e-01,6.110000000000000000e+02
2.447000000000000034e-06,5.973168873717009664e-01,0.000000000000000000e+00,5.972629521016618037e-01,6.110000000000000000e+02
2.448000000000000109e-06,5.975607893450639585e-01,0.000000000000000000e+00,5.972629521016618037e-01,6.110000000000000000e+02
2.449000000000000185e-06,5.978046913184259514e-01,1.000000000000000000e+00,5.982404692082111675e-01,6.120000000000000000e+02
2.449999999999999836e-06,5.980485932917890546e-01,0.000000000000000000e+00,5.982404692082111675e-01,6.120000000000000000e+02
2.450999999999999911e-06,5.982924952651510475e-01,0.000000000000000000e+00,5.982404692082111675e-01,6.120000000000000000e+02
2.451999999999999986e-06,5.985363972385140396e-01,0.000000000000000000e+00,5.982404692082111675e-01,6.120000000000000000e+02
2.453000000000000062e-06,5.987802992118770318e-01,0.000000000000000000e+00,5.992179863147605312e-01,6.130000000000000000e+02
2.454000000000000137e-06,5.990242011852390247e-01,0.000000000000000000e+00,5.992179863147605312e-01,6.130000000000000000e+02
2.454999999999999788e-06,5.992681031586020168e-01,0.000000000000000000e+00,5.992179863147605312e-01,6.130000000000000000e+02
2.455999999999999863e-06,5.995120051319650090e-01,0.000000000000000000e+00,5.992179863147605312e-01,6.130000000000000000e+02
2.456999999999999939e-06,5.997559071053270019e-01,0.000000000000000000e+00,6.001955034213098950e-01,6.140000000000000000e+02
2.458000000000000014e-06,5.999998090786899940e-01,0.000000000000000000e+00,6.001955034213098950e-01,6.140000000000000000e+02
2.459000000000000089e-06,6.002437110520529862e-01,0.000000000000000000e+00,6.001955034213098950e-01,6.140000000000000000e+02
2.460000000000000164e-06,6.004876130254149791e-01,1.000000000000000000e+00,6.001955034213098950e-01,6.140000000000000000e+02
2.460999999999999816e-06,6.007315149987779712e-01,0.000000000000000000e+00,6.011730205278592587e-01,6.150000000000000000e+02
2.461999999999999891e-06,6.009754169721409633e-01,0.000000000000000000e+00,6.011730205278592587e-01,6.150000000000000000e+02
2.462999999999999966e-06,6.012193189455029563e-01,0.000000000000000000e+00,6.011730205278592587e-01,6.150000000000000000e+02
2.464000000000000041e-06,6.014632209188659484e-01,0.000000000000000000e+00,6.011730205278592587e-01,6.150000000000000000e+02
2.465000000000000116e-06,6.017071228922290516e-01,0.000000000000000000e+00,6.021505376344086224e-01,6.160000000000000000e+02
2.466000000000000191e-06,6.019510248655910445e-01,1.000000000000000000e+00,6.021505376344086224e-01,6.160000000000000000e+02
2.466999999999999843e-06,6.021949268389540366e-01,0.000000000000000000e+00,6.021505376344086224e-01,6.160000000000000000e+02
2.467999999999999918e-06,6.024388288123170287e-01,0.000000000000000000e+00,6.021505376344086224e-01,6.160000000000000000e+02
2.468999999999999993e-06,6.026827307856790217e-01,0.000000000000000000e+00,6.031280547409579862e-01,6.170000000000000000e+02
2.470000000000000068e-06,6.029266327590420138e-01,0.000000000000000000e+00,6.031280547409579862e-01,6.170000000000000000e+02
2.471000000000000143e-06,6.031705347324050059e-01,0.000000000000000000e+00,6.031280547409579862e-01,6.170000000000000000e+02
2.471999999999999795e-06,6.034144367057669989e-01,0.000000000000000000e+00,6.031280547409579862e-01,6.170000000000000000e+02
2.472999999999999870e-06,6.036583386791299910e-01,0.000000000000000000e+00,6.041055718475073499e-01,6.180000000000000000e+02
2.473999999999999945e-06,6.039022406524929831e-01,0.000000000000000000e+00,6.041055718475073499e-01,6.180000000000000000e+02
2.475000000000000020e-06,6.041461426258549761e-01,0.000000000000000000e+00,6.041055718475073499e-01,6.180000000000000000e+02
2.476000000000000095e-06,6.043900445992179682e-01,0.000000000000000000e+00,6.041055718475073499e-01,6.180000000000000000e+02
2.477000000000000171e-06,6.046339465725809603e-01,1.000000000000000000e+00,6.050830889540567137e-01,6.190000000000000000e+02
2.477999999999999822e-06,6.048778485459429533e-01,0.000000000000000000e+00,6.050830889540567137e-01,6.190000000000000000e+02
2.478999999999999897e-06,6.051217505193059454e-01,0.000000000000000000e+00,6.050830889540567137e-01,6.190000000000000000e+02
2.479999999999999972e-06,6.053656524926680493e-01,0.000000000000000000e+00,6.050830889540567137e-01,6.190000000000000000e+02
2.481000000000000048e-06,6.056095544660310415e-01,0.000000000000000000e+00,6.060606060606060774e-01,6.200000000000000000e+02
2.482000000000000123e-06,6.058534564393940336e-01,0.000000000000000000e+00,6.060606060606060774e-01,6.200000000000000000e+02
2.483000000000000198e-06,6.060973584127560265e-01,1.000000000000000000e+00,6.060606060606060774e-01,6.200000000000000000e+02
2.483999999999999849e-06,6.063412603861190187e-01,0.000000000000000000e+00,6.060606060606060774e-01,6.200000000000000000e+02
2.484999999999999925e-06,6.065851623594820108e-01,0.000000000000000000e+00,6.070381231671554412e-01,6.210000000000000000e+02
2.486000000000000000e-06,6.068290643328450029e-01,0.000000000000000000e+00,6.070381231671554412e-01,6.210000000000000000e+02
2.487000000000000075e-06,6.070729663062069958e-01,0.000000000000000000e+00,6.070381231671554412e-01,6.210000000000000000e+02
2.488000000000000150e-06,6.073168682795699880e-01,0.000000000000000000e+00,6.070381231671554412e-01,6.210000000000000000e+02
2.488999999999999802e-06,6.075607702529329801e-01,0.000000000000000000e+00,6.080156402737048049e-01,6.220000000000000000e+02
2.489999999999999877e-06,6.078046722262949730e-01,0.000000000000000000e+00,6.080156402737048049e-01,6.220000000000000000e+02
2.490999999999999952e-06,6.080485741996579652e-01,0.000000000000000000e+00,6.080156402737048049e-01,6.220000000000000000e+02
2.492000000000000027e-06,6.082924761730209573e-01,0.000000000000000000e+00,6.080156402737048049e-01,6.220000000000000000e+02
2.493000000000000102e-06,6.085363781463829502e-01,0.000000000000000000e+00,6.089931573802541687e-01,6.230000000000000000e+02
2.494000000000000177e-06,6.087802801197460534e-01,1.000000000000000000e+00,6.089931573802541687e-01,6.230000000000000000e+02
2.494999999999999829e-06,6.090241820931080463e-01,0.000000000000000000e+00,6.089931573802541687e-01,6.230000000000000000e+02
2.495999999999999904e-06,6.092680840664710384e-01,0.000000000000000000e+00,6.089931573802541687e-01,6.230000000000000000e+02
2.496999999999999979e-06,6.095119860398340306e-01,0.000000000000000000e+00,6.099706744868035324e-01,6.240000000000000000e+02
2.498000000000000054e-06,6.097558880131960235e-01,0.000000000000000000e+00,6.099706744868035324e-01,6.240000000000000000e+02
2.499000000000000129e-06,6.099997899865590156e-01,0.000000000000000000e+00,6.099706744868035324e-01,6.240000000000000000e+02
2.500000000000000205e-06,6.102436919599220078e-01,1.000000000000000000e+00,6.099706744868035324e-01,6.240000000000000000e+02
2.500999999999999856e-06,6.104875939332840007e-01,0.000000000000000000e+00,6.109481915933528962e-01,6.250000000000000000e+02
2.501999999999999931e-06,6.107314959066469928e-01,0.000000000000000000e+00,6.109481915933528962e-01,6.250000000000000000e+02
2.503000000000000006e-06,6.109753978800099850e-01,0.000000000000000000e+00,6.109481915933528962e-01,6.250000000000000000e+02
2.504000000000000082e-06,6.112192998533719779e-01,0.000000000000000000e+00,6.109481915933528962e-01,6.250000000000000000e+02
2.505000000000000157e-06,6.114632018267349700e-01,1.000000000000000000e+00,6.119257086999022599e-01,6.260000000000000000e+02
2.505999999999999808e-06,6.117071038000979621e-01,0.000000000000000000e+00,6.119257086999022599e-01,6.260000000000000000e+02
2.506999999999999883e-06,6.119510057734599551e-01,0.000000000000000000e+00,6.119257086999022599e-01,6.260000000000000000e+02
2.507999999999999959e-06,6.121949077468229472e-01,0.000000000000000000e+00,6.119257086999022599e-01,6.260000000000000000e+02
2.509000000000000034e-06,6.124388097201860504e-01,0.000000000000000000e+00,6.129032258064516236e-01,6.270000000000000000e+02
2.510000000000000109e-06,6.126827116935480433e-01,0.000000000000000000e+00,6.129032258064516236e-01,6.270000000000000000e+02
2.511000000000000184e-06,6.129266136669110354e-01,1.000000000000000000e+00,6.129032258064516236e-01,6.270000000000000000e+02
2.511999999999999836e-06,6.131705156402740275e-01,0.000000000000000000e+00,6.129032258064516236e-01,6.270000000000000000e+02
2.512999999999999911e-06,6.134144176136360205e-01,0.000000000000000000e+00,6.138807429130009874e-01,6.280000000000000000e+02
2.513999999999999986e-06,6.136583195869990126e-01,0.000000000000000000e+00,6.138807429130009874e-01,6.280000000000000000e+02
2.515000000000000061e-06,6.139022215603620047e-01,0.000000000000000000e+00,6.138807429130009874e-01,6.280000000000000000e+02
2.516000000000000136e-06,6.141461235337239977e-01,0.000000000000000000e+00,6.138807429130009874e-01,6.280000000000000000e+02
2.517000000000000211e-06,6.143900255070869898e-01,1.000000000000000000e+00,6.148582600195503511e-01,6.290000000000000000e+02
2.517999999999999863e-06,6.146339274804499819e-01,0.000000000000000000e+00,6.148582600195503511e-01,6.290000000000000000e+02
2.518999999999999938e-06,6.148778294538119749e-01,0.000000000000000000e+00,6.148582600195503511e-01,6.290000000000000000e+02
2.520000000000000013e-06,6.151217314271749670e-01,0.000000000000000000e+00,6.148582600195503511e-01,6.290000000000000000e+02
2.521000000000000088e-06,6.153656334005379591e-01,0.000000000000000000e+00,6.158357771260997149e-01,6.300000000000000000e+02
2.522000000000000163e-06,6.156095353738999520e-01,1.000000000000000000e+00,6.158357771260997149e-01,6.300000000000000000e+02
2.522999999999999815e-06,6.158534373472630552e-01,0.000000000000000000e+00,6.158357771260997149e-01,6.300000000000000000e+02
2.523999999999999890e-06,6.160973393206260473e-01,0.000000000000000000e+00,6.158357771260997149e-01,6.300000000000000000e+02
2.524999999999999965e-06,6.163412412939880403e-01,0.000000000000000000e+00,6.168132942326490786e-01,6.310000000000000000e+02
2.526000000000000040e-06,6.165851432673510324e-01,0.000000000000000000e+00,6.168132942326490786e-01,6.310000000000000000e+02
2.527000000000000115e-06,6.168290452407130253e-01,0.000000000000000000e+00,6.168132942326490786e-01,6.310000000000000000e+02
2.528000000000000191e-06,6.170729472140760175e-01,1.000000000000000000e+00,6.168132942326490786e-01,6.310000000000000000e+02
2.528999999999999842e-06,6.173168491874390096e-01,0.000000000000000000e+00,6.177908113391984424e-01,6.320000000000000000e+02
2.529999999999999917e-06,6.175607511608020017e-01,0.000000000000000000e+00,6.177908113391984424e-01,6.320000000000000000e+02
2.530999999999999992e-06,6.178046531341639946e-01,0.000000000000000000e+00,6.177908113391984424e-01,6.320000000000000000e+02
2.532000000000000068e-06,6.180485551075269868e-01,0.000000000000000000e+00,6.177908113391984424e-01,6.320000000000000000e+02
2.533000000000000143e-06,6.182924570808899789e-01,0.000000000000000000e+00,6.187683284457478061e-01,6.330000000000000000e+02
2.533999999999999794e-06,6.185363590542519718e-01,0.000000000000000000e+00,6.187683284457478061e-01,6.330000000000000000e+02
2.534999999999999869e-06,6.187802610276149640e-01,0.000000000000000000e+00,6.187683284457478061e-01,6.330000000000000000e+02
2.535999999999999945e-06,6.190241630009769569e-01,0.000000000000000000e+00,6.187683284457478061e-01,6.330000000000000000e+02
2.537000000000000020e-06,6.192680649743399490e-01,0.000000000000000000e+00,6.197458455522971699e-01,6.340000000000000000e+02
2.538000000000000095e-06,6.195119669477030522e-01,0.000000000000000000e+00,6.197458455522971699e-01,6.340000000000000000e+02
2.539000000000000170e-06,6.197558689210650451e-01,1.000000000000000000e+00,6.197458455522971699e-01,6.340000000000000000e+02
2.539999999999999822e-06,6.199997708944280372e-01,0.000000000000000000e+00,6.197458455522971699e-01,6.340000000000000000e+02
2.540999999999999897e-06,6.202436728677910294e-01,0.000000000000000000e+00,6.207233626588465336e-01,6.350000000000000000e+02
2.541999999999999972e-06,6.204875748411540215e-01,0.000000000000000000e+00,6.207233626588465336e-01,6.350000000000000000e+02
2.543000000000000047e-06,6.207314768145160144e-01,0.000000000000000000e+00,6.207233626588465336e-01,6.350000000000000000e+02
2.544000000000000122e-06,6.209753787878790066e-01,0.000000000000000000e+00,6.207233626588465336e-01,6.350000000000000000e+02
2.545000000000000197e-06,6.212192807612409995e-01,1.000000000000000000e+00,6.217008797653958974e-01,6.360000000000000000e+02
2.545999999999999849e-06,6.214631827346039916e-01,0.000000000000000000e+00,6.217008797653958974e-01,6.360000000000000000e+02
2.546999999999999924e-06,6.217070847079669837e-01,0.000000000000000000e+00,6.217008797653958974e-01,6.360000000000000000e+02
2.547999999999999999e-06,6.219509866813289767e-01,0.000000000000000000e+00,6.217008797653958974e-01,6.360000000000000000e+02
2.549000000000000074e-06,6.221948886546919688e-01,0.000000000000000000e+00,6.226783968719452611e-01,6.370000000000000000e+02
2.550000000000000149e-06,6.224387906280549609e-01,0.000000000000000000e+00,6.226783968719452611e-01,6.370000000000000000e+02
2.550999999999999801e-06,6.226826926014169539e-01,0.000000000000000000e+00,6.226783968719452611e-01,6.370000000000000000e+02
2.551999999999999876e-06,6.229265945747799460e-01,0.000000000000000000e+00,6.226783968719452611e-01,6.370000000000000000e+02
2.552999999999999951e-06,6.231704965481430492e-01,0.000000000000000000e+00,6.236559139784946248e-01,6.380000000000000000e+02
2.554000000000000026e-06,6.234143985215050421e-01,0.000000000000000000e+00,6.236559139784946248e-01,6.380000000000000000e+02
2.555000000000000101e-06,6.236583004948680342e-01,0.000000000000000000e+00,6.236559139784946248e-01,6.380000000000000000e+02
2.556000000000000177e-06,6.239022024682310263e-01,1.000000000000000000e+00,6.236559139784946248e-01,6.380000000000000000e+02
2.556999999999999828e-06,6.241461044415930193e-01,0.000000000000000000e+00,6.246334310850439886e-01,6.390000000000000000e+02
2.557999999999999903e-06,6.243900064149560114e-01,0.000000000000000000e+00,6.246334310850439886e-01,6.390000000000000000e+02
2.558999999999999978e-06,6.246339083883190035e-01,0.000000000000000000e+00,6.246334310850439886e-01,6.390000000000000000e+02
2.560000000000000054e-06,6.248778103616809965e-01,0.000000000000000000e+00,6.246334310850439886e-01,6.390000000000000000e+02
2.561000000000000129e-06,6.251217123350439886e-01,0.000000000000000000e+00,6.256109481915933523e-01,6.400000000000000000e+02
2.562000000000000204e-06,6.253656143084069807e-01,1.000000000000000000e+00,6.256109481915933523e-01,6.400000000000000000e+02
2.562999999999999855e-06,6.256095162817689737e-01,0.000000000000000000e+00,6.256109481915933523e-01,6.400000000000000000e+02
2.563999999999999931e-06,6.258534182551319658e-01,0.000000000000000000e+00,6.256109481915933523e-01,6.400000000000000000e+02
2.565000000000000006e-06,6.260973202284949579e-01,0.000000000000000000e+00,6.265884652981427161e-01,6.410000000000000000e+02
2.566000000000000081e-06,6.263412222018569508e-01,0.000000000000000000e+00,6.265884652981427161e-01,6.410000000000000000e+02
2.567000000000000156e-06,6.265851241752200540e-01,0.000000000000000000e+00,6.265884652981427161e-01,6.410000000000000000e+02
2.567999999999999808e-06,6.268290261485830461e-01,0.000000000000000000e+00,6.265884652981427161e-01,6.410000000000000000e+02
2.568999999999999883e-06,6.270729281219450391e-01,0.000000000000000000e+00,6.275659824046920798e-01,6.420000000000000000e+02
2.569999999999999958e-06,6.273168300953080312e-01,0.000000000000000000e+00,6.275659824046920798e-01,6.420000000000000000e+02
2.571000000000000033e-06,6.275607320686700241e-01,0.000000000000000000e+00,6.275659824046920798e-01,6.420000000000000000e+02
2.572000000000000108e-06,6.278046340420330163e-01,0.000000000000000000e+00,6.275659824046920798e-01,6.420000000000000000e+02
2.573000000000000183e-06,6.280485360153960084e-01,1.000000000000000000e+00,6.285434995112414436e-01,6.430000000000000000e+02
2.573999999999999835e-06,6.282924379887590005e-01,0.000000000000000000e+00,6.285434995112414436e-01,6.430000000000000000e+02
2.574999999999999910e-06,6.285363399621209934e-01,0.000000000000000000e+00,6.285434995112414436e-01,6.430000000000000000e+02
2.575999999999999985e-06,6.287802419354839856e-01,0.000000000000000000e+00,6.285434995112414436e-01,6.430000000000000000e+02
2.577000000000000060e-06,6.290241439088469777e-01,0.000000000000000000e+00,6.295210166177908073e-01,6.440000000000000000e+02
2.578000000000000135e-06,6.292680458822089706e-01,0.000000000000000000e+00,6.295210166177908073e-01,6.440000000000000000e+02
2.579000000000000210e-06,6.295119478555719628e-01,1.000000000000000000e+00,6.295210166177908073e-01,6.440000000000000000e+02
2.579999999999999862e-06,6.297558498289339557e-01,0.000000000000000000e+00,6.295210166177908073e-01,6.440000000000000000e+02
2.580999999999999937e-06,6.299997518022969478e-01,0.000000000000000000e+00,6.304985337243401711e-01,6.450000000000000000e+02
2.582000000000000012e-06,6.302436537756600510e-01,0.000000000000000000e+00,6.304985337243401711e-01,6.450000000000000000e+02
2.583000000000000087e-06,6.304875557490220439e-01,0.000000000000000000e+00,6.304985337243401711e-01,6.450000000000000000e+02
2.584000000000000163e-06,6.307314577223850360e-01,1.000000000000000000e+00,6.304985337243401711e-01,6.450000000000000000e+02
2.584999999999999814e-06,6.309753596957480282e-01,0.000000000000000000e+00,6.314760508308895348e-01,6.460000000000000000e+02
2.585999999999999889e-06,6.312192616691100211e-01,0.000000000000000000e+00,6.314760508308895348e-01,6.460000000000000000e+02
2.586999999999999964e-06,6.314631636424730132e-01,0.000000000000000000e+00,6.314760508308895348e-01,6.460000000000000000e+02
2.588000000000000040e-06,6.317070656158360054e-01,0.000000000000000000e+00,6.314760508308895348e-01,6.460000000000000000e+02
2.589000000000000115e-06,6.319509675891979983e-01,0.000000000000000000e+00,6.314760508308895348e-01,6.460000000000000000e+02
2.590000000000000190e-06,6.321948695625609904e-01,1.000000000000000000e+00,6.324535679374388986e-01,6.470000000000000000e+02
2.590999999999999841e-06,6.324387715359239825e-01,0.000000000000000000e+00,6.324535679374388986e-01,6.470000000000000000e+02
2.591999999999999917e-06,6.326826735092859755e-01,0.000000000000000000e+00,6.324535679374388986e-01,6.470000000000000000e+02
2.592999999999999992e-06,6.329265754826489676e-01,0.000000000000000000e+00,6.324535679374388986e-01,6.470000000000000000e+02
2.594000000000000067e-06,6.331704774560119597e-01,0.000000000000000000e+00,6.334310850439882623e-01,6.480000000000000000e+02
2.595000000000000142e-06,6.334143794293739527e-01,0.000000000000000000e+00,6.334310850439882623e-01,6.480000000000000000e+02
2.595999999999999794e-06,6.336582814027369448e-01,0.000000000000000000e+00,6.334310850439882623e-01,6.480000000000000000e+02
2.596999999999999869e-06,6.339021833761000480e-01,0.000000000000000000e+00,6.334310850439882623e-01,6.480000000000000000e+02
2.597999999999999944e-06,6.341460853494620409e-01,0.000000000000000000e+00,6.344086021505376261e-01,6.490000000000000000e+02
2.599000000000000019e-06,6.343899873228250330e-01,0.000000000000000000e+00,6.344086021505376261e-01,6.490000000000000000e+02
2.600000000000000094e-06,6.346338892961880251e-01,0.000000000000000000e+00,6.344086021505376261e-01,6.490000000000000000e+02
2.601000000000000169e-06,6.348777912695500181e-01,1.000000000000000000e+00,6.344086021505376261e-01,6.490000000000000000e+02
2.601999999999999821e-06,6.351216932429130102e-01,0.000000000000000000e+00,6.353861192570869898e-01,6.500000000000000000e+02
2.602999999999999896e-06,6.353655952162760023e-01,0.000000000000000000e+00,6.353861192570869898e-01,6.500000000000000000e+02
2.603999999999999971e-06,6.356094971896379953e-01,0.000000000000000000e+00,6.353861192570869898e-01,6.500000000000000000e+02
2.605000000000000046e-06,6.358533991630009874e-01,0.000000000000000000e+00,6.353861192570869898e-01,6.500000000000000000e+02
2.606000000000000121e-06,6.360973011363639795e-01,0.000000000000000000e+00,6.363636363636363535e-01,6.510000000000000000e+02
2.607000000000000196e-06,6.363412031097259725e-01,1.000000000000000000e+00,6.363636363636363535e-01,6.510000000000000000e+02
2.607999999999999848e-06,6.365851050830889646e-01,0.000000000000000000e+00,6.363636363636363535e-01,6.510000000000000000e+02
2.608999999999999923e-06,6.368290070564519567e-01,0.000000000000000000e+00,6.363636363636363535e-01,6.510000000000000000e+02
2.609999999999999998e-06,6.370729090298139496e-01,0.000000000000000000e+00,6.373411534701857173e-01,6.520000000000000000e+02
2.611000000000000073e-06,6.373168110031770528e-01,0.000000000000000000e+00,6.373411534701857173e-01,6.520000000000000000e+02
2.612000000000000149e-06,6.375607129765400449e-01,0.000000000000000000e+00,6.373411534701857173e-01,6.520000000000000000e+02
2.612999999999999800e-06,6.378046149499020379e-01,0.000000000000000000e+00,6.373411534701857173e-01,6.520000000000000000e+02
2.613999999999999875e-06,6.380485169232650300e-01,0.000000000000000000e+00,6.383186705767350810e-01,6.530000000000000000e+02
2.614999999999999950e-06,6.382924188966270229e-01,0.000000000000000000e+00,6.383186705767350810e-01,6.530000000000000000e+02
2.616000000000000026e-06,6.385363208699900150e-01,0.000000000000000000e+00,6.383186705767350810e-01,6.530000000000000000e+02
2.617000000000000101e-06,6.387802228433530072e-01,0.000000000000000000e+00,6.383186705767350810e-01,6.530000000000000000e+02
2.618000000000000176e-06,6.390241248167159993e-01,1.000000000000000000e+00,6.392961876832844448e-01,6.540000000000000000e+02
2.618999999999999827e-06,6.392680267900779922e-01,0.000000000000000000e+00,6.392961876832844448e-01,6.540000000000000000e+02
2.619999999999999903e-06,6.395119287634409844e-01,0.000000000000000000e+00,6.392961876832844448e-01,6.540000000000000000e+02
2.620999999999999978e-06,6.397558307368029773e-01,0.000000000000000000e+00,6.392961876832844448e-01,6.540000000000000000e+02
2.622000000000000053e-06,6.399997327101659694e-01,0.000000000000000000e+00,6.402737047898338085e-01,6.550000000000000000e+02
2.623000000000000128e-06,6.402436346835289616e-01,0.000000000000000000e+00,6.402737047898338085e-01,6.550000000000000000e+02
2.624000000000000203e-06,6.404875366568919537e-01,1.000000000000000000e+00,6.402737047898338085e-01,6.550000000000000000e+02
2.624999999999999855e-06,6.407314386302539466e-01,0.000000000000000000e+00,6.402737047898338085e-01,6.550000000000000000e+02
2.625999999999999930e-06,6.409753406036170498e-01,0.000000000000000000e+00,6.412512218963831723e-01,6.560000000000000000e+02
2.627000000000000005e-06,6.412192425769790427e-01,0.000000000000000000e+00,6.412512218963831723e-01,6.560000000000000000e+02
2.628000000000000080e-06,6.414631445503420348e-01,0.000000000000000000e+00,6.412512218963831723e-01,6.560000000000000000e+02
2.629000000000000155e-06,6.417070465237050270e-01,0.000000000000000000e+00,6.412512218963831723e-01,6.560000000000000000e+02
2.629999999999999807e-06,6.419509484970670199e-01,0.000000000000000000e+00,6.422287390029325360e-01,6.570000000000000000e+02
2.630999999999999882e-06,6.421948504704300120e-01,0.000000000000000000e+00,6.422287390029325360e-01,6.570000000000000000e+02
2.631999999999999957e-06,6.424387524437930042e-01,0.000000000000000000e+00,6.422287390029325360e-01,6.570000000000000000e+02
2.633000000000000032e-06,6.426826544171549971e-01,0.000000000000000000e+00,6.422287390029325360e-01,6.570000000000000000e+02
2.634000000000000107e-06,6.429265563905179892e-01,0.000000000000000000e+00,6.432062561094818998e-01,6.580000000000000000e+02
2.635000000000000183e-06,6.431704583638809813e-01,1.000000000000000000e+00,6.432062561094818998e-01,6.580000000000000000e+02
2.635999999999999834e-06,6.434143603372429743e-01,0.000000000000000000e+00,6.432062561094818998e-01,6.580000000000000000e+02
2.636999999999999909e-06,6.436582623106059664e-01,0.000000000000000000e+00,6.432062561094818998e-01,6.580000000000000000e+02
2.637999999999999984e-06,6.439021642839689585e-01,0.000000000000000000e+00,6.441837732160312635e-01,6.590000000000000000e+02
2.639000000000000060e-06,6.441460662573309515e-01,0.000000000000000000e+00,6.441837732160312635e-01,6.590000000000000000e+02
2.640000000000000135e-06,6.443899682306940546e-01,0.000000000000000000e+00,6.441837732160312635e-01,6.590000000000000000e+02
2.641000000000000210e-06,6.446338702040570467e-01,1.000000000000000000e+00,6.441837732160312635e-01,6.590000000000000000e+02
2.641999999999999861e-06,6.448777721774190397e-01,0.000000000000000000e+00,6.451612903225806273e-01,6.600000000000000000e+02
2.642999999999999937e-06,6.451216741507820318e-01,0.000000000000000000e+00,6.451612903225806273e-01,6.600000000000000000e+02
2.644000000000000012e-06,6.453655761241450239e-01,0.000000000000000000e+00,6.451612903225806273e-01,6.600000000000000000e+02
2.645000000000000087e-06,6.456094780975070169e-01,0.000000000000000000e+00,6.451612903225806273e-01,6.600000000000000000e+02
2.646000000000000162e-06,6.458533800708700090e-01,0.000000000000000000e+00,6.461388074291299910e-01,6.610000000000000000e+02
2.646999999999999814e-06,6.460972820442330011e-01,0.000000000000000000e+00,6.461388074291299910e-01,6.610000000000000000e+02
2.647999999999999889e-06,6.463411840175949941e-01,0.000000000000000000e+00,6.461388074291299910e-01,6.610000000000000000e+02
2.648999999999999964e-06,6.465850859909579862e-01,0.000000000000000000e+00,6.461388074291299910e-01,6.610000000000000000e+02
2.650000000000000039e-06,6.468289879643209783e-01,0.000000000000000000e+00,6.471163245356793547e-01,6.620000000000000000e+02
2.651000000000000114e-06,6.470728899376829713e-01,0.000000000000000000e+00,6.471163245356793547e-01,6.620000000000000000e+02
2.652000000000000189e-06,6.473167919110459634e-01,1.000000000000000000e+00,6.471163245356793547e-01,6.620000000000000000e+02
2.652999999999999841e-06,6.475606938844089555e-01,0.000000000000000000e+00,6.471163245356793547e-01,6.620000000000000000e+02
2.653999999999999916e-06,6.478045958577709484e-01,0.000000000000000000e+00,6.480938416422287185e-01,6.630000000000000000e+02
2.654999999999999991e-06,6.480484978311340516e-01,0.000000000000000000e+00,6.480938416422287185e-01,6.630000000000000000e+02
2.656000000000000066e-06,6.482923998044960445e-01,0.000000000000000000e+00,6.480938416422287185e-01,6.630000000000000000e+02
2.657000000000000141e-06,6.485363017778590367e-01,0.000000000000000000e+00,6.480938416422287185e-01,6.630000000000000000e+02
2.657999999999999793e-06,6.487802037512220288e-01,0.000000000000000000e+00,6.490713587487780822e-01,6.640000000000000000e+02
2.658999999999999868e-06,6.490241057245850209e-01,0.000000000000000000e+00,6.490713587487780822e-01,6.640000000000000000e+02
2.659999999999999943e-06,6.492680076979470138e-01,0.000000000000000000e+00,6.490713587487780822e-01,6.640000000000000000e+02
2.661000000000000018e-06,6.495119096713100060e-01,0.000000000000000000e+00,6.490713587487780822e-01,6.640000000000000000e+02
2.662000000000000093e-06,6.497558116446729981e-01,0.000000000000000000e+00,6.500488758553274460e-01,6.650000000000000000e+02
2.663000000000000169e-06,6.499997136180349910e-01,1.000000000000000000e+00,6.500488758553274460e-01,6.650000000000000000e+02
2.663999999999999820e-06,6.502436155913979832e-01,0.000000000000000000e+00,6.500488758553274460e-01,6.650000000000000000e+02
2.664999999999999895e-06,6.504875175647609753e-01,0.000000000000000000e+00,6.500488758553274460e-01,6.650000000000000000e+02
2.665999999999999970e-06,6.507314195381229682e-01,0.000000000000000000e+00,6.510263929618768097e-01,6.660000000000000000e+02
2.667000000000000046e-06,6.509753215114859604e-01,0.000000000000000000e+00,6.510263929618768097e-01,6.660000000000000000e+02
2.668000000000000121e-06,6.512192234848489525e-01,0.000000000000000000e+00,6.510263929618768097e-01,6.660000000000000000e+02
2.669000000000000196e-06,6.514631254582109454e-01,1.000000000000000000e+00,6.510263929618768097e-01,6.660000000000000000e+02
2.669999999999999847e-06,6.517070274315740486e-01,0.000000000000000000e+00,6.520039100684261735e-01,6.670000000000000000e+02
2.670999999999999923e-06,6.519509294049360415e-01,0.000000000000000000e+00,6.520039100684261735e-01,6.670000000000000000e+02
2.671999999999999998e-06,6.521948313782990336e-01,0.000000000000000000e+00,6.520039100684261735e-01,6.670000000000000000e+02
2.673000000000000073e-06,6.524387333516620258e-01,0.000000000000000000e+00,6.520039100684261735e-01,6.670000000000000000e+02
2.674000000000000148e-06,6.526826353250240187e-01,0.000000000000000000e+00,6.529814271749755372e-01,6.680000000000000000e+02
2.674999999999999800e-06,6.529265372983870108e-01,0.000000000000000000e+00,6.529814271749755372e-01,6.680000000000000000e+02
2.675999999999999875e-06,6.531704392717500030e-01,0.000000000000000000e+00,6.529814271749755372e-01,6.680000000000000000e+02
2.676999999999999950e-06,6.534143412451119959e-01,0.000000000000000000e+00,6.529814271749755372e-01,6.680000000000000000e+02
2.678000000000000025e-06,6.536582432184749880e-01,0.000000000000000000e+00,6.539589442815249010e-01,6.690000000000000000e+02
2.679000000000000100e-06,6.539021451918379801e-01,0.000000000000000000e+00,6.539589442815249010e-01,6.690000000000000000e+02
2.680000000000000175e-06,6.541460471651999731e-01,1.000000000000000000e+00,6.539589442815249010e-01,6.690000000000000000e+02
2.680999999999999827e-06,6.543899491385629652e-01,0.000000000000000000e+00,6.539589442815249010e-01,6.690000000000000000e+02
2.681999999999999902e-06,6.546338511119259573e-01,0.000000000000000000e+00,6.549364613880742647e-01,6.700000000000000000e+02
2.682999999999999977e-06,6.548777530852879503e-01,0.000000000000000000e+00,6.549364613880742647e-01,6.700000000000000000e+02
2.684000000000000052e-06,6.551216550586510534e-01,0.000000000000000000e+00,6.549364613880742647e-01,6.700000000000000000e+02
2.685000000000000127e-06,6.553655570320140455e-01,0.000000000000000000e+00,6.549364613880742647e-01,6.700000000000000000e+02
2.686000000000000202e-06,6.556094590053760385e-01,1.000000000000000000e+00,6.559139784946236285e-01,6.710000000000000000e+02
2.686999999999999854e-06,6.558533609787390306e-01,0.000000000000000000e+00,6.559139784946236285e-01,6.710000000000000000e+02
2.687999999999999929e-06,6.560972629521020227e-01,0.000000000000000000e+00,6.559139784946236285e-01,6.710000000000000000e+02
2.689000000000000004e-06,6.563411649254640157e-01,0.000000000000000000e+00,6.559139784946236285e-01,6.710000000000000000e+02
2.690000000000000079e-06,6.565850668988270078e-01,0.000000000000000000e+00,6.568914956011729922e-01,6.720000000000000000e+02
2.691000000000000155e-06,6.568289688721899999e-01,0.000000000000000000e+00,6.568914956011729922e-01,6.720000000000000000e+02
2.691999999999999806e-06,6.570728708455519929e-01,0.000000000000000000e+00,6.568914956011729922e-01,6.720000000000000000e+02
2.692999999999999881e-06,6.573167728189149850e-01,0.000000000000000000e+00,6.568914956011729922e-01,6.720000000000000000e+02
2.693999999999999956e-06,6.575606747922779771e-01,0.000000000000000000e+00,6.578690127077223559e-01,6.730000000000000000e+02
2.695000000000000032e-06,6.578045767656399700e-01,0.000000000000000000e+00,6.578690127077223559e-01,6.730000000000000000e+02
2.696000000000000107e-06,6.580484787390029622e-01,0.000000000000000000e+00,6.578690127077223559e-01,6.730000000000000000e+02
2.697000000000000182e-06,6.582923807123659543e-01,1.000000000000000000e+00,6.578690127077223559e-01,6.730000000000000000e+02
2.697999999999999833e-06,6.585362826857279472e-01,0.000000000000000000e+00,6.588465298142717197e-01,6.740000000000000000e+02
2.698999999999999909e-06,6.587801846590910504e-01,0.000000000000000000e+00,6.588465298142717197e-01,6.740000000000000000e+02
2.699999999999999984e-06,6.590240866324530433e-01,0.000000000000000000e+00,6.588465298142717197e-01,6.740000000000000000e+02
2.701000000000000059e-06,6.592679886058160355e-01,0.000000000000000000e+00,6.588465298142717197e-01,6.740000000000000000e+02
2.702000000000000134e-06,6.595118905791790276e-01,0.000000000000000000e+00,6.598240469208210834e-01,6.750000000000000000e+02
2.703000000000000209e-06,6.597557925525410205e-01,1.000000000000000000e+00,6.598240469208210834e-01,6.750000000000000000e+02
2.703999999999999861e-06,6.599996945259040126e-01,0.000000000000000000e+00,6.598240469208210834e-01,6.750000000000000000e+02
2.704999999999999936e-06,6.602435964992670048e-01,0.000000000000000000e+00,6.598240469208210834e-01,6.750000000000000000e+02
2.706000000000000011e-06,6.604874984726289977e-01,0.000000000000000000e+00,6.608015640273704472e-01,6.760000000000000000e+02
2.707000000000000086e-06,6.607314004459919898e-01,0.000000000000000000e+00,6.608015640273704472e-01,6.760000000000000000e+02
2.708000000000000161e-06,6.609753024193549820e-01,0.000000000000000000e+00,6.608015640273704472e-01,6.760000000000000000e+02
2.708999999999999813e-06,6.612192043927179741e-01,0.000000000000000000e+00,6.608015640273704472e-01,6.760000000000000000e+02
2.709999999999999888e-06,6.614631063660799670e-01,0.000000000000000000e+00,6.617790811339198109e-01,6.770000000000000000e+02
2.710999999999999963e-06,6.617070083394429592e-01,0.000000000000000000e+00,6.617790811339198109e-01,6.770000000000000000e+02
2.712000000000000038e-06,6.619509103128049521e-01,0.000000000000000000e+00,6.617790811339198109e-01,6.770000000000000000e+02
2.713000000000000113e-06,6.621948122861680552e-01,0.000000000000000000e+00,6.617790811339198109e-01,6.770000000000000000e+02
2.714000000000000188e-06,6.624387142595310474e-01,1.000000000000000000e+00,6.627565982404691747e-01,6.780000000000000000e+02
2.714999999999999840e-06,6.626826162328930403e-01,0.000000000000000000e+00,6.627565982404691747e-01,6.780000000000000000e+02
2.715999999999999915e-06,6.629265182062560324e-01,0.000000000000000000e+00,6.627565982404691747e-01,6.780000000000000000e+02
2.716999999999999990e-06,6.631704201796190246e-01,0.000000000000000000e+00,6.627565982404691747e-01,6.780000000000000000e+02
2.718000000000000065e-06,6.634143221529810175e-01,0.000000000000000000e+00,6.637341153470185384e-01,6.790000000000000000e+02
2.719000000000000141e-06,6.636582241263440096e-01,0.000000000000000000e+00,6.637341153470185384e-01,6.790000000000000000e+02
2.719999999999999792e-06,6.639021260997070017e-01,0.000000000000000000e+00,6.637341153470185384e-01,6.790000000000000000e+02
2.720999999999999867e-06,6.641460280730689947e-01,0.000000000000000000e+00,6.637341153470185384e-01,6.790000000000000000e+02
2.721999999999999942e-06,6.643899300464319868e-01,0.000000000000000000e+00,6.647116324535679022e-01,6.800000000000000000e+02
2.723000000000000018e-06,6.646338320197949789e-01,0.000000000000000000e+00,6.647116324535679022e-01,6.800000000000000000e+02
2.724000000000000093e-06,6.648777339931569719e-01,0.000000000000000000e+00,6.647116324535679022e-01,6.800000000000000000e+02
2.725000000000000168e-06,6.651216359665199640e-01,0.000000000000000000e+00,6.647116324535679022e-01,6.800000000000000000e+02
2.725999999999999819e-06,6.653655379398829561e-01,0.000000000000000000e+00,6.656891495601172659e-01,6.810000000000000000e+02
2.726999999999999895e-06,6.656094399132449491e-01,0.000000000000000000e+00,6.656891495601172659e-01,6.810000000000000000e+02
2.727999999999999970e-06,6.658533418866080522e-01,0.000000000000000000e+00,6.656891495601172659e-01,6.810000000000000000e+02
2.729000000000000045e-06,6.660972438599710443e-01,0.000000000000000000e+00,6.656891495601172659e-01,6.810000000000000000e+02
2.730000000000000120e-06,6.663411458333330373e-01,0.000000000000000000e+00,6.666666666666666297e-01,6.820000000000000000e+02
2.731000000000000195e-06,6.665850478066960294e-01,1.000000000000000000e+00,6.666666666666666297e-01,6.820000000000000000e+02
2.731999999999999847e-06,6.668289497800590215e-01,0.000000000000000000e+00,6.666666666666666297e-01,6.820000000000000000e+02
2.732999999999999922e-06,6.670728517534210145e-01,0.000000000000000000e+00,6.666666666666666297e-01,6.820000000000000000e+02
2.733999999999999997e-06,6.673167537267840066e-01,0.000000000000000000e+00,6.676441837732159934e-01,6.830000000000000000e+02
2.735000000000000072e-06,6.675606557001459995e-01,0.000000000000000000e+00,6.676441837732159934e-01,6.830000000000000000e+02
2.736000000000000147e-06,6.678045576735089917e-01,0.000000000000000000e+00,6.676441837732159934e-01,6.830000000000000000e+02
2.736999999999999799e-06,6.680484596468719838e-01,0.000000000000000000e+00,6.676441837732159934e-01,6.830000000000000000e+02
2.737999999999999874e-06,6.682923616202349759e-01,0.000000000000000000e+00,6.686217008797653572e-01,6.840000000000000000e+02
2.738999999999999949e-06,6.685362635935969688e-01,0.000000000000000000e+00,6.686217008797653572e-01,6.840000000000000000e+02
2.740000000000000024e-06,6.687801655669599610e-01,0.000000000000000000e+00,6.686217008797653572e-01,6.840000000000000000e+02
2.741000000000000099e-06,6.690240675403229531e-01,0.000000000000000000e+00,6.686217008797653572e-01,6.840000000000000000e+02
2.742000000000000174e-06,6.692679695136849460e-01,1.000000000000000000e+00,6.695992179863147209e-01,6.850000000000000000e+02
2.742999999999999826e-06,6.695118714870480492e-01,0.000000000000000000e+00,6.695992179863147209e-01,6.850000000000000000e+02
2.743999999999999901e-06,6.697557734604100421e-01,0.000000000000000000e+00,6.695992179863147209e-01,6.850000000000000000e+02
2.744999999999999976e-06,6.699996754337730342e-01,0.000000000000000000e+00,6.695992179863147209e-01,6.850000000000000000e+02
2.746000000000000051e-06,6.702435774071360264e-01,0.000000000000000000e+00,6.705767350928640846e-01,6.860000000000000000e+02
2.747000000000000127e-06,6.704874793804980193e-01,0.000000000000000000e+00,6.705767350928640846e-01,6.860000000000000000e+02
2.748000000000000202e-06,6.707313813538610114e-01,1.000000000000000000e+00,6.705767350928640846e-01,6.860000000000000000e+02
2.748999999999999853e-06,6.709752833272240036e-01,0.000000000000000000e+00,6.705767350928640846e-01,6.860000000000000000e+02
2.749999999999999928e-06,6.712191853005869957e-01,0.000000000000000000e+00,6.715542521994134484e-01,6.870000000000000000e+02
2.751000000000000004e-06,6.714630872739489886e-01,0.000000000000000000e+00,6.715542521994134484e-01,6.870000000000000000e+02
2.752000000000000079e-06,6.717069892473119808e-01,0.000000000000000000e+00,6.715542521994134484e-01,6.870000000000000000e+02
2.753000000000000154e-06,6.719508912206749729e-01,0.000000000000000000e+00,6.715542521994134484e-01,6.870000000000000000e+02
2.753999999999999805e-06,6.721947931940369658e-01,0.000000000000000000e+00,6.725317693059628121e-01,6.880000000000000000e+02
2.754999999999999881e-06,6.724386951673999580e-01,0.000000000000000000e+00,6.725317693059628121e-01,6.880000000000000000e+02
2.755999999999999956e-06,6.726825971407619509e-01,0.000000000000000000e+00,6.725317693059628121e-01,6.880000000000000000e+02
2.757000000000000031e-06,6.729264991141250540e-01,0.000000000000000000e+00,6.725317693059628121e-01,6.880000000000000000e+02
2.758000000000000106e-06,6.731704010874880462e-01,0.000000000000000000e+00,6.735092864125121759e-01,6.890000000000000000e+02
2.759000000000000181e-06,6.734143030608500391e-01,1.000000000000000000e+00,6.735092864125121759e-01,6.890000000000000000e+02
2.759999999999999833e-06,6.736582050342130312e-01,0.000000000000000000e+00,6.735092864125121759e-01,6.890000000000000000e+02
2.760999999999999908e-06,6.739021070075760234e-01,0.000000000000000000e+00,6.735092864125121759e-01,6.890000000000000000e+02
2.761999999999999983e-06,6.741460089809380163e-01,0.000000000000000000e+00,6.744868035190615396e-01,6.900000000000000000e+02
2.763000000000000058e-06,6.743899109543010084e-01,0.000000000000000000e+00,6.744868035190615396e-01,6.900000000000000000e+02
2.764000000000000133e-06,6.746338129276640005e-01,0.000000000000000000e+00,6.744868035190615396e-01,6.900000000000000000e+02
2.765000000000000208e-06,6.748777149010259935e-01,1.000000000000000000e+00,6.744868035190615396e-01,6.900000000000000000e+02
2.765999999999999860e-06,6.751216168743889856e-01,0.000000000000000000e+00,6.754643206256109034e-01,6.910000000000000000e+02
2.766999999999999935e-06,6.753655188477519777e-01,0.000000000000000000e+00,6.754643206256109034e-01,6.910000000000000000e+02
2.768000000000000010e-06,6.756094208211139707e-01,0.000000000000000000e+00,6.754643206256109034e-01,6.910000000000000000e+02
2.769000000000000085e-06,6.758533227944769628e-01,0.000000000000000000e+00,6.754643206256109034e-01,6.910000000000000000e+02
2.770000000000000161e-06,6.760972247678399549e-01,0.000000000000000000e+00,6.764418377321602671e-01,6.920000000000000000e+02
2.770999999999999812e-06,6.763411267412019479e-01,0.000000000000000000e+00,6.764418377321602671e-01,6.920000000000000000e+02
2.771999999999999887e-06,6.765850287145650510e-01,0.000000000000000000e+00,6.764418377321602671e-01,6.920000000000000000e+02
2.772999999999999962e-06,6.768289306879280431e-01,0.000000000000000000e+00,6.764418377321602671e-01,6.920000000000000000e+02
2.774000000000000038e-06,6.770728326612900361e-01,0.000000000000000000e+00,6.774193548387096309e-01,6.930000000000000000e+02
2.775000000000000113e-06,6.773167346346530282e-01,0.000000000000000000e+00,6.774193548387096309e-01,6.930000000000000000e+02
2.776000000000000188e-06,6.775606366080160203e-01,1.000000000000000000e+00,6.774193548387096309e-01,6.930000000000000000e+02
2.776999999999999839e-06,6.778045385813780133e-01,0.000000000000000000e+00,6.774193548387096309e-01,6.930000000000000000e+02
2.777999999999999915e-06,6.780484405547410054e-01,0.000000000000000000e+00,6.783968719452589946e-01,6.940000000000000000e+02
2.778999999999999990e-06,6.782923425281039975e-01,0.000000000000000000e+00,6.783968719452589946e-01,6.940000000000000000e+02
2.780000000000000065e-06,6.785362445014659905e-01,0.000000000000000000e+00,6.783968719452589946e-01,6.940000000000000000e+02
2.781000000000000140e-06,6.787801464748289826e-01,0.000000000000000000e+00,6.783968719452589946e-01,6.940000000000000000e+02
2.781999999999999792e-06,6.790240484481919747e-01,0.000000000000000000e+00,6.793743890518083584e-01,6.950000000000000000e+02
2.782999999999999867e-06,6.792679504215539676e-01,0.000000000000000000e+00,6.793743890518083584e-01,6.950000000000000000e+02
2.783999999999999942e-06,6.795118523949169598e-01,0.000000000000000000e+00,6.793743890518083584e-01,6.950000000000000000e+02
2.785000000000000017e-06,6.797557543682799519e-01,0.000000000000000000e+00,6.793743890518083584e-01,6.950000000000000000e+02
2.786000000000000092e-06,6.799996563416419448e-01,0.000000000000000000e+00,6.803519061583577221e-01,6.960000000000000000e+02
2.787000000000000167e-06,6.802435583150050480e-01,0.000000000000000000e+00,6.803519061583577221e-01,6.960000000000000000e+02
2.787999999999999819e-06,6.804874602883680401e-01,0.000000000000000000e+00,6.803519061583577221e-01,6.960000000000000000e+02
2.788999999999999894e-06,6.807313622617300330e-01,0.000000000000000000e+00,6.803519061583577221e-01,6.960000000000000000e+02
2.789999999999999969e-06,6.809752642350930252e-01,0.000000000000000000e+00,6.813294232649070858e-01,6.970000000000000000e+02
2.791000000000000044e-06,6.812191662084550181e-01,0.000000000000000000e+00,6.813294232649070858e-01,6.970000000000000000e+02
2.792000000000000119e-06,6.814630681818180102e-01,0.000000000000000000e+00,6.813294232649070858e-01,6.970000000000000000e+02
2.793000000000000194e-06,6.817069701551810024e-01,1.000000000000000000e+00,6.813294232649070858e-01,6.970000000000000000e+02
2.793999999999999846e-06,6.819508721285439945e-01,0.000000000000000000e+00,6.823069403714564496e-01,6.980000000000000000e+02
2.794999999999999921e-06,6.821947741019059874e-01,0.000000000000000000e+00,6.823069403714564496e-01,6.980000000000000000e+02
2.795999999999999996e-06,6.824386760752689796e-01,0.000000000000000000e+00,6.823069403714564496e-01,6.980000000000000000e+02
2.797000000000000071e-06,6.826825780486309725e-01,0.000000000000000000e+00,6.823069403714564496e-01,6.980000000000000000e+02
2.798000000000000147e-06,6.829264800219939646e-01,0.000000000000000000e+00,6.832844574780058133e-01,6.990000000000000000e+02
2.798999999999999798e-06,6.831703819953569568e-01,0.000000000000000000e+00,6.832844574780058133e-01,6.990000000000000000e+02
2.799999999999999873e-06,6.834142839687189497e-01,0.000000000000000000e+00,6.832844574780058133e-01,6.990000000000000000e+02
2.800999999999999948e-06,6.836581859420820528e-01,0.000000000000000000e+00,6.832844574780058133e-01,6.990000000000000000e+02
2.802000000000000024e-06,6.839020879154450450e-01,0.000000000000000000e+00,6.842619745845551771e-01,7.000000000000000000e+02
2.803000000000000099e-06,6.841459898888070379e-01,0.000000000000000000e+00,6.842619745845551771e-01,7.000000000000000000e+02
2.804000000000000174e-06,6.843898918621700300e-01,0.000000000000000000e+00,6.842619745845551771e-01,7.000000000000000000e+02
2.804999999999999825e-06,6.846337938355330222e-01,0.000000000000000000e+00,6.842619745845551771e-01,7.000000000000000000e+02
2.805999999999999901e-06,6.848776958088950151e-01,0.000000000000000000e+00,6.852394916911045408e-01,7.010000000000000000e+02
2.806999999999999976e-06,6.851215977822580072e-01,0.000000000000000000e+00,6.852394916911045408e-01,7.010000000000000000e+02
2.808000000000000051e-06,6.853654997556209993e-01,0.000000000000000000e+00,6.852394916911045408e-01,7.010000000000000000e+02
2.809000000000000126e-06,6.856094017289829923e-01,0.000000000000000000e+00,6.852394916911045408e-01,7.010000000000000000e+02
2.810000000000000201e-06,6.858533037023459844e-01,1.000000000000000000e+00,6.862170087976539046e-01,7.020000000000000000e+02
2.810999999999999853e-06,6.860972056757089765e-01,0.000000000000000000e+00,6.862170087976539046e-01,7.020000000000000000e+02
2.811999999999999928e-06,6.863411076490709695e-01,0.000000000000000000e+00,6.862170087976539046e-01,7.020000000000000000e+02
2.813000000000000003e-06,6.865850096224339616e-01,0.000000000000000000e+00,6.862170087976539046e-01,7.020000000000000000e+02
2.814000000000000078e-06,6.868289115957969537e-01,0.000000000000000000e+00,6.871945259042032683e-01,7.030000000000000000e+02
2.815000000000000153e-06,6.870728135691589467e-01,0.000000000000000000e+00,6.871945259042032683e-01,7.030000000000000000e+02
2.815999999999999805e-06,6.873167155425220498e-01,0.000000000000000000e+00,6.871945259042032683e-01,7.030000000000000000e+02
2.816999999999999880e-06,6.875606175158850419e-01,0.000000000000000000e+00,6.871945259042032683e-01,7.030000000000000000e+02
2.817999999999999955e-06,6.878045194892470349e-01,0.000000000000000000e+00,6.881720430107527431e-01,7.040000000000000000e+02
2.819000000000000030e-06,6.880484214626100270e-01,0.000000000000000000e+00,6.881720430107527431e-01,7.040000000000000000e+02
2.820000000000000105e-06,6.882923234359730191e-01,0.000000000000000000e+00,6.881720430107527431e-01,7.040000000000000000e+02
2.821000000000000180e-06,6.885362254093350121e-01,1.000000000000000000e+00,6.881720430107527431e-01,7.040000000000000000e+02
2.821999999999999832e-06,6.887801273826980042e-01,0.000000000000000000e+00,6.891495601173021068e-01,7.050000000000000000e+02
2.822999999999999907e-06,6.890240293560609963e-01,0.000000000000000000e+00,6.891495601173021068e-01,7.050000000000000000e+02
2.823999999999999982e-06,6.892679313294229893e-01,0.000000000000000000e+00,6.891495601173021068e-01,7.050000000000000000e+02
2.825000000000000057e-06,6.895118333027859814e-01,0.000000000000000000e+00,6.891495601173021068e-01,7.050000000000000000e+02
2.826000000000000133e-06,6.897557352761489735e-01,0.000000000000000000e+00,6.901270772238514706e-01,7.060000000000000000e+02
2.827000000000000208e-06,6.899996372495109664e-01,1.000000000000000000e+00,6.901270772238514706e-01,7.060000000000000000e+02
2.827999999999999859e-06,6.902435392228739586e-01,0.000000000000000000e+00,6.901270772238514706e-01,7.060000000000000000e+02
2.828999999999999934e-06,6.904874411962369507e-01,0.000000000000000000e+00,6.901270772238514706e-01,7.060000000000000000e+02
2.830000000000000010e-06,6.907313431695990547e-01,0.000000000000000000e+00,6.911045943304008343e-01,7.070000000000000000e+02
2.831000000000000085e-06,6.909752451429620468e-01,0.000000000000000000e+00,6.911045943304008343e-01,7.070000000000000000e+02
2.832000000000000160e-06,6.912191471163240397e-01,0.000000000000000000e+00,6.911045943304008343e-01,7.070000000000000000e+02
2.832999999999999811e-06,6.914630490896870318e-01,0.000000000000000000e+00,6.911045943304008343e-01,7.070000000000000000e+02
2.833999999999999887e-06,6.917069510630500240e-01,0.000000000000000000e+00,6.920821114369501981e-01,7.080000000000000000e+02
2.834999999999999962e-06,6.919508530364120169e-01,0.000000000000000000e+00,6.920821114369501981e-01,7.080000000000000000e+02
2.836000000000000037e-06,6.921947550097750090e-01,0.000000000000000000e+00,6.920821114369501981e-01,7.080000000000000000e+02
2.837000000000000112e-06,6.924386569831380012e-01,0.000000000000000000e+00,6.920821114369501981e-01,7.080000000000000000e+02
2.838000000000000187e-06,6.926825589565009933e-01,1.000000000000000000e+00,6.930596285434995618e-01,7.090000000000000000e+02
2.838999999999999839e-06,6.929264609298629862e-01,0.000000000000000000e+00,6.930596285434995618e-01,7.090000000000000000e+02
2.839999999999999914e-06,6.931703629032259784e-01,0.000000000000000000e+00,6.930596285434995618e-01,7.090000000000000000e+02
2.840999999999999989e-06,6.934142648765879713e-01,0.000000000000000000e+00,6.930596285434995618e-01,7.090000000000000000e+02
2.842000000000000064e-06,6.936581668499509634e-01,0.000000000000000000e+00,6.940371456500489256e-01,7.100000000000000000e+02
2.843000000000000139e-06,6.939020688233139555e-01,0.000000000000000000e+00,6.940371456500489256e-01,7.100000000000000000e+02
2.843999999999999791e-06,6.941459707966769477e-01,0.000000000000000000e+00,6.940371456500489256e-01,7.100000000000000000e+02
2.844999999999999866e-06,6.943898727700390516e-01,0.000000000000000000e+00,6.940371456500489256e-01,7.100000000000000000e+02
2.845999999999999941e-06,6.946337747434020438e-01,0.000000000000000000e+00,6.950146627565982893e-01,7.110000000000000000e+02
2.847000000000000016e-06,6.948776767167640367e-01,0.000000000000000000e+00,6.950146627565982893e-01,7.110000000000000000e+02
2.848000000000000091e-06,6.951215786901270288e-01,0.000000000000000000e+00,6.950146627565982893e-01,7.110000000000000000e+02
2.849000000000000166e-06,6.953654806634900210e-01,0.000000000000000000e+00,6.950146627565982893e-01,7.110000000000000000e+02
2.849999999999999818e-06,6.956093826368520139e-01,0.000000000000000000e+00,6.959921798631476531e-01,7.120000000000000000e+02
2.850999999999999893e-06,6.958532846102150060e-01,0.000000000000000000e+00,6.959921798631476531e-01,7.120000000000000000e+02
2.851999999999999968e-06,6.960971865835779981e-01,0.000000000000000000e+00,6.959921798631476531e-01,7.120000000000000000e+02
2.853000000000000043e-06,6.963410885569399911e-01,0.000000000000000000e+00,6.959921798631476531e-01,7.120000000000000000e+02
2.854000000000000119e-06,6.965849905303029832e-01,0.000000000000000000e+00,6.969696969696970168e-01,7.130000000000000000e+02
2.855000000000000194e-06,6.968288925036659753e-01,1.000000000000000000e+00,6.969696969696970168e-01,7.130000000000000000e+02
2.855999999999999845e-06,6.970727944770279683e-01,0.000000000000000000e+00,6.969696969696970168e-01,7.130000000000000000e+02
2.856999999999999920e-06,6.973166964503909604e-01,0.000000000000000000e+00,6.969696969696970168e-01,7.130000000000000000e+02
2.857999999999999996e-06,6.975605984237539525e-01,0.000000000000000000e+00,6.979472140762463805e-01,7.140000000000000000e+02
2.859000000000000071e-06,6.978045003971159455e-01,0.000000000000000000e+00,6.979472140762463805e-01,7.140000000000000000e+02
2.860000000000000146e-06,6.980484023704790486e-01,0.000000000000000000e+00,6.979472140762463805e-01,7.140000000000000000e+02
2.860999999999999797e-06,6.982923043438420407e-01,0.000000000000000000e+00,6.979472140762463805e-01,7.140000000000000000e+02
2.861999999999999873e-06,6.985362063172040337e-01,0.000000000000000000e+00,6.989247311827957443e-01,7.150000000000000000e+02
2.862999999999999948e-06,6.987801082905670258e-01,0.000000000000000000e+00,6.989247311827957443e-01,7.150000000000000000e+02
2.864000000000000023e-06,6.990240102639300179e-01,0.000000000000000000e+00,6.989247311827957443e-01,7.150000000000000000e+02
2.865000000000000098e-06,6.992679122372920109e-01,0.000000000000000000e+00,6.989247311827957443e-01,7.150000000000000000e+02
2.866000000000000173e-06,6.995118142106550030e-01,0.000000000000000000e+00,6.999022482893451080e-01,7.160000000000000000e+02
2.866999999999999825e-06,6.997557161840179951e-01,0.000000000000000000e+00,6.999022482893451080e-01,7.160000000000000000e+02
2.867999999999999900e-06,6.999996181573799880e-01,0.000000000000000000e+00,6.999022482893451080e-01,7.160000000000000000e+02
2.868999999999999975e-06,7.002435201307429802e-01,0.000000000000000000e+00,6.999022482893451080e-01,7.160000000000000000e+02
2.870000000000000050e-06,7.004874221041059723e-01,0.000000000000000000e+00,7.008797653958944718e-01,7.170000000000000000e+02
2.871000000000000125e-06,7.007313240774679652e-01,0.000000000000000000e+00,7.008797653958944718e-01,7.170000000000000000e+02
2.872000000000000200e-06,7.009752260508309574e-01,1.000000000000000000e+00,7.008797653958944718e-01,7.170000000000000000e+02
2.872999999999999852e-06,7.012191280241939495e-01,0.000000000000000000e+00,7.008797653958944718e-01,7.170000000000000000e+02
2.873999999999999927e-06,7.014630299975560535e-01,0.000000000000000000e+00,7.018572825024438355e-01,7.180000000000000000e+02
2.875000000000000002e-06,7.017069319709190456e-01,0.000000000000000000e+00,7.018572825024438355e-01,7.180000000000000000e+02
2.876000000000000077e-06,7.019508339442810385e-01,0.000000000000000000e+00,7.018572825024438355e-01,7.180000000000000000e+02
2.877000000000000153e-06,7.021947359176440306e-01,0.000000000000000000e+00,7.018572825024438355e-01,7.180000000000000000e+02
2.877999999999999804e-06,7.024386378910070228e-01,0.000000000000000000e+00,7.028347996089931993e-01,7.190000000000000000e+02
2.878999999999999879e-06,7.026825398643690157e-01,0.000000000000000000e+00,7.028347996089931993e-01,7.190000000000000000e+02
2.879999999999999954e-06,7.029264418377320078e-01,0.000000000000000000e+00,7.028347996089931993e-01,7.190000000000000000e+02
2.881000000000000030e-06,7.031703438110950000e-01,0.000000000000000000e+00,7.028347996089931993e-01,7.190000000000000000e+02
2.882000000000000105e-06,7.034142457844569929e-01,0.000000000000000000e+00,7.038123167155425630e-01,7.200000000000000000e+02
2.883000000000000180e-06,7.036581477578199850e-01,1.000000000000000000e+00,7.038123167155425630e-01,7.200000000000000000e+02
2.883999999999999831e-06,7.039020497311829772e-01,0.000000000000000000e+00,7.038123167155425630e-01,7.200000000000000000e+02
2.884999999999999907e-06,7.041459517045449701e-01,0.000000000000000000e+00,7.038123167155425630e-01,7.200000000000000000e+02
2.885999999999999982e-06,7.043898536779079622e-01,0.000000000000000000e+00,7.047898338220919268e-01,7.210000000000000000e+02
2.887000000000000057e-06,7.046337556512709543e-01,0.000000000000000000e+00,7.047898338220919268e-01,7.210000000000000000e+02
2.888000000000000132e-06,7.048776576246329473e-01,0.000000000000000000e+00,7.047898338220919268e-01,7.210000000000000000e+02
2.889000000000000207e-06,7.051215595979960504e-01,1.000000000000000000e+00,7.047898338220919268e-01,7.210000000000000000e+02
2.889999999999999859e-06,7.053654615713590426e-01,0.000000000000000000e+00,7.057673509286412905e-01,7.220000000000000000e+02
2.890999999999999934e-06,7.056093635447210355e-01,0.000000000000000000e+00,7.057673509286412905e-01,7.220000000000000000e+02
2.892000000000000009e-06,7.058532655180840276e-01,0.000000000000000000e+00,7.057673509286412905e-01,7.220000000000000000e+02
2.893000000000000084e-06,7.060971674914470197e-01,0.000000000000000000e+00,7.057673509286412905e-01,7.220000000000000000e+02
2.894000000000000159e-06,7.063410694648090127e-01,0.000000000000000000e+00,7.067448680351906543e-01,7.230000000000000000e+02
2.894999999999999811e-06,7.065849714381720048e-01,0.000000000000000000e+00,7.067448680351906543e-01,7.230000000000000000e+02
2.895999999999999886e-06,7.068288734115349969e-01,0.000000000000000000e+00,7.067448680351906543e-01,7.230000000000000000e+02
2.896999999999999961e-06,7.070727753848969899e-01,0.000000000000000000e+00,7.067448680351906543e-01,7.230000000000000000e+02
2.898000000000000036e-06,7.073166773582599820e-01,0.000000000000000000e+00,7.077223851417400180e-01,7.240000000000000000e+02
2.899000000000000111e-06,7.075605793316229741e-01,0.000000000000000000e+00,7.077223851417400180e-01,7.240000000000000000e+02
2.900000000000000186e-06,7.078044813049849671e-01,1.000000000000000000e+00,7.077223851417400180e-01,7.240000000000000000e+02
2.900999999999999838e-06,7.080483832783479592e-01,0.000000000000000000e+00,7.077223851417400180e-01,7.240000000000000000e+02
2.901999999999999913e-06,7.082922852517109513e-01,0.000000000000000000e+00,7.086999022482893817e-01,7.250000000000000000e+02
2.902999999999999988e-06,7.085361872250730553e-01,0.000000000000000000e+00,7.086999022482893817e-01,7.250000000000000000e+02
2.904000000000000063e-06,7.087800891984360474e-01,0.000000000000000000e+00,7.086999022482893817e-01,7.250000000000000000e+02
2.905000000000000139e-06,7.090239911717990395e-01,0.000000000000000000e+00,7.086999022482893817e-01,7.250000000000000000e+02
2.905999999999999790e-06,7.092678931451610325e-01,0.000000000000000000e+00,7.096774193548387455e-01,7.260000000000000000e+02
2.906999999999999865e-06,7.095117951185240246e-01,0.000000000000000000e+00,7.096774193548387455e-01,7.260000000000000000e+02
2.907999999999999940e-06,7.097556970918870167e-01,0.000000000000000000e+00,7.096774193548387455e-01,7.260000000000000000e+02
2.909000000000000016e-06,7.099995990652490097e-01,0.000000000000000000e+00,7.096774193548387455e-01,7.260000000000000000e+02
2.910000000000000091e-06,7.102435010386120018e-01,0.000000000000000000e+00,7.106549364613881092e-01,7.270000000000000000e+02
2.911000000000000166e-06,7.104874030119739947e-01,0.000000000000000000e+00,7.106549364613881092e-01,7.270000000000000000e+02
2.911999999999999817e-06,7.107313049853369868e-01,0.000000000000000000e+00,7.106549364613881092e-01,7.270000000000000000e+02
2.912999999999999893e-06,7.109752069586999790e-01,0.000000000000000000e+00,7.106549364613881092e-01,7.270000000000000000e+02
2.913999999999999968e-06,7.112191089320629711e-01,0.000000000000000000e+00,7.116324535679374730e-01,7.280000000000000000e+02
2.915000000000000043e-06,7.114630109054249640e-01,0.000000000000000000e+00,7.116324535679374730e-01,7.280000000000000000e+02
2.916000000000000118e-06,7.117069128787879562e-01,0.000000000000000000e+00,7.116324535679374730e-01,7.280000000000000000e+02
2.917000000000000193e-06,7.119508148521509483e-01,1.000000000000000000e+00,7.116324535679374730e-01,7.280000000000000000e+02
2.917999999999999845e-06,7.121947168255130522e-01,0.000000000000000000e+00,7.126099706744868367e-01,7.290000000000000000e+02
2.918999999999999920e-06,7.124386187988760444e-01,0.000000000000000000e+00,7.126099706744868367e-01,7.290000000000000000e+02
2.919999999999999995e-06,7.126825207722380373e-01,0.000000000000000000e+00,7.126099706744868367e-01,7.290000000000000000e+02
2.921000000000000070e-06,7.129264227456010294e-01,0.000000000000000000e+00,7.126099706744868367e-01,7.290000000000000000e+02
2.922000000000000145e-06,7.131703247189640216e-01,0.000000000000000000e+00,7.135874877810362005e-01,7.300000000000000000e+02
2.922999999999999797e-06,7.134142266923260145e-01,0.000000000000000000e+00,7.135874877810362005e-01,7.300000000000000000e+02
2.923999999999999872e-06,7.136581286656890066e-01,0.000000000000000000e+00,7.135874877810362005e-01,7.300000000000000000e+02
2.924999999999999947e-06,7.139020306390519988e-01,0.000000000000000000e+00,7.135874877810362005e-01,7.300000000000000000e+02
2.926000000000000022e-06,7.141459326124139917e-01,0.000000000000000000e+00,7.145650048875855642e-01,7.310000000000000000e+02
2.927000000000000097e-06,7.143898345857769838e-01,0.000000000000000000e+00,7.145650048875855642e-01,7.310000000000000000e+02
2.928000000000000172e-06,7.146337365591399760e-01,0.000000000000000000e+00,7.145650048875855642e-01,7.310000000000000000e+02
2.928999999999999824e-06,7.148776385325029681e-01,0.000000000000000000e+00,7.145650048875855642e-01,7.310000000000000000e+02
2.929999999999999899e-06,7.151215405058649610e-01,0.000000000000000000e+00,7.155425219941349280e-01,7.320000000000000000e+02
2.930999999999999974e-06,7.153654424792279531e-01,0.000000000000000000e+00,7.155425219941349280e-01,7.320000000000000000e+02
2.932000000000000049e-06,7.156093444525899461e-01,0.000000000000000000e+00,7.155425219941349280e-01,7.320000000000000000e+02
2.933000000000000125e-06,7.158532464259530492e-01,0.000000000000000000e+00,7.155425219941349280e-01,7.320000000000000000e+02
2.934000000000000200e-06,7.160971483993160414e-01,1.000000000000000000e+00,7.165200391006842917e-01,7.330000000000000000e+02
2.934999999999999851e-06,7.163410503726780343e-01,0.000000000000000000e+00,7.165200391006842917e-01,7.330000000000000000e+02
2.935999999999999926e-06,7.165849523460410264e-01,0.000000000000000000e+00,7.165200391006842917e-01,7.330000000000000000e+02
2.937000000000000002e-06,7.168288543194040185e-01,0.000000000000000000e+00,7.165200391006842917e-01,7.330000000000000000e+02
2.938000000000000077e-06,7.170727562927660115e-01,0.000000000000000000e+00,7.174975562072336555e-01,7.340000000000000000e+02
2.939000000000000152e-06,7.173166582661290036e-01,0.000000000000000000e+00,7.174975562072336555e-01,7.340000000000000000e+02
2.939999999999999803e-06,7.175605602394919957e-01,0.000000000000000000e+00,7.174975562072336555e-01,7.340000000000000000e+02
2.940999999999999879e-06,7.178044622128539887e-01,0.000000000000000000e+00,7.174975562072336555e-01,7.340000000000000000e+02
2.941999999999999954e-06,7.180483641862169808e-01,0.000000000000000000e+00,7.184750733137830192e-01,7.350000000000000000e+02
2.943000000000000029e-06,7.182922661595799729e-01,0.000000000000000000e+00,7.184750733137830192e-01,7.350000000000000000e+02
2.944000000000000104e-06,7.185361681329419659e-01,0.000000000000000000e+00,7.184750733137830192e-01,7.350000000000000000e+02
2.945000000000000179e-06,7.187800701063049580e-01,0.000000000000000000e+00,7.184750733137830192e-01,7.350000000000000000e+02
2.945999999999999831e-06,7.190239720796679501e-01,0.000000000000000000e+00,7.194525904203323829e-01,7.360000000000000000e+02
2.946999999999999906e-06,7.192678740530300541e-01,0.000000000000000000e+00,7.194525904203323829e-01,7.360000000000000000e+02
2.947999999999999981e-06,7.195117760263930462e-01,0.000000000000000000e+00,7.194525904203323829e-01,7.360000000000000000e+02
2.949000000000000056e-06,7.197556779997560383e-01,0.000000000000000000e+00,7.194525904203323829e-01,7.360000000000000000e+02
2.950000000000000131e-06,7.199995799731180313e-01,0.000000000000000000e+00,7.204301075268817467e-01,7.370000000000000000e+02
2.951000000000000206e-06,7.202434819464810234e-01,1.000000000000000000e+00,7.204301075268817467e-01,7.370000000000000000e+02
2.951999999999999858e-06,7.204873839198440155e-01,0.000000000000000000e+00,7.204301075268817467e-01,7.370000000000000000e+02
2.952999999999999933e-06,7.207312858932060085e-01,0.000000000000000000e+00,7.204301075268817467e-01,7.370000000000000000e+02
2.954000000000000008e-06,7.209751878665690006e-01,0.000000000000000000e+00,7.214076246334311104e-01,7.380000000000000000e+02
2.955000000000000083e-06,7.212190898399309935e-01,0.000000000000000000e+00,7.214076246334311104e-01,7.380000000000000000e+02
2.956000000000000158e-06,7.214629918132939856e-01,0.000000000000000000e+00,7.214076246334311104e-01,7.380000000000000000e+02
2.956999999999999810e-06,7.217068937866569778e-01,0.000000000000000000e+00,7.214076246334311104e-01,7.380000000000000000e+02
2.957999999999999885e-06,7.219507957600199699e-01,0.000000000000000000e+00,7.223851417399804742e-01,7.390000000000000000e+02
2.958999999999999960e-06,7.221946977333819628e-01,0.000000000000000000e+00,7.223851417399804742e-01,7.390000000000000000e+02
2.960000000000000035e-06,7.224385997067449550e-01,0.000000000000000000e+00,7.223851417399804742e-01,7.390000000000000000e+02
2.961000000000000111e-06,7.226825016801079471e-01,0.000000000000000000e+00,7.223851417399804742e-01,7.390000000000000000e+02
2.962000000000000186e-06,7.229264036534700510e-01,1.000000000000000000e+00,7.233626588465298379e-01,7.400000000000000000e+02
2.962999999999999837e-06,7.231703056268330432e-01,0.000000000000000000e+00,7.233626588465298379e-01,7.400000000000000000e+02
2.963999999999999912e-06,7.234142076001950361e-01,0.000000000000000000e+00,7.233626588465298379e-01,7.400000000000000000e+02
2.964999999999999988e-06,7.236581095735580282e-01,0.000000000000000000e+00,7.233626588465298379e-01,7.400000000000000000e+02
2.966000000000000063e-06,7.239020115469210204e-01,0.000000000000000000e+00,7.243401759530792017e-01,7.410000000000000000e+02
2.967000000000000138e-06,7.241459135202830133e-01,0.000000000000000000e+00,7.243401759530792017e-01,7.410000000000000000e+02
2.967999999999999789e-06,7.243898154936460054e-01,0.000000000000000000e+00,7.243401759530792017e-01,7.410000000000000000e+02
2.968999999999999865e-06,7.246337174670089976e-01,0.000000000000000000e+00,7.243401759530792017e-01,7.410000000000000000e+02
2.969999999999999940e-06,7.248776194403709905e-01,0.000000000000000000e+00,7.253176930596285654e-01,7.420000000000000000e+02
2.971000000000000015e-06,7.251215214137339826e-01,0.000000000000000000e+00,7.253176930596285654e-01,7.420000000000000000e+02
2.972000000000000090e-06,7.253654233870969747e-01,0.000000000000000000e+00,7.253176930596285654e-01,7.420000000000000000e+02
2.973000000000000165e-06,7.256093253604589677e-01,0.000000000000000000e+00,7.253176930596285654e-01,7.420000000000000000e+02
2.973999999999999817e-06,7.258532273338219598e-01,0.000000000000000000e+00,7.262952101661779292e-01,7.430000000000000000e+02
2.974999999999999892e-06,7.260971293071849519e-01,0.000000000000000000e+00,7.262952101661779292e-01,7.430000000000000000e+02
2.975999999999999967e-06,7.263410312805469449e-01,0.000000000000000000e+00,7.262952101661779292e-01,7.430000000000000000e+02
2.977000000000000042e-06,7.265849332539100480e-01,0.000000000000000000e+00,7.262952101661779292e-01,7.430000000000000000e+02
2.978000000000000117e-06,7.268288352272730402e-01,0.000000000000000000e+00,7.272727272727272929e-01,7.440000000000000000e+02
2.979000000000000192e-06,7.270727372006350331e-01,1.000000000000000000e+00,7.272727272727272929e-01,7.440000000000000000e+02
2.979999999999999844e-06,7.273166391739980252e-01,0.000000000000000000e+00,7.272727272727272929e-01,7.440000000000000000e+02
2.980999999999999919e-06,7.275605411473610173e-01,0.000000000000000000e+00,7.272727272727272929e-01,7.440000000000000000e+02
2.981999999999999994e-06,7.278044431207230103e-01,0.000000000000000000e+00,7.282502443792766567e-01,7.450000000000000000e+02
2.983000000000000069e-06,7.280483450940860024e-01,0.000000000000000000e+00,7.282502443792766567e-01,7.450000000000000000e+02
2.984000000000000144e-06,7.282922470674489945e-01,0.000000000000000000e+00,7.282502443792766567e-01,7.450000000000000000e+02
2.984999999999999796e-06,7.285361490408109875e-01,0.000000000000000000e+00,7.282502443792766567e-01,7.450000000000000000e+02
2.985999999999999871e-06,7.287800510141739796e-01,0.000000000000000000e+00,7.292277614858260204e-01,7.460000000000000000e+02
2.986999999999999946e-06,7.290239529875369717e-01,0.000000000000000000e+00,7.292277614858260204e-01,7.460000000000000000e+02
2.988000000000000021e-06,7.292678549608989647e-01,0.000000000000000000e+00,7.292277614858260204e-01,7.460000000000000000e+02
2.989000000000000097e-06,7.295117569342619568e-01,0.000000000000000000e+00,7.292277614858260204e-01,7.460000000000000000e+02
2.990000000000000172e-06,7.297556589076249489e-01,0.000000000000000000e+00,7.302052785923753842e-01,7.470000000000000000e+02
2.990999999999999823e-06,7.299995608809870529e-01,0.000000000000000000e+00,7.302052785923753842e-01,7.470000000000000000e+02
2.991999999999999898e-06,7.302434628543500450e-01,0.000000000000000000e+00,7.302052785923753842e-01,7.470000000000000000e+02
2.992999999999999974e-06,7.304873648277130371e-01,0.000000000000000000e+00,7.302052785923753842e-01,7.470000000000000000e+02
2.994000000000000049e-06,7.307312668010750301e-01,0.000000000000000000e+00,7.311827956989247479e-01,7.480000000000000000e+02
2.995000000000000124e-06,7.309751687744380222e-01,0.000000000000000000e+00,7.311827956989247479e-01,7.480000000000000000e+02
2.996000000000000199e-06,7.312190707478010143e-01,1.000000000000000000e+00,7.311827956989247479e-01,7.480000000000000000e+02
2.996999999999999851e-06,7.314629727211630073e-01,0.000000000000000000e+00,7.311827956989247479e-01,7.480000000000000000e+02
2.997999999999999926e-06,7.317068746945259994e-01,0.000000000000000000e+00,7.321603128054741116e-01,7.490000000000000000e+02
2.999000000000000001e-06,7.319507766678889915e-01,0.000000000000000000e+00,7.321603128054741116e-01,7.490000000000000000e+02
3.000000000000000076e-06,7.321946786412509844e-01,0.000000000000000000e+00,7.321603128054741116e-01,7.490000000000000000e+02
3.001000000000000151e-06,7.324385806146139766e-01,0.000000000000000000e+00,7.321603128054741116e-01,7.490000000000000000e+02
3.001999999999999803e-06,7.326824825879769687e-01,0.000000000000000000e+00,7.331378299120234754e-01,7.500000000000000000e+02
3.002999999999999878e-06,7.329263845613389616e-01,0.000000000000000000e+00,7.331378299120234754e-01,7.500000000000000000e+02
3.003999999999999953e-06,7.331702865347019538e-01,0.000000000000000000e+00,7.331378299120234754e-01,7.500000000000000000e+02
3.005000000000000028e-06,7.334141885080639467e-01,0.000000000000000000e+00,7.331378299120234754e-01,7.500000000000000000e+02
3.006000000000000103e-06,7.336580904814270498e-01,0.000000000000000000e+00,7.341153470185728391e-01,7.510000000000000000e+02
3.007000000000000178e-06,7.339019924547900420e-01,0.000000000000000000e+00,7.341153470185728391e-01,7.510000000000000000e+02
3.007999999999999830e-06,7.341458944281530341e-01,0.000000000000000000e+00,7.341153470185728391e-01,7.510000000000000000e+02
3.008999999999999905e-06,7.343897964015150270e-01,0.000000000000000000e+00,7.341153470185728391e-01,7.510000000000000000e+02
3.009999999999999980e-06,7.346336983748780192e-01,0.000000000000000000e+00,7.350928641251222029e-01,7.520000000000000000e+02
3.011000000000000055e-06,7.348776003482400121e-01,0.000000000000000000e+00,7.350928641251222029e-01,7.520000000000000000e+02
3.012000000000000131e-06,7.351215023216030042e-01,0.000000000000000000e+00,7.350928641251222029e-01,7.520000000000000000e+02
3.013000000000000206e-06,7.353654042949659964e-01,1.000000000000000000e+00,7.350928641251222029e-01,7.520000000000000000e+02
3.013999999999999857e-06,7.356093062683289885e-01,0.000000000000000000e+00,7.360703812316715666e-01,7.530000000000000000e+02
3.014999999999999932e-06,7.358532082416909814e-01,0.000000000000000000e+00,7.360703812316715666e-01,7.530000000000000000e+02
3.016000000000000008e-06,7.360971102150539735e-01,0.000000000000000000e+00,7.360703812316715666e-01,7.530000000000000000e+02
3.017000000000000083e-06,7.363410121884159665e-01,0.000000000000000000e+00,7.360703812316715666e-01,7.530000000000000000e+02
3.018000000000000158e-06,7.365849141617789586e-01,0.000000000000000000e+00,7.370478983382209304e-01,7.540000000000000000e+02
3.018999999999999809e-06,7.368288161351419507e-01,0.000000000000000000e+00,7.370478983382209304e-01,7.540000000000000000e+02
3.019999999999999885e-06,7.370727181085040547e-01,0.000000000000000000e+00,7.370478983382209304e-01,7.540000000000000000e+02
3.020999999999999960e-06,7.373166200818670468e-01,0.000000000000000000e+00,7.370478983382209304e-01,7.540000000000000000e+02
3.022000000000000035e-06,7.375605220552300390e-01,0.000000000000000000e+00,7.380254154447702941e-01,7.550000000000000000e+02
3.023000000000000110e-06,7.378044240285920319e-01,0.000000000000000000e+00,7.380254154447702941e-01,7.550000000000000000e+02
3.024000000000000185e-06,7.380483260019550240e-01,0.000000000000000000e+00,7.380254154447702941e-01,7.550000000000000000e+02
3.024999999999999837e-06,7.382922279753180161e-01,0.000000000000000000e+00,7.380254154447702941e-01,7.550000000000000000e+02
3.025999999999999912e-06,7.385361299486800091e-01,0.000000000000000000e+00,7.390029325513196579e-01,7.560000000000000000e+02
3.026999999999999987e-06,7.387800319220430012e-01,0.000000000000000000e+00,7.390029325513196579e-01,7.560000000000000000e+02
3.028000000000000062e-06,7.390239338954059933e-01,0.000000000000000000e+00,7.390029325513196579e-01,7.560000000000000000e+02
3.029000000000000137e-06,7.392678358687679863e-01,0.000000000000000000e+00,7.390029325513196579e-01,7.560000000000000000e+02
3.029999999999999789e-06,7.395117378421309784e-01,0.000000000000000000e+00,7.399804496578690216e-01,7.570000000000000000e+02
3.030999999999999864e-06,7.397556398154939705e-01,0.000000000000000000e+00,7.399804496578690216e-01,7.570000000000000000e+02
3.031999999999999939e-06,7.399995417888559635e-01,0.000000000000000000e+00,7.399804496578690216e-01,7.570000000000000000e+02
3.033000000000000014e-06,7.402434437622189556e-01,0.000000000000000000e+00,7.399804496578690216e-01,7.570000000000000000e+02
3.034000000000000089e-06,7.404873457355819477e-01,0.000000000000000000e+00,7.409579667644183854e-01,7.580000000000000000e+02
3.035000000000000164e-06,7.407312477089440517e-01,0.000000000000000000e+00,7.409579667644183854e-01,7.580000000000000000e+02
3.035999999999999816e-06,7.409751496823070438e-01,0.000000000000000000e+00,7.409579667644183854e-01,7.580000000000000000e+02
3.036999999999999891e-06,7.412190516556700359e-01,0.000000000000000000e+00,7.409579667644183854e-01,7.580000000000000000e+02
3.037999999999999966e-06,7.414629536290320289e-01,0.000000000000000000e+00,7.419354838709677491e-01,7.590000000000000000e+02
3.039000000000000041e-06,7.417068556023950210e-01,0.000000000000000000e+00,7.419354838709677491e-01,7.590000000000000000e+02
3.040000000000000117e-06,7.419507575757580131e-01,0.000000000000000000e+00,7.419354838709677491e-01,7.590000000000000000e+02
3.041000000000000192e-06,7.421946595491200060e-01,1.000000000000000000e+00,7.419354838709677491e-01,7.590000000000000000e+02
3.041999999999999843e-06,7.424385615224829982e-01,0.000000000000000000e+00,7.429130009775171128e-01,7.600000000000000000e+02
3.042999999999999918e-06,7.426824634958459903e-01,0.000000000000000000e+00,7.429130009775171128e-01,7.600000000000000000e+02
3.043999999999999994e-06,7.429263654692079832e-01,0.000000000000000000e+00,7.429130009775171128e-01,7.600000000000000000e+02
3.045000000000000069e-06,7.431702674425709754e-01,0.000000000000000000e+00,7.429130009775171128e-01,7.600000000000000000e+02
3.046000000000000144e-06,7.434141694159339675e-01,0.000000000000000000e+00,7.438905180840664766e-01,7.610000000000000000e+02
3.046999999999999795e-06,7.436580713892959604e-01,0.000000000000000000e+00,7.438905180840664766e-01,7.610000000000000000e+02
3.047999999999999871e-06,7.439019733626589526e-01,0.000000000000000000e+00,7.438905180840664766e-01,7.610000000000000000e+02
3.048999999999999946e-06,7.441458753360219447e-01,0.000000000000000000e+00,7.438905180840664766e-01,7.610000000000000000e+02
3.050000000000000021e-06,7.443897773093840486e-01,0.000000000000000000e+00,7.448680351906158403e-01,7.620000000000000000e+02
3.051000000000000096e-06,7.446336792827470408e-01,0.000000000000000000e+00,7.448680351906158403e-01,7.620000000000000000e+02
3.052000000000000171e-06,7.448775812561090337e-01,0.000000000000000000e+00,7.448680351906158403e-01,7.620000000000000000e+02
3.052999999999999823e-06,7.451214832294720258e-01,0.000000000000000000e+00,7.448680351906158403e-01,7.620000000000000000e+02
3.053999999999999898e-06,7.453653852028350180e-01,0.000000000000000000e+00,7.458455522971652041e-01,7.630000000000000000e+02
3.054999999999999973e-06,7.456092871761970109e-01,0.000000000000000000e+00,7.458455522971652041e-01,7.630000000000000000e+02
3.056000000000000048e-06,7.458531891495600030e-01,0.000000000000000000e+00,7.458455522971652041e-01,7.630000000000000000e+02
3.057000000000000123e-06,7.460970911229229952e-01,0.000000000000000000e+00,7.458455522971652041e-01,7.630000000000000000e+02
3.058000000000000198e-06,7.463409930962849881e-01,1.000000000000000000e+00,7.468230694037145678e-01,7.640000000000000000e+02
3.058999999999999850e-06,7.465848950696479802e-01,0.000000000000000000e+00,7.468230694037145678e-01,7.640000000000000000e+02
3.059999999999999925e-06,7.468287970430109723e-01,0.000000000000000000e+00,7.468230694037145678e-01,7.640000000000000000e+02
3.061000000000000000e-06,7.470726990163729653e-01,0.000000000000000000e+00,7.468230694037145678e-01,7.640000000000000000e+02
3.062000000000000075e-06,7.473166009897359574e-01,0.000000000000000000e+00,7.478005865102639316e-01,7.650000000000000000e+02
3.063000000000000150e-06,7.475605029630989495e-01,0.000000000000000000e+00,7.478005865102639316e-01,7.650000000000000000e+02
3.063999999999999802e-06,7.478044049364610535e-01,0.000000000000000000e+00,7.478005865102639316e-01,7.650000000000000000e+02
3.064999999999999877e-06,7.480483069098240456e-01,0.000000000000000000e+00,7.478005865102639316e-01,7.650000000000000000e+02
3.065999999999999952e-06,7.482922088831870377e-01,0.000000000000000000e+00,7.487781036168132953e-01,7.660000000000000000e+02
3.067000000000000027e-06,7.485361108565490307e-01,0.000000000000000000e+00,7.487781036168132953e-01,7.660000000000000000e+02
3.068000000000000103e-06,7.487800128299120228e-01,0.000000000000000000e+00,7.487781036168132953e-01,7.660000000000000000e+02
3.069000000000000178e-06,7.490239148032750149e-01,0.000000000000000000e+00,7.487781036168132953e-01,7.660000000000000000e+02
3.069999999999999829e-06,7.492678167766370079e-01,0.000000000000000000e+00,7.497556207233626591e-01,7.670000000000000000e+02
3.070999999999999904e-06,7.495117187500000000e-01,0.000000000000000000e+00,7.497556207233626591e-01,7.670000000000000000e+02
3.071999999999999980e-06,7.497556207233629921e-01,0.000000000000000000e+00,7.497556207233626591e-01,7.670000000000000000e+02
3.073000000000000055e-06,7.499995226967249851e-01,0.000000000000000000e+00,7.497556207233626591e-01,7.670000000000000000e+02
3.074000000000000130e-06,7.502434246700879772e-01,0.000000000000000000e+00,7.507331378299120228e-01,7.680000000000000000e+02
3.075000000000000205e-06,7.504873266434509693e-01,1.000000000000000000e+00,7.507331378299120228e-01,7.680000000000000000e+02
3.075999999999999857e-06,7.507312286168129623e-01,0.000000000000000000e+00,7.507331378299120228e-01,7.680000000000000000e+02
3.076999999999999932e-06,7.509751305901759544e-01,0.000000000000000000e+00,7.507331378299120228e-01,7.680000000000000000e+02
3.078000000000000007e-06,7.512190325635389465e-01,0.000000000000000000e+00,7.517106549364613866e-01,7.690000000000000000e+02
3.079000000000000082e-06,7.514629345369010505e-01,0.000000000000000000e+00,7.517106549364613866e-01,7.690000000000000000e+02
3.080000000000000157e-06,7.517068365102640426e-01,0.000000000000000000e+00,7.517106549364613866e-01,7.690000000000000000e+02
3.080999999999999809e-06,7.519507384836270347e-01,0.000000000000000000e+00,7.517106549364613866e-01,7.690000000000000000e+02
3.081999999999999884e-06,7.521946404569890277e-01,0.000000000000000000e+00,7.526881720430107503e-01,7.700000000000000000e+02
3.082999999999999959e-06,7.524385424303520198e-01,0.000000000000000000e+00,7.526881720430107503e-01,7.700000000000000000e+02
3.084000000000000034e-06,7.526824444037150119e-01,0.000000000000000000e+00,7.526881720430107503e-01,7.700000000000000000e+02
3.085000000000000109e-06,7.529263463770770048e-01,0.000000000000000000e+00,7.526881720430107503e-01,7.700000000000000000e+02
3.086000000000000184e-06,7.531702483504399970e-01,0.000000000000000000e+00,7.536656891495601140e-01,7.710000000000000000e+02
3.086999999999999836e-06,7.534141503238019899e-01,0.000000000000000000e+00,7.536656891495601140e-01,7.710000000000000000e+02
3.087999999999999911e-06,7.536580522971649820e-01,0.000000000000000000e+00,7.536656891495601140e-01,7.710000000000000000e+02
3.088999999999999986e-06,7.539019542705279742e-01,0.000000000000000000e+00,7.536656891495601140e-01,7.710000000000000000e+02
3.090000000000000061e-06,7.541458562438899671e-01,0.000000000000000000e+00,7.546432062561094778e-01,7.720000000000000000e+02
3.091000000000000136e-06,7.543897582172529592e-01,0.000000000000000000e+00,7.546432062561094778e-01,7.720000000000000000e+02
3.092000000000000212e-06,7.546336601906159514e-01,1.000000000000000000e+00,7.546432062561094778e-01,7.720000000000000000e+02
3.092999999999999863e-06,7.548775621639780553e-01,0.000000000000000000e+00,7.546432062561094778e-01,7.720000000000000000e+02
3.093999999999999938e-06,7.551214641373410474e-01,0.000000000000000000e+00,7.556207233626588415e-01,7.730000000000000000e+02
3.095000000000000013e-06,7.553653661107040396e-01,0.000000000000000000e+00,7.556207233626588415e-01,7.730000000000000000e+02
3.096000000000000089e-06,7.556092680840660325e-01,0.000000000000000000e+00,7.556207233626588415e-01,7.730000000000000000e+02
3.097000000000000164e-06,7.558531700574290246e-01,0.000000000000000000e+00,7.556207233626588415e-01,7.730000000000000000e+02
3.097999999999999815e-06,7.560970720307920168e-01,0.000000000000000000e+00,7.556207233626588415e-01,7.730000000000000000e+02
3.098999999999999890e-06,7.563409740041540097e-01,0.000000000000000000e+00,7.565982404692082053e-01,7.740000000000000000e+02
3.099999999999999966e-06,7.565848759775170018e-01,0.000000000000000000e+00,7.565982404692082053e-01,7.740000000000000000e+02
3.101000000000000041e-06,7.568287779508799940e-01,0.000000000000000000e+00,7.565982404692082053e-01,7.740000000000000000e+02
3.102000000000000116e-06,7.570726799242419869e-01,0.000000000000000000e+00,7.565982404692082053e-01,7.740000000000000000e+02
3.103000000000000191e-06,7.573165818976049790e-01,0.000000000000000000e+00,7.575757575757575690e-01,7.750000000000000000e+02
3.103999999999999843e-06,7.575604838709679711e-01,0.000000000000000000e+00,7.575757575757575690e-01,7.750000000000000000e+02
3.104999999999999918e-06,7.578043858443299641e-01,0.000000000000000000e+00,7.575757575757575690e-01,7.750000000000000000e+02
3.105999999999999993e-06,7.580482878176929562e-01,0.000000000000000000e+00,7.575757575757575690e-01,7.750000000000000000e+02
3.107000000000000068e-06,7.582921897910559483e-01,0.000000000000000000e+00,7.585532746823069328e-01,7.760000000000000000e+02
3.108000000000000143e-06,7.585360917644180523e-01,0.000000000000000000e+00,7.585532746823069328e-01,7.760000000000000000e+02
3.108999999999999795e-06,7.587799937377810444e-01,0.000000000000000000e+00,7.585532746823069328e-01,7.760000000000000000e+02
3.109999999999999870e-06,7.590238957111440365e-01,0.000000000000000000e+00,7.585532746823069328e-01,7.760000000000000000e+02
3.110999999999999945e-06,7.592677976845060295e-01,0.000000000000000000e+00,7.595307917888562965e-01,7.770000000000000000e+02
3.112000000000000020e-06,7.595116996578690216e-01,0.000000000000000000e+00,7.595307917888562965e-01,7.770000000000000000e+02
3.113000000000000095e-06,7.597556016312320137e-01,0.000000000000000000e+00,7.595307917888562965e-01,7.770000000000000000e+02
3.114000000000000170e-06,7.599995036045940067e-01,0.000000000000000000e+00,7.595307917888562965e-01,7.770000000000000000e+02
3.114999999999999822e-06,7.602434055779569988e-01,0.000000000000000000e+00,7.605083088954056603e-01,7.780000000000000000e+02
3.115999999999999897e-06,7.604873075513199909e-01,0.000000000000000000e+00,7.605083088954056603e-01,7.780000000000000000e+02
3.116999999999999972e-06,7.607312095246819839e-01,0.000000000000000000e+00,7.605083088954056603e-01,7.780000000000000000e+02
3.118000000000000047e-06,7.609751114980449760e-01,0.000000000000000000e+00,7.605083088954056603e-01,7.780000000000000000e+02
3.119000000000000122e-06,7.612190134714079681e-01,0.000000000000000000e+00,7.614858260019550240e-01,7.790000000000000000e+02
3.120000000000000198e-06,7.614629154447699610e-01,1.000000000000000000e+00,7.614858260019550240e-01,7.790000000000000000e+02
3.120999999999999849e-06,7.617068174181329532e-01,0.000000000000000000e+00,7.614858260019550240e-01,7.790000000000000000e+02
3.121999999999999924e-06,7.619507193914959453e-01,0.000000000000000000e+00,7.614858260019550240e-01,7.790000000000000000e+02
3.122999999999999999e-06,7.621946213648580493e-01,0.000000000000000000e+00,7.624633431085043878e-01,7.800000000000000000e+02
3.124000000000000075e-06,7.624385233382210414e-01,0.000000000000000000e+00,7.624633431085043878e-01,7.800000000000000000e+02
3.125000000000000150e-06,7.626824253115830343e-01,0.000000000000000000e+00,7.624633431085043878e-01,7.800000000000000000e+02
3.125999999999999801e-06,7.629263272849460265e-01,0.000000000000000000e+00,7.624633431085043878e-01,7.800000000000000000e+02
3.126999999999999876e-06,7.631702292583090186e-01,0.000000000000000000e+00,7.634408602150537515e-01,7.810000000000000000e+02
3.127999999999999952e-06,7.634141312316720107e-01,0.000000000000000000e+00,7.634408602150537515e-01,7.810000000000000000e+02
3.129000000000000027e-06,7.636580332050340036e-01,0.000000000000000000e+00,7.634408602150537515e-01,7.810000000000000000e+02
3.130000000000000102e-06,7.639019351783969958e-01,0.000000000000000000e+00,7.634408602150537515e-01,7.810000000000000000e+02
3.131000000000000177e-06,7.641458371517589887e-01,0.000000000000000000e+00,7.644183773216031152e-01,7.820000000000000000e+02
3.131999999999999829e-06,7.643897391251219808e-01,0.000000000000000000e+00,7.644183773216031152e-01,7.820000000000000000e+02
3.132999999999999904e-06,7.646336410984849730e-01,0.000000000000000000e+00,7.644183773216031152e-01,7.820000000000000000e+02
3.133999999999999979e-06,7.648775430718479651e-01,0.000000000000000000e+00,7.644183773216031152e-01,7.820000000000000000e+02
3.135000000000000054e-06,7.651214450452099580e-01,0.000000000000000000e+00,7.653958944281524790e-01,7.830000000000000000e+02
3.136000000000000129e-06,7.653653470185729502e-01,0.000000000000000000e+00,7.653958944281524790e-01,7.830000000000000000e+02
3.137000000000000204e-06,7.656092489919350541e-01,1.000000000000000000e+00,7.653958944281524790e-01,7.830000000000000000e+02
3.137999999999999856e-06,7.658531509652980462e-01,0.000000000000000000e+00,7.653958944281524790e-01,7.830000000000000000e+02
3.138999999999999931e-06,7.660970529386610384e-01,0.000000000000000000e+00,7.663734115347018427e-01,7.840000000000000000e+02
3.140000000000000006e-06,7.663409549120230313e-01,0.000000000000000000e+00,7.663734115347018427e-01,7.840000000000000000e+02
3.141000000000000081e-06,7.665848568853860234e-01,0.000000000000000000e+00,7.663734115347018427e-01,7.840000000000000000e+02
3.142000000000000156e-06,7.668287588587490156e-01,0.000000000000000000e+00,7.663734115347018427e-01,7.840000000000000000e+02
3.142999999999999808e-06,7.670726608321110085e-01,0.000000000000000000e+00,7.673509286412512065e-01,7.850000000000000000e+02
3.143999999999999883e-06,7.673165628054740006e-01,0.000000000000000000e+00,7.673509286412512065e-01,7.850000000000000000e+02
3.144999999999999958e-06,7.675604647788369927e-01,0.000000000000000000e+00,7.673509286412512065e-01,7.850000000000000000e+02
3.146000000000000033e-06,7.678043667521989857e-01,0.000000000000000000e+00,7.673509286412512065e-01,7.850000000000000000e+02
3.147000000000000109e-06,7.680482687255619778e-01,0.000000000000000000e+00,7.683284457478005702e-01,7.860000000000000000e+02
3.148000000000000184e-06,7.682921706989249699e-01,0.000000000000000000e+00,7.683284457478005702e-01,7.860000000000000000e+02
3.148999999999999835e-06,7.685360726722869629e-01,0.000000000000000000e+00,7.683284457478005702e-01,7.860000000000000000e+02
3.149999999999999910e-06,7.687799746456499550e-01,0.000000000000000000e+00,7.683284457478005702e-01,7.860000000000000000e+02
3.150999999999999986e-06,7.690238766190129471e-01,0.000000000000000000e+00,7.693059628543499340e-01,7.870000000000000000e+02
3.152000000000000061e-06,7.692677785923750511e-01,0.000000000000000000e+00,7.693059628543499340e-01,7.870000000000000000e+02
3.153000000000000136e-06,7.695116805657380432e-01,0.000000000000000000e+00,7.693059628543499340e-01,7.870000000000000000e+02
3.154000000000000211e-06,7.697555825391010353e-01,1.000000000000000000e+00,7.693059628543499340e-01,7.870000000000000000e+02
3.154999999999999863e-06,7.699994845124630283e-01,0.000000000000000000e+00,7.702834799608992977e-01,7.880000000000000000e+02
3.155999999999999938e-06,7.702433864858260204e-01,0.000000000000000000e+00,7.702834799608992977e-01,7.880000000000000000e+02
3.157000000000000013e-06,7.704872884591890125e-01,0.000000000000000000e+00,7.702834799608992977e-01,7.880000000000000000e+02
3.158000000000000088e-06,7.707311904325510055e-01,0.000000000000000000e+00,7.702834799608992977e-01,7.880000000000000000e+02
3.159000000000000163e-06,7.709750924059139976e-01,0.000000000000000000e+00,7.712609970674486615e-01,7.890000000000000000e+02
3.159999999999999815e-06,7.712189943792769897e-01,0.000000000000000000e+00,7.712609970674486615e-01,7.890000000000000000e+02
3.160999999999999890e-06,7.714628963526389827e-01,0.000000000000000000e+00,7.712609970674486615e-01,7.890000000000000000e+02
3.161999999999999965e-06,7.717067983260019748e-01,0.000000000000000000e+00,7.712609970674486615e-01,7.890000000000000000e+02
3.163000000000000040e-06,7.719507002993649669e-01,0.000000000000000000e+00,7.722385141739980252e-01,7.900000000000000000e+02
3.164000000000000115e-06,7.721946022727269598e-01,0.000000000000000000e+00,7.722385141739980252e-01,7.900000000000000000e+02
3.165000000000000190e-06,7.724385042460899520e-01,0.000000000000000000e+00,7.722385141739980252e-01,7.900000000000000000e+02
3.165999999999999842e-06,7.726824062194530551e-01,0.000000000000000000e+00,7.722385141739980252e-01,7.900000000000000000e+02
3.166999999999999917e-06,7.729263081928150481e-01,0.000000000000000000e+00,7.732160312805473890e-01,7.910000000000000000e+02
3.167999999999999992e-06,7.731702101661780402e-01,0.000000000000000000e+00,7.732160312805473890e-01,7.910000000000000000e+02
3.169000000000000067e-06,7.734141121395410323e-01,0.000000000000000000e+00,7.732160312805473890e-01,7.910000000000000000e+02
3.170000000000000142e-06,7.736580141129030253e-01,0.000000000000000000e+00,7.732160312805473890e-01,7.910000000000000000e+02
3.170999999999999794e-06,7.739019160862660174e-01,0.000000000000000000e+00,7.741935483870967527e-01,7.920000000000000000e+02
3.171999999999999869e-06,7.741458180596280103e-01,0.000000000000000000e+00,7.741935483870967527e-01,7.920000000000000000e+02
3.172999999999999944e-06,7.743897200329910024e-01,0.000000000000000000e+00,7.741935483870967527e-01,7.920000000000000000e+02
3.174000000000000019e-06,7.746336220063539946e-01,0.000000000000000000e+00,7.741935483870967527e-01,7.920000000000000000e+02
3.175000000000000095e-06,7.748775239797159875e-01,0.000000000000000000e+00,7.751710654936461165e-01,7.930000000000000000e+02
3.176000000000000170e-06,7.751214259530789796e-01,0.000000000000000000e+00,7.751710654936461165e-01,7.930000000000000000e+02
3.176999999999999821e-06,7.753653279264419718e-01,0.000000000000000000e+00,7.751710654936461165e-01,7.930000000000000000e+02
3.177999999999999896e-06,7.756092298998049639e-01,0.000000000000000000e+00,7.751710654936461165e-01,7.930000000000000000e+02
3.178999999999999972e-06,7.758531318731669568e-01,0.000000000000000000e+00,7.761485826001954802e-01,7.940000000000000000e+02
3.180000000000000047e-06,7.760970338465299490e-01,0.000000000000000000e+00,7.761485826001954802e-01,7.940000000000000000e+02
3.181000000000000122e-06,7.763409358198920529e-01,0.000000000000000000e+00,7.761485826001954802e-01,7.940000000000000000e+02
3.182000000000000197e-06,7.765848377932550450e-01,0.000000000000000000e+00,7.761485826001954802e-01,7.940000000000000000e+02
3.182999999999999849e-06,7.768287397666180372e-01,0.000000000000000000e+00,7.771260997067448439e-01,7.950000000000000000e+02
3.183999999999999924e-06,7.770726417399800301e-01,0.000000000000000000e+00,7.771260997067448439e-01,7.950000000000000000e+02
3.184999999999999999e-06,7.773165437133430222e-01,0.000000000000000000e+00,7.771260997067448439e-01,7.950000000000000000e+02
3.186000000000000074e-06,7.775604456867060144e-01,0.000000000000000000e+00,7.771260997067448439e-01,7.950000000000000000e+02
3.187000000000000149e-06,7.778043476600680073e-01,0.000000000000000000e+00,7.781036168132942077e-01,7.960000000000000000e+02
3.187999999999999801e-06,7.780482496334309994e-01,0.000000000000000000e+00,7.781036168132942077e-01,7.960000000000000000e+02
3.188999999999999876e-06,7.782921516067939915e-01,0.000000000000000000e+00,7.781036168132942077e-01,7.960000000000000000e+02
3.189999999999999951e-06,7.785360535801559845e-01,0.000000000000000000e+00,7.781036168132942077e-01,7.960000000000000000e+02
3.191000000000000026e-06,7.787799555535189766e-01,0.000000000000000000e+00,7.790811339198435714e-01,7.970000000000000000e+02
3.192000000000000101e-06,7.790238575268819687e-01,0.000000000000000000e+00,7.790811339198435714e-01,7.970000000000000000e+02
3.193000000000000176e-06,7.792677595002439617e-01,0.000000000000000000e+00,7.790811339198435714e-01,7.970000000000000000e+02
3.193999999999999828e-06,7.795116614736069538e-01,0.000000000000000000e+00,7.790811339198435714e-01,7.970000000000000000e+02
3.194999999999999903e-06,7.797555634469699459e-01,0.000000000000000000e+00,7.800586510263929352e-01,7.980000000000000000e+02
3.195999999999999978e-06,7.799994654203320499e-01,0.000000000000000000e+00,7.800586510263929352e-01,7.980000000000000000e+02
3.197000000000000053e-06,7.802433673936950420e-01,0.000000000000000000e+00,7.800586510263929352e-01,7.980000000000000000e+02
3.198000000000000128e-06,7.804872693670580341e-01,0.000000000000000000e+00,7.800586510263929352e-01,7.980000000000000000e+02
3.199000000000000204e-06,7.807311713404200271e-01,1.000000000000000000e+00,7.810361681329422989e-01,7.990000000000000000e+02
3.199999999999999855e-06,7.809750733137830192e-01,0.000000000000000000e+00,7.810361681329422989e-01,7.990000000000000000e+02
3.200999999999999930e-06,7.812189752871460113e-01,0.000000000000000000e+00,7.810361681329422989e-01,7.990000000000000000e+02
3.202000000000000005e-06,7.814628772605080043e-01,0.000000000000000000e+00,7.810361681329422989e-01,7.990000000000000000e+02
3.203000000000000081e-06,7.817067792338709964e-01,0.000000000000000000e+00,7.820136852394916627e-01,8.000000000000000000e+02
3.204000000000000156e-06,7.819506812072339885e-01,0.000000000000000000e+00,7.820136852394916627e-01,8.000000000000000000e+02
3.204999999999999807e-06,7.821945831805959815e-01,0.000000000000000000e+00,7.820136852394916627e-01,8.000000000000000000e+02
3.205999999999999882e-06,7.824384851539589736e-01,0.000000000000000000e+00,7.820136852394916627e-01,8.000000000000000000e+02
3.206999999999999958e-06,7.826823871273219657e-01,0.000000000000000000e+00,7.829912023460410264e-01,8.010000000000000000e+02
3.208000000000000033e-06,7.829262891006839586e-01,0.000000000000000000e+00,7.829912023460410264e-01,8.010000000000000000e+02
3.209000000000000108e-06,7.831701910740469508e-01,0.000000000000000000e+00,7.829912023460410264e-01,8.010000000000000000e+02
3.210000000000000183e-06,7.834140930474090547e-01,0.000000000000000000e+00,7.829912023460410264e-01,8.010000000000000000e+02
3.210999999999999835e-06,7.836579950207720469e-01,0.000000000000000000e+00,7.839687194525903902e-01,8.020000000000000000e+02
3.211999999999999910e-06,7.839018969941350390e-01,0.000000000000000000e+00,7.839687194525903902e-01,8.020000000000000000e+02
3.212999999999999985e-06,7.841457989674980311e-01,0.000000000000000000e+00,7.839687194525903902e-01,8.020000000000000000e+02
3.214000000000000060e-06,7.843897009408600240e-01,0.000000000000000000e+00,7.839687194525903902e-01,8.020000000000000000e+02
3.215000000000000135e-06,7.846336029142230162e-01,0.000000000000000000e+00,7.849462365591397539e-01,8.030000000000000000e+02
3.216000000000000210e-06,7.848775048875860083e-01,1.000000000000000000e+00,7.849462365591397539e-01,8.030000000000000000e+02
3.216999999999999862e-06,7.851214068609480012e-01,0.000000000000000000e+00,7.849462365591397539e-01,8.030000000000000000e+02
3.217999999999999937e-06,7.853653088343109934e-01,0.000000000000000000e+00,7.849462365591397539e-01,8.030000000000000000e+02
3.219000000000000012e-06,7.856092108076739855e-01,0.000000000000000000e+00,7.859237536656891177e-01,8.040000000000000000e+02
3.220000000000000087e-06,7.858531127810359784e-01,0.000000000000000000e+00,7.859237536656891177e-01,8.040000000000000000e+02
3.221000000000000162e-06,7.860970147543989706e-01,0.000000000000000000e+00,7.859237536656891177e-01,8.040000000000000000e+02
3.221999999999999814e-06,7.863409167277619627e-01,0.000000000000000000e+00,7.859237536656891177e-01,8.040000000000000000e+02
3.222999999999999889e-06,7.865848187011239556e-01,0.000000000000000000e+00,7.869012707722384814e-01,8.050000000000000000e+02
3.223999999999999964e-06,7.868287206744869478e-01,0.000000000000000000e+00,7.869012707722384814e-01,8.050000000000000000e+02
3.225000000000000039e-06,7.870726226478490517e-01,0.000000000000000000e+00,7.869012707722384814e-01,8.050000000000000000e+02
3.226000000000000114e-06,7.873165246212120438e-01,0.000000000000000000e+00,7.869012707722384814e-01,8.050000000000000000e+02
3.227000000000000190e-06,7.875604265945750360e-01,0.000000000000000000e+00,7.878787878787878451e-01,8.060000000000000000e+02
3.227999999999999841e-06,7.878043285679370289e-01,0.000000000000000000e+00,7.878787878787878451e-01,8.060000000000000000e+02
3.228999999999999916e-06,7.880482305413000210e-01,0.000000000000000000e+00,7.878787878787878451e-01,8.060000000000000000e+02
3.229999999999999991e-06,7.882921325146630132e-01,0.000000000000000000e+00,7.878787878787878451e-01,8.060000000000000000e+02
3.231000000000000067e-06,7.885360344880250061e-01,0.000000000000000000e+00,7.888563049853372089e-01,8.070000000000000000e+02
3.232000000000000142e-06,7.887799364613879982e-01,0.000000000000000000e+00,7.888563049853372089e-01,8.070000000000000000e+02
3.232999999999999793e-06,7.890238384347509903e-01,0.000000000000000000e+00,7.888563049853372089e-01,8.070000000000000000e+02
3.233999999999999868e-06,7.892677404081129833e-01,0.000000000000000000e+00,7.888563049853372089e-01,8.070000000000000000e+02
3.234999999999999944e-06,7.895116423814759754e-01,0.000000000000000000e+00,7.898338220918865726e-01,8.080000000000000000e+02
3.236000000000000019e-06,7.897555443548389675e-01,0.000000000000000000e+00,7.898338220918865726e-01,8.080000000000000000e+02
3.237000000000000094e-06,7.899994463282009605e-01,0.000000000000000000e+00,7.898338220918865726e-01,8.080000000000000000e+02
3.238000000000000169e-06,7.902433483015639526e-01,0.000000000000000000e+00,7.898338220918865726e-01,8.080000000000000000e+02
3.238999999999999821e-06,7.904872502749269447e-01,0.000000000000000000e+00,7.908113391984359364e-01,8.090000000000000000e+02
3.239999999999999896e-06,7.907311522482890487e-01,0.000000000000000000e+00,7.908113391984359364e-01,8.090000000000000000e+02
3.240999999999999971e-06,7.909750542216520408e-01,0.000000000000000000e+00,7.908113391984359364e-01,8.090000000000000000e+02
3.242000000000000046e-06,7.912189561950150329e-01,0.000000000000000000e+00,7.908113391984359364e-01,8.090000000000000000e+02
3.243000000000000121e-06,7.914628581683770259e-01,0.000000000000000000e+00,7.917888563049853001e-01,8.100000000000000000e+02
3.244000000000000196e-06,7.917067601417400180e-01,0.000000000000000000e+00,7.917888563049853001e-01,8.100000000000000000e+02
3.244999999999999848e-06,7.919506621151030101e-01,0.000000000000000000e+00,7.917888563049853001e-01,8.100000000000000000e+02
3.245999999999999923e-06,7.921945640884650031e-01,0.000000000000000000e+00,7.917888563049853001e-01,8.100000000000000000e+02
3.246999999999999998e-06,7.924384660618279952e-01,0.000000000000000000e+00,7.927663734115346639e-01,8.110000000000000000e+02
3.248000000000000073e-06,7.926823680351909873e-01,0.000000000000000000e+00,7.927663734115346639e-01,8.110000000000000000e+02
3.249000000000000148e-06,7.929262700085529803e-01,0.000000000000000000e+00,7.927663734115346639e-01,8.110000000000000000e+02
3.249999999999999800e-06,7.931701719819159724e-01,0.000000000000000000e+00,7.927663734115346639e-01,8.110000000000000000e+02
3.250999999999999875e-06,7.934140739552789645e-01,0.000000000000000000e+00,7.937438905180840276e-01,8.120000000000000000e+02
3.251999999999999950e-06,7.936579759286409574e-01,0.000000000000000000e+00,7.937438905180840276e-01,8.120000000000000000e+02
3.253000000000000025e-06,7.939018779020039496e-01,0.000000000000000000e+00,7.937438905180840276e-01,8.120000000000000000e+02
3.254000000000000101e-06,7.941457798753660535e-01,0.000000000000000000e+00,7.937438905180840276e-01,8.120000000000000000e+02
3.255000000000000176e-06,7.943896818487290457e-01,0.000000000000000000e+00,7.947214076246333914e-01,8.130000000000000000e+02
3.255999999999999827e-06,7.946335838220920378e-01,0.000000000000000000e+00,7.947214076246333914e-01,8.130000000000000000e+02
3.256999999999999902e-06,7.948774857954550299e-01,0.000000000000000000e+00,7.947214076246333914e-01,8.130000000000000000e+02
3.257999999999999978e-06,7.951213877688170228e-01,0.000000000000000000e+00,7.947214076246333914e-01,8.130000000000000000e+02
3.259000000000000053e-06,7.953652897421800150e-01,0.000000000000000000e+00,7.956989247311827551e-01,8.140000000000000000e+02
3.260000000000000128e-06,7.956091917155420079e-01,0.000000000000000000e+00,7.956989247311827551e-01,8.140000000000000000e+02
3.261000000000000203e-06,7.958530936889050000e-01,0.000000000000000000e+00,7.956989247311827551e-01,8.140000000000000000e+02
3.261999999999999855e-06,7.960969956622679922e-01,0.000000000000000000e+00,7.956989247311827551e-01,8.140000000000000000e+02
3.262999999999999930e-06,7.963408976356299851e-01,0.000000000000000000e+00,7.966764418377321189e-01,8.150000000000000000e+02
3.264000000000000005e-06,7.965847996089929772e-01,0.000000000000000000e+00,7.966764418377321189e-01,8.150000000000000000e+02
3.265000000000000080e-06,7.968287015823559694e-01,0.000000000000000000e+00,7.966764418377321189e-01,8.150000000000000000e+02
3.266000000000000155e-06,7.970726035557179623e-01,0.000000000000000000e+00,7.966764418377321189e-01,8.150000000000000000e+02
3.266999999999999807e-06,7.973165055290809544e-01,0.000000000000000000e+00,7.976539589442814826e-01,8.160000000000000000e+02
3.267999999999999882e-06,7.975604075024439465e-01,0.000000000000000000e+00,7.976539589442814826e-01,8.160000000000000000e+02
3.268999999999999957e-06,7.978043094758060505e-01,0.000000000000000000e+00,7.976539589442814826e-01,8.160000000000000000e+02
3.270000000000000032e-06,7.980482114491690426e-01,0.000000000000000000e+00,7.976539589442814826e-01,8.160000000000000000e+02
3.271000000000000107e-06,7.982921134225320348e-01,0.000000000000000000e+00,7.986314760508308463e-01,8.170000000000000000e+02
3.272000000000000182e-06,7.985360153958940277e-01,0.000000000000000000e+00,7.986314760508308463e-01,8.170000000000000000e+02
3.272999999999999834e-06,7.987799173692570198e-01,0.000000000000000000e+00,7.986314760508308463e-01,8.170000000000000000e+02
3.273999999999999909e-06,7.990238193426200120e-01,0.000000000000000000e+00,7.986314760508308463e-01,8.170000000000000000e+02
3.274999999999999984e-06,7.992677213159820049e-01,0.000000000000000000e+00,7.996089931573802101e-01,8.180000000000000000e+02
3.276000000000000059e-06,7.995116232893449970e-01,0.000000000000000000e+00,7.996089931573802101e-01,8.180000000000000000e+02
3.277000000000000134e-06,7.997555252627079891e-01,0.000000000000000000e+00,7.996089931573802101e-01,8.180000000000000000e+02
3.278000000000000210e-06,7.999994272360699821e-01,1.000000000000000000e+00,7.996089931573802101e-01,8.180000000000000000e+02
3.278999999999999861e-06,8.002433292094329742e-01,0.000000000000000000e+00,8.005865102639295738e-01,8.190000000000000000e+02
3.279999999999999936e-06,8.004872311827959663e-01,0.000000000000000000e+00,8.005865102639295738e-01,8.190000000000000000e+02
3.281000000000000011e-06,8.007311331561579593e-01,0.000000000000000000e+00,8.005865102639295738e-01,8.190000000000000000e+02
3.282000000000000087e-06,8.009750351295209514e-01,0.000000000000000000e+00,8.005865102639295738e-01,8.190000000000000000e+02
3.283000000000000162e-06,8.012189371028840545e-01,0.000000000000000000e+00,8.015640273704789376e-01,8.200000000000000000e+02
3.283999999999999813e-06,8.014628390762460475e-01,0.000000000000000000e+00,8.015640273704789376e-01,8.200000000000000000e+02
3.284999999999999888e-06,8.017067410496090396e-01,0.000000000000000000e+00,8.015640273704789376e-01,8.200000000000000000e+02
3.285999999999999964e-06,8.019506430229720317e-01,0.000000000000000000e+00,8.015640273704789376e-01,8.200000000000000000e+02
3.287000000000000039e-06,8.021945449963340247e-01,0.000000000000000000e+00,8.025415444770283013e-01,8.210000000000000000e+02
3.288000000000000114e-06,8.024384469696970168e-01,0.000000000000000000e+00,8.025415444770283013e-01,8.210000000000000000e+02
3.289000000000000189e-06,8.026823489430600089e-01,0.000000000000000000e+00,8.025415444770283013e-01,8.210000000000000000e+02
3.289999999999999841e-06,8.029262509164220019e-01,0.000000000000000000e+00,8.025415444770283013e-01,8.210000000000000000e+02
3.290999999999999916e-06,8.031701528897849940e-01,0.000000000000000000e+00,8.035190615835776651e-01,8.220000000000000000e+02
3.291999999999999991e-06,8.034140548631479861e-01,0.000000000000000000e+00,8.035190615835776651e-01,8.220000000000000000e+02
3.293000000000000066e-06,8.036579568365099790e-01,0.000000000000000000e+00,8.035190615835776651e-01,8.220000000000000000e+02
3.294000000000000141e-06,8.039018588098729712e-01,0.000000000000000000e+00,8.035190615835776651e-01,8.220000000000000000e+02
3.294999999999999793e-06,8.041457607832349641e-01,0.000000000000000000e+00,8.044965786901270288e-01,8.230000000000000000e+02
3.295999999999999868e-06,8.043896627565979562e-01,0.000000000000000000e+00,8.044965786901270288e-01,8.230000000000000000e+02
3.296999999999999943e-06,8.046335647299609484e-01,0.000000000000000000e+00,8.044965786901270288e-01,8.230000000000000000e+02
3.298000000000000018e-06,8.048774667033240515e-01,0.000000000000000000e+00,8.044965786901270288e-01,8.230000000000000000e+02
3.299000000000000093e-06,8.051213686766860445e-01,0.000000000000000000e+00,8.054740957966763926e-01,8.240000000000000000e+02
3.300000000000000168e-06,8.053652706500490366e-01,0.000000000000000000e+00,8.054740957966763926e-01,8.240000000000000000e+02
3.300999999999999820e-06,8.056091726234120287e-01,0.000000000000000000e+00,8.054740957966763926e-01,8.240000000000000000e+02
3.301999999999999895e-06,8.058530745967740216e-01,0.000000000000000000e+00,8.054740957966763926e-01,8.240000000000000000e+02
3.302999999999999970e-06,8.060969765701370138e-01,0.000000000000000000e+00,8.064516129032257563e-01,8.250000000000000000e+02
3.304000000000000045e-06,8.063408785434990067e-01,0.000000000000000000e+00,8.064516129032257563e-01,8.250000000000000000e+02
3.305000000000000120e-06,8.065847805168619988e-01,0.000000000000000000e+00,8.064516129032257563e-01,8.250000000000000000e+02
3.306000000000000196e-06,8.068286824902249910e-01,0.000000000000000000e+00,8.064516129032257563e-01,8.250000000000000000e+02
3.306999999999999847e-06,8.070725844635869839e-01,0.000000000000000000e+00,8.074291300097751201e-01,8.260000000000000000e+02
3.307999999999999922e-06,8.073164864369499760e-01,0.000000000000000000e+00,8.074291300097751201e-01,8.260000000000000000e+02
3.308999999999999997e-06,8.075603884103129682e-01,0.000000000000000000e+00,8.074291300097751201e-01,8.260000000000000000e+02
3.310000000000000073e-06,8.078042903836749611e-01,0.000000000000000000e+00,8.074291300097751201e-01,8.260000000000000000e+02
3.311000000000000148e-06,8.080481923570379532e-01,0.000000000000000000e+00,8.084066471163244838e-01,8.270000000000000000e+02
3.311999999999999799e-06,8.082920943304009453e-01,0.000000000000000000e+00,8.084066471163244838e-01,8.270000000000000000e+02
3.312999999999999874e-06,8.085359963037630493e-01,0.000000000000000000e+00,8.084066471163244838e-01,8.270000000000000000e+02
3.313999999999999950e-06,8.087798982771260414e-01,0.000000000000000000e+00,8.084066471163244838e-01,8.270000000000000000e+02
3.315000000000000025e-06,8.090238002504890336e-01,0.000000000000000000e+00,8.093841642228738475e-01,8.280000000000000000e+02
3.316000000000000100e-06,8.092677022238510265e-01,0.000000000000000000e+00,8.093841642228738475e-01,8.280000000000000000e+02
3.317000000000000175e-06,8.095116041972140186e-01,0.000000000000000000e+00,8.093841642228738475e-01,8.280000000000000000e+02
3.317999999999999827e-06,8.097555061705770107e-01,0.000000000000000000e+00,8.093841642228738475e-01,8.280000000000000000e+02
3.318999999999999902e-06,8.099994081439390037e-01,0.000000000000000000e+00,8.103616813294232113e-01,8.290000000000000000e+02
3.319999999999999977e-06,8.102433101173019958e-01,0.000000000000000000e+00,8.103616813294232113e-01,8.290000000000000000e+02
3.321000000000000052e-06,8.104872120906649879e-01,0.000000000000000000e+00,8.103616813294232113e-01,8.290000000000000000e+02
3.322000000000000127e-06,8.107311140640269809e-01,0.000000000000000000e+00,8.103616813294232113e-01,8.290000000000000000e+02
3.323000000000000202e-06,8.109750160373899730e-01,0.000000000000000000e+00,8.113391984359725750e-01,8.300000000000000000e+02
3.323999999999999854e-06,8.112189180107529651e-01,0.000000000000000000e+00,8.113391984359725750e-01,8.300000000000000000e+02
3.324999999999999929e-06,8.114628199841149581e-01,0.000000000000000000e+00,8.113391984359725750e-01,8.300000000000000000e+02
3.326000000000000004e-06,8.117067219574779502e-01,0.000000000000000000e+00,8.113391984359725750e-01,8.300000000000000000e+02
3.327000000000000079e-06,8.119506239308410533e-01,0.000000000000000000e+00,8.123167155425219388e-01,8.310000000000000000e+02
3.328000000000000154e-06,8.121945259042030463e-01,0.000000000000000000e+00,8.123167155425219388e-01,8.310000000000000000e+02
3.328999999999999806e-06,8.124384278775660384e-01,0.000000000000000000e+00,8.123167155425219388e-01,8.310000000000000000e+02
3.329999999999999881e-06,8.126823298509290305e-01,0.000000000000000000e+00,8.123167155425219388e-01,8.310000000000000000e+02
3.330999999999999956e-06,8.129262318242910235e-01,0.000000000000000000e+00,8.132942326490713025e-01,8.320000000000000000e+02
3.332000000000000031e-06,8.131701337976540156e-01,0.000000000000000000e+00,8.132942326490713025e-01,8.320000000000000000e+02
3.333000000000000106e-06,8.134140357710170077e-01,0.000000000000000000e+00,8.132942326490713025e-01,8.320000000000000000e+02
3.334000000000000182e-06,8.136579377443790007e-01,0.000000000000000000e+00,8.132942326490713025e-01,8.320000000000000000e+02
3.334999999999999833e-06,8.139018397177419928e-01,0.000000000000000000e+00,8.142717497556207773e-01,8.330000000000000000e+02
3.335999999999999908e-06,8.141457416911049849e-01,0.000000000000000000e+00,8.142717497556207773e-01,8.330000000000000000e+02
3.336999999999999983e-06,8.143896436644669778e-01,0.000000000000000000e+00,8.142717497556207773e-01,8.330000000000000000e+02
3.338000000000000059e-06,8.146335456378299700e-01,0.000000000000000000e+00,8.142717497556207773e-01,8.330000000000000000e+02
3.339000000000000134e-06,8.148774476111919629e-01,0.000000000000000000e+00,8.152492668621701410e-01,8.340000000000000000e+02
3.340000000000000209e-06,8.151213495845549550e-01,1.000000000000000000e+00,8.152492668621701410e-01,8.340000000000000000e+02
3.340999999999999860e-06,8.153652515579179472e-01,0.000000000000000000e+00,8.152492668621701410e-01,8.340000000000000000e+02
3.341999999999999936e-06,8.156091535312810503e-01,0.000000000000000000e+00,8.152492668621701410e-01,8.340000000000000000e+02
3.343000000000000011e-06,8.158530555046430432e-01,0.000000000000000000e+00,8.162267839687195048e-01,8.350000000000000000e+02
3.344000000000000086e-06,8.160969574780060354e-01,0.000000000000000000e+00,8.162267839687195048e-01,8.350000000000000000e+02
3.345000000000000161e-06,8.163408594513680283e-01,0.000000000000000000e+00,8.162267839687195048e-01,8.350000000000000000e+02
3.345999999999999813e-06,8.165847614247310204e-01,0.000000000000000000e+00,8.162267839687195048e-01,8.350000000000000000e+02
3.346999999999999888e-06,8.168286633980940126e-01,0.000000000000000000e+00,8.172043010752688685e-01,8.360000000000000000e+02
3.347999999999999963e-06,8.170725653714560055e-01,0.000000000000000000e+00,8.172043010752688685e-01,8.360000000000000000e+02
3.349000000000000038e-06,8.173164673448189976e-01,0.000000000000000000e+00,8.172043010752688685e-01,8.360000000000000000e+02
3.350000000000000113e-06,8.175603693181819898e-01,0.000000000000000000e+00,8.172043010752688685e-01,8.360000000000000000e+02
3.351000000000000188e-06,8.178042712915439827e-01,0.000000000000000000e+00,8.181818181818182323e-01,8.370000000000000000e+02
3.351999999999999840e-06,8.180481732649069748e-01,0.000000000000000000e+00,8.181818181818182323e-01,8.370000000000000000e+02
3.352999999999999915e-06,8.182920752382699670e-01,0.000000000000000000e+00,8.181818181818182323e-01,8.370000000000000000e+02
3.353999999999999990e-06,8.185359772116319599e-01,0.000000000000000000e+00,8.181818181818182323e-01,8.370000000000000000e+02
3.355000000000000065e-06,8.187798791849949520e-01,0.000000000000000000e+00,8.191593352883675960e-01,8.380000000000000000e+02
3.356000000000000140e-06,8.190237811583580552e-01,0.000000000000000000e+00,8.191593352883675960e-01,8.380000000000000000e+02
3.356999999999999792e-06,8.192676831317200481e-01,0.000000000000000000e+00,8.191593352883675960e-01,8.380000000000000000e+02
3.357999999999999867e-06,8.195115851050830402e-01,0.000000000000000000e+00,8.191593352883675960e-01,8.380000000000000000e+02
3.358999999999999942e-06,8.197554870784460324e-01,0.000000000000000000e+00,8.201368523949169598e-01,8.390000000000000000e+02
3.360000000000000017e-06,8.199993890518080253e-01,0.000000000000000000e+00,8.201368523949169598e-01,8.390000000000000000e+02
3.361000000000000092e-06,8.202432910251710174e-01,0.000000000000000000e+00,8.201368523949169598e-01,8.390000000000000000e+02
3.362000000000000168e-06,8.204871929985340095e-01,0.000000000000000000e+00,8.201368523949169598e-01,8.390000000000000000e+02
3.362999999999999819e-06,8.207310949718960025e-01,0.000000000000000000e+00,8.211143695014663235e-01,8.400000000000000000e+02
3.363999999999999894e-06,8.209749969452589946e-01,0.000000000000000000e+00,8.211143695014663235e-01,8.400000000000000000e+02
3.364999999999999969e-06,8.212188989186219867e-01,0.000000000000000000e+00,8.211143695014663235e-01,8.400000000000000000e+02
3.366000000000000045e-06,8.214628008919839797e-01,0.000000000000000000e+00,8.211143695014663235e-01,8.400000000000000000e+02
3.367000000000000120e-06,8.217067028653469718e-01,0.000000000000000000e+00,8.220918866080156873e-01,8.410000000000000000e+02
3.368000000000000195e-06,8.219506048387099639e-01,0.000000000000000000e+00,8.220918866080156873e-01,8.410000000000000000e+02
3.368999999999999846e-06,8.221945068120719569e-01,0.000000000000000000e+00,8.220918866080156873e-01,8.410000000000000000e+02
3.369999999999999922e-06,8.224384087854349490e-01,0.000000000000000000e+00,8.220918866080156873e-01,8.410000000000000000e+02
3.370999999999999997e-06,8.226823107587980521e-01,0.000000000000000000e+00,8.230694037145650510e-01,8.420000000000000000e+02
3.372000000000000072e-06,8.229262127321600451e-01,0.000000000000000000e+00,8.230694037145650510e-01,8.420000000000000000e+02
3.373000000000000147e-06,8.231701147055230372e-01,0.000000000000000000e+00,8.230694037145650510e-01,8.420000000000000000e+02
3.373999999999999799e-06,8.234140166788860293e-01,0.000000000000000000e+00,8.230694037145650510e-01,8.420000000000000000e+02
3.374999999999999874e-06,8.236579186522480223e-01,0.000000000000000000e+00,8.240469208211144148e-01,8.430000000000000000e+02
3.375999999999999949e-06,8.239018206256110144e-01,0.000000000000000000e+00,8.240469208211144148e-01,8.430000000000000000e+02
3.377000000000000024e-06,8.241457225989740065e-01,0.000000000000000000e+00,8.240469208211144148e-01,8.430000000000000000e+02
3.378000000000000099e-06,8.243896245723359995e-01,0.000000000000000000e+00,8.240469208211144148e-01,8.430000000000000000e+02
3.379000000000000174e-06,8.246335265456989916e-01,0.000000000000000000e+00,8.250244379276637785e-01,8.440000000000000000e+02
3.379999999999999826e-06,8.248774285190619837e-01,0.000000000000000000e+00,8.250244379276637785e-01,8.440000000000000000e+02
3.380999999999999901e-06,8.251213304924239766e-01,0.000000000000000000e+00,8.250244379276637785e-01,8.440000000000000000e+02
3.381999999999999976e-06,8.253652324657869688e-01,0.000000000000000000e+00,8.250244379276637785e-01,8.440000000000000000e+02
3.383000000000000051e-06,8.256091344391499609e-01,0.000000000000000000e+00,8.260019550342131422e-01,8.450000000000000000e+02
3.384000000000000126e-06,8.258530364125119538e-01,0.000000000000000000e+00,8.260019550342131422e-01,8.450000000000000000e+02
3.385000000000000202e-06,8.260969383858749460e-01,0.000000000000000000e+00,8.260019550342131422e-01,8.450000000000000000e+02
3.385999999999999853e-06,8.263408403592370499e-01,0.000000000000000000e+00,8.260019550342131422e-01,8.450000000000000000e+02
3.386999999999999928e-06,8.265847423326000420e-01,0.000000000000000000e+00,8.269794721407625060e-01,8.460000000000000000e+02
3.388000000000000003e-06,8.268286443059630342e-01,0.000000000000000000e+00,8.269794721407625060e-01,8.460000000000000000e+02
3.389000000000000079e-06,8.270725462793250271e-01,0.000000000000000000e+00,8.269794721407625060e-01,8.460000000000000000e+02
3.390000000000000154e-06,8.273164482526880192e-01,0.000000000000000000e+00,8.269794721407625060e-01,8.460000000000000000e+02
3.390999999999999805e-06,8.275603502260510114e-01,0.000000000000000000e+00,8.279569892473118697e-01,8.470000000000000000e+02
3.391999999999999880e-06,8.278042521994130043e-01,0.000000000000000000e+00,8.279569892473118697e-01,8.470000000000000000e+02
3.392999999999999956e-06,8.280481541727759964e-01,0.000000000000000000e+00,8.279569892473118697e-01,8.470000000000000000e+02
3.394000000000000031e-06,8.282920561461389886e-01,0.000000000000000000e+00,8.279569892473118697e-01,8.470000000000000000e+02
3.395000000000000106e-06,8.285359581195009815e-01,0.000000000000000000e+00,8.289345063538612335e-01,8.480000000000000000e+02
3.396000000000000181e-06,8.287798600928639736e-01,0.000000000000000000e+00,8.289345063538612335e-01,8.480000000000000000e+02
3.396999999999999833e-06,8.290237620662269658e-01,0.000000000000000000e+00,8.289345063538612335e-01,8.480000000000000000e+02
3.397999999999999908e-06,8.292676640395899579e-01,0.000000000000000000e+00,8.289345063538612335e-01,8.480000000000000000e+02
3.398999999999999983e-06,8.295115660129519508e-01,0.000000000000000000e+00,8.299120234604105972e-01,8.490000000000000000e+02
3.400000000000000058e-06,8.297554679863150540e-01,0.000000000000000000e+00,8.299120234604105972e-01,8.490000000000000000e+02
3.401000000000000133e-06,8.299993699596770469e-01,0.000000000000000000e+00,8.299120234604105972e-01,8.490000000000000000e+02
3.402000000000000208e-06,8.302432719330400390e-01,0.000000000000000000e+00,8.299120234604105972e-01,8.490000000000000000e+02
3.402999999999999860e-06,8.304871739064030312e-01,0.000000000000000000e+00,8.308895405669599610e-01,8.500000000000000000e+02
3.403999999999999935e-06,8.307310758797650241e-01,0.000000000000000000e+00,8.308895405669599610e-01,8.500000000000000000e+02
3.405000000000000010e-06,8.309749778531280162e-01,0.000000000000000000e+00,8.308895405669599610e-01,8.500000000000000000e+02
3.406000000000000085e-06,8.312188798264910083e-01,0.000000000000000000e+00,8.308895405669599610e-01,8.500000000000000000e+02
3.407000000000000160e-06,8.314627817998530013e-01,0.000000000000000000e+00,8.318670576735093247e-01,8.510000000000000000e+02
3.407999999999999812e-06,8.317066837732159934e-01,0.000000000000000000e+00,8.318670576735093247e-01,8.510000000000000000e+02
3.408999999999999887e-06,8.319505857465789855e-01,0.000000000000000000e+00,8.318670576735093247e-01,8.510000000000000000e+02
3.409999999999999962e-06,8.321944877199409785e-01,0.000000000000000000e+00,8.318670576735093247e-01,8.510000000000000000e+02
3.411000000000000037e-06,8.324383896933039706e-01,0.000000000000000000e+00,8.328445747800586885e-01,8.520000000000000000e+02
3.412000000000000112e-06,8.326822916666669627e-01,0.000000000000000000e+00,8.328445747800586885e-01,8.520000000000000000e+02
3.413000000000000188e-06,8.329261936400289557e-01,0.000000000000000000e+00,8.328445747800586885e-01,8.520000000000000000e+02
3.413999999999999839e-06,8.331700956133919478e-01,0.000000000000000000e+00,8.328445747800586885e-01,8.520000000000000000e+02
3.414999999999999914e-06,8.334139975867540517e-01,0.000000000000000000e+00,8.338220918866080522e-01,8.530000000000000000e+02
3.415999999999999989e-06,8.336578995601170439e-01,0.000000000000000000e+00,8.338220918866080522e-01,8.530000000000000000e+02
3.417000000000000065e-06,8.339018015334800360e-01,0.000000000000000000e+00,8.338220918866080522e-01,8.530000000000000000e+02
3.418000000000000140e-06,8.341457035068430281e-01,0.000000000000000000e+00,8.338220918866080522e-01,8.530000000000000000e+02
3.418999999999999791e-06,8.343896054802050211e-01,0.000000000000000000e+00,8.347996089931574160e-01,8.540000000000000000e+02
3.419999999999999866e-06,8.346335074535680132e-01,0.000000000000000000e+00,8.347996089931574160e-01,8.540000000000000000e+02
3.420999999999999942e-06,8.348774094269310053e-01,0.000000000000000000e+00,8.347996089931574160e-01,8.540000000000000000e+02
3.422000000000000017e-06,8.351213114002929983e-01,0.000000000000000000e+00,8.347996089931574160e-01,8.540000000000000000e+02
3.423000000000000092e-06,8.353652133736559904e-01,0.000000000000000000e+00,8.357771260997067797e-01,8.550000000000000000e+02
3.424000000000000167e-06,8.356091153470189825e-01,0.000000000000000000e+00,8.357771260997067797e-01,8.550000000000000000e+02
3.424999999999999819e-06,8.358530173203809754e-01,0.000000000000000000e+00,8.357771260997067797e-01,8.550000000000000000e+02
3.425999999999999894e-06,8.360969192937439676e-01,0.000000000000000000e+00,8.357771260997067797e-01,8.550000000000000000e+02
3.426999999999999969e-06,8.363408212671069597e-01,0.000000000000000000e+00,8.367546432062561435e-01,8.560000000000000000e+02
3.428000000000000044e-06,8.365847232404689526e-01,0.000000000000000000e+00,8.367546432062561435e-01,8.560000000000000000e+02
3.429000000000000119e-06,8.368286252138319448e-01,0.000000000000000000e+00,8.367546432062561435e-01,8.560000000000000000e+02
3.430000000000000194e-06,8.370725271871940487e-01,0.000000000000000000e+00,8.367546432062561435e-01,8.560000000000000000e+02
3.430999999999999846e-06,8.373164291605570408e-01,0.000000000000000000e+00,8.377321603128055072e-01,8.570000000000000000e+02
3.431999999999999921e-06,8.375603311339200330e-01,0.000000000000000000e+00,8.377321603128055072e-01,8.570000000000000000e+02
3.432999999999999996e-06,8.378042331072820259e-01,0.000000000000000000e+00,8.377321603128055072e-01,8.570000000000000000e+02
3.434000000000000071e-06,8.380481350806450180e-01,0.000000000000000000e+00,8.377321603128055072e-01,8.570000000000000000e+02
3.435000000000000146e-06,8.382920370540080102e-01,0.000000000000000000e+00,8.387096774193548709e-01,8.580000000000000000e+02
3.435999999999999798e-06,8.385359390273700031e-01,0.000000000000000000e+00,8.387096774193548709e-01,8.580000000000000000e+02
3.436999999999999873e-06,8.387798410007329952e-01,0.000000000000000000e+00,8.387096774193548709e-01,8.580000000000000000e+02
3.437999999999999948e-06,8.390237429740959874e-01,0.000000000000000000e+00,8.387096774193548709e-01,8.580000000000000000e+02
3.439000000000000023e-06,8.392676449474579803e-01,0.000000000000000000e+00,8.396871945259042347e-01,8.590000000000000000e+02
3.440000000000000098e-06,8.395115469208209724e-01,0.000000000000000000e+00,8.396871945259042347e-01,8.590000000000000000e+02
3.441000000000000174e-06,8.397554488941839645e-01,0.000000000000000000e+00,8.396871945259042347e-01,8.590000000000000000e+02
3.441999999999999825e-06,8.399993508675459575e-01,0.000000000000000000e+00,8.396871945259042347e-01,8.590000000000000000e+02
3.442999999999999900e-06,8.402432528409089496e-01,0.000000000000000000e+00,8.406647116324535984e-01,8.600000000000000000e+02
3.443999999999999975e-06,8.404871548142720528e-01,0.000000000000000000e+00,8.406647116324535984e-01,8.600000000000000000e+02
3.445000000000000051e-06,8.407310567876340457e-01,0.000000000000000000e+00,8.406647116324535984e-01,8.600000000000000000e+02
3.446000000000000126e-06,8.409749587609970378e-01,0.000000000000000000e+00,8.406647116324535984e-01,8.600000000000000000e+02
3.447000000000000201e-06,8.412188607343600300e-01,0.000000000000000000e+00,8.416422287390029622e-01,8.610000000000000000e+02
3.447999999999999852e-06,8.414627627077220229e-01,0.000000000000000000e+00,8.416422287390029622e-01,8.610000000000000000e+02
3.448999999999999928e-06,8.417066646810850150e-01,0.000000000000000000e+00,8.416422287390029622e-01,8.610000000000000000e+02
3.450000000000000003e-06,8.419505666544480071e-01,0.000000000000000000e+00,8.416422287390029622e-01,8.610000000000000000e+02
3.451000000000000078e-06,8.421944686278100001e-01,0.000000000000000000e+00,8.426197458455523259e-01,8.620000000000000000e+02
3.452000000000000153e-06,8.424383706011729922e-01,0.000000000000000000e+00,8.426197458455523259e-01,8.620000000000000000e+02
3.452999999999999805e-06,8.426822725745359843e-01,0.000000000000000000e+00,8.426197458455523259e-01,8.620000000000000000e+02
3.453999999999999880e-06,8.429261745478979773e-01,0.000000000000000000e+00,8.426197458455523259e-01,8.620000000000000000e+02
3.454999999999999955e-06,8.431700765212609694e-01,0.000000000000000000e+00,8.435972629521016897e-01,8.630000000000000000e+02
3.456000000000000030e-06,8.434139784946239615e-01,0.000000000000000000e+00,8.435972629521016897e-01,8.630000000000000000e+02
3.457000000000000105e-06,8.436578804679859545e-01,0.000000000000000000e+00,8.435972629521016897e-01,8.630000000000000000e+02
3.458000000000000180e-06,8.439017824413489466e-01,0.000000000000000000e+00,8.435972629521016897e-01,8.630000000000000000e+02
3.458999999999999832e-06,8.441456844147110505e-01,0.000000000000000000e+00,8.445747800586510534e-01,8.640000000000000000e+02
3.459999999999999907e-06,8.443895863880740427e-01,0.000000000000000000e+00,8.445747800586510534e-01,8.640000000000000000e+02
3.460999999999999982e-06,8.446334883614370348e-01,0.000000000000000000e+00,8.445747800586510534e-01,8.640000000000000000e+02
3.462000000000000057e-06,8.448773903348000269e-01,0.000000000000000000e+00,8.445747800586510534e-01,8.640000000000000000e+02
3.463000000000000132e-06,8.451212923081620199e-01,0.000000000000000000e+00,8.455522971652004172e-01,8.650000000000000000e+02
3.464000000000000207e-06,8.453651942815250120e-01,0.000000000000000000e+00,8.455522971652004172e-01,8.650000000000000000e+02
3.464999999999999859e-06,8.456090962548880041e-01,0.000000000000000000e+00,8.455522971652004172e-01,8.650000000000000000e+02
3.465999999999999934e-06,8.458529982282499970e-01,0.000000000000000000e+00,8.455522971652004172e-01,8.650000000000000000e+02
3.467000000000000009e-06,8.460969002016129892e-01,0.000000000000000000e+00,8.465298142717497809e-01,8.660000000000000000e+02
3.468000000000000084e-06,8.463408021749759813e-01,0.000000000000000000e+00,8.465298142717497809e-01,8.660000000000000000e+02
3.469000000000000160e-06,8.465847041483379742e-01,0.000000000000000000e+00,8.465298142717497809e-01,8.660000000000000000e+02
3.469999999999999811e-06,8.468286061217009664e-01,0.000000000000000000e+00,8.465298142717497809e-01,8.660000000000000000e+02
3.470999999999999886e-06,8.470725080950629593e-01,0.000000000000000000e+00,8.475073313782991447e-01,8.670000000000000000e+02
3.471999999999999961e-06,8.473164100684259514e-01,0.000000000000000000e+00,8.475073313782991447e-01,8.670000000000000000e+02
3.473000000000000037e-06,8.475603120417890546e-01,0.000000000000000000e+00,8.475073313782991447e-01,8.670000000000000000e+02
3.474000000000000112e-06,8.478042140151510475e-01,0.000000000000000000e+00,8.475073313782991447e-01,8.670000000000000000e+02
3.475000000000000187e-06,8.480481159885140396e-01,0.000000000000000000e+00,8.484848484848485084e-01,8.680000000000000000e+02
3.475999999999999838e-06,8.482920179618770318e-01,0.000000000000000000e+00,8.484848484848485084e-01,8.680000000000000000e+02
3.476999999999999914e-06,8.485359199352400239e-01,0.000000000000000000e+00,8.484848484848485084e-01,8.680000000000000000e+02
3.477999999999999989e-06,8.487798219086020168e-01,0.000000000000000000e+00,8.484848484848485084e-01,8.680000000000000000e+02
3.479000000000000064e-06,8.490237238819650090e-01,0.000000000000000000e+00,8.494623655913978721e-01,8.690000000000000000e+02
3.480000000000000139e-06,8.492676258553270019e-01,0.000000000000000000e+00,8.494623655913978721e-01,8.690000000000000000e+02
3.480999999999999791e-06,8.495115278286899940e-01,0.000000000000000000e+00,8.494623655913978721e-01,8.690000000000000000e+02
3.481999999999999866e-06,8.497554298020529862e-01,0.000000000000000000e+00,8.494623655913978721e-01,8.690000000000000000e+02
3.482999999999999941e-06,8.499993317754149791e-01,0.000000000000000000e+00,8.504398826979472359e-01,8.700000000000000000e+02
3.484000000000000016e-06,8.502432337487779712e-01,0.000000000000000000e+00,8.504398826979472359e-01,8.700000000000000000e+02
3.485000000000000091e-06,8.504871357221409633e-01,0.000000000000000000e+00,8.504398826979472359e-01,8.700000000000000000e+02
3.486000000000000166e-06,8.507310376955029563e-01,0.000000000000000000e+00,8.504398826979472359e-01,8.700000000000000000e+02
3.486999999999999818e-06,8.509749396688659484e-01,0.000000000000000000e+00,8.514173998044965996e-01,8.710000000000000000e+02
3.487999999999999893e-06,8.512188416422290516e-01,0.000000000000000000e+00,8.514173998044965996e-01,8.710000000000000000e+02
3.488999999999999968e-06,8.514627436155910445e-01,0.000000000000000000e+00,8.514173998044965996e-01,8.710000000000000000e+02
3.490000000000000043e-06,8.517066455889540366e-01,0.000000000000000000e+00,8.514173998044965996e-01,8.710000000000000000e+02
3.491000000000000118e-06,8.519505475623170287e-01,0.000000000000000000e+00,8.523949169110459634e-01,8.720000000000000000e+02
3.492000000000000193e-06,8.521944495356790217e-01,0.000000000000000000e+00,8.523949169110459634e-01,8.720000000000000000e+02
3.492999999999999845e-06,8.524383515090420138e-01,0.000000000000000000e+00,8.523949169110459634e-01,8.720000000000000000e+02
3.493999999999999920e-06,8.526822534824050059e-01,0.000000000000000000e+00,8.523949169110459634e-01,8.720000000000000000e+02
3.494999999999999995e-06,8.529261554557669989e-01,0.000000000000000000e+00,8.533724340175953271e-01,8.730000000000000000e+02
3.496000000000000070e-06,8.531700574291299910e-01,0.000000000000000000e+00,8.533724340175953271e-01,8.730000000000000000e+02
3.497000000000000146e-06,8.534139594024929831e-01,0.000000000000000000e+00,8.533724340175953271e-01,8.730000000000000000e+02
3.497999999999999797e-06,8.536578613758549761e-01,0.000000000000000000e+00,8.533724340175953271e-01,8.730000000000000000e+02
3.498999999999999872e-06,8.539017633492179682e-01,0.000000000000000000e+00,8.543499511241446909e-01,8.740000000000000000e+02
3.499999999999999947e-06,8.541456653225809603e-01,0.000000000000000000e+00,8.543499511241446909e-01,8.740000000000000000e+02
3.501000000000000023e-06,8.543895672959429533e-01,0.000000000000000000e+00,8.543499511241446909e-01,8.740000000000000000e+02
3.502000000000000098e-06,8.546334692693059454e-01,0.000000000000000000e+00,8.543499511241446909e-01,8.740000000000000000e+02
3.503000000000000173e-06,8.548773712426680493e-01,0.000000000000000000e+00,8.553274682306940546e-01,8.750000000000000000e+02
3.503999999999999824e-06,8.551212732160310415e-01,0.000000000000000000e+00,8.553274682306940546e-01,8.750000000000000000e+02
3.504999999999999900e-06,8.553651751893940336e-01,0.000000000000000000e+00,8.553274682306940546e-01,8.750000000000000000e+02
3.505999999999999975e-06,8.556090771627570257e-01,0.000000000000000000e+00,8.553274682306940546e-01,8.750000000000000000e+02
3.507000000000000050e-06,8.558529791361190187e-01,0.000000000000000000e+00,8.563049853372434184e-01,8.760000000000000000e+02
3.508000000000000125e-06,8.560968811094820108e-01,0.000000000000000000e+00,8.563049853372434184e-01,8.760000000000000000e+02
3.509000000000000200e-06,8.563407830828450029e-01,0.000000000000000000e+00,8.563049853372434184e-01,8.760000000000000000e+02
3.509999999999999852e-06,8.565846850562069958e-01,0.000000000000000000e+00,8.563049853372434184e-01,8.760000000000000000e+02
3.510999999999999927e-06,8.568285870295699880e-01,0.000000000000000000e+00,8.572825024437927821e-01,8.770000000000000000e+02
3.512000000000000002e-06,8.570724890029329801e-01,0.000000000000000000e+00,8.572825024437927821e-01,8.770000000000000000e+02
3.513000000000000077e-06,8.573163909762949730e-01,0.000000000000000000e+00,8.572825024437927821e-01,8.770000000000000000e+02
3.514000000000000152e-06,8.575602929496579652e-01,0.000000000000000000e+00,8.572825024437927821e-01,8.770000000000000000e+02
3.514999999999999804e-06,8.578041949230199581e-01,0.000000000000000000e+00,8.582600195503421459e-01,8.780000000000000000e+02
3.515999999999999879e-06,8.580480968963829502e-01,0.000000000000000000e+00,8.582600195503421459e-01,8.780000000000000000e+02
3.516999999999999954e-06,8.582919988697460534e-01,0.000000000000000000e+00,8.582600195503421459e-01,8.780000000000000000e+02
3.518000000000000029e-06,8.585359008431090455e-01,0.000000000000000000e+00,8.582600195503421459e-01,8.780000000000000000e+02
3.519000000000000104e-06,8.587798028164710384e-01,0.000000000000000000e+00,8.592375366568915096e-01,8.790000000000000000e+02
3.520000000000000180e-06,8.590237047898340306e-01,0.000000000000000000e+00,8.592375366568915096e-01,8.790000000000000000e+02
3.520999999999999831e-06,8.592676067631960235e-01,0.000000000000000000e+00,8.592375366568915096e-01,8.790000000000000000e+02
3.521999999999999906e-06,8.595115087365590156e-01,0.000000000000000000e+00,8.592375366568915096e-01,8.790000000000000000e+02
3.522999999999999981e-06,8.597554107099220078e-01,0.000000000000000000e+00,8.602150537634408733e-01,8.800000000000000000e+02
3.524000000000000057e-06,8.599993126832840007e-01,0.000000000000000000e+00,8.602150537634408733e-01,8.800000000000000000e+02
3.525000000000000132e-06,8.602432146566469928e-01,0.000000000000000000e+00,8.602150537634408733e-01,8.800000000000000000e+02
3.526000000000000207e-06,8.604871166300099850e-01,0.000000000000000000e+00,8.602150537634408733e-01,8.800000000000000000e+02
3.526999999999999858e-06,8.607310186033719779e-01,0.000000000000000000e+00,8.611925708699902371e-01,8.810000000000000000e+02
3.527999999999999934e-06,8.609749205767349700e-01,0.000000000000000000e+00,8.611925708699902371e-01,8.810000000000000000e+02
3.529000000000000009e-06,8.612188225500979621e-01,0.000000000000000000e+00,8.611925708699902371e-01,8.810000000000000000e+02
3.530000000000000084e-06,8.614627245234599551e-01,0.000000000000000000e+00,8.611925708699902371e-01,8.810000000000000000e+02
3.531000000000000159e-06,8.617066264968229472e-01,0.000000000000000000e+00,8.621700879765396008e-01,8.820000000000000000e+02
3.531999999999999811e-06,8.619505284701860504e-01,0.000000000000000000e+00,8.621700879765396008e-01,8.820000000000000000e+02
3.532999999999999886e-06,8.621944304435480433e-01,0.000000000000000000e+00,8.621700879765396008e-01,8.820000000000000000e+02
3.533999999999999961e-06,8.624383324169110354e-01,0.000000000000000000e+00,8.621700879765396008e-01,8.820000000000000000e+02
3.535000000000000036e-06,8.626822343902740275e-01,0.000000000000000000e+00,8.631476050830889646e-01,8.830000000000000000e+02
3.536000000000000111e-06,8.629261363636360205e-01,0.000000000000000000e+00,8.631476050830889646e-01,8.830000000000000000e+02
3.537000000000000186e-06,8.631700383369990126e-01,0.000000000000000000e+00,8.631476050830889646e-01,8.830000000000000000e+02
3.537999999999999838e-06,8.634139403103620047e-01,0.000000000000000000e+00,8.631476050830889646e-01,8.830000000000000000e+02
3.538999999999999913e-06,8.636578422837239977e-01,0.000000000000000000e+00,8.641251221896383283e-01,8.840000000000000000e+02
3.539999999999999988e-06,8.639017442570869898e-01,0.000000000000000000e+00,8.641251221896383283e-01,8.840000000000000000e+02
3.541000000000000063e-06,8.641456462304499819e-01,0.000000000000000000e+00,8.641251221896383283e-01,8.840000000000000000e+02
3.542000000000000138e-06,8.643895482038119749e-01,0.000000000000000000e+00,8.641251221896383283e-01,8.840000000000000000e+02
3.542999999999999790e-06,8.646334501771749670e-01,0.000000000000000000e+00,8.651026392961876921e-01,8.850000000000000000e+02
3.543999999999999865e-06,8.648773521505379591e-01,0.000000000000000000e+00,8.651026392961876921e-01,8.850000000000000000e+02
3.544999999999999940e-06,8.651212541238999520e-01,0.000000000000000000e+00,8.651026392961876921e-01,8.850000000000000000e+02
3.546000000000000015e-06,8.653651560972630552e-01,0.000000000000000000e+00,8.651026392961876921e-01,8.850000000000000000e+02
3.547000000000000090e-06,8.656090580706260473e-01,0.000000000000000000e+00,8.660801564027370558e-01,8.860000000000000000e+02
3.548000000000000166e-06,8.658529600439880403e-01,0.000000000000000000e+00,8.660801564027370558e-01,8.860000000000000000e+02
3.548999999999999817e-06,8.660968620173510324e-01,0.000000000000000000e+00,8.660801564027370558e-01,8.860000000000000000e+02
3.549999999999999892e-06,8.663407639907140245e-01,0.000000000000000000e+00,8.660801564027370558e-01,8.860000000000000000e+02
3.550999999999999967e-06,8.665846659640760175e-01,0.000000000000000000e+00,8.670576735092864196e-01,8.870000000000000000e+02
3.552000000000000043e-06,8.668285679374390096e-01,0.000000000000000000e+00,8.670576735092864196e-01,8.870000000000000000e+02
3.553000000000000118e-06,8.670724699108020017e-01,0.000000000000000000e+00,8.670576735092864196e-01,8.870000000000000000e+02
3.554000000000000193e-06,8.673163718841639946e-01,0.000000000000000000e+00,8.670576735092864196e-01,8.870000000000000000e+02
3.554999999999999844e-06,8.675602738575269868e-01,0.000000000000000000e+00,8.680351906158357833e-01,8.880000000000000000e+02
3.555999999999999920e-06,8.678041758308889797e-01,0.000000000000000000e+00,8.680351906158357833e-01,8.880000000000000000e+02
3.556999999999999995e-06,8.680480778042519718e-01,0.000000000000000000e+00,8.680351906158357833e-01,8.880000000000000000e+02
3.558000000000000070e-06,8.682919797776149640e-01,0.000000000000000000e+00,8.680351906158357833e-01,8.880000000000000000e+02
3.559000000000000145e-06,8.685358817509769569e-01,0.000000000000000000e+00,8.690127077223851471e-01,8.890000000000000000e+02
3.559999999999999797e-06,8.687797837243399490e-01,0.000000000000000000e+00,8.690127077223851471e-01,8.890000000000000000e+02
3.560999999999999872e-06,8.690236856977030522e-01,0.000000000000000000e+00,8.690127077223851471e-01,8.890000000000000000e+02
3.561999999999999947e-06,8.692675876710660443e-01,0.000000000000000000e+00,8.690127077223851471e-01,8.890000000000000000e+02
3.563000000000000022e-06,8.695114896444280372e-01,0.000000000000000000e+00,8.699902248289345108e-01,8.900000000000000000e+02
3.564000000000000097e-06,8.697553916177910294e-01,0.000000000000000000e+00,8.699902248289345108e-01,8.900000000000000000e+02
3.565000000000000172e-06,8.699992935911530223e-01,0.000000000000000000e+00,8.699902248289345108e-01,8.900000000000000000e+02
3.565999999999999824e-06,8.702431955645160144e-01,0.000000000000000000e+00,8.699902248289345108e-01,8.900000000000000000e+02
3.566999999999999899e-06,8.704870975378790066e-01,0.000000000000000000e+00,8.709677419354838745e-01,8.910000000000000000e+02
3.567999999999999974e-06,8.707309995112409995e-01,0.000000000000000000e+00,8.709677419354838745e-01,8.910000000000000000e+02
3.569000000000000049e-06,8.709749014846039916e-01,0.000000000000000000e+00,8.709677419354838745e-01,8.910000000000000000e+02
3.570000000000000124e-06,8.712188034579669837e-01,0.000000000000000000e+00,8.709677419354838745e-01,8.910000000000000000e+02
3.571000000000000199e-06,8.714627054313289767e-01,0.000000000000000000e+00,8.719452590420332383e-01,8.920000000000000000e+02
3.571999999999999851e-06,8.717066074046919688e-01,0.000000000000000000e+00,8.719452590420332383e-01,8.920000000000000000e+02
3.572999999999999926e-06,8.719505093780549609e-01,0.000000000000000000e+00,8.719452590420332383e-01,8.920000000000000000e+02
3.574000000000000001e-06,8.721944113514169539e-01,0.000000000000000000e+00,8.719452590420332383e-01,8.920000000000000000e+02
3.575000000000000076e-06,8.724383133247799460e-01,0.000000000000000000e+00,8.729227761485826020e-01,8.930000000000000000e+02
3.576000000000000152e-06,8.726822152981430492e-01,0.000000000000000000e+00,8.729227761485826020e-01,8.930000000000000000e+02
3.576999999999999803e-06,8.729261172715050421e-01,0.000000000000000000e+00,8.729227761485826020e-01,8.930000000000000000e+02
3.577999999999999878e-06,8.731700192448680342e-01,0.000000000000000000e+00,8.729227761485826020e-01,8.930000000000000000e+02
3.578999999999999953e-06,8.734139212182310263e-01,0.000000000000000000e+00,8.739002932551319658e-01,8.940000000000000000e+02
3.580000000000000029e-06,8.736578231915930193e-01,0.000000000000000000e+00,8.739002932551319658e-01,8.940000000000000000e+02
3.581000000000000104e-06,8.739017251649560114e-01,0.000000000000000000e+00,8.739002932551319658e-01,8.940000000000000000e+02
3.582000000000000179e-06,8.741456271383190035e-01,0.000000000000000000e+00,8.739002932551319658e-01,8.940000000000000000e+02
3.582999999999999830e-06,8.743895291116809965e-01,0.000000000000000000e+00,8.748778103616813295e-01,8.950000000000000000e+02
3.583999999999999906e-06,8.746334310850439886e-01,0.000000000000000000e+00,8.748778103616813295e-01,8.950000000000000000e+02
3.584999999999999981e-06,8.748773330584069807e-01,0.000000000000000000e+00,8.748778103616813295e-01,8.950000000000000000e+02
3.586000000000000056e-06,8.751212350317689737e-01,0.000000000000000000e+00,8.748778103616813295e-01,8.950000000000000000e+02
3.587000000000000131e-06,8.753651370051319658e-01,0.000000000000000000e+00,8.758553274682306933e-01,8.960000000000000000e+02
3.588000000000000206e-06,8.756090389784949579e-01,0.000000000000000000e+00,8.758553274682306933e-01,8.960000000000000000e+02
3.588999999999999858e-06,8.758529409518569508e-01,0.000000000000000000e+00,8.758553274682306933e-01,8.960000000000000000e+02
3.589999999999999933e-06,8.760968429252200540e-01,0.000000000000000000e+00,8.758553274682306933e-01,8.960000000000000000e+02
3.591000000000000008e-06,8.763407448985820469e-01,0.000000000000000000e+00,8.768328445747800570e-01,8.970000000000000000e+02
3.592000000000000083e-06,8.765846468719450391e-01,0.000000000000000000e+00,8.768328445747800570e-01,8.970000000000000000e+02
3.593000000000000158e-06,8.768285488453080312e-01,0.000000000000000000e+00,8.768328445747800570e-01,8.970000000000000000e+02
3.593999999999999810e-06,8.770724508186710233e-01,0.000000000000000000e+00,8.768328445747800570e-01,8.970000000000000000e+02
3.594999999999999885e-06,8.773163527920330163e-01,0.000000000000000000e+00,8.778103616813294208e-01,8.980000000000000000e+02
3.595999999999999960e-06,8.775602547653960084e-01,0.000000000000000000e+00,8.778103616813294208e-01,8.980000000000000000e+02
3.597000000000000035e-06,8.778041567387590005e-01,0.000000000000000000e+00,8.778103616813294208e-01,8.980000000000000000e+02
3.598000000000000110e-06,8.780480587121209934e-01,0.000000000000000000e+00,8.778103616813294208e-01,8.980000000000000000e+02
3.599000000000000185e-06,8.782919606854839856e-01,0.000000000000000000e+00,8.787878787878787845e-01,8.990000000000000000e+02
3.599999999999999837e-06,8.785358626588469777e-01,0.000000000000000000e+00,8.787878787878787845e-01,8.990000000000000000e+02
3.600999999999999912e-06,8.787797646322089706e-01,0.000000000000000000e+00,8.787878787878787845e-01,8.990000000000000000e+02
3.601999999999999987e-06,8.790236666055719628e-01,0.000000000000000000e+00,8.787878787878787845e-01,8.990000000000000000e+02
3.603000000000000062e-06,8.792675685789349549e-01,0.000000000000000000e+00,8.797653958944281483e-01,9.000000000000000000e+02
3.604000000000000138e-06,8.795114705522969478e-01,0.000000000000000000e+00,8.797653958944281483e-01,9.000000000000000000e+02
3.604999999999999789e-06,8.797553725256600510e-01,0.000000000000000000e+00,8.797653958944281483e-01,9.000000000000000000e+02
3.605999999999999864e-06,8.799992744990220439e-01,0.000000000000000000e+00,8.797653958944281483e-01,9.000000000000000000e+02
3.606999999999999939e-06,8.802431764723850360e-01,0.000000000000000000e+00,8.807429130009775120e-01,9.010000000000000000e+02
3.608000000000000015e-06,8.804870784457480282e-01,0.000000000000000000e+00,8.807429130009775120e-01,9.010000000000000000e+02
3.609000000000000090e-06,8.807309804191100211e-01,0.000000000000000000e+00,8.807429130009775120e-01,9.010000000000000000e+02
3.610000000000000165e-06,8.809748823924730132e-01,0.000000000000000000e+00,8.807429130009775120e-01,9.010000000000000000e+02
3.610999999999999816e-06,8.812187843658360054e-01,0.000000000000000000e+00,8.807429130009775120e-01,9.010000000000000000e+02
3.611999999999999892e-06,8.814626863391979983e-01,0.000000000000000000e+00,8.817204301075268758e-01,9.020000000000000000e+02
3.612999999999999967e-06,8.817065883125609904e-01,0.000000000000000000e+00,8.817204301075268758e-01,9.020000000000000000e+02
3.614000000000000042e-06,8.819504902859239825e-01,0.000000000000000000e+00,8.817204301075268758e-01,9.020000000000000000e+02
3.615000000000000117e-06,8.821943922592859755e-01,0.000000000000000000e+00,8.817204301075268758e-01,9.020000000000000000e+02
3.616000000000000192e-06,8.824382942326489676e-01,0.000000000000000000e+00,8.826979472140762395e-01,9.030000000000000000e+02
3.616999999999999844e-06,8.826821962060119597e-01,0.000000000000000000e+00,8.826979472140762395e-01,9.030000000000000000e+02
3.617999999999999919e-06,8.829260981793749519e-01,0.000000000000000000e+00,8.826979472140762395e-01,9.030000000000000000e+02
3.618999999999999994e-06,8.831700001527369448e-01,0.000000000000000000e+00,8.826979472140762395e-01,9.030000000000000000e+02
3.620000000000000069e-06,8.834139021261000480e-01,0.000000000000000000e+00,8.836754643206256032e-01,9.040000000000000000e+02
3.621000000000000144e-06,8.836578040994620409e-01,0.000000000000000000e+00,8.836754643206256032e-01,9.040000000000000000e+02
3.621999999999999796e-06,8.839017060728250330e-01,0.000000000000000000e+00,8.836754643206256032e-01,9.040000000000000000e+02
3.622999999999999871e-06,8.841456080461880251e-01,0.000000000000000000e+00,8.836754643206256032e-01,9.040000000000000000e+02
3.623999999999999946e-06,8.843895100195500181e-01,0.000000000000000000e+00,8.846529814271749670e-01,9.050000000000000000e+02
3.625000000000000021e-06,8.846334119929130102e-01,0.000000000000000000e+00,8.846529814271749670e-01,9.050000000000000000e+02
3.626000000000000096e-06,8.848773139662760023e-01,0.000000000000000000e+00,8.846529814271749670e-01,9.050000000000000000e+02
3.627000000000000172e-06,8.851212159396379953e-01,0.000000000000000000e+00,8.846529814271749670e-01,9.050000000000000000e+02
3.627999999999999823e-06,8.853651179130009874e-01,0.000000000000000000e+00,8.856304985337243307e-01,9.060000000000000000e+02
3.628999999999999898e-06,8.856090198863639795e-01,0.000000000000000000e+00,8.856304985337243307e-01,9.060000000000000000e+02
3.629999999999999973e-06,8.858529218597259725e-01,0.000000000000000000e+00,8.856304985337243307e-01,9.060000000000000000e+02
3.631000000000000049e-06,8.860968238330889646e-01,0.000000000000000000e+00,8.856304985337243307e-01,9.060000000000000000e+02
3.632000000000000124e-06,8.863407258064519567e-01,0.000000000000000000e+00,8.866080156402736945e-01,9.070000000000000000e+02
3.633000000000000199e-06,8.865846277798139496e-01,0.000000000000000000e+00,8.866080156402736945e-01,9.070000000000000000e+02
3.633999999999999850e-06,8.868285297531770528e-01,0.000000000000000000e+00,8.866080156402736945e-01,9.070000000000000000e+02
3.634999999999999926e-06,8.870724317265390457e-01,0.000000000000000000e+00,8.866080156402736945e-01,9.070000000000000000e+02
3.636000000000000001e-06,8.873163336999020379e-01,0.000000000000000000e+00,8.875855327468230582e-01,9.080000000000000000e+02
3.637000000000000076e-06,8.875602356732650300e-01,0.000000000000000000e+00,8.875855327468230582e-01,9.080000000000000000e+02
3.638000000000000151e-06,8.878041376466280221e-01,0.000000000000000000e+00,8.875855327468230582e-01,9.080000000000000000e+02
3.638999999999999803e-06,8.880480396199900150e-01,0.000000000000000000e+00,8.875855327468230582e-01,9.080000000000000000e+02
3.639999999999999878e-06,8.882919415933530072e-01,0.000000000000000000e+00,8.885630498533724220e-01,9.090000000000000000e+02
3.640999999999999953e-06,8.885358435667159993e-01,0.000000000000000000e+00,8.885630498533724220e-01,9.090000000000000000e+02
3.642000000000000028e-06,8.887797455400779922e-01,0.000000000000000000e+00,8.885630498533724220e-01,9.090000000000000000e+02
3.643000000000000103e-06,8.890236475134409844e-01,0.000000000000000000e+00,8.885630498533724220e-01,9.090000000000000000e+02
3.644000000000000178e-06,8.892675494868029773e-01,0.000000000000000000e+00,8.895405669599217857e-01,9.100000000000000000e+02
3.644999999999999830e-06,8.895114514601659694e-01,0.000000000000000000e+00,8.895405669599217857e-01,9.100000000000000000e+02
3.645999999999999905e-06,8.897553534335289616e-01,0.000000000000000000e+00,8.895405669599217857e-01,9.100000000000000000e+02
3.646999999999999980e-06,8.899992554068919537e-01,0.000000000000000000e+00,8.895405669599217857e-01,9.100000000000000000e+02
3.648000000000000055e-06,8.902431573802539466e-01,0.000000000000000000e+00,8.905180840664711495e-01,9.110000000000000000e+02
3.649000000000000130e-06,8.904870593536170498e-01,0.000000000000000000e+00,8.905180840664711495e-01,9.110000000000000000e+02
3.650000000000000205e-06,8.907309613269790427e-01,0.000000000000000000e+00,8.905180840664711495e-01,9.110000000000000000e+02
3.650999999999999857e-06,8.909748633003420348e-01,0.000000000000000000e+00,8.905180840664711495e-01,9.110000000000000000e+02
3.651999999999999932e-06,8.912187652737050270e-01,0.000000000000000000e+00,8.914956011730205132e-01,9.120000000000000000e+02
3.653000000000000007e-06,8.914626672470670199e-01,0.000000000000000000e+00,8.914956011730205132e-01,9.120000000000000000e+02
3.654000000000000082e-06,8.917065692204300120e-01,0.000000000000000000e+00,8.914956011730205132e-01,9.120000000000000000e+02
3.655000000000000158e-06,8.919504711937930042e-01,0.000000000000000000e+00,8.914956011730205132e-01,9.120000000000000000e+02
3.655999999999999809e-06,8.921943731671549971e-01,0.000000000000000000e+00,8.924731182795698770e-01,9.130000000000000000e+02
3.656999999999999884e-06,8.924382751405179892e-01,0.000000000000000000e+00,8.924731182795698770e-01,9.130000000000000000e+02
3.657999999999999959e-06,8.926821771138809813e-01,0.000000000000000000e+00,8.924731182795698770e-01,9.130000000000000000e+02
3.659000000000000035e-06,8.929260790872429743e-01,0.000000000000000000e+00,8.924731182795698770e-01,9.130000000000000000e+02
3.660000000000000110e-06,8.931699810606059664e-01,0.000000000000000000e+00,8.934506353861192407e-01,9.140000000000000000e+02
3.661000000000000185e-06,8.934138830339689585e-01,0.000000000000000000e+00,8.934506353861192407e-01,9.140000000000000000e+02
3.661999999999999836e-06,8.936577850073309515e-01,0.000000000000000000e+00,8.934506353861192407e-01,9.140000000000000000e+02
3.662999999999999912e-06,8.939016869806940546e-01,0.000000000000000000e+00,8.934506353861192407e-01,9.140000000000000000e+02
3.663999999999999987e-06,8.941455889540570467e-01,0.000000000000000000e+00,8.944281524926686044e-01,9.150000000000000000e+02
3.665000000000000062e-06,8.943894909274190397e-01,0.000000000000000000e+00,8.944281524926686044e-01,9.150000000000000000e+02
3.666000000000000137e-06,8.946333929007820318e-01,0.000000000000000000e+00,8.944281524926686044e-01,9.150000000000000000e+02
3.666999999999999789e-06,8.948772948741450239e-01,0.000000000000000000e+00,8.944281524926686044e-01,9.150000000000000000e+02
3.667999999999999864e-06,8.951211968475070169e-01,0.000000000000000000e+00,8.954056695992179682e-01,9.160000000000000000e+02
3.668999999999999939e-06,8.953650988208700090e-01,0.000000000000000000e+00,8.954056695992179682e-01,9.160000000000000000e+02
3.670000000000000014e-06,8.956090007942330011e-01,0.000000000000000000e+00,8.954056695992179682e-01,9.160000000000000000e+02
3.671000000000000089e-06,8.958529027675949941e-01,0.000000000000000000e+00,8.954056695992179682e-01,9.160000000000000000e+02
3.672000000000000164e-06,8.960968047409579862e-01,0.000000000000000000e+00,8.963831867057673319e-01,9.170000000000000000e+02
3.672999999999999816e-06,8.963407067143209783e-01,0.000000000000000000e+00,8.963831867057673319e-01,9.170000000000000000e+02
3.673999999999999891e-06,8.965846086876829713e-01,0.000000000000000000e+00,8.963831867057673319e-01,9.170000000000000000e+02
3.674999999999999966e-06,8.968285106610459634e-01,0.000000000000000000e+00,8.963831867057673319e-01,9.170000000000000000e+02
3.676000000000000041e-06,8.970724126344089555e-01,0.000000000000000000e+00,8.973607038123166957e-01,9.180000000000000000e+02
3.677000000000000116e-06,8.973163146077709484e-01,0.000000000000000000e+00,8.973607038123166957e-01,9.180000000000000000e+02
3.678000000000000191e-06,8.975602165811340516e-01,0.000000000000000000e+00,8.973607038123166957e-01,9.180000000000000000e+02
3.678999999999999843e-06,8.978041185544960445e-01,0.000000000000000000e+00,8.973607038123166957e-01,9.180000000000000000e+02
3.679999999999999918e-06,8.980480205278590367e-01,0.000000000000000000e+00,8.983382209188660594e-01,9.190000000000000000e+02
3.680999999999999993e-06,8.982919225012220288e-01,0.000000000000000000e+00,8.983382209188660594e-01,9.190000000000000000e+02
3.682000000000000068e-06,8.985358244745850209e-01,0.000000000000000000e+00,8.983382209188660594e-01,9.190000000000000000e+02
3.683000000000000144e-06,8.987797264479470138e-01,0.000000000000000000e+00,8.983382209188660594e-01,9.190000000000000000e+02
3.683999999999999795e-06,8.990236284213100060e-01,0.000000000000000000e+00,8.993157380254154232e-01,9.200000000000000000e+02
3.684999999999999870e-06,8.992675303946729981e-01,0.000000000000000000e+00,8.993157380254154232e-01,9.200000000000000000e+02
3.685999999999999945e-06,8.995114323680349910e-01,0.000000000000000000e+00,8.993157380254154232e-01,9.200000000000000000e+02
3.687000000000000021e-06,8.997553343413979832e-01,0.000000000000000000e+00,8.993157380254154232e-01,9.200000000000000000e+02
3.688000000000000096e-06,8.999992363147609753e-01,0.000000000000000000e+00,9.002932551319647869e-01,9.210000000000000000e+02
3.689000000000000171e-06,9.002431382881229682e-01,0.000000000000000000e+00,9.002932551319647869e-01,9.210000000000000000e+02
3.689999999999999822e-06,9.004870402614859604e-01,0.000000000000000000e+00,9.002932551319647869e-01,9.210000000000000000e+02
3.690999999999999898e-06,9.007309422348479533e-01,0.000000000000000000e+00,9.002932551319647869e-01,9.210000000000000000e+02
3.691999999999999973e-06,9.009748442082109454e-01,0.000000000000000000e+00,9.012707722385141507e-01,9.220000000000000000e+02
3.693000000000000048e-06,9.012187461815740486e-01,0.000000000000000000e+00,9.012707722385141507e-01,9.220000000000000000e+02
3.694000000000000123e-06,9.014626481549360415e-01,0.000000000000000000e+00,9.012707722385141507e-01,9.220000000000000000e+02
3.695000000000000198e-06,9.017065501282990336e-01,0.000000000000000000e+00,9.012707722385141507e-01,9.220000000000000000e+02
3.695999999999999850e-06,9.019504521016620258e-01,0.000000000000000000e+00,9.022482893450635144e-01,9.230000000000000000e+02
3.696999999999999925e-06,9.021943540750240187e-01,0.000000000000000000e+00,9.022482893450635144e-01,9.230000000000000000e+02
3.698000000000000000e-06,9.024382560483870108e-01,0.000000000000000000e+00,9.022482893450635144e-01,9.230000000000000000e+02
3.699000000000000075e-06,9.026821580217500030e-01,0.000000000000000000e+00,9.022482893450635144e-01,9.230000000000000000e+02
3.700000000000000150e-06,9.029260599951119959e-01,0.000000000000000000e+00,9.032258064516128782e-01,9.240000000000000000e+02
3.700999999999999802e-06,9.031699619684749880e-01,0.000000000000000000e+00,9.032258064516128782e-01,9.240000000000000000e+02
3.701999999999999877e-06,9.034138639418379801e-01,0.000000000000000000e+00,9.032258064516128782e-01,9.240000000000000000e+02
3.702999999999999952e-06,9.036577659151999731e-01,0.000000000000000000e+00,9.032258064516128782e-01,9.240000000000000000e+02
3.704000000000000027e-06,9.039016678885629652e-01,0.000000000000000000e+00,9.042033235581622419e-01,9.250000000000000000e+02
3.705000000000000102e-06,9.041455698619259573e-01,0.000000000000000000e+00,9.042033235581622419e-01,9.250000000000000000e+02
3.706000000000000177e-06,9.043894718352879503e-01,0.000000000000000000e+00,9.042033235581622419e-01,9.250000000000000000e+02
3.706999999999999829e-06,9.046333738086510534e-01,0.000000000000000000e+00,9.042033235581622419e-01,9.250000000000000000e+02
3.707999999999999904e-06,9.048772757820140455e-01,0.000000000000000000e+00,9.051808406647116056e-01,9.260000000000000000e+02
3.708999999999999979e-06,9.051211777553760385e-01,0.000000000000000000e+00,9.051808406647116056e-01,9.260000000000000000e+02
3.710000000000000054e-06,9.053650797287390306e-01,0.000000000000000000e+00,9.051808406647116056e-01,9.260000000000000000e+02
3.711000000000000130e-06,9.056089817021020227e-01,0.000000000000000000e+00,9.051808406647116056e-01,9.260000000000000000e+02
3.712000000000000205e-06,9.058528836754640157e-01,0.000000000000000000e+00,9.061583577712609694e-01,9.270000000000000000e+02
3.712999999999999856e-06,9.060967856488270078e-01,0.000000000000000000e+00,9.061583577712609694e-01,9.270000000000000000e+02
3.713999999999999931e-06,9.063406876221899999e-01,0.000000000000000000e+00,9.061583577712609694e-01,9.270000000000000000e+02
3.715000000000000007e-06,9.065845895955519929e-01,0.000000000000000000e+00,9.061583577712609694e-01,9.270000000000000000e+02
3.716000000000000082e-06,9.068284915689149850e-01,0.000000000000000000e+00,9.071358748778103331e-01,9.280000000000000000e+02
3.717000000000000157e-06,9.070723935422779771e-01,0.000000000000000000e+00,9.071358748778103331e-01,9.280000000000000000e+02
3.717999999999999808e-06,9.073162955156399700e-01,0.000000000000000000e+00,9.071358748778103331e-01,9.280000000000000000e+02
3.718999999999999884e-06,9.075601974890029622e-01,0.000000000000000000e+00,9.071358748778103331e-01,9.280000000000000000e+02
3.719999999999999959e-06,9.078040994623659543e-01,0.000000000000000000e+00,9.081133919843596969e-01,9.290000000000000000e+02
3.721000000000000034e-06,9.080480014357279472e-01,0.000000000000000000e+00,9.081133919843596969e-01,9.290000000000000000e+02
3.722000000000000109e-06,9.082919034090910504e-01,0.000000000000000000e+00,9.081133919843596969e-01,9.290000000000000000e+02
3.723000000000000184e-06,9.085358053824530433e-01,0.000000000000000000e+00,9.081133919843596969e-01,9.290000000000000000e+02
3.723999999999999836e-06,9.087797073558160355e-01,0.000000000000000000e+00,9.090909090909090606e-01,9.300000000000000000e+02
3.724999999999999911e-06,9.090236093291790276e-01,0.000000000000000000e+00,9.090909090909090606e-01,9.300000000000000000e+02
3.725999999999999986e-06,9.092675113025420197e-01,0.000000000000000000e+00,9.090909090909090606e-01,9.300000000000000000e+02
3.727000000000000061e-06,9.095114132759040126e-01,0.000000000000000000e+00,9.090909090909090606e-01,9.300000000000000000e+02
3.728000000000000136e-06,9.097553152492670048e-01,0.000000000000000000e+00,9.100684261974584244e-01,9.310000000000000000e+02
3.729000000000000211e-06,9.099992172226289977e-01,0.000000000000000000e+00,9.100684261974584244e-01,9.310000000000000000e+02
3.729999999999999863e-06,9.102431191959919898e-01,0.000000000000000000e+00,9.100684261974584244e-01,9.310000000000000000e+02
3.730999999999999938e-06,9.104870211693549820e-01,0.000000000000000000e+00,9.100684261974584244e-01,9.310000000000000000e+02
3.732000000000000013e-06,9.107309231427169749e-01,0.000000000000000000e+00,9.110459433040077881e-01,9.320000000000000000e+02
3.733000000000000088e-06,9.109748251160799670e-01,0.000000000000000000e+00,9.110459433040077881e-01,9.320000000000000000e+02
3.734000000000000163e-06,9.112187270894429592e-01,0.000000000000000000e+00,9.110459433040077881e-01,9.320000000000000000e+02
3.734999999999999815e-06,9.114626290628049521e-01,0.000000000000000000e+00,9.110459433040077881e-01,9.320000000000000000e+02
3.735999999999999890e-06,9.117065310361680552e-01,0.000000000000000000e+00,9.120234604105571519e-01,9.330000000000000000e+02
3.736999999999999965e-06,9.119504330095310474e-01,0.000000000000000000e+00,9.120234604105571519e-01,9.330000000000000000e+02
3.738000000000000040e-06,9.121943349828940395e-01,0.000000000000000000e+00,9.120234604105571519e-01,9.330000000000000000e+02
3.739000000000000116e-06,9.124382369562560324e-01,0.000000000000000000e+00,9.120234604105571519e-01,9.330000000000000000e+02
3.740000000000000191e-06,9.126821389296190246e-01,0.000000000000000000e+00,9.130009775171065156e-01,9.340000000000000000e+02
3.740999999999999842e-06,9.129260409029810175e-01,0.000000000000000000e+00,9.130009775171065156e-01,9.340000000000000000e+02
3.741999999999999917e-06,9.131699428763440096e-01,0.000000000000000000e+00,9.130009775171065156e-01,9.340000000000000000e+02
3.742999999999999993e-06,9.134138448497070017e-01,0.000000000000000000e+00,9.130009775171065156e-01,9.340000000000000000e+02
3.744000000000000068e-06,9.136577468230689947e-01,0.000000000000000000e+00,9.139784946236558794e-01,9.350000000000000000e+02
3.745000000000000143e-06,9.139016487964319868e-01,0.000000000000000000e+00,9.139784946236558794e-01,9.350000000000000000e+02
3.745999999999999794e-06,9.141455507697949789e-01,0.000000000000000000e+00,9.139784946236558794e-01,9.350000000000000000e+02
3.746999999999999870e-06,9.143894527431569719e-01,0.000000000000000000e+00,9.139784946236558794e-01,9.350000000000000000e+02
3.747999999999999945e-06,9.146333547165199640e-01,0.000000000000000000e+00,9.149560117302052431e-01,9.360000000000000000e+02
3.749000000000000020e-06,9.148772566898829561e-01,0.000000000000000000e+00,9.149560117302052431e-01,9.360000000000000000e+02
3.750000000000000095e-06,9.151211586632449491e-01,0.000000000000000000e+00,9.149560117302052431e-01,9.360000000000000000e+02
3.751000000000000170e-06,9.153650606366080522e-01,0.000000000000000000e+00,9.149560117302052431e-01,9.360000000000000000e+02
3.751999999999999822e-06,9.156089626099710443e-01,0.000000000000000000e+00,9.159335288367546068e-01,9.370000000000000000e+02
3.752999999999999897e-06,9.158528645833330373e-01,0.000000000000000000e+00,9.159335288367546068e-01,9.370000000000000000e+02
3.753999999999999972e-06,9.160967665566960294e-01,0.000000000000000000e+00,9.159335288367546068e-01,9.370000000000000000e+02
3.755000000000000047e-06,9.163406685300590215e-01,0.000000000000000000e+00,9.159335288367546068e-01,9.370000000000000000e+02
3.756000000000000122e-06,9.165845705034210145e-01,0.000000000000000000e+00,9.169110459433039706e-01,9.380000000000000000e+02
3.757000000000000197e-06,9.168284724767840066e-01,0.000000000000000000e+00,9.169110459433039706e-01,9.380000000000000000e+02
3.757999999999999849e-06,9.170723744501469987e-01,0.000000000000000000e+00,9.169110459433039706e-01,9.380000000000000000e+02
3.758999999999999924e-06,9.173162764235089917e-01,0.000000000000000000e+00,9.169110459433039706e-01,9.380000000000000000e+02
3.759999999999999999e-06,9.175601783968719838e-01,0.000000000000000000e+00,9.178885630498533343e-01,9.390000000000000000e+02
3.761000000000000074e-06,9.178040803702349759e-01,0.000000000000000000e+00,9.178885630498533343e-01,9.390000000000000000e+02
3.762000000000000150e-06,9.180479823435969688e-01,0.000000000000000000e+00,9.178885630498533343e-01,9.390000000000000000e+02
3.762999999999999801e-06,9.182918843169599610e-01,0.000000000000000000e+00,9.178885630498533343e-01,9.390000000000000000e+02
3.763999999999999876e-06,9.185357862903229531e-01,0.000000000000000000e+00,9.188660801564026981e-01,9.400000000000000000e+02
3.764999999999999951e-06,9.187796882636849460e-01,0.000000000000000000e+00,9.188660801564026981e-01,9.400000000000000000e+02
3.766000000000000027e-06,9.190235902370480492e-01,0.000000000000000000e+00,9.188660801564026981e-01,9.400000000000000000e+02
3.767000000000000102e-06,9.192674922104110413e-01,0.000000000000000000e+00,9.188660801564026981e-01,9.400000000000000000e+02
3.768000000000000177e-06,9.195113941837730342e-01,0.000000000000000000e+00,9.198435972629520618e-01,9.410000000000000000e+02
3.768999999999999828e-06,9.197552961571360264e-01,0.000000000000000000e+00,9.198435972629520618e-01,9.410000000000000000e+02
3.769999999999999904e-06,9.199991981304990185e-01,0.000000000000000000e+00,9.198435972629520618e-01,9.410000000000000000e+02
3.770999999999999979e-06,9.202431001038610114e-01,0.000000000000000000e+00,9.198435972629520618e-01,9.410000000000000000e+02
3.772000000000000054e-06,9.204870020772240036e-01,0.000000000000000000e+00,9.208211143695014256e-01,9.420000000000000000e+02
3.773000000000000129e-06,9.207309040505869957e-01,0.000000000000000000e+00,9.208211143695014256e-01,9.420000000000000000e+02
3.774000000000000204e-06,9.209748060239489886e-01,0.000000000000000000e+00,9.208211143695014256e-01,9.420000000000000000e+02
3.774999999999999856e-06,9.212187079973119808e-01,0.000000000000000000e+00,9.208211143695014256e-01,9.420000000000000000e+02
3.775999999999999931e-06,9.214626099706739737e-01,0.000000000000000000e+00,9.217986314760507893e-01,9.430000000000000000e+02
3.777000000000000006e-06,9.217065119440369658e-01,0.000000000000000000e+00,9.217986314760507893e-01,9.430000000000000000e+02
3.778000000000000081e-06,9.219504139173999580e-01,0.000000000000000000e+00,9.217986314760507893e-01,9.430000000000000000e+02
3.779000000000000156e-06,9.221943158907619509e-01,0.000000000000000000e+00,9.217986314760507893e-01,9.430000000000000000e+02
3.779999999999999808e-06,9.224382178641250540e-01,0.000000000000000000e+00,9.227761485826001531e-01,9.440000000000000000e+02
3.780999999999999883e-06,9.226821198374880462e-01,0.000000000000000000e+00,9.227761485826001531e-01,9.440000000000000000e+02
3.781999999999999958e-06,9.229260218108500391e-01,0.000000000000000000e+00,9.227761485826001531e-01,9.440000000000000000e+02
3.783000000000000033e-06,9.231699237842130312e-01,0.000000000000000000e+00,9.227761485826001531e-01,9.440000000000000000e+02
3.784000000000000108e-06,9.234138257575760234e-01,0.000000000000000000e+00,9.237536656891495168e-01,9.450000000000000000e+02
3.785000000000000183e-06,9.236577277309380163e-01,0.000000000000000000e+00,9.237536656891495168e-01,9.450000000000000000e+02
3.785999999999999835e-06,9.239016297043010084e-01,0.000000000000000000e+00,9.237536656891495168e-01,9.450000000000000000e+02
3.786999999999999910e-06,9.241455316776640005e-01,0.000000000000000000e+00,9.237536656891495168e-01,9.450000000000000000e+02
3.787999999999999985e-06,9.243894336510259935e-01,0.000000000000000000e+00,9.247311827956988806e-01,9.460000000000000000e+02
3.789000000000000060e-06,9.246333356243889856e-01,0.000000000000000000e+00,9.247311827956988806e-01,9.460000000000000000e+02
3.790000000000000136e-06,9.248772375977519777e-01,0.000000000000000000e+00,9.247311827956988806e-01,9.460000000000000000e+02
3.791000000000000211e-06,9.251211395711139707e-01,0.000000000000000000e+00,9.247311827956988806e-01,9.460000000000000000e+02
3.791999999999999862e-06,9.253650415444769628e-01,0.000000000000000000e+00,9.257086999022482443e-01,9.470000000000000000e+02
3.792999999999999937e-06,9.256089435178399549e-01,0.000000000000000000e+00,9.257086999022482443e-01,9.470000000000000000e+02
3.794000000000000013e-06,9.258528454912019479e-01,0.000000000000000000e+00,9.257086999022482443e-01,9.470000000000000000e+02
3.795000000000000088e-06,9.260967474645650510e-01,0.000000000000000000e+00,9.257086999022482443e-01,9.470000000000000000e+02
3.796000000000000163e-06,9.263406494379280431e-01,0.000000000000000000e+00,9.266862170087976081e-01,9.480000000000000000e+02
3.796999999999999814e-06,9.265845514112900361e-01,0.000000000000000000e+00,9.266862170087976081e-01,9.480000000000000000e+02
3.797999999999999890e-06,9.268284533846530282e-01,0.000000000000000000e+00,9.266862170087976081e-01,9.480000000000000000e+02
3.798999999999999965e-06,9.270723553580160203e-01,0.000000000000000000e+00,9.266862170087976081e-01,9.480000000000000000e+02
3.800000000000000040e-06,9.273162573313780133e-01,0.000000000000000000e+00,9.276637341153469718e-01,9.490000000000000000e+02
3.801000000000000115e-06,9.275601593047410054e-01,0.000000000000000000e+00,9.276637341153469718e-01,9.490000000000000000e+02
3.802000000000000190e-06,9.278040612781039975e-01,0.000000000000000000e+00,9.276637341153469718e-01,9.490000000000000000e+02
3.802999999999999842e-06,9.280479632514659905e-01,0.000000000000000000e+00,9.276637341153469718e-01,9.490000000000000000e+02
3.803999999999999917e-06,9.282918652248289826e-01,0.000000000000000000e+00,9.286412512218963355e-01,9.500000000000000000e+02
3.804999999999999992e-06,9.285357671981919747e-01,0.000000000000000000e+00,9.286412512218963355e-01,9.500000000000000000e+02
3.806000000000000067e-06,9.287796691715539676e-01,0.000000000000000000e+00,9.286412512218963355e-01,9.500000000000000000e+02
3.807000000000000142e-06,9.290235711449169598e-01,0.000000000000000000e+00,9.286412512218963355e-01,9.500000000000000000e+02
3.807999999999999794e-06,9.292674731182799519e-01,0.000000000000000000e+00,9.296187683284456993e-01,9.510000000000000000e+02
3.808999999999999869e-06,9.295113750916419448e-01,0.000000000000000000e+00,9.296187683284456993e-01,9.510000000000000000e+02
3.809999999999999944e-06,9.297552770650050480e-01,0.000000000000000000e+00,9.296187683284456993e-01,9.510000000000000000e+02
3.811000000000000019e-06,9.299991790383670409e-01,0.000000000000000000e+00,9.296187683284456993e-01,9.510000000000000000e+02
3.812000000000000094e-06,9.302430810117300330e-01,0.000000000000000000e+00,9.305962854349950630e-01,9.520000000000000000e+02
3.813000000000000169e-06,9.304869829850930252e-01,0.000000000000000000e+00,9.305962854349950630e-01,9.520000000000000000e+02
3.813999999999999821e-06,9.307308849584550181e-01,0.000000000000000000e+00,9.305962854349950630e-01,9.520000000000000000e+02
3.814999999999999896e-06,9.309747869318180102e-01,0.000000000000000000e+00,9.305962854349950630e-01,9.520000000000000000e+02
3.816000000000000395e-06,9.312186889051810024e-01,1.000000000000000000e+00,9.315738025415444268e-01,9.530000000000000000e+02
3.817000000000000046e-06,9.314625908785429953e-01,0.000000000000000000e+00,9.315738025415444268e-01,9.530000000000000000e+02
3.817999999999999698e-06,9.317064928519059874e-01,0.000000000000000000e+00,9.315738025415444268e-01,9.530000000000000000e+02
3.819000000000000197e-06,9.319503948252689796e-01,0.000000000000000000e+00,9.315738025415444268e-01,9.530000000000000000e+02
3.819999999999999848e-06,9.321942967986309725e-01,0.000000000000000000e+00,9.325513196480937905e-01,9.540000000000000000e+02
3.821000000000000347e-06,9.324381987719939646e-01,1.000000000000000000e+00,9.325513196480937905e-01,9.540000000000000000e+02
3.821999999999999999e-06,9.326821007453569568e-01,0.000000000000000000e+00,9.325513196480937905e-01,9.540000000000000000e+02
3.822999999999999650e-06,9.329260027187189497e-01,0.000000000000000000e+00,9.325513196480937905e-01,9.540000000000000000e+02
3.824000000000000149e-06,9.331699046920820528e-01,0.000000000000000000e+00,9.335288367546431543e-01,9.550000000000000000e+02
3.824999999999999800e-06,9.334138066654450450e-01,0.000000000000000000e+00,9.335288367546431543e-01,9.550000000000000000e+02
3.826000000000000299e-06,9.336577086388070379e-01,1.000000000000000000e+00,9.335288367546431543e-01,9.550000000000000000e+02
3.826999999999999951e-06,9.339016106121700300e-01,0.000000000000000000e+00,9.335288367546431543e-01,9.550000000000000000e+02
3.827999999999999602e-06,9.341455125855330222e-01,0.000000000000000000e+00,9.345063538611925180e-01,9.560000000000000000e+02
3.829000000000000101e-06,9.343894145588950151e-01,0.000000000000000000e+00,9.345063538611925180e-01,9.560000000000000000e+02
3.829999999999999753e-06,9.346333165322580072e-01,0.000000000000000000e+00,9.345063538611925180e-01,9.560000000000000000e+02
3.831000000000000251e-06,9.348772185056209993e-01,1.000000000000000000e+00,9.345063538611925180e-01,9.560000000000000000e+02
3.831999999999999903e-06,9.351211204789829923e-01,0.000000000000000000e+00,9.354838709677418818e-01,9.570000000000000000e+02
3.833000000000000401e-06,9.353650224523459844e-01,1.000000000000000000e+00,9.354838709677418818e-01,9.570000000000000000e+02
3.834000000000000053e-06,9.356089244257089765e-01,0.000000000000000000e+00,9.354838709677418818e-01,9.570000000000000000e+02
3.834999999999999705e-06,9.358528263990709695e-01,0.000000000000000000e+00,9.354838709677418818e-01,9.570000000000000000e+02
3.836000000000000203e-06,9.360967283724339616e-01,0.000000000000000000e+00,9.364613880742912455e-01,9.580000000000000000e+02
3.836999999999999855e-06,9.363406303457969537e-01,0.000000000000000000e+00,9.364613880742912455e-01,9.580000000000000000e+02
3.838000000000000354e-06,9.365845323191589467e-01,1.000000000000000000e+00,9.364613880742912455e-01,9.580000000000000000e+02
3.839000000000000005e-06,9.368284342925220498e-01,0.000000000000000000e+00,9.364613880742912455e-01,9.580000000000000000e+02
3.839999999999999657e-06,9.370723362658850419e-01,0.000000000000000000e+00,9.374389051808406093e-01,9.590000000000000000e+02
3.841000000000000155e-06,9.373162382392470349e-01,0.000000000000000000e+00,9.374389051808406093e-01,9.590000000000000000e+02
3.841999999999999807e-06,9.375601402126100270e-01,0.000000000000000000e+00,9.374389051808406093e-01,9.590000000000000000e+02
3.843000000000000306e-06,9.378040421859730191e-01,1.000000000000000000e+00,9.374389051808406093e-01,9.590000000000000000e+02
3.843999999999999957e-06,9.380479441593350121e-01,0.000000000000000000e+00,9.384164222873900840e-01,9.600000000000000000e+02
3.844999999999999609e-06,9.382918461326980042e-01,0.000000000000000000e+00,9.384164222873900840e-01,9.600000000000000000e+02
3.846000000000000108e-06,9.385357481060609963e-01,0.000000000000000000e+00,9.384164222873900840e-01,9.600000000000000000e+02
3.846999999999999759e-06,9.387796500794229893e-01,0.000000000000000000e+00,9.384164222873900840e-01,9.600000000000000000e+02
3.848000000000000258e-06,9.390235520527859814e-01,1.000000000000000000e+00,9.393939393939394478e-01,9.610000000000000000e+02
3.848999999999999909e-06,9.392674540261489735e-01,0.000000000000000000e+00,9.393939393939394478e-01,9.610000000000000000e+02
3.850000000000000408e-06,9.395113559995109664e-01,1.000000000000000000e+00,9.393939393939394478e-01,9.610000000000000000e+02
3.851000000000000060e-06,9.397552579728739586e-01,0.000000000000000000e+00,9.393939393939394478e-01,9.610000000000000000e+02
3.851999999999999711e-06,9.399991599462359515e-01,0.000000000000000000e+00,9.403714565004888115e-01,9.620000000000000000e+02
3.853000000000000210e-06,9.402430619195990547e-01,0.000000000000000000e+00,9.403714565004888115e-01,9.620000000000000000e+02
3.853999999999999862e-06,9.404869638929620468e-01,0.000000000000000000e+00,9.403714565004888115e-01,9.620000000000000000e+02
3.855000000000000360e-06,9.407308658663240397e-01,1.000000000000000000e+00,9.403714565004888115e-01,9.620000000000000000e+02
3.856000000000000012e-06,9.409747678396870318e-01,0.000000000000000000e+00,9.413489736070381753e-01,9.630000000000000000e+02
3.856999999999999663e-06,9.412186698130500240e-01,0.000000000000000000e+00,9.413489736070381753e-01,9.630000000000000000e+02
3.858000000000000162e-06,9.414625717864130161e-01,0.000000000000000000e+00,9.413489736070381753e-01,9.630000000000000000e+02
3.858999999999999814e-06,9.417064737597750090e-01,0.000000000000000000e+00,9.413489736070381753e-01,9.630000000000000000e+02
3.860000000000000312e-06,9.419503757331380012e-01,1.000000000000000000e+00,9.423264907135875390e-01,9.640000000000000000e+02
3.860999999999999964e-06,9.421942777064999941e-01,0.000000000000000000e+00,9.423264907135875390e-01,9.640000000000000000e+02
3.861999999999999616e-06,9.424381796798629862e-01,0.000000000000000000e+00,9.423264907135875390e-01,9.640000000000000000e+02
3.863000000000000114e-06,9.426820816532259784e-01,0.000000000000000000e+00,9.423264907135875390e-01,9.640000000000000000e+02
3.863999999999999766e-06,9.429259836265879713e-01,0.000000000000000000e+00,9.433040078201369028e-01,9.650000000000000000e+02
3.865000000000000264e-06,9.431698855999509634e-01,1.000000000000000000e+00,9.433040078201369028e-01,9.650000000000000000e+02
3.865999999999999916e-06,9.434137875733139555e-01,0.000000000000000000e+00,9.433040078201369028e-01,9.650000000000000000e+02
3.867000000000000415e-06,9.436576895466759485e-01,1.000000000000000000e+00,9.433040078201369028e-01,9.650000000000000000e+02
3.868000000000000066e-06,9.439015915200390516e-01,0.000000000000000000e+00,9.442815249266862665e-01,9.660000000000000000e+02
3.868999999999999718e-06,9.441454934934020438e-01,0.000000000000000000e+00,9.442815249266862665e-01,9.660000000000000000e+02
3.870000000000000217e-06,9.443893954667640367e-01,0.000000000000000000e+00,9.442815249266862665e-01,9.660000000000000000e+02
3.870999999999999868e-06,9.446332974401270288e-01,0.000000000000000000e+00,9.442815249266862665e-01,9.660000000000000000e+02
3.872000000000000367e-06,9.448771994134890218e-01,1.000000000000000000e+00,9.452590420332356302e-01,9.670000000000000000e+02
3.873000000000000018e-06,9.451211013868520139e-01,0.000000000000000000e+00,9.452590420332356302e-01,9.670000000000000000e+02
3.873999999999999670e-06,9.453650033602150060e-01,0.000000000000000000e+00,9.452590420332356302e-01,9.670000000000000000e+02
3.875000000000000169e-06,9.456089053335779981e-01,0.000000000000000000e+00,9.452590420332356302e-01,9.670000000000000000e+02
3.875999999999999820e-06,9.458528073069399911e-01,0.000000000000000000e+00,9.462365591397849940e-01,9.680000000000000000e+02
3.877000000000000319e-06,9.460967092803029832e-01,1.000000000000000000e+00,9.462365591397849940e-01,9.680000000000000000e+02
3.877999999999999971e-06,9.463406112536659753e-01,0.000000000000000000e+00,9.462365591397849940e-01,9.680000000000000000e+02
3.878999999999999622e-06,9.465845132270279683e-01,0.000000000000000000e+00,9.462365591397849940e-01,9.680000000000000000e+02
3.880000000000000121e-06,9.468284152003909604e-01,0.000000000000000000e+00,9.472140762463343577e-01,9.690000000000000000e+02
3.880999999999999772e-06,9.470723171737529533e-01,0.000000000000000000e+00,9.472140762463343577e-01,9.690000000000000000e+02
3.882000000000000271e-06,9.473162191471159455e-01,1.000000000000000000e+00,9.472140762463343577e-01,9.690000000000000000e+02
3.882999999999999923e-06,9.475601211204790486e-01,0.000000000000000000e+00,9.472140762463343577e-01,9.690000000000000000e+02
3.884000000000000421e-06,9.478040230938410415e-01,1.000000000000000000e+00,9.481915933528837215e-01,9.700000000000000000e+02
3.885000000000000073e-06,9.480479250672040337e-01,0.000000000000000000e+00,9.481915933528837215e-01,9.700000000000000000e+02
3.885999999999999725e-06,9.482918270405670258e-01,0.000000000000000000e+00,9.481915933528837215e-01,9.700000000000000000e+02
3.887000000000000223e-06,9.485357290139300179e-01,0.000000000000000000e+00,9.481915933528837215e-01,9.700000000000000000e+02
3.887999999999999875e-06,9.487796309872920109e-01,0.000000000000000000e+00,9.491691104594330852e-01,9.710000000000000000e+02
3.889000000000000374e-06,9.490235329606550030e-01,1.000000000000000000e+00,9.491691104594330852e-01,9.710000000000000000e+02
3.890000000000000025e-06,9.492674349340179951e-01,0.000000000000000000e+00,9.491691104594330852e-01,9.710000000000000000e+02
3.890999999999999677e-06,9.495113369073799880e-01,0.000000000000000000e+00,9.491691104594330852e-01,9.710000000000000000e+02
3.892000000000000175e-06,9.497552388807429802e-01,0.000000000000000000e+00,9.501466275659824490e-01,9.720000000000000000e+02
3.892999999999999827e-06,9.499991408541049731e-01,0.000000000000000000e+00,9.501466275659824490e-01,9.720000000000000000e+02
3.894000000000000326e-06,9.502430428274679652e-01,1.000000000000000000e+00,9.501466275659824490e-01,9.720000000000000000e+02
3.894999999999999977e-06,9.504869448008309574e-01,0.000000000000000000e+00,9.501466275659824490e-01,9.720000000000000000e+02
3.895999999999999629e-06,9.507308467741929503e-01,0.000000000000000000e+00,9.511241446725318127e-01,9.730000000000000000e+02
3.897000000000000128e-06,9.509747487475560535e-01,0.000000000000000000e+00,9.511241446725318127e-01,9.730000000000000000e+02
3.897999999999999779e-06,9.512186507209190456e-01,0.000000000000000000e+00,9.511241446725318127e-01,9.730000000000000000e+02
3.899000000000000278e-06,9.514625526942820377e-01,1.000000000000000000e+00,9.511241446725318127e-01,9.730000000000000000e+02
3.899999999999999929e-06,9.517064546676440306e-01,0.000000000000000000e+00,9.521016617790811765e-01,9.740000000000000000e+02
3.900999999999999581e-06,9.519503566410070228e-01,0.000000000000000000e+00,9.521016617790811765e-01,9.740000000000000000e+02
3.902000000000000080e-06,9.521942586143690157e-01,0.000000000000000000e+00,9.521016617790811765e-01,9.740000000000000000e+02
3.902999999999999731e-06,9.524381605877320078e-01,0.000000000000000000e+00,9.521016617790811765e-01,9.740000000000000000e+02
3.904000000000000230e-06,9.526820625610950000e-01,0.000000000000000000e+00,9.530791788856305402e-01,9.750000000000000000e+02
3.904999999999999882e-06,9.529259645344569929e-01,0.000000000000000000e+00,9.530791788856305402e-01,9.750000000000000000e+02
3.906000000000000380e-06,9.531698665078199850e-01,1.000000000000000000e+00,9.530791788856305402e-01,9.750000000000000000e+02
3.907000000000000032e-06,9.534137684811829772e-01,0.000000000000000000e+00,9.530791788856305402e-01,9.750000000000000000e+02
3.907999999999999683e-06,9.536576704545449701e-01,0.000000000000000000e+00,9.540566959921799040e-01,9.760000000000000000e+02
3.909000000000000182e-06,9.539015724279079622e-01,0.000000000000000000e+00,9.540566959921799040e-01,9.760000000000000000e+02
3.909999999999999834e-06,9.541454744012709543e-01,0.000000000000000000e+00,9.540566959921799040e-01,9.760000000000000000e+02
3.911000000000000332e-06,9.543893763746329473e-01,1.000000000000000000e+00,9.540566959921799040e-01,9.760000000000000000e+02
3.911999999999999984e-06,9.546332783479960504e-01,0.000000000000000000e+00,9.550342130987292677e-01,9.770000000000000000e+02
3.912999999999999636e-06,9.548771803213590426e-01,0.000000000000000000e+00,9.550342130987292677e-01,9.770000000000000000e+02
3.914000000000000134e-06,9.551210822947210355e-01,0.000000000000000000e+00,9.550342130987292677e-01,9.770000000000000000e+02
3.914999999999999786e-06,9.553649842680840276e-01,0.000000000000000000e+00,9.550342130987292677e-01,9.770000000000000000e+02
3.916000000000000284e-06,9.556088862414470197e-01,1.000000000000000000e+00,9.560117302052786314e-01,9.780000000000000000e+02
3.916999999999999936e-06,9.558527882148090127e-01,0.000000000000000000e+00,9.560117302052786314e-01,9.780000000000000000e+02
3.917999999999999588e-06,9.560966901881720048e-01,0.000000000000000000e+00,9.560117302052786314e-01,9.780000000000000000e+02
3.919000000000000086e-06,9.563405921615349969e-01,0.000000000000000000e+00,9.560117302052786314e-01,9.780000000000000000e+02
3.919999999999999738e-06,9.565844941348969899e-01,0.000000000000000000e+00,9.569892473118279952e-01,9.790000000000000000e+02
3.921000000000000237e-06,9.568283961082599820e-01,0.000000000000000000e+00,9.569892473118279952e-01,9.790000000000000000e+02
3.921999999999999888e-06,9.570722980816229741e-01,0.000000000000000000e+00,9.569892473118279952e-01,9.790000000000000000e+02
3.923000000000000387e-06,9.573162000549849671e-01,1.000000000000000000e+00,9.569892473118279952e-01,9.790000000000000000e+02
3.924000000000000038e-06,9.575601020283479592e-01,0.000000000000000000e+00,9.579667644183773589e-01,9.800000000000000000e+02
3.924999999999999690e-06,9.578040040017109513e-01,0.000000000000000000e+00,9.579667644183773589e-01,9.800000000000000000e+02
3.926000000000000189e-06,9.580479059750730553e-01,0.000000000000000000e+00,9.579667644183773589e-01,9.800000000000000000e+02
3.926999999999999840e-06,9.582918079484360474e-01,0.000000000000000000e+00,9.579667644183773589e-01,9.800000000000000000e+02
3.928000000000000339e-06,9.585357099217980403e-01,1.000000000000000000e+00,9.589442815249267227e-01,9.810000000000000000e+02
3.928999999999999991e-06,9.587796118951610325e-01,0.000000000000000000e+00,9.589442815249267227e-01,9.810000000000000000e+02
3.929999999999999642e-06,9.590235138685240246e-01,0.000000000000000000e+00,9.589442815249267227e-01,9.810000000000000000e+02
3.931000000000000141e-06,9.592674158418860175e-01,0.000000000000000000e+00,9.589442815249267227e-01,9.810000000000000000e+02
3.931999999999999792e-06,9.595113178152490097e-01,0.000000000000000000e+00,9.599217986314760864e-01,9.820000000000000000e+02
3.933000000000000291e-06,9.597552197886120018e-01,1.000000000000000000e+00,9.599217986314760864e-01,9.820000000000000000e+02
3.933999999999999943e-06,9.599991217619739947e-01,0.000000000000000000e+00,9.599217986314760864e-01,9.820000000000000000e+02
3.934999999999999594e-06,9.602430237353369868e-01,0.000000000000000000e+00,9.599217986314760864e-01,9.820000000000000000e+02
3.936000000000000093e-06,9.604869257086999790e-01,0.000000000000000000e+00,9.608993157380254502e-01,9.830000000000000000e+02
3.936999999999999745e-06,9.607308276820619719e-01,0.000000000000000000e+00,9.608993157380254502e-01,9.830000000000000000e+02
3.938000000000000243e-06,9.609747296554249640e-01,0.000000000000000000e+00,9.608993157380254502e-01,9.830000000000000000e+02
3.938999999999999895e-06,9.612186316287879562e-01,0.000000000000000000e+00,9.608993157380254502e-01,9.830000000000000000e+02
3.940000000000000393e-06,9.614625336021509483e-01,1.000000000000000000e+00,9.618768328445748139e-01,9.840000000000000000e+02
3.941000000000000045e-06,9.617064355755130522e-01,0.000000000000000000e+00,9.618768328445748139e-01,9.840000000000000000e+02
3.941999999999999697e-06,9.619503375488760444e-01,0.000000000000000000e+00,9.618768328445748139e-01,9.840000000000000000e+02
3.943000000000000195e-06,9.621942395222380373e-01,0.000000000000000000e+00,9.618768328445748139e-01,9.840000000000000000e+02
3.943999999999999847e-06,9.624381414956010294e-01,0.000000000000000000e+00,9.628543499511241777e-01,9.850000000000000000e+02
3.945000000000000346e-06,9.626820434689640216e-01,1.000000000000000000e+00,9.628543499511241777e-01,9.850000000000000000e+02
3.945999999999999997e-06,9.629259454423260145e-01,0.000000000000000000e+00,9.628543499511241777e-01,9.850000000000000000e+02
3.946999999999999649e-06,9.631698474156890066e-01,0.000000000000000000e+00,9.628543499511241777e-01,9.850000000000000000e+02
3.948000000000000147e-06,9.634137493890519988e-01,0.000000000000000000e+00,9.638318670576735414e-01,9.860000000000000000e+02
3.948999999999999799e-06,9.636576513624139917e-01,0.000000000000000000e+00,9.638318670576735414e-01,9.860000000000000000e+02
3.950000000000000298e-06,9.639015533357769838e-01,1.000000000000000000e+00,9.638318670576735414e-01,9.860000000000000000e+02
3.950999999999999949e-06,9.641454553091399760e-01,0.000000000000000000e+00,9.638318670576735414e-01,9.860000000000000000e+02
3.951999999999999601e-06,9.643893572825019689e-01,0.000000000000000000e+00,9.648093841642229052e-01,9.870000000000000000e+02
3.953000000000000100e-06,9.646332592558649610e-01,0.000000000000000000e+00,9.648093841642229052e-01,9.870000000000000000e+02
3.953999999999999751e-06,9.648771612292279531e-01,0.000000000000000000e+00,9.648093841642229052e-01,9.870000000000000000e+02
3.955000000000000250e-06,9.651210632025899461e-01,1.000000000000000000e+00,9.648093841642229052e-01,9.870000000000000000e+02
3.955999999999999901e-06,9.653649651759530492e-01,0.000000000000000000e+00,9.657869012707722689e-01,9.880000000000000000e+02
3.957000000000000400e-06,9.656088671493160414e-01,1.000000000000000000e+00,9.657869012707722689e-01,9.880000000000000000e+02
3.958000000000000052e-06,9.658527691226780343e-01,0.000000000000000000e+00,9.657869012707722689e-01,9.880000000000000000e+02
3.958999999999999703e-06,9.660966710960410264e-01,0.000000000000000000e+00,9.657869012707722689e-01,9.880000000000000000e+02
3.960000000000000202e-06,9.663405730694040185e-01,0.000000000000000000e+00,9.667644183773216326e-01,9.890000000000000000e+02
3.960999999999999854e-06,9.665844750427660115e-01,0.000000000000000000e+00,9.667644183773216326e-01,9.890000000000000000e+02
3.962000000000000352e-06,9.668283770161290036e-01,1.000000000000000000e+00,9.667644183773216326e-01,9.890000000000000000e+02
3.963000000000000004e-06,9.670722789894919957e-01,0.000000000000000000e+00,9.667644183773216326e-01,9.890000000000000000e+02
3.963999999999999655e-06,9.673161809628539887e-01,0.000000000000000000e+00,9.677419354838709964e-01,9.900000000000000000e+02
3.965000000000000154e-06,9.675600829362169808e-01,0.000000000000000000e+00,9.677419354838709964e-01,9.900000000000000000e+02
3.965999999999999806e-06,9.678039849095799729e-01,0.000000000000000000e+00,9.677419354838709964e-01,9.900000000000000000e+02
3.967000000000000304e-06,9.680478868829419659e-01,1.000000000000000000e+00,9.677419354838709964e-01,9.900000000000000000e+02
3.967999999999999956e-06,9.682917888563049580e-01,0.000000000000000000e+00,9.687194525904203601e-01,9.910000000000000000e+02
3.968999999999999608e-06,9.685356908296679501e-01,0.000000000000000000e+00,9.687194525904203601e-01,9.910000000000000000e+02
3.970000000000000106e-06,9.687795928030300541e-01,0.000000000000000000e+00,9.687194525904203601e-01,9.910000000000000000e+02
3.970999999999999758e-06,9.690234947763930462e-01,0.000000000000000000e+00,9.687194525904203601e-01,9.910000000000000000e+02
3.972000000000000256e-06,9.692673967497560383e-01,1.000000000000000000e+00,9.696969696969697239e-01,9.920000000000000000e+02
3.972999999999999908e-06,9.695112987231180313e-01,0.000000000000000000e+00,9.696969696969697239e-01,9.920000000000000000e+02
3.974000000000000407e-06,9.697552006964810234e-01,1.000000000000000000e+00,9.696969696969697239e-01,9.920000000000000000e+02
3.975000000000000058e-06,9.699991026698440155e-01,0.000000000000000000e+00,9.696969696969697239e-01,9.920000000000000000e+02
3.975999999999999710e-06,9.702430046432060085e-01,0.000000000000000000e+00,9.706744868035190876e-01,9.930000000000000000e+02
3.977000000000000209e-06,9.704869066165690006e-01,0.000000000000000000e+00,9.706744868035190876e-01,9.930000000000000000e+02
3.977999999999999860e-06,9.707308085899319927e-01,0.000000000000000000e+00,9.706744868035190876e-01,9.930000000000000000e+02
3.979000000000000359e-06,9.709747105632939856e-01,1.000000000000000000e+00,9.706744868035190876e-01,9.930000000000000000e+02
3.980000000000000010e-06,9.712186125366569778e-01,0.000000000000000000e+00,9.716520039100684514e-01,9.940000000000000000e+02
3.980999999999999662e-06,9.714625145100189707e-01,0.000000000000000000e+00,9.716520039100684514e-01,9.940000000000000000e+02
3.982000000000000161e-06,9.717064164833819628e-01,0.000000000000000000e+00,9.716520039100684514e-01,9.940000000000000000e+02
3.982999999999999812e-06,9.719503184567449550e-01,0.000000000000000000e+00,9.716520039100684514e-01,9.940000000000000000e+02
3.984000000000000311e-06,9.721942204301079471e-01,1.000000000000000000e+00,9.726295210166178151e-01,9.950000000000000000e+02
3.984999999999999963e-06,9.724381224034700510e-01,0.000000000000000000e+00,9.726295210166178151e-01,9.950000000000000000e+02
3.985999999999999614e-06,9.726820243768330432e-01,0.000000000000000000e+00,9.726295210166178151e-01,9.950000000000000000e+02
3.987000000000000113e-06,9.729259263501950361e-01,0.000000000000000000e+00,9.726295210166178151e-01,9.950000000000000000e+02
3.987999999999999764e-06,9.731698283235580282e-01,0.000000000000000000e+00,9.736070381231671789e-01,9.960000000000000000e+02
3.989000000000000263e-06,9.734137302969210204e-01,1.000000000000000000e+00,9.736070381231671789e-01,9.960000000000000000e+02
3.989999999999999915e-06,9.736576322702830133e-01,0.000000000000000000e+00,9.736070381231671789e-01,9.960000000000000000e+02
3.991000000000000413e-06,9.739015342436460054e-01,1.000000000000000000e+00,9.736070381231671789e-01,9.960000000000000000e+02
3.992000000000000065e-06,9.741454362170089976e-01,0.000000000000000000e+00,9.745845552297165426e-01,9.970000000000000000e+02
3.992999999999999717e-06,9.743893381903709905e-01,0.000000000000000000e+00,9.745845552297165426e-01,9.970000000000000000e+02
3.994000000000000215e-06,9.746332401637339826e-01,0.000000000000000000e+00,9.745845552297165426e-01,9.970000000000000000e+02
3.994999999999999867e-06,9.748771421370969747e-01,0.000000000000000000e+00,9.745845552297165426e-01,9.970000000000000000e+02
3.996000000000000366e-06,9.751210441104589677e-01,1.000000000000000000e+00,9.755620723362659064e-01,9.980000000000000000e+02
3.997000000000000017e-06,9.753649460838219598e-01,0.000000000000000000e+00,9.755620723362659064e-01,9.980000000000000000e+02
3.997999999999999669e-06,9.756088480571849519e-01,0.000000000000000000e+00,9.755620723362659064e-01,9.980000000000000000e+02
3.999000000000000167e-06,9.758527500305469449e-01,0.000000000000000000e+00,9.755620723362659064e-01,9.980000000000000000e+02
3.999999999999999819e-06,9.760966520039100480e-01,0.000000000000000000e+00,9.765395894428152701e-01,9.990000000000000000e+02
4.001000000000000318e-06,9.763405539772730402e-01,1.000000000000000000e+00,9.765395894428152701e-01,9.990000000000000000e+02
4.001999999999999969e-06,9.765844559506350331e-01,0.000000000000000000e+00,9.765395894428152701e-01,9.990000000000000000e+02
4.002999999999999621e-06,9.768283579239980252e-01,0.000000000000000000e+00,9.765395894428152701e-01,9.990000000000000000e+02
4.004000000000000120e-06,9.770722598973610173e-01,0.000000000000000000e+00,9.775171065493646338e-01,1.000000000000000000e+03
4.004999999999999771e-06,9.773161618707230103e-01,0.000000000000000000e+00,9.775171065493646338e-01,1.000000000000000000e+03
4.006000000000000270e-06,9.775600638440860024e-01,1.000000000000000000e+00,9.775171065493646338e-01,1.000000000000000000e+03
4.006999999999999921e-06,9.778039658174489945e-01,0.000000000000000000e+00,9.775171065493646338e-01,1.000000000000000000e+03
4.008000000000000420e-06,9.780478677908109875e-01,1.000000000000000000e+00,9.784946236559139976e-01,1.001000000000000000e+03
4.009000000000000072e-06,9.782917697641739796e-01,0.000000000000000000e+00,9.784946236559139976e-01,1.001000000000000000e+03
4.009999999999999723e-06,9.785356717375369717e-01,0.000000000000000000e+00,9.784946236559139976e-01,1.001000000000000000e+03
4.011000000000000222e-06,9.787795737108989647e-01,0.000000000000000000e+00,9.784946236559139976e-01,1.001000000000000000e+03
4.011999999999999874e-06,9.790234756842619568e-01,0.000000000000000000e+00,9.794721407624633613e-01,1.002000000000000000e+03
4.013000000000000372e-06,9.792673776576239497e-01,1.000000000000000000e+00,9.794721407624633613e-01,1.002000000000000000e+03
4.014000000000000024e-06,9.795112796309870529e-01,0.000000000000000000e+00,9.794721407624633613e-01,1.002000000000000000e+03
4.014999999999999675e-06,9.797551816043500450e-01,0.000000000000000000e+00,9.794721407624633613e-01,1.002000000000000000e+03
4.016000000000000174e-06,9.799990835777130371e-01,0.000000000000000000e+00,9.804496578690127251e-01,1.003000000000000000e+03
4.016999999999999826e-06,9.802429855510750301e-01,0.000000000000000000e+00,9.804496578690127251e-01,1.003000000000000000e+03
4.018000000000000324e-06,9.804868875244380222e-01,1.000000000000000000e+00,9.804496578690127251e-01,1.003000000000000000e+03
4.018999999999999976e-06,9.807307894978010143e-01,0.000000000000000000e+00,9.804496578690127251e-01,1.003000000000000000e+03
4.019999999999999628e-06,9.809746914711630073e-01,0.000000000000000000e+00,9.814271749755620888e-01,1.004000000000000000e+03
4.021000000000000126e-06,9.812185934445259994e-01,0.000000000000000000e+00,9.814271749755620888e-01,1.004000000000000000e+03
4.021999999999999778e-06,9.814624954178879923e-01,0.000000000000000000e+00,9.814271749755620888e-01,1.004000000000000000e+03
4.023000000000000276e-06,9.817063973912509844e-01,1.000000000000000000e+00,9.814271749755620888e-01,1.004000000000000000e+03
4.023999999999999928e-06,9.819502993646139766e-01,0.000000000000000000e+00,9.824046920821114526e-01,1.005000000000000000e+03
4.024999999999999580e-06,9.821942013379759695e-01,0.000000000000000000e+00,9.824046920821114526e-01,1.005000000000000000e+03
4.026000000000000078e-06,9.824381033113389616e-01,0.000000000000000000e+00,9.824046920821114526e-01,1.005000000000000000e+03
4.026999999999999730e-06,9.826820052847019538e-01,0.000000000000000000e+00,9.824046920821114526e-01,1.005000000000000000e+03
4.028000000000000229e-06,9.829259072580649459e-01,0.000000000000000000e+00,9.833822091886608163e-01,1.006000000000000000e+03
4.028999999999999880e-06,9.831698092314270498e-01,0.000000000000000000e+00,9.833822091886608163e-01,1.006000000000000000e+03
4.030000000000000379e-06,9.834137112047900420e-01,1.000000000000000000e+00,9.833822091886608163e-01,1.006000000000000000e+03
4.031000000000000030e-06,9.836576131781520349e-01,0.000000000000000000e+00,9.833822091886608163e-01,1.006000000000000000e+03
4.031999999999999682e-06,9.839015151515150270e-01,0.000000000000000000e+00,9.843597262952101801e-01,1.007000000000000000e+03
4.033000000000000181e-06,9.841454171248780192e-01,0.000000000000000000e+00,9.843597262952101801e-01,1.007000000000000000e+03
4.033999999999999832e-06,9.843893190982400121e-01,0.000000000000000000e+00,9.843597262952101801e-01,1.007000000000000000e+03
4.035000000000000331e-06,9.846332210716030042e-01,1.000000000000000000e+00,9.843597262952101801e-01,1.007000000000000000e+03
4.035999999999999983e-06,9.848771230449659964e-01,0.000000000000000000e+00,9.853372434017595438e-01,1.008000000000000000e+03
4.036999999999999634e-06,9.851210250183279893e-01,0.000000000000000000e+00,9.853372434017595438e-01,1.008000000000000000e+03
4.038000000000000133e-06,9.853649269916909814e-01,0.000000000000000000e+00,9.853372434017595438e-01,1.008000000000000000e+03
4.038999999999999784e-06,9.856088289650539735e-01,0.000000000000000000e+00,9.853372434017595438e-01,1.008000000000000000e+03
4.040000000000000283e-06,9.858527309384169657e-01,1.000000000000000000e+00,9.863147605083089076e-01,1.009000000000000000e+03
4.040999999999999935e-06,9.860966329117789586e-01,0.000000000000000000e+00,9.863147605083089076e-01,1.009000000000000000e+03
4.041999999999999586e-06,9.863405348851419507e-01,0.000000000000000000e+00,9.863147605083089076e-01,1.009000000000000000e+03
4.043000000000000085e-06,9.865844368585040547e-01,0.000000000000000000e+00,9.863147605083089076e-01,1.009000000000000000e+03
4.043999999999999737e-06,9.868283388318670468e-01,0.000000000000000000e+00,9.872922776148582713e-01,1.010000000000000000e+03
4.045000000000000235e-06,9.870722408052300390e-01,0.000000000000000000e+00,9.872922776148582713e-01,1.010000000000000000e+03
4.045999999999999887e-06,9.873161427785920319e-01,0.000000000000000000e+00,9.872922776148582713e-01,1.010000000000000000e+03
4.047000000000000385e-06,9.875600447519550240e-01,1.000000000000000000e+00,9.872922776148582713e-01,1.010000000000000000e+03
4.048000000000000037e-06,9.878039467253180161e-01,0.000000000000000000e+00,9.882697947214076351e-01,1.011000000000000000e+03
4.048999999999999689e-06,9.880478486986800091e-01,0.000000000000000000e+00,9.882697947214076351e-01,1.011000000000000000e+03
4.050000000000000187e-06,9.882917506720430012e-01,0.000000000000000000e+00,9.882697947214076351e-01,1.011000000000000000e+03
4.050999999999999839e-06,9.885356526454049941e-01,0.000000000000000000e+00,9.882697947214076351e-01,1.011000000000000000e+03
4.052000000000000338e-06,9.887795546187679863e-01,1.000000000000000000e+00,9.892473118279569988e-01,1.012000000000000000e+03
4.052999999999999989e-06,9.890234565921309784e-01,0.000000000000000000e+00,9.892473118279569988e-01,1.012000000000000000e+03
4.053999999999999641e-06,9.892673585654929713e-01,0.000000000000000000e+00,9.892473118279569988e-01,1.012000000000000000e+03
4.055000000000000139e-06,9.895112605388559635e-01,0.000000000000000000e+00,9.892473118279569988e-01,1.012000000000000000e+03
4.055999999999999791e-06,9.897551625122189556e-01,0.000000000000000000e+00,9.902248289345063625e-01,1.013000000000000000e+03
4.057000000000000290e-06,9.899990644855819477e-01,1.000000000000000000e+00,9.902248289345063625e-01,1.013000000000000000e+03
4.057999999999999941e-06,9.902429664589440517e-01,0.000000000000000000e+00,9.902248289345063625e-01,1.013000000000000000e+03
4.058999999999999593e-06,9.904868684323070438e-01,0.000000000000000000e+00,9.902248289345063625e-01,1.013000000000000000e+03
4.060000000000000092e-06,9.907307704056700359e-01,0.000000000000000000e+00,9.912023460410557263e-01,1.014000000000000000e+03
4.060999999999999743e-06,9.909746723790320289e-01,0.000000000000000000e+00,9.912023460410557263e-01,1.014000000000000000e+03
4.062000000000000242e-06,9.912185743523950210e-01,0.000000000000000000e+00,9.912023460410557263e-01,1.014000000000000000e+03
4.062999999999999893e-06,9.914624763257570139e-01,0.000000000000000000e+00,9.912023460410557263e-01,1.014000000000000000e+03
4.064000000000000392e-06,9.917063782991200060e-01,1.000000000000000000e+00,9.921798631476050900e-01,1.015000000000000000e+03
4.065000000000000044e-06,9.919502802724829982e-01,0.000000000000000000e+00,9.921798631476050900e-01,1.015000000000000000e+03
4.065999999999999695e-06,9.921941822458449911e-01,0.000000000000000000e+00,9.921798631476050900e-01,1.015000000000000000e+03
4.067000000000000194e-06,9.924380842192079832e-01,0.000000000000000000e+00,9.921798631476050900e-01,1.015000000000000000e+03
4.067999999999999846e-06,9.926819861925709754e-01,0.000000000000000000e+00,9.931573802541544538e-01,1.016000000000000000e+03
4.069000000000000344e-06,9.929258881659329683e-01,1.000000000000000000e+00,9.931573802541544538e-01,1.016000000000000000e+03
4.069999999999999996e-06,9.931697901392959604e-01,0.000000000000000000e+00,9.931573802541544538e-01,1.016000000000000000e+03
4.070999999999999647e-06,9.934136921126589526e-01,0.000000000000000000e+00,9.931573802541544538e-01,1.016000000000000000e+03
4.072000000000000146e-06,9.936575940860209455e-01,0.000000000000000000e+00,9.941348973607038175e-01,1.017000000000000000e+03
4.072999999999999798e-06,9.939014960593840486e-01,0.000000000000000000e+00,9.941348973607038175e-01,1.017000000000000000e+03
4.074000000000000296e-06,9.941453980327470408e-01,1.000000000000000000e+00,9.941348973607038175e-01,1.017000000000000000e+03
4.074999999999999948e-06,9.943893000061090337e-01,0.000000000000000000e+00,9.941348973607038175e-01,1.017000000000000000e+03
4.075999999999999600e-06,9.946332019794720258e-01,0.000000000000000000e+00,9.951124144672531813e-01,1.018000000000000000e+03
4.077000000000000098e-06,9.948771039528350180e-01,0.000000000000000000e+00,9.951124144672531813e-01,1.018000000000000000e+03
4.077999999999999750e-06,9.951210059261970109e-01,0.000000000000000000e+00,9.951124144672531813e-01,1.018000000000000000e+03
4.079000000000000248e-06,9.953649078995600030e-01,0.000000000000000000e+00,9.951124144672531813e-01,1.018000000000000000e+03
4.079999999999999900e-06,9.956088098729229952e-01,0.000000000000000000e+00,9.960899315738025450e-01,1.019000000000000000e+03
4.081000000000000399e-06,9.958527118462849881e-01,1.000000000000000000e+00,9.960899315738025450e-01,1.019000000000000000e+03
4.082000000000000050e-06,9.960966138196479802e-01,0.000000000000000000e+00,9.960899315738025450e-01,1.019000000000000000e+03
4.082999999999999702e-06,9.963405157930109723e-01,0.000000000000000000e+00,9.960899315738025450e-01,1.019000000000000000e+03
4.084000000000000201e-06,9.965844177663729653e-01,0.000000000000000000e+00,9.970674486803519088e-01,1.020000000000000000e+03
4.084999999999999852e-06,9.968283197397359574e-01,0.000000000000000000e+00,9.970674486803519088e-01,1.020000000000000000e+03
4.086000000000000351e-06,9.970722217130989495e-01,1.000000000000000000e+00,9.970674486803519088e-01,1.020000000000000000e+03
4.087000000000000002e-06,9.973161236864610535e-01,0.000000000000000000e+00,9.970674486803519088e-01,1.020000000000000000e+03
4.087999999999999654e-06,9.975600256598240456e-01,0.000000000000000000e+00,9.980449657869012725e-01,1.021000000000000000e+03
4.089000000000000153e-06,9.978039276331870377e-01,0.000000000000000000e+00,9.980449657869012725e-01,1.021000000000000000e+03
4.089999999999999804e-06,9.980478296065490307e-01,0.000000000000000000e+00,9.980449657869012725e-01,1.021000000000000000e+03
4.091000000000000303e-06,9.982917315799120228e-01,1.000000000000000000e+00,9.980449657869012725e-01,1.021000000000000000e+03
4.091999999999999955e-06,9.985356335532750149e-01,0.000000000000000000e+00,9.990224828934506363e-01,1.022000000000000000e+03
4.092999999999999606e-06,9.987795355266370079e-01,0.000000000000000000e+00,9.990224828934506363e-01,1.022000000000000000e+03
4.094000000000000105e-06,9.990234375000000000e-01,0.000000000000000000e+00,9.990224828934506363e-01,1.022000000000000000e+03
4.094999999999999756e-06,9.992673394733629921e-01,0.000000000000000000e+00,9.990224828934506363e-01,1.022000000000000000e+03
