time,vin,clk,v_code,code
0.000000000000000000e+00,4.887585532746823065e-04,1.000000000000000000e+00,9.775171065493646130e-04,1.000000000000000000e+00
1.000000000000000062e-09,7.327200875587971994e-04,1.000000000000000000e+00,9.775171065493646130e-04,1.000000000000000000e+00
2.000000000000000125e-09,9.766816218429120924e-04,1.000000000000000000e+00,9.775171065493646130e-04,1.000000000000000000e+00
3.000000000000000394e-09,1.220643156127027094e-03,1.000000000000000000e+00,9.775171065493646130e-04,1.000000000000000000e+00
4.000000000000000249e-09,1.464604690411141878e-03,1.000000000000000000e+00,9.775171065493646130e-04,1.000000000000000000e+00
5.000000000000000105e-09,1.708566224695256880e-03,0.000000000000000000e+00,1.955034213098729226e-03,2.000000000000000000e+00
6.000000000000000787e-09,1.952527758979371881e-03,1.000000000000000000e+00,1.955034213098729226e-03,2.000000000000000000e+00
7.000000000000000643e-09,2.196489293263486665e-03,1.000000000000000000e+00,1.955034213098729226e-03,2.000000000000000000e+00
8.000000000000000498e-09,2.440450827547601884e-03,1.000000000000000000e+00,1.955034213098729226e-03,2.000000000000000000e+00
9.000000000000001181e-09,2.684412361831716668e-03,1.000000000000000000e+00,2.932551319648093839e-03,3.000000000000000000e+00
1.000000000000000021e-08,2.928373896115831453e-03,0.000000000000000000e+00,2.932551319648093839e-03,3.000000000000000000e+00
1.100000000000000089e-08,3.172335430399946237e-03,1.000000000000000000e+00,2.932551319648093839e-03,3.000000000000000000e+00
1.200000000000000157e-08,3.416296964684061455e-03,1.000000000000000000e+00,2.932551319648093839e-03,3.000000000000000000e+00
1.300000000000000060e-08,3.660258498968176240e-03,0.000000000000000000e+00,3.910068426197458452e-03,4.000000000000000000e+00
1.400000000000000129e-08,3.904220033252291024e-03,1.000000000000000000e+00,3.910068426197458452e-03,4.000000000000000000e+00
1.500000000000000197e-08,4.148181567536405809e-03,1.000000000000000000e+00,3.910068426197458452e-03,4.000000000000000000e+00
1.600000000000000100e-08,4.392143101820521027e-03,1.000000000000000000e+00,3.910068426197458452e-03,4.000000000000000000e+00
1.700000000000000002e-08,4.636104636104636245e-03,0.000000000000000000e+00,4.887585532746823065e-03,5.000000000000000000e+00
1.800000000000000236e-08,4.880066170388750596e-03,1.000000000000000000e+00,4.887585532746823065e-03,5.000000000000000000e+00
1.900000000000000139e-08,5.124027704672864947e-03,1.000000000000000000e+00,4.887585532746823065e-03,5.000000000000000000e+00
2.000000000000000042e-08,5.367989238956981032e-03,0.000000000000000000e+00,4.887585532746823065e-03,5.000000000000000000e+00
2.100000000000000276e-08,5.611950773241095383e-03,1.000000000000000000e+00,5.865102639296187678e-03,6.000000000000000000e+00
2.200000000000000178e-08,5.855912307525209734e-03,1.000000000000000000e+00,5.865102639296187678e-03,6.000000000000000000e+00
2.300000000000000081e-08,6.099873841809325820e-03,0.000000000000000000e+00,5.865102639296187678e-03,6.000000000000000000e+00
2.400000000000000315e-08,6.343835376093440170e-03,1.000000000000000000e+00,5.865102639296187678e-03,6.000000000000000000e+00
2.500000000000000218e-08,6.587796910377554521e-03,1.000000000000000000e+00,6.842619745845552291e-03,7.000000000000000000e+00
2.600000000000000121e-08,6.831758444661670607e-03,0.000000000000000000e+00,6.842619745845552291e-03,7.000000000000000000e+00
2.700000000000000023e-08,7.075719978945784958e-03,0.000000000000000000e+00,6.842619745845552291e-03,7.000000000000000000e+00
2.800000000000000257e-08,7.319681513229899308e-03,1.000000000000000000e+00,6.842619745845552291e-03,7.000000000000000000e+00
2.900000000000000160e-08,7.563643047514015394e-03,0.000000000000000000e+00,7.820136852394916904e-03,8.000000000000000000e+00
3.000000000000000394e-08,7.807604581798129745e-03,1.000000000000000000e+00,7.820136852394916904e-03,8.000000000000000000e+00
3.099999999999999966e-08,8.051566116082244096e-03,0.000000000000000000e+00,7.820136852394916904e-03,8.000000000000000000e+00
3.200000000000000199e-08,8.295527650366360181e-03,1.000000000000000000e+00,7.820136852394916904e-03,8.000000000000000000e+00
3.300000000000000433e-08,8.539489184650474532e-03,1.000000000000000000e+00,8.797653958944280650e-03,9.000000000000000000e+00
3.400000000000000005e-08,8.783450718934588883e-03,0.000000000000000000e+00,8.797653958944280650e-03,9.000000000000000000e+00
3.500000000000000239e-08,9.027412253218703234e-03,1.000000000000000000e+00,8.797653958944280650e-03,9.000000000000000000e+00
3.600000000000000472e-08,9.271373787502819319e-03,1.000000000000000000e+00,8.797653958944280650e-03,9.000000000000000000e+00
3.700000000000000044e-08,9.515335321786933670e-03,0.000000000000000000e+00,9.775171065493646130e-03,1.000000000000000000e+01
3.800000000000000278e-08,9.759296856071048021e-03,1.000000000000000000e+00,9.775171065493646130e-03,1.000000000000000000e+01
3.900000000000000512e-08,1.000325839035516411e-02,1.000000000000000000e+00,9.775171065493646130e-03,1.000000000000000000e+01
4.000000000000000084e-08,1.024721992463927846e-02,0.000000000000000000e+00,9.775171065493646130e-03,1.000000000000000000e+01
4.100000000000000317e-08,1.049118145892339281e-02,1.000000000000000000e+00,1.075268817204301161e-02,1.100000000000000000e+01
4.200000000000000551e-08,1.073514299320750889e-02,1.000000000000000000e+00,1.075268817204301161e-02,1.100000000000000000e+01
4.300000000000000123e-08,1.097910452749162324e-02,0.000000000000000000e+00,1.075268817204301161e-02,1.100000000000000000e+01
4.400000000000000357e-08,1.122306606177573760e-02,1.000000000000000000e+00,1.075268817204301161e-02,1.100000000000000000e+01
4.500000000000000590e-08,1.146702759605985368e-02,1.000000000000000000e+00,1.173020527859237536e-02,1.200000000000000000e+01
4.600000000000000162e-08,1.171098913034396803e-02,0.000000000000000000e+00,1.173020527859237536e-02,1.200000000000000000e+01
4.700000000000000396e-08,1.195495066462808238e-02,1.000000000000000000e+00,1.173020527859237536e-02,1.200000000000000000e+01
4.800000000000000630e-08,1.219891219891219847e-02,1.000000000000000000e+00,1.173020527859237536e-02,1.200000000000000000e+01
4.900000000000000202e-08,1.244287373319631282e-02,0.000000000000000000e+00,1.270772238514173910e-02,1.300000000000000000e+01
5.000000000000000435e-08,1.268683526748042717e-02,1.000000000000000000e+00,1.270772238514173910e-02,1.300000000000000000e+01
5.100000000000000007e-08,1.293079680176454326e-02,0.000000000000000000e+00,1.270772238514173910e-02,1.300000000000000000e+01
5.200000000000000241e-08,1.317475833604865761e-02,0.000000000000000000e+00,1.270772238514173910e-02,1.300000000000000000e+01
5.300000000000000475e-08,1.341871987033277196e-02,1.000000000000000000e+00,1.368523949169110458e-02,1.400000000000000000e+01
5.400000000000000047e-08,1.366268140461688804e-02,0.000000000000000000e+00,1.368523949169110458e-02,1.400000000000000000e+01
5.500000000000000281e-08,1.390664293890100239e-02,0.000000000000000000e+00,1.368523949169110458e-02,1.400000000000000000e+01
5.600000000000000514e-08,1.415060447318511674e-02,1.000000000000000000e+00,1.368523949169110458e-02,1.400000000000000000e+01
5.700000000000000086e-08,1.439456600746923283e-02,0.000000000000000000e+00,1.466275659824047006e-02,1.500000000000000000e+01
5.800000000000000320e-08,1.463852754175334718e-02,0.000000000000000000e+00,1.466275659824047006e-02,1.500000000000000000e+01
5.900000000000000554e-08,1.488248907603746153e-02,1.000000000000000000e+00,1.466275659824047006e-02,1.500000000000000000e+01
6.000000000000000787e-08,1.512645061032157762e-02,1.000000000000000000e+00,1.466275659824047006e-02,1.500000000000000000e+01
6.100000000000000359e-08,1.537041214460569197e-02,0.000000000000000000e+00,1.564027370478983381e-02,1.600000000000000000e+01
6.199999999999999931e-08,1.561437367888980632e-02,0.000000000000000000e+00,1.564027370478983381e-02,1.600000000000000000e+01
6.300000000000000827e-08,1.585833521317392414e-02,1.000000000000000000e+00,1.564027370478983381e-02,1.600000000000000000e+01
6.400000000000000399e-08,1.610229674745803849e-02,1.000000000000000000e+00,1.564027370478983381e-02,1.600000000000000000e+01
6.499999999999999971e-08,1.634625828174215284e-02,0.000000000000000000e+00,1.661779081133919755e-02,1.700000000000000000e+01
6.600000000000000866e-08,1.659021981602626719e-02,1.000000000000000000e+00,1.661779081133919755e-02,1.700000000000000000e+01
6.700000000000000438e-08,1.683418135031038154e-02,1.000000000000000000e+00,1.661779081133919755e-02,1.700000000000000000e+01
6.800000000000000010e-08,1.707814288459449589e-02,0.000000000000000000e+00,1.661779081133919755e-02,1.700000000000000000e+01
6.900000000000000905e-08,1.732210441887861024e-02,1.000000000000000000e+00,1.759530791788856130e-02,1.800000000000000000e+01
7.000000000000000477e-08,1.756606595316272459e-02,1.000000000000000000e+00,1.759530791788856130e-02,1.800000000000000000e+01
7.100000000000000049e-08,1.781002748744684241e-02,0.000000000000000000e+00,1.759530791788856130e-02,1.800000000000000000e+01
7.200000000000000945e-08,1.805398902173095677e-02,1.000000000000000000e+00,1.759530791788856130e-02,1.800000000000000000e+01
7.300000000000000517e-08,1.829795055601507112e-02,1.000000000000000000e+00,1.857282502443792851e-02,1.900000000000000000e+01
7.400000000000000089e-08,1.854191209029918547e-02,0.000000000000000000e+00,1.857282502443792851e-02,1.900000000000000000e+01
7.500000000000000984e-08,1.878587362458329982e-02,1.000000000000000000e+00,1.857282502443792851e-02,1.900000000000000000e+01
7.600000000000000556e-08,1.902983515886741417e-02,1.000000000000000000e+00,1.857282502443792851e-02,1.900000000000000000e+01
7.700000000000000128e-08,1.927379669315153199e-02,0.000000000000000000e+00,1.955034213098729226e-02,2.000000000000000000e+01
7.800000000000001023e-08,1.951775822743564634e-02,1.000000000000000000e+00,1.955034213098729226e-02,2.000000000000000000e+01
7.900000000000000595e-08,1.976171976171976069e-02,1.000000000000000000e+00,1.955034213098729226e-02,2.000000000000000000e+01
8.000000000000000167e-08,2.000568129600387504e-02,0.000000000000000000e+00,1.955034213098729226e-02,2.000000000000000000e+01
8.100000000000001063e-08,2.024964283028798939e-02,1.000000000000000000e+00,2.052785923753665601e-02,2.100000000000000000e+01
8.200000000000000635e-08,2.049360436457210374e-02,1.000000000000000000e+00,2.052785923753665601e-02,2.100000000000000000e+01
8.300000000000000207e-08,2.073756589885622156e-02,0.000000000000000000e+00,2.052785923753665601e-02,2.100000000000000000e+01
8.400000000000001102e-08,2.098152743314033591e-02,1.000000000000000000e+00,2.052785923753665601e-02,2.100000000000000000e+01
8.500000000000000674e-08,2.122548896742445027e-02,1.000000000000000000e+00,2.150537634408602322e-02,2.200000000000000000e+01
8.600000000000000246e-08,2.146945050170856462e-02,0.000000000000000000e+00,2.150537634408602322e-02,2.200000000000000000e+01
8.700000000000001142e-08,2.171341203599267897e-02,1.000000000000000000e+00,2.150537634408602322e-02,2.200000000000000000e+01
8.800000000000000714e-08,2.195737357027679332e-02,1.000000000000000000e+00,2.150537634408602322e-02,2.200000000000000000e+01
8.900000000000000285e-08,2.220133510456091114e-02,0.000000000000000000e+00,2.248289345063538697e-02,2.300000000000000000e+01
9.000000000000001181e-08,2.244529663884502549e-02,1.000000000000000000e+00,2.248289345063538697e-02,2.300000000000000000e+01
9.100000000000000753e-08,2.268925817312913984e-02,1.000000000000000000e+00,2.248289345063538697e-02,2.300000000000000000e+01
9.200000000000000325e-08,2.293321970741325419e-02,0.000000000000000000e+00,2.248289345063538697e-02,2.300000000000000000e+01
9.300000000000001220e-08,2.317718124169736854e-02,1.000000000000000000e+00,2.346041055718475071e-02,2.400000000000000000e+01
9.400000000000000792e-08,2.342114277598148289e-02,1.000000000000000000e+00,2.346041055718475071e-02,2.400000000000000000e+01
9.500000000000000364e-08,2.366510431026560071e-02,0.000000000000000000e+00,2.346041055718475071e-02,2.400000000000000000e+01
9.600000000000001260e-08,2.390906584454971506e-02,1.000000000000000000e+00,2.346041055718475071e-02,2.400000000000000000e+01
9.700000000000000832e-08,2.415302737883382941e-02,1.000000000000000000e+00,2.443792766373411446e-02,2.500000000000000000e+01
9.800000000000000404e-08,2.439698891311794376e-02,0.000000000000000000e+00,2.443792766373411446e-02,2.500000000000000000e+01
9.899999999999999976e-08,2.464095044740205812e-02,0.000000000000000000e+00,2.443792766373411446e-02,2.500000000000000000e+01
1.000000000000000087e-07,2.488491198168617247e-02,1.000000000000000000e+00,2.443792766373411446e-02,2.500000000000000000e+01
1.010000000000000044e-07,2.512887351597029029e-02,0.000000000000000000e+00,2.541544477028347820e-02,2.600000000000000000e+01
1.020000000000000001e-07,2.537283505025440464e-02,0.000000000000000000e+00,2.541544477028347820e-02,2.600000000000000000e+01
1.030000000000000091e-07,2.561679658453851899e-02,1.000000000000000000e+00,2.541544477028347820e-02,2.600000000000000000e+01
1.040000000000000048e-07,2.586075811882263334e-02,0.000000000000000000e+00,2.541544477028347820e-02,2.600000000000000000e+01
1.050000000000000005e-07,2.610471965310674769e-02,0.000000000000000000e+00,2.639296187683284542e-02,2.700000000000000000e+01
1.060000000000000095e-07,2.634868118739086204e-02,1.000000000000000000e+00,2.639296187683284542e-02,2.700000000000000000e+01
1.070000000000000052e-07,2.659264272167497986e-02,0.000000000000000000e+00,2.639296187683284542e-02,2.700000000000000000e+01
1.080000000000000009e-07,2.683660425595909421e-02,0.000000000000000000e+00,2.639296187683284542e-02,2.700000000000000000e+01
1.090000000000000099e-07,2.708056579024320856e-02,1.000000000000000000e+00,2.737047898338220916e-02,2.800000000000000000e+01
1.100000000000000056e-07,2.732452732452732291e-02,0.000000000000000000e+00,2.737047898338220916e-02,2.800000000000000000e+01
1.110000000000000013e-07,2.756848885881143726e-02,0.000000000000000000e+00,2.737047898338220916e-02,2.800000000000000000e+01
1.120000000000000103e-07,2.781245039309555162e-02,1.000000000000000000e+00,2.737047898338220916e-02,2.800000000000000000e+01
1.130000000000000060e-07,2.805641192737966944e-02,0.000000000000000000e+00,2.834799608993157291e-02,2.900000000000000000e+01
1.140000000000000017e-07,2.830037346166378379e-02,0.000000000000000000e+00,2.834799608993157291e-02,2.900000000000000000e+01
1.150000000000000107e-07,2.854433499594789814e-02,1.000000000000000000e+00,2.834799608993157291e-02,2.900000000000000000e+01
1.160000000000000064e-07,2.878829653023201249e-02,0.000000000000000000e+00,2.834799608993157291e-02,2.900000000000000000e+01
1.170000000000000021e-07,2.903225806451612684e-02,0.000000000000000000e+00,2.932551319648094013e-02,3.000000000000000000e+01
1.180000000000000111e-07,2.927621959880024119e-02,1.000000000000000000e+00,2.932551319648094013e-02,3.000000000000000000e+01
1.190000000000000068e-07,2.952018113308435901e-02,0.000000000000000000e+00,2.932551319648094013e-02,3.000000000000000000e+01
1.200000000000000157e-07,2.976414266736847336e-02,1.000000000000000000e+00,2.932551319648094013e-02,3.000000000000000000e+01
1.210000000000000115e-07,3.000810420165258771e-02,1.000000000000000000e+00,3.030303030303030387e-02,3.100000000000000000e+01
1.220000000000000072e-07,3.025206573593670206e-02,0.000000000000000000e+00,3.030303030303030387e-02,3.100000000000000000e+01
1.230000000000000029e-07,3.049602727022081641e-02,0.000000000000000000e+00,3.030303030303030387e-02,3.100000000000000000e+01
1.239999999999999986e-07,3.073998880450493076e-02,0.000000000000000000e+00,3.030303030303030387e-02,3.100000000000000000e+01
1.250000000000000208e-07,3.098395033878904858e-02,1.000000000000000000e+00,3.128054740957966762e-02,3.200000000000000000e+01
1.260000000000000165e-07,3.122791187307316293e-02,1.000000000000000000e+00,3.128054740957966762e-02,3.200000000000000000e+01
1.270000000000000123e-07,3.147187340735727729e-02,1.000000000000000000e+00,3.128054740957966762e-02,3.200000000000000000e+01
1.280000000000000080e-07,3.171583494164139511e-02,1.000000000000000000e+00,3.128054740957966762e-02,3.200000000000000000e+01
1.290000000000000037e-07,3.195979647592550599e-02,0.000000000000000000e+00,3.225806451612903136e-02,3.300000000000000000e+01
1.299999999999999994e-07,3.220375801020962381e-02,0.000000000000000000e+00,3.225806451612903136e-02,3.300000000000000000e+01
1.309999999999999951e-07,3.244771954449373469e-02,0.000000000000000000e+00,3.225806451612903136e-02,3.300000000000000000e+01
1.320000000000000173e-07,3.269168107877785251e-02,1.000000000000000000e+00,3.225806451612903136e-02,3.300000000000000000e+01
1.330000000000000130e-07,3.293564261306196339e-02,1.000000000000000000e+00,3.323558162267839511e-02,3.400000000000000000e+01
1.340000000000000088e-07,3.317960414734608121e-02,1.000000000000000000e+00,3.323558162267839511e-02,3.400000000000000000e+01
1.350000000000000045e-07,3.342356568163019903e-02,0.000000000000000000e+00,3.323558162267839511e-02,3.400000000000000000e+01
1.360000000000000002e-07,3.366752721591430991e-02,0.000000000000000000e+00,3.323558162267839511e-02,3.400000000000000000e+01
1.369999999999999959e-07,3.391148875019842773e-02,0.000000000000000000e+00,3.421309872922775885e-02,3.500000000000000000e+01
1.380000000000000181e-07,3.415545028448253861e-02,1.000000000000000000e+00,3.421309872922775885e-02,3.500000000000000000e+01
1.390000000000000138e-07,3.439941181876665643e-02,1.000000000000000000e+00,3.421309872922775885e-02,3.500000000000000000e+01
1.400000000000000095e-07,3.464337335305076732e-02,1.000000000000000000e+00,3.421309872922775885e-02,3.500000000000000000e+01
1.410000000000000053e-07,3.488733488733488514e-02,0.000000000000000000e+00,3.519061583577712260e-02,3.600000000000000000e+01
1.420000000000000010e-07,3.513129642161900296e-02,0.000000000000000000e+00,3.519061583577712260e-02,3.600000000000000000e+01
1.429999999999999967e-07,3.537525795590311384e-02,0.000000000000000000e+00,3.519061583577712260e-02,3.600000000000000000e+01
1.440000000000000189e-07,3.561921949018723166e-02,1.000000000000000000e+00,3.519061583577712260e-02,3.600000000000000000e+01
1.450000000000000146e-07,3.586318102447134254e-02,1.000000000000000000e+00,3.616813294232649328e-02,3.700000000000000000e+01
1.460000000000000103e-07,3.610714255875546036e-02,1.000000000000000000e+00,3.616813294232649328e-02,3.700000000000000000e+01
1.470000000000000061e-07,3.635110409303957818e-02,0.000000000000000000e+00,3.616813294232649328e-02,3.700000000000000000e+01
1.480000000000000018e-07,3.659506562732368906e-02,0.000000000000000000e+00,3.616813294232649328e-02,3.700000000000000000e+01
1.489999999999999975e-07,3.683902716160780688e-02,0.000000000000000000e+00,3.714565004887585703e-02,3.800000000000000000e+01
1.500000000000000197e-07,3.708298869589191776e-02,1.000000000000000000e+00,3.714565004887585703e-02,3.800000000000000000e+01
1.510000000000000154e-07,3.732695023017603558e-02,1.000000000000000000e+00,3.714565004887585703e-02,3.800000000000000000e+01
1.520000000000000111e-07,3.757091176446014646e-02,1.000000000000000000e+00,3.714565004887585703e-02,3.800000000000000000e+01
1.530000000000000068e-07,3.781487329874426428e-02,0.000000000000000000e+00,3.812316715542522078e-02,3.900000000000000000e+01
1.540000000000000026e-07,3.805883483302838211e-02,0.000000000000000000e+00,3.812316715542522078e-02,3.900000000000000000e+01
1.549999999999999983e-07,3.830279636731249299e-02,0.000000000000000000e+00,3.812316715542522078e-02,3.900000000000000000e+01
1.560000000000000205e-07,3.854675790159661081e-02,1.000000000000000000e+00,3.812316715542522078e-02,3.900000000000000000e+01
1.570000000000000162e-07,3.879071943588072169e-02,1.000000000000000000e+00,3.910068426197458452e-02,4.000000000000000000e+01
1.580000000000000119e-07,3.903468097016483951e-02,1.000000000000000000e+00,3.910068426197458452e-02,4.000000000000000000e+01
1.590000000000000076e-07,3.927864250444895733e-02,0.000000000000000000e+00,3.910068426197458452e-02,4.000000000000000000e+01
1.600000000000000033e-07,3.952260403873306821e-02,0.000000000000000000e+00,3.910068426197458452e-02,4.000000000000000000e+01
1.609999999999999991e-07,3.976656557301718603e-02,0.000000000000000000e+00,4.007820136852394827e-02,4.100000000000000000e+01
1.620000000000000213e-07,4.001052710730129691e-02,1.000000000000000000e+00,4.007820136852394827e-02,4.100000000000000000e+01
1.630000000000000170e-07,4.025448864158541473e-02,1.000000000000000000e+00,4.007820136852394827e-02,4.100000000000000000e+01
1.640000000000000127e-07,4.049845017586952561e-02,1.000000000000000000e+00,4.007820136852394827e-02,4.100000000000000000e+01
1.650000000000000084e-07,4.074241171015364343e-02,0.000000000000000000e+00,4.105571847507331201e-02,4.200000000000000000e+01
1.660000000000000041e-07,4.098637324443776125e-02,0.000000000000000000e+00,4.105571847507331201e-02,4.200000000000000000e+01
1.669999999999999999e-07,4.123033477872187214e-02,0.000000000000000000e+00,4.105571847507331201e-02,4.200000000000000000e+01
1.680000000000000220e-07,4.147429631300598996e-02,1.000000000000000000e+00,4.105571847507331201e-02,4.200000000000000000e+01
1.690000000000000178e-07,4.171825784729010084e-02,1.000000000000000000e+00,4.203323558162267576e-02,4.300000000000000000e+01
1.700000000000000135e-07,4.196221938157421866e-02,1.000000000000000000e+00,4.203323558162267576e-02,4.300000000000000000e+01
1.710000000000000092e-07,4.220618091585833648e-02,0.000000000000000000e+00,4.203323558162267576e-02,4.300000000000000000e+01
1.720000000000000049e-07,4.245014245014244736e-02,0.000000000000000000e+00,4.203323558162267576e-02,4.300000000000000000e+01
1.730000000000000006e-07,4.269410398442656518e-02,0.000000000000000000e+00,4.301075268817204644e-02,4.400000000000000000e+01
1.740000000000000228e-07,4.293806551871067606e-02,1.000000000000000000e+00,4.301075268817204644e-02,4.400000000000000000e+01
1.750000000000000186e-07,4.318202705299479388e-02,1.000000000000000000e+00,4.301075268817204644e-02,4.400000000000000000e+01
1.760000000000000143e-07,4.342598858727890476e-02,1.000000000000000000e+00,4.301075268817204644e-02,4.400000000000000000e+01
1.770000000000000100e-07,4.366995012156302258e-02,0.000000000000000000e+00,4.398826979472141019e-02,4.500000000000000000e+01
1.780000000000000057e-07,4.391391165584714040e-02,0.000000000000000000e+00,4.398826979472141019e-02,4.500000000000000000e+01
1.790000000000000014e-07,4.415787319013125128e-02,0.000000000000000000e+00,4.398826979472141019e-02,4.500000000000000000e+01
1.800000000000000236e-07,4.440183472441536910e-02,1.000000000000000000e+00,4.398826979472141019e-02,4.500000000000000000e+01
1.810000000000000193e-07,4.464579625869947999e-02,1.000000000000000000e+00,4.496578690127077393e-02,4.600000000000000000e+01
1.820000000000000151e-07,4.488975779298359781e-02,1.000000000000000000e+00,4.496578690127077393e-02,4.600000000000000000e+01
1.830000000000000108e-07,4.513371932726771563e-02,0.000000000000000000e+00,4.496578690127077393e-02,4.600000000000000000e+01
1.840000000000000065e-07,4.537768086155182651e-02,0.000000000000000000e+00,4.496578690127077393e-02,4.600000000000000000e+01
1.850000000000000022e-07,4.562164239583594433e-02,0.000000000000000000e+00,4.594330400782013768e-02,4.700000000000000000e+01
1.860000000000000244e-07,4.586560393012005521e-02,1.000000000000000000e+00,4.594330400782013768e-02,4.700000000000000000e+01
1.870000000000000201e-07,4.610956546440417303e-02,1.000000000000000000e+00,4.594330400782013768e-02,4.700000000000000000e+01
1.880000000000000158e-07,4.635352699868828391e-02,1.000000000000000000e+00,4.594330400782013768e-02,4.700000000000000000e+01
1.890000000000000116e-07,4.659748853297240173e-02,0.000000000000000000e+00,4.692082111436950143e-02,4.800000000000000000e+01
1.900000000000000073e-07,4.684145006725651955e-02,0.000000000000000000e+00,4.692082111436950143e-02,4.800000000000000000e+01
1.910000000000000030e-07,4.708541160154063043e-02,0.000000000000000000e+00,4.692082111436950143e-02,4.800000000000000000e+01
1.920000000000000252e-07,4.732937313582474825e-02,1.000000000000000000e+00,4.692082111436950143e-02,4.800000000000000000e+01
1.930000000000000209e-07,4.757333467010885913e-02,1.000000000000000000e+00,4.789833822091886517e-02,4.900000000000000000e+01
1.940000000000000166e-07,4.781729620439297695e-02,1.000000000000000000e+00,4.789833822091886517e-02,4.900000000000000000e+01
1.950000000000000124e-07,4.806125773867708784e-02,1.000000000000000000e+00,4.789833822091886517e-02,4.900000000000000000e+01
1.960000000000000081e-07,4.830521927296120566e-02,0.000000000000000000e+00,4.789833822091886517e-02,4.900000000000000000e+01
1.970000000000000038e-07,4.854918080724532348e-02,0.000000000000000000e+00,4.887585532746822892e-02,5.000000000000000000e+01
1.979999999999999995e-07,4.879314234152943436e-02,0.000000000000000000e+00,4.887585532746822892e-02,5.000000000000000000e+01
1.990000000000000217e-07,4.903710387581355218e-02,1.000000000000000000e+00,4.887585532746822892e-02,5.000000000000000000e+01
2.000000000000000174e-07,4.928106541009766306e-02,1.000000000000000000e+00,4.887585532746822892e-02,5.000000000000000000e+01
2.010000000000000131e-07,4.952502694438178088e-02,1.000000000000000000e+00,4.985337243401759266e-02,5.100000000000000000e+01
2.020000000000000089e-07,4.976898847866589870e-02,0.000000000000000000e+00,4.985337243401759266e-02,5.100000000000000000e+01
2.030000000000000046e-07,5.001295001295000958e-02,0.000000000000000000e+00,4.985337243401759266e-02,5.100000000000000000e+01
2.040000000000000003e-07,5.025691154723412740e-02,0.000000000000000000e+00,4.985337243401759266e-02,5.100000000000000000e+01
2.050000000000000225e-07,5.050087308151823828e-02,1.000000000000000000e+00,5.083088954056695641e-02,5.200000000000000000e+01
2.060000000000000182e-07,5.074483461580235610e-02,1.000000000000000000e+00,5.083088954056695641e-02,5.200000000000000000e+01
2.070000000000000139e-07,5.098879615008646699e-02,1.000000000000000000e+00,5.083088954056695641e-02,5.200000000000000000e+01
2.080000000000000096e-07,5.123275768437058481e-02,0.000000000000000000e+00,5.083088954056695641e-02,5.200000000000000000e+01
2.090000000000000054e-07,5.147671921865470263e-02,0.000000000000000000e+00,5.180840664711632709e-02,5.300000000000000000e+01
2.100000000000000011e-07,5.172068075293881351e-02,0.000000000000000000e+00,5.180840664711632709e-02,5.300000000000000000e+01
2.110000000000000233e-07,5.196464228722293133e-02,1.000000000000000000e+00,5.180840664711632709e-02,5.300000000000000000e+01
2.120000000000000190e-07,5.220860382150704221e-02,1.000000000000000000e+00,5.180840664711632709e-02,5.300000000000000000e+01
2.130000000000000147e-07,5.245256535579116003e-02,1.000000000000000000e+00,5.278592375366569084e-02,5.400000000000000000e+01
2.140000000000000104e-07,5.269652689007527785e-02,0.000000000000000000e+00,5.278592375366569084e-02,5.400000000000000000e+01
2.150000000000000062e-07,5.294048842435938873e-02,0.000000000000000000e+00,5.278592375366569084e-02,5.400000000000000000e+01
2.160000000000000019e-07,5.318444995864350655e-02,0.000000000000000000e+00,5.278592375366569084e-02,5.400000000000000000e+01
2.170000000000000241e-07,5.342841149292761743e-02,1.000000000000000000e+00,5.376344086021505458e-02,5.500000000000000000e+01
2.180000000000000198e-07,5.367237302721173525e-02,1.000000000000000000e+00,5.376344086021505458e-02,5.500000000000000000e+01
2.190000000000000155e-07,5.391633456149584613e-02,1.000000000000000000e+00,5.376344086021505458e-02,5.500000000000000000e+01
2.200000000000000112e-07,5.416029609577996395e-02,0.000000000000000000e+00,5.376344086021505458e-02,5.500000000000000000e+01
2.210000000000000069e-07,5.440425763006408177e-02,0.000000000000000000e+00,5.474095796676441833e-02,5.600000000000000000e+01
2.220000000000000027e-07,5.464821916434819266e-02,0.000000000000000000e+00,5.474095796676441833e-02,5.600000000000000000e+01
2.230000000000000248e-07,5.489218069863231048e-02,1.000000000000000000e+00,5.474095796676441833e-02,5.600000000000000000e+01
2.240000000000000206e-07,5.513614223291642136e-02,1.000000000000000000e+00,5.474095796676441833e-02,5.600000000000000000e+01
2.250000000000000163e-07,5.538010376720053918e-02,1.000000000000000000e+00,5.571847507331378208e-02,5.700000000000000000e+01
2.260000000000000120e-07,5.562406530148465700e-02,0.000000000000000000e+00,5.571847507331378208e-02,5.700000000000000000e+01
2.270000000000000077e-07,5.586802683576876788e-02,0.000000000000000000e+00,5.571847507331378208e-02,5.700000000000000000e+01
2.280000000000000034e-07,5.611198837005288570e-02,0.000000000000000000e+00,5.571847507331378208e-02,5.700000000000000000e+01
2.290000000000000256e-07,5.635594990433699658e-02,1.000000000000000000e+00,5.669599217986314582e-02,5.800000000000000000e+01
2.300000000000000214e-07,5.659991143862111440e-02,1.000000000000000000e+00,5.669599217986314582e-02,5.800000000000000000e+01
2.310000000000000171e-07,5.684387297290522528e-02,1.000000000000000000e+00,5.669599217986314582e-02,5.800000000000000000e+01
2.320000000000000128e-07,5.708783450718934310e-02,0.000000000000000000e+00,5.669599217986314582e-02,5.800000000000000000e+01
2.330000000000000085e-07,5.733179604147346092e-02,0.000000000000000000e+00,5.767350928641250957e-02,5.900000000000000000e+01
2.340000000000000042e-07,5.757575757575757180e-02,0.000000000000000000e+00,5.767350928641250957e-02,5.900000000000000000e+01
2.350000000000000264e-07,5.781971911004168962e-02,1.000000000000000000e+00,5.767350928641250957e-02,5.900000000000000000e+01
2.360000000000000221e-07,5.806368064432580051e-02,1.000000000000000000e+00,5.767350928641250957e-02,5.900000000000000000e+01
2.370000000000000179e-07,5.830764217860991833e-02,1.000000000000000000e+00,5.865102639296188025e-02,6.000000000000000000e+01
2.380000000000000136e-07,5.855160371289403615e-02,0.000000000000000000e+00,5.865102639296188025e-02,6.000000000000000000e+01
2.390000000000000093e-07,5.879556524717814703e-02,0.000000000000000000e+00,5.865102639296188025e-02,6.000000000000000000e+01
2.400000000000000315e-07,5.903952678146226485e-02,1.000000000000000000e+00,5.865102639296188025e-02,6.000000000000000000e+01
2.410000000000000007e-07,5.928348831574637573e-02,0.000000000000000000e+00,5.962854349951124400e-02,6.100000000000000000e+01
2.420000000000000229e-07,5.952744985003049355e-02,1.000000000000000000e+00,5.962854349951124400e-02,6.100000000000000000e+01
2.429999999999999922e-07,5.977141138431460443e-02,0.000000000000000000e+00,5.962854349951124400e-02,6.100000000000000000e+01
2.440000000000000144e-07,6.001537291859872225e-02,0.000000000000000000e+00,5.962854349951124400e-02,6.100000000000000000e+01
2.450000000000000366e-07,6.025933445288284007e-02,1.000000000000000000e+00,6.060606060606060774e-02,6.200000000000000000e+01
2.460000000000000058e-07,6.050329598716695095e-02,0.000000000000000000e+00,6.060606060606060774e-02,6.200000000000000000e+01
2.470000000000000280e-07,6.074725752145106877e-02,1.000000000000000000e+00,6.060606060606060774e-02,6.200000000000000000e+01
2.479999999999999972e-07,6.099121905573517965e-02,0.000000000000000000e+00,6.060606060606060774e-02,6.200000000000000000e+01
2.490000000000000194e-07,6.123518059001929748e-02,1.000000000000000000e+00,6.158357771260997149e-02,6.300000000000000000e+01
2.500000000000000416e-07,6.147914212430341530e-02,1.000000000000000000e+00,6.158357771260997149e-02,6.300000000000000000e+01
2.510000000000000109e-07,6.172310365858752618e-02,0.000000000000000000e+00,6.158357771260997149e-02,6.300000000000000000e+01
2.520000000000000331e-07,6.196706519287164400e-02,1.000000000000000000e+00,6.158357771260997149e-02,6.300000000000000000e+01
2.530000000000000023e-07,6.221102672715575488e-02,0.000000000000000000e+00,6.256109481915933523e-02,6.400000000000000000e+01
2.540000000000000245e-07,6.245498826143987270e-02,1.000000000000000000e+00,6.256109481915933523e-02,6.400000000000000000e+01
2.549999999999999938e-07,6.269894979572399052e-02,0.000000000000000000e+00,6.256109481915933523e-02,6.400000000000000000e+01
2.560000000000000159e-07,6.294291133000810834e-02,1.000000000000000000e+00,6.256109481915933523e-02,6.400000000000000000e+01
2.570000000000000381e-07,6.318687286429221228e-02,1.000000000000000000e+00,6.353861192570869898e-02,6.500000000000000000e+01
2.580000000000000074e-07,6.343083439857633010e-02,0.000000000000000000e+00,6.353861192570869898e-02,6.500000000000000000e+01
2.590000000000000296e-07,6.367479593286044792e-02,1.000000000000000000e+00,6.353861192570869898e-02,6.500000000000000000e+01
2.599999999999999988e-07,6.391875746714456574e-02,0.000000000000000000e+00,6.353861192570869898e-02,6.500000000000000000e+01
2.610000000000000210e-07,6.416271900142866969e-02,1.000000000000000000e+00,6.451612903225806273e-02,6.600000000000000000e+01
2.619999999999999903e-07,6.440668053571278751e-02,0.000000000000000000e+00,6.451612903225806273e-02,6.600000000000000000e+01
2.630000000000000125e-07,6.465064206999690533e-02,0.000000000000000000e+00,6.451612903225806273e-02,6.600000000000000000e+01
2.640000000000000346e-07,6.489460360428102315e-02,1.000000000000000000e+00,6.451612903225806273e-02,6.600000000000000000e+01
2.650000000000000039e-07,6.513856513856514097e-02,0.000000000000000000e+00,6.549364613880742647e-02,6.700000000000000000e+01
2.660000000000000261e-07,6.538252667284924491e-02,1.000000000000000000e+00,6.549364613880742647e-02,6.700000000000000000e+01
2.669999999999999953e-07,6.562648820713336273e-02,0.000000000000000000e+00,6.549364613880742647e-02,6.700000000000000000e+01
2.680000000000000175e-07,6.587044974141748055e-02,1.000000000000000000e+00,6.549364613880742647e-02,6.700000000000000000e+01
2.690000000000000397e-07,6.611441127570159837e-02,1.000000000000000000e+00,6.647116324535679022e-02,6.800000000000000000e+01
2.700000000000000090e-07,6.635837280998571619e-02,0.000000000000000000e+00,6.647116324535679022e-02,6.800000000000000000e+01
2.710000000000000311e-07,6.660233434426982013e-02,1.000000000000000000e+00,6.647116324535679022e-02,6.800000000000000000e+01
2.720000000000000004e-07,6.684629587855393795e-02,0.000000000000000000e+00,6.647116324535679022e-02,6.800000000000000000e+01
2.730000000000000226e-07,6.709025741283805577e-02,1.000000000000000000e+00,6.744868035190615396e-02,6.900000000000000000e+01
2.739999999999999918e-07,6.733421894712217359e-02,0.000000000000000000e+00,6.744868035190615396e-02,6.900000000000000000e+01
2.750000000000000140e-07,6.757818048140629141e-02,0.000000000000000000e+00,6.744868035190615396e-02,6.900000000000000000e+01
2.760000000000000362e-07,6.782214201569039536e-02,1.000000000000000000e+00,6.744868035190615396e-02,6.900000000000000000e+01
2.770000000000000055e-07,6.806610354997451318e-02,0.000000000000000000e+00,6.842619745845551771e-02,7.000000000000000000e+01
2.780000000000000277e-07,6.831006508425863100e-02,1.000000000000000000e+00,6.842619745845551771e-02,7.000000000000000000e+01
2.789999999999999969e-07,6.855402661854274882e-02,0.000000000000000000e+00,6.842619745845551771e-02,7.000000000000000000e+01
2.800000000000000191e-07,6.879798815282685276e-02,1.000000000000000000e+00,6.842619745845551771e-02,7.000000000000000000e+01
2.810000000000000413e-07,6.904194968711097058e-02,1.000000000000000000e+00,6.940371456500488145e-02,7.100000000000000000e+01
2.820000000000000105e-07,6.928591122139508840e-02,0.000000000000000000e+00,6.940371456500488145e-02,7.100000000000000000e+01
2.830000000000000327e-07,6.952987275567920622e-02,1.000000000000000000e+00,6.940371456500488145e-02,7.100000000000000000e+01
2.840000000000000020e-07,6.977383428996332404e-02,0.000000000000000000e+00,6.940371456500488145e-02,7.100000000000000000e+01
2.850000000000000242e-07,7.001779582424742798e-02,1.000000000000000000e+00,7.038123167155424520e-02,7.200000000000000000e+01
2.859999999999999934e-07,7.026175735853154580e-02,0.000000000000000000e+00,7.038123167155424520e-02,7.200000000000000000e+01
2.870000000000000156e-07,7.050571889281566362e-02,0.000000000000000000e+00,7.038123167155424520e-02,7.200000000000000000e+01
2.880000000000000378e-07,7.074968042709978144e-02,1.000000000000000000e+00,7.038123167155424520e-02,7.200000000000000000e+01
2.890000000000000070e-07,7.099364196138389926e-02,0.000000000000000000e+00,7.135874877810362282e-02,7.300000000000000000e+01
2.900000000000000292e-07,7.123760349566800321e-02,1.000000000000000000e+00,7.135874877810362282e-02,7.300000000000000000e+01
2.909999999999999985e-07,7.148156502995212103e-02,0.000000000000000000e+00,7.135874877810362282e-02,7.300000000000000000e+01
2.920000000000000207e-07,7.172552656423623885e-02,1.000000000000000000e+00,7.135874877810362282e-02,7.300000000000000000e+01
2.930000000000000429e-07,7.196948809852035667e-02,1.000000000000000000e+00,7.233626588465298657e-02,7.400000000000000000e+01
2.940000000000000121e-07,7.221344963280447449e-02,0.000000000000000000e+00,7.233626588465298657e-02,7.400000000000000000e+01
2.950000000000000343e-07,7.245741116708857843e-02,1.000000000000000000e+00,7.233626588465298657e-02,7.400000000000000000e+01
2.960000000000000035e-07,7.270137270137269625e-02,0.000000000000000000e+00,7.233626588465298657e-02,7.400000000000000000e+01
2.970000000000000257e-07,7.294533423565681407e-02,1.000000000000000000e+00,7.331378299120235031e-02,7.500000000000000000e+01
2.979999999999999950e-07,7.318929576994093189e-02,0.000000000000000000e+00,7.331378299120235031e-02,7.500000000000000000e+01
2.990000000000000172e-07,7.343325730422504971e-02,0.000000000000000000e+00,7.331378299120235031e-02,7.500000000000000000e+01
3.000000000000000394e-07,7.367721883850915365e-02,1.000000000000000000e+00,7.331378299120235031e-02,7.500000000000000000e+01
3.010000000000000086e-07,7.392118037279327147e-02,0.000000000000000000e+00,7.429130009775171406e-02,7.600000000000000000e+01
3.020000000000000308e-07,7.416514190707738929e-02,1.000000000000000000e+00,7.429130009775171406e-02,7.600000000000000000e+01
3.030000000000000001e-07,7.440910344136150711e-02,0.000000000000000000e+00,7.429130009775171406e-02,7.600000000000000000e+01
3.040000000000000222e-07,7.465306497564561106e-02,1.000000000000000000e+00,7.429130009775171406e-02,7.600000000000000000e+01
3.050000000000000444e-07,7.489702650992972888e-02,1.000000000000000000e+00,7.526881720430107781e-02,7.700000000000000000e+01
3.060000000000000137e-07,7.514098804421384670e-02,0.000000000000000000e+00,7.526881720430107781e-02,7.700000000000000000e+01
3.070000000000000359e-07,7.538494957849796452e-02,1.000000000000000000e+00,7.526881720430107781e-02,7.700000000000000000e+01
3.080000000000000051e-07,7.562891111278208234e-02,0.000000000000000000e+00,7.526881720430107781e-02,7.700000000000000000e+01
3.090000000000000273e-07,7.587287264706618628e-02,1.000000000000000000e+00,7.624633431085044155e-02,7.800000000000000000e+01
3.099999999999999966e-07,7.611683418135030410e-02,0.000000000000000000e+00,7.624633431085044155e-02,7.800000000000000000e+01
3.110000000000000187e-07,7.636079571563442192e-02,0.000000000000000000e+00,7.624633431085044155e-02,7.800000000000000000e+01
3.120000000000000409e-07,7.660475724991853974e-02,1.000000000000000000e+00,7.624633431085044155e-02,7.800000000000000000e+01
3.130000000000000102e-07,7.684871878420265756e-02,0.000000000000000000e+00,7.722385141739980530e-02,7.900000000000000000e+01
3.140000000000000324e-07,7.709268031848676150e-02,1.000000000000000000e+00,7.722385141739980530e-02,7.900000000000000000e+01
3.150000000000000016e-07,7.733664185277087932e-02,0.000000000000000000e+00,7.722385141739980530e-02,7.900000000000000000e+01
3.160000000000000238e-07,7.758060338705499714e-02,1.000000000000000000e+00,7.722385141739980530e-02,7.900000000000000000e+01
3.170000000000000460e-07,7.782456492133911496e-02,1.000000000000000000e+00,7.820136852394916904e-02,8.000000000000000000e+01
3.180000000000000153e-07,7.806852645562323278e-02,0.000000000000000000e+00,7.820136852394916904e-02,8.000000000000000000e+01
3.190000000000000374e-07,7.831248798990733673e-02,1.000000000000000000e+00,7.820136852394916904e-02,8.000000000000000000e+01
3.200000000000000067e-07,7.855644952419145455e-02,0.000000000000000000e+00,7.820136852394916904e-02,8.000000000000000000e+01
3.210000000000000289e-07,7.880041105847557237e-02,1.000000000000000000e+00,7.917888563049853279e-02,8.100000000000000000e+01
3.219999999999999981e-07,7.904437259275969019e-02,0.000000000000000000e+00,7.917888563049853279e-02,8.100000000000000000e+01
3.230000000000000203e-07,7.928833412704379413e-02,1.000000000000000000e+00,7.917888563049853279e-02,8.100000000000000000e+01
3.240000000000000425e-07,7.953229566132791195e-02,1.000000000000000000e+00,7.917888563049853279e-02,8.100000000000000000e+01
3.250000000000000118e-07,7.977625719561202977e-02,0.000000000000000000e+00,8.015640273704789653e-02,8.200000000000000000e+01
3.260000000000000340e-07,8.002021872989614759e-02,1.000000000000000000e+00,8.015640273704789653e-02,8.200000000000000000e+01
3.270000000000000032e-07,8.026418026418026541e-02,0.000000000000000000e+00,8.015640273704789653e-02,8.200000000000000000e+01
3.280000000000000254e-07,8.050814179846436935e-02,1.000000000000000000e+00,8.015640273704789653e-02,8.200000000000000000e+01
3.289999999999999946e-07,8.075210333274848717e-02,0.000000000000000000e+00,8.113391984359726028e-02,8.300000000000000000e+01
3.300000000000000168e-07,8.099606486703260499e-02,0.000000000000000000e+00,8.113391984359726028e-02,8.300000000000000000e+01
3.310000000000000390e-07,8.124002640131672281e-02,1.000000000000000000e+00,8.113391984359726028e-02,8.300000000000000000e+01
3.320000000000000083e-07,8.148398793560084064e-02,0.000000000000000000e+00,8.113391984359726028e-02,8.300000000000000000e+01
3.330000000000000305e-07,8.172794946988494458e-02,1.000000000000000000e+00,8.211143695014662403e-02,8.400000000000000000e+01
3.339999999999999997e-07,8.197191100416906240e-02,0.000000000000000000e+00,8.211143695014662403e-02,8.400000000000000000e+01
3.350000000000000219e-07,8.221587253845318022e-02,1.000000000000000000e+00,8.211143695014662403e-02,8.400000000000000000e+01
3.360000000000000441e-07,8.245983407273729804e-02,1.000000000000000000e+00,8.211143695014662403e-02,8.400000000000000000e+01
3.370000000000000133e-07,8.270379560702141586e-02,0.000000000000000000e+00,8.308895405669598777e-02,8.500000000000000000e+01
3.380000000000000355e-07,8.294775714130551980e-02,1.000000000000000000e+00,8.308895405669598777e-02,8.500000000000000000e+01
3.390000000000000048e-07,8.319171867558963762e-02,0.000000000000000000e+00,8.308895405669598777e-02,8.500000000000000000e+01
3.400000000000000270e-07,8.343568020987375544e-02,1.000000000000000000e+00,8.308895405669598777e-02,8.500000000000000000e+01
3.409999999999999962e-07,8.367964174415787326e-02,0.000000000000000000e+00,8.406647116324535152e-02,8.600000000000000000e+01
3.420000000000000184e-07,8.392360327844199108e-02,0.000000000000000000e+00,8.406647116324535152e-02,8.600000000000000000e+01
3.430000000000000406e-07,8.416756481272609502e-02,1.000000000000000000e+00,8.406647116324535152e-02,8.600000000000000000e+01
3.440000000000000098e-07,8.441152634701021285e-02,0.000000000000000000e+00,8.406647116324535152e-02,8.600000000000000000e+01
3.450000000000000320e-07,8.465548788129433067e-02,1.000000000000000000e+00,8.504398826979471526e-02,8.700000000000000000e+01
3.460000000000000013e-07,8.489944941557844849e-02,0.000000000000000000e+00,8.504398826979471526e-02,8.700000000000000000e+01
3.470000000000000235e-07,8.514341094986255243e-02,1.000000000000000000e+00,8.504398826979471526e-02,8.700000000000000000e+01
3.480000000000000457e-07,8.538737248414667025e-02,1.000000000000000000e+00,8.504398826979471526e-02,8.700000000000000000e+01
3.490000000000000149e-07,8.563133401843078807e-02,0.000000000000000000e+00,8.602150537634409289e-02,8.800000000000000000e+01
3.500000000000000371e-07,8.587529555271490589e-02,1.000000000000000000e+00,8.602150537634409289e-02,8.800000000000000000e+01
3.510000000000000064e-07,8.611925708699902371e-02,0.000000000000000000e+00,8.602150537634409289e-02,8.800000000000000000e+01
3.520000000000000285e-07,8.636321862128312765e-02,1.000000000000000000e+00,8.602150537634409289e-02,8.800000000000000000e+01
3.529999999999999978e-07,8.660718015556724547e-02,0.000000000000000000e+00,8.699902248289345663e-02,8.900000000000000000e+01
3.540000000000000200e-07,8.685114168985136329e-02,0.000000000000000000e+00,8.699902248289345663e-02,8.900000000000000000e+01
3.550000000000000422e-07,8.709510322413548111e-02,1.000000000000000000e+00,8.699902248289345663e-02,8.900000000000000000e+01
3.560000000000000114e-07,8.733906475841959893e-02,0.000000000000000000e+00,8.699902248289345663e-02,8.900000000000000000e+01
3.570000000000000336e-07,8.758302629270370288e-02,1.000000000000000000e+00,8.797653958944282038e-02,9.000000000000000000e+01
3.580000000000000029e-07,8.782698782698782070e-02,0.000000000000000000e+00,8.797653958944282038e-02,9.000000000000000000e+01
3.590000000000000250e-07,8.807094936127193852e-02,1.000000000000000000e+00,8.797653958944282038e-02,9.000000000000000000e+01
3.600000000000000472e-07,8.831491089555605634e-02,1.000000000000000000e+00,8.797653958944282038e-02,9.000000000000000000e+01
3.610000000000000165e-07,8.855887242984017416e-02,0.000000000000000000e+00,8.895405669599218412e-02,9.100000000000000000e+01
3.620000000000000387e-07,8.880283396412427810e-02,1.000000000000000000e+00,8.895405669599218412e-02,9.100000000000000000e+01
3.630000000000000079e-07,8.904679549840839592e-02,0.000000000000000000e+00,8.895405669599218412e-02,9.100000000000000000e+01
3.640000000000000301e-07,8.929075703269251374e-02,1.000000000000000000e+00,8.895405669599218412e-02,9.100000000000000000e+01
3.649999999999999994e-07,8.953471856697663156e-02,0.000000000000000000e+00,8.993157380254154787e-02,9.200000000000000000e+01
3.660000000000000216e-07,8.977868010126074938e-02,0.000000000000000000e+00,8.993157380254154787e-02,9.200000000000000000e+01
3.670000000000000437e-07,9.002264163554485332e-02,1.000000000000000000e+00,8.993157380254154787e-02,9.200000000000000000e+01
3.680000000000000130e-07,9.026660316982897114e-02,0.000000000000000000e+00,8.993157380254154787e-02,9.200000000000000000e+01
3.690000000000000352e-07,9.051056470411308896e-02,1.000000000000000000e+00,9.090909090909091161e-02,9.300000000000000000e+01
3.700000000000000044e-07,9.075452623839720678e-02,0.000000000000000000e+00,9.090909090909091161e-02,9.300000000000000000e+01
3.710000000000000266e-07,9.099848777268131073e-02,1.000000000000000000e+00,9.090909090909091161e-02,9.300000000000000000e+01
3.720000000000000488e-07,9.124244930696542855e-02,1.000000000000000000e+00,9.090909090909091161e-02,9.300000000000000000e+01
3.730000000000000181e-07,9.148641084124954637e-02,0.000000000000000000e+00,9.188660801564027536e-02,9.400000000000000000e+01
3.740000000000000403e-07,9.173037237553366419e-02,1.000000000000000000e+00,9.188660801564027536e-02,9.400000000000000000e+01
3.750000000000000095e-07,9.197433390981778201e-02,0.000000000000000000e+00,9.188660801564027536e-02,9.400000000000000000e+01
3.760000000000000317e-07,9.221829544410188595e-02,1.000000000000000000e+00,9.188660801564027536e-02,9.400000000000000000e+01
3.770000000000000009e-07,9.246225697838600377e-02,0.000000000000000000e+00,9.286412512218963911e-02,9.500000000000000000e+01
3.780000000000000231e-07,9.270621851267012159e-02,0.000000000000000000e+00,9.286412512218963911e-02,9.500000000000000000e+01
3.790000000000000453e-07,9.295018004695423941e-02,1.000000000000000000e+00,9.286412512218963911e-02,9.500000000000000000e+01
3.800000000000000146e-07,9.319414158123835723e-02,0.000000000000000000e+00,9.286412512218963911e-02,9.500000000000000000e+01
3.810000000000000368e-07,9.343810311552246117e-02,1.000000000000000000e+00,9.384164222873900285e-02,9.600000000000000000e+01
3.820000000000000060e-07,9.368206464980657899e-02,0.000000000000000000e+00,9.384164222873900285e-02,9.600000000000000000e+01
3.830000000000000282e-07,9.392602618409069681e-02,1.000000000000000000e+00,9.384164222873900285e-02,9.600000000000000000e+01
3.840000000000000504e-07,9.416998771837481463e-02,1.000000000000000000e+00,9.384164222873900285e-02,9.600000000000000000e+01
3.850000000000000196e-07,9.441394925265893245e-02,0.000000000000000000e+00,9.481915933528836660e-02,9.700000000000000000e+01
3.860000000000000418e-07,9.465791078694303640e-02,1.000000000000000000e+00,9.481915933528836660e-02,9.700000000000000000e+01
3.870000000000000111e-07,9.490187232122715422e-02,0.000000000000000000e+00,9.481915933528836660e-02,9.700000000000000000e+01
3.880000000000000333e-07,9.514583385551127204e-02,1.000000000000000000e+00,9.481915933528836660e-02,9.700000000000000000e+01
3.890000000000000025e-07,9.538979538979538986e-02,0.000000000000000000e+00,9.579667644183773034e-02,9.800000000000000000e+01
3.900000000000000247e-07,9.563375692407949380e-02,1.000000000000000000e+00,9.579667644183773034e-02,9.800000000000000000e+01
3.910000000000000469e-07,9.587771845836361162e-02,1.000000000000000000e+00,9.579667644183773034e-02,9.800000000000000000e+01
3.920000000000000161e-07,9.612167999264772944e-02,0.000000000000000000e+00,9.579667644183773034e-02,9.800000000000000000e+01
3.930000000000000383e-07,9.636564152693184726e-02,1.000000000000000000e+00,9.677419354838709409e-02,9.900000000000000000e+01
3.940000000000000076e-07,9.660960306121596508e-02,0.000000000000000000e+00,9.677419354838709409e-02,9.900000000000000000e+01
3.950000000000000298e-07,9.685356459550006902e-02,1.000000000000000000e+00,9.677419354838709409e-02,9.900000000000000000e+01
3.959999999999999990e-07,9.709752612978418684e-02,0.000000000000000000e+00,9.677419354838709409e-02,9.900000000000000000e+01
3.970000000000000212e-07,9.734148766406830466e-02,0.000000000000000000e+00,9.775171065493645783e-02,1.000000000000000000e+02
3.980000000000000434e-07,9.758544919835242248e-02,1.000000000000000000e+00,9.775171065493645783e-02,1.000000000000000000e+02
3.990000000000000126e-07,9.782941073263654030e-02,0.000000000000000000e+00,9.775171065493645783e-02,1.000000000000000000e+02
4.000000000000000348e-07,9.807337226692064425e-02,1.000000000000000000e+00,9.775171065493645783e-02,1.000000000000000000e+02
4.010000000000000041e-07,9.831733380120476207e-02,0.000000000000000000e+00,9.872922776148582158e-02,1.010000000000000000e+02
4.020000000000000263e-07,9.856129533548887989e-02,1.000000000000000000e+00,9.872922776148582158e-02,1.010000000000000000e+02
4.030000000000000485e-07,9.880525686977299771e-02,1.000000000000000000e+00,9.872922776148582158e-02,1.010000000000000000e+02
4.040000000000000177e-07,9.904921840405711553e-02,0.000000000000000000e+00,9.872922776148582158e-02,1.010000000000000000e+02
4.050000000000000399e-07,9.929317993834121947e-02,1.000000000000000000e+00,9.970674486803518533e-02,1.020000000000000000e+02
4.060000000000000092e-07,9.953714147262533729e-02,0.000000000000000000e+00,9.970674486803518533e-02,1.020000000000000000e+02
4.070000000000000313e-07,9.978110300690945511e-02,1.000000000000000000e+00,9.970674486803518533e-02,1.020000000000000000e+02
4.080000000000000006e-07,1.000250645411935729e-01,0.000000000000000000e+00,9.970674486803518533e-02,1.020000000000000000e+02
4.090000000000000228e-07,1.002690260754776908e-01,0.000000000000000000e+00,1.006842619745845491e-01,1.030000000000000000e+02
4.100000000000000450e-07,1.005129876097617947e-01,1.000000000000000000e+00,1.006842619745845491e-01,1.030000000000000000e+02
4.110000000000000142e-07,1.007569491440459125e-01,0.000000000000000000e+00,1.006842619745845491e-01,1.030000000000000000e+02
4.120000000000000364e-07,1.010009106783300303e-01,1.000000000000000000e+00,1.006842619745845491e-01,1.030000000000000000e+02
4.130000000000000057e-07,1.012448722126141482e-01,0.000000000000000000e+00,1.016617790811339128e-01,1.040000000000000000e+02
4.140000000000000279e-07,1.014888337468982521e-01,1.000000000000000000e+00,1.016617790811339128e-01,1.040000000000000000e+02
4.150000000000000500e-07,1.017327952811823699e-01,1.000000000000000000e+00,1.016617790811339128e-01,1.040000000000000000e+02
4.160000000000000193e-07,1.019767568154664877e-01,0.000000000000000000e+00,1.016617790811339128e-01,1.040000000000000000e+02
4.170000000000000415e-07,1.022207183497506056e-01,1.000000000000000000e+00,1.026392961876832904e-01,1.050000000000000000e+02
4.180000000000000107e-07,1.024646798840347234e-01,0.000000000000000000e+00,1.026392961876832904e-01,1.050000000000000000e+02
4.190000000000000329e-07,1.027086414183188273e-01,1.000000000000000000e+00,1.026392961876832904e-01,1.050000000000000000e+02
4.200000000000000022e-07,1.029526029526029451e-01,0.000000000000000000e+00,1.026392961876832904e-01,1.050000000000000000e+02
4.210000000000000244e-07,1.031965644868870630e-01,0.000000000000000000e+00,1.036168132942326542e-01,1.060000000000000000e+02
4.220000000000000465e-07,1.034405260211711808e-01,1.000000000000000000e+00,1.036168132942326542e-01,1.060000000000000000e+02
4.230000000000000158e-07,1.036844875554552986e-01,0.000000000000000000e+00,1.036168132942326542e-01,1.060000000000000000e+02
4.240000000000000380e-07,1.039284490897394025e-01,1.000000000000000000e+00,1.036168132942326542e-01,1.060000000000000000e+02
4.250000000000000072e-07,1.041724106240235204e-01,0.000000000000000000e+00,1.045943304007820179e-01,1.070000000000000000e+02
4.260000000000000294e-07,1.044163721583076382e-01,1.000000000000000000e+00,1.045943304007820179e-01,1.070000000000000000e+02
4.270000000000000516e-07,1.046603336925917560e-01,1.000000000000000000e+00,1.045943304007820179e-01,1.070000000000000000e+02
4.280000000000000209e-07,1.049042952268758738e-01,0.000000000000000000e+00,1.045943304007820179e-01,1.070000000000000000e+02
4.290000000000000431e-07,1.051482567611599778e-01,1.000000000000000000e+00,1.055718475073313817e-01,1.080000000000000000e+02
4.300000000000000123e-07,1.053922182954440956e-01,0.000000000000000000e+00,1.055718475073313817e-01,1.080000000000000000e+02
4.310000000000000345e-07,1.056361798297282134e-01,1.000000000000000000e+00,1.055718475073313817e-01,1.080000000000000000e+02
4.320000000000000037e-07,1.058801413640123312e-01,0.000000000000000000e+00,1.055718475073313817e-01,1.080000000000000000e+02
4.330000000000000259e-07,1.061241028982964490e-01,0.000000000000000000e+00,1.065493646138807454e-01,1.090000000000000000e+02
4.340000000000000481e-07,1.063680644325805530e-01,1.000000000000000000e+00,1.065493646138807454e-01,1.090000000000000000e+02
4.350000000000000174e-07,1.066120259668646708e-01,0.000000000000000000e+00,1.065493646138807454e-01,1.090000000000000000e+02
4.360000000000000396e-07,1.068559875011487886e-01,1.000000000000000000e+00,1.065493646138807454e-01,1.090000000000000000e+02
4.370000000000000088e-07,1.070999490354329065e-01,0.000000000000000000e+00,1.075268817204301092e-01,1.100000000000000000e+02
4.380000000000000310e-07,1.073439105697170104e-01,1.000000000000000000e+00,1.075268817204301092e-01,1.100000000000000000e+02
4.390000000000000532e-07,1.075878721040011282e-01,1.000000000000000000e+00,1.075268817204301092e-01,1.100000000000000000e+02
4.400000000000000224e-07,1.078318336382852460e-01,0.000000000000000000e+00,1.075268817204301092e-01,1.100000000000000000e+02
4.410000000000000446e-07,1.080757951725693639e-01,1.000000000000000000e+00,1.085043988269794729e-01,1.110000000000000000e+02
4.420000000000000139e-07,1.083197567068534817e-01,0.000000000000000000e+00,1.085043988269794729e-01,1.110000000000000000e+02
4.430000000000000361e-07,1.085637182411375856e-01,1.000000000000000000e+00,1.085043988269794729e-01,1.110000000000000000e+02
4.440000000000000053e-07,1.088076797754217034e-01,0.000000000000000000e+00,1.085043988269794729e-01,1.110000000000000000e+02
4.450000000000000275e-07,1.090516413097058213e-01,0.000000000000000000e+00,1.094819159335288367e-01,1.120000000000000000e+02
4.460000000000000497e-07,1.092956028439899391e-01,1.000000000000000000e+00,1.094819159335288367e-01,1.120000000000000000e+02
4.470000000000000189e-07,1.095395643782740569e-01,0.000000000000000000e+00,1.094819159335288367e-01,1.120000000000000000e+02
4.480000000000000411e-07,1.097835259125581608e-01,1.000000000000000000e+00,1.094819159335288367e-01,1.120000000000000000e+02
4.490000000000000104e-07,1.100274874468422787e-01,0.000000000000000000e+00,1.104594330400782004e-01,1.130000000000000000e+02
4.500000000000000326e-07,1.102714489811263965e-01,1.000000000000000000e+00,1.104594330400782004e-01,1.130000000000000000e+02
4.510000000000000018e-07,1.105154105154105143e-01,0.000000000000000000e+00,1.104594330400782004e-01,1.130000000000000000e+02
4.520000000000000240e-07,1.107593720496946321e-01,0.000000000000000000e+00,1.104594330400782004e-01,1.130000000000000000e+02
4.530000000000000462e-07,1.110033335839787361e-01,1.000000000000000000e+00,1.114369501466275642e-01,1.140000000000000000e+02
4.540000000000000155e-07,1.112472951182628539e-01,0.000000000000000000e+00,1.114369501466275642e-01,1.140000000000000000e+02
4.550000000000000376e-07,1.114912566525469717e-01,1.000000000000000000e+00,1.114369501466275642e-01,1.140000000000000000e+02
4.560000000000000069e-07,1.117352181868310895e-01,0.000000000000000000e+00,1.114369501466275642e-01,1.140000000000000000e+02
4.570000000000000291e-07,1.119791797211151935e-01,1.000000000000000000e+00,1.124144672531769279e-01,1.150000000000000000e+02
4.580000000000000513e-07,1.122231412553993113e-01,1.000000000000000000e+00,1.124144672531769279e-01,1.150000000000000000e+02
4.590000000000000205e-07,1.124671027896834291e-01,0.000000000000000000e+00,1.124144672531769279e-01,1.150000000000000000e+02
4.600000000000000427e-07,1.127110643239675469e-01,1.000000000000000000e+00,1.124144672531769279e-01,1.150000000000000000e+02
4.610000000000000120e-07,1.129550258582516647e-01,0.000000000000000000e+00,1.133919843597262916e-01,1.160000000000000000e+02
4.620000000000000342e-07,1.131989873925357687e-01,1.000000000000000000e+00,1.133919843597262916e-01,1.160000000000000000e+02
4.630000000000000034e-07,1.134429489268198865e-01,0.000000000000000000e+00,1.133919843597262916e-01,1.160000000000000000e+02
4.640000000000000256e-07,1.136869104611040043e-01,0.000000000000000000e+00,1.133919843597262916e-01,1.160000000000000000e+02
4.650000000000000478e-07,1.139308719953881222e-01,1.000000000000000000e+00,1.143695014662756554e-01,1.170000000000000000e+02
4.660000000000000170e-07,1.141748335296722400e-01,0.000000000000000000e+00,1.143695014662756554e-01,1.170000000000000000e+02
4.670000000000000392e-07,1.144187950639563439e-01,1.000000000000000000e+00,1.143695014662756554e-01,1.170000000000000000e+02
4.680000000000000085e-07,1.146627565982404617e-01,0.000000000000000000e+00,1.143695014662756554e-01,1.170000000000000000e+02
4.690000000000000307e-07,1.149067181325245796e-01,1.000000000000000000e+00,1.153470185728250191e-01,1.180000000000000000e+02
4.700000000000000528e-07,1.151506796668086974e-01,1.000000000000000000e+00,1.153470185728250191e-01,1.180000000000000000e+02
4.710000000000000221e-07,1.153946412010928152e-01,0.000000000000000000e+00,1.153470185728250191e-01,1.180000000000000000e+02
4.720000000000000443e-07,1.156386027353769191e-01,1.000000000000000000e+00,1.153470185728250191e-01,1.180000000000000000e+02
4.730000000000000135e-07,1.158825642696610370e-01,0.000000000000000000e+00,1.163245356793743829e-01,1.190000000000000000e+02
4.740000000000000357e-07,1.161265258039451548e-01,1.000000000000000000e+00,1.163245356793743829e-01,1.190000000000000000e+02
4.750000000000000050e-07,1.163704873382292726e-01,0.000000000000000000e+00,1.163245356793743829e-01,1.190000000000000000e+02
4.760000000000000272e-07,1.166144488725133904e-01,0.000000000000000000e+00,1.163245356793743829e-01,1.190000000000000000e+02
4.770000000000000494e-07,1.168584104067974944e-01,1.000000000000000000e+00,1.173020527859237605e-01,1.200000000000000000e+02
4.780000000000000186e-07,1.171023719410816122e-01,0.000000000000000000e+00,1.173020527859237605e-01,1.200000000000000000e+02
4.789999999999999879e-07,1.173463334753657300e-01,0.000000000000000000e+00,1.173020527859237605e-01,1.200000000000000000e+02
4.800000000000000630e-07,1.175902950096498478e-01,1.000000000000000000e+00,1.173020527859237605e-01,1.200000000000000000e+02
4.810000000000000322e-07,1.178342565439339518e-01,1.000000000000000000e+00,1.182795698924731242e-01,1.210000000000000000e+02
4.820000000000000015e-07,1.180782180782180696e-01,0.000000000000000000e+00,1.182795698924731242e-01,1.210000000000000000e+02
4.830000000000000766e-07,1.183221796125021874e-01,1.000000000000000000e+00,1.182795698924731242e-01,1.210000000000000000e+02
4.840000000000000459e-07,1.185661411467863052e-01,1.000000000000000000e+00,1.182795698924731242e-01,1.210000000000000000e+02
4.850000000000000151e-07,1.188101026810704230e-01,0.000000000000000000e+00,1.192570869990224880e-01,1.220000000000000000e+02
4.859999999999999844e-07,1.190540642153545270e-01,0.000000000000000000e+00,1.192570869990224880e-01,1.220000000000000000e+02
4.870000000000000595e-07,1.192980257496386448e-01,1.000000000000000000e+00,1.192570869990224880e-01,1.220000000000000000e+02
4.880000000000000287e-07,1.195419872839227626e-01,0.000000000000000000e+00,1.192570869990224880e-01,1.220000000000000000e+02
4.889999999999999980e-07,1.197859488182068805e-01,0.000000000000000000e+00,1.202346041055718517e-01,1.230000000000000000e+02
4.900000000000000731e-07,1.200299103524909983e-01,1.000000000000000000e+00,1.202346041055718517e-01,1.230000000000000000e+02
4.910000000000000424e-07,1.202738718867751022e-01,1.000000000000000000e+00,1.202346041055718517e-01,1.230000000000000000e+02
4.920000000000000116e-07,1.205178334210592200e-01,0.000000000000000000e+00,1.202346041055718517e-01,1.230000000000000000e+02
4.929999999999999809e-07,1.207617949553433379e-01,0.000000000000000000e+00,1.212121212121212155e-01,1.240000000000000000e+02
4.940000000000000560e-07,1.210057564896274557e-01,1.000000000000000000e+00,1.212121212121212155e-01,1.240000000000000000e+02
4.950000000000000252e-07,1.212497180239115735e-01,0.000000000000000000e+00,1.212121212121212155e-01,1.240000000000000000e+02
4.959999999999999945e-07,1.214936795581956774e-01,0.000000000000000000e+00,1.212121212121212155e-01,1.240000000000000000e+02
4.970000000000000696e-07,1.217376410924797953e-01,1.000000000000000000e+00,1.221896383186705792e-01,1.250000000000000000e+02
4.980000000000000389e-07,1.219816026267639131e-01,1.000000000000000000e+00,1.221896383186705792e-01,1.250000000000000000e+02
4.990000000000000081e-07,1.222255641610480309e-01,0.000000000000000000e+00,1.221896383186705792e-01,1.250000000000000000e+02
5.000000000000000833e-07,1.224695256953321487e-01,1.000000000000000000e+00,1.221896383186705792e-01,1.250000000000000000e+02
5.010000000000000525e-07,1.227134872296162527e-01,1.000000000000000000e+00,1.231671554252199430e-01,1.260000000000000000e+02
5.020000000000000218e-07,1.229574487639003705e-01,0.000000000000000000e+00,1.231671554252199430e-01,1.260000000000000000e+02
5.029999999999999910e-07,1.232014102981844883e-01,0.000000000000000000e+00,1.231671554252199430e-01,1.260000000000000000e+02
5.040000000000000661e-07,1.234453718324686061e-01,1.000000000000000000e+00,1.231671554252199430e-01,1.260000000000000000e+02
5.050000000000000354e-07,1.236893333667527101e-01,1.000000000000000000e+00,1.241446725317693067e-01,1.270000000000000000e+02
5.060000000000000046e-07,1.239332949010368279e-01,0.000000000000000000e+00,1.241446725317693067e-01,1.270000000000000000e+02
5.070000000000000798e-07,1.241772564353209457e-01,1.000000000000000000e+00,1.241446725317693067e-01,1.270000000000000000e+02
5.080000000000000490e-07,1.244212179696050635e-01,1.000000000000000000e+00,1.241446725317693067e-01,1.270000000000000000e+02
5.090000000000000183e-07,1.246651795038891813e-01,0.000000000000000000e+00,1.251221896383186705e-01,1.280000000000000000e+02
5.099999999999999875e-07,1.249091410381732853e-01,0.000000000000000000e+00,1.251221896383186705e-01,1.280000000000000000e+02
5.110000000000000626e-07,1.251531025724574031e-01,1.000000000000000000e+00,1.251221896383186705e-01,1.280000000000000000e+02
5.120000000000000319e-07,1.253970641067415348e-01,1.000000000000000000e+00,1.251221896383186705e-01,1.280000000000000000e+02
5.130000000000000011e-07,1.256410256410256387e-01,0.000000000000000000e+00,1.260997067448680342e-01,1.290000000000000000e+02
5.140000000000000763e-07,1.258849871753097427e-01,1.000000000000000000e+00,1.260997067448680342e-01,1.290000000000000000e+02
5.150000000000000455e-07,1.261289487095938744e-01,1.000000000000000000e+00,1.260997067448680342e-01,1.290000000000000000e+02
5.160000000000000148e-07,1.263729102438779783e-01,0.000000000000000000e+00,1.260997067448680342e-01,1.290000000000000000e+02
5.169999999999999840e-07,1.266168717781620823e-01,0.000000000000000000e+00,1.270772238514173980e-01,1.300000000000000000e+02
5.180000000000000591e-07,1.268608333124462140e-01,1.000000000000000000e+00,1.270772238514173980e-01,1.300000000000000000e+02
5.190000000000000284e-07,1.271047948467303179e-01,0.000000000000000000e+00,1.270772238514173980e-01,1.300000000000000000e+02
5.199999999999999976e-07,1.273487563810144496e-01,0.000000000000000000e+00,1.270772238514173980e-01,1.300000000000000000e+02
5.210000000000000728e-07,1.275927179152985536e-01,1.000000000000000000e+00,1.280547409579667617e-01,1.310000000000000000e+02
5.220000000000000420e-07,1.278366794495826575e-01,1.000000000000000000e+00,1.280547409579667617e-01,1.310000000000000000e+02
5.230000000000000113e-07,1.280806409838667892e-01,0.000000000000000000e+00,1.280547409579667617e-01,1.310000000000000000e+02
5.239999999999999805e-07,1.283246025181508931e-01,0.000000000000000000e+00,1.280547409579667617e-01,1.310000000000000000e+02
5.250000000000000557e-07,1.285685640524350248e-01,1.000000000000000000e+00,1.290322580645161255e-01,1.320000000000000000e+02
5.260000000000000249e-07,1.288125255867191288e-01,0.000000000000000000e+00,1.290322580645161255e-01,1.320000000000000000e+02
5.269999999999999942e-07,1.290564871210032327e-01,0.000000000000000000e+00,1.290322580645161255e-01,1.320000000000000000e+02
5.280000000000000693e-07,1.293004486552873644e-01,1.000000000000000000e+00,1.290322580645161255e-01,1.320000000000000000e+02
5.290000000000000385e-07,1.295444101895714684e-01,1.000000000000000000e+00,1.300097751710654892e-01,1.330000000000000000e+02
5.300000000000000078e-07,1.297883717238556001e-01,0.000000000000000000e+00,1.300097751710654892e-01,1.330000000000000000e+02
5.310000000000000829e-07,1.300323332581397040e-01,1.000000000000000000e+00,1.300097751710654892e-01,1.330000000000000000e+02
5.320000000000000522e-07,1.302762947924238079e-01,1.000000000000000000e+00,1.300097751710654892e-01,1.330000000000000000e+02
5.330000000000000214e-07,1.305202563267079396e-01,0.000000000000000000e+00,1.309872922776148529e-01,1.340000000000000000e+02
5.339999999999999907e-07,1.307642178609920436e-01,0.000000000000000000e+00,1.309872922776148529e-01,1.340000000000000000e+02
5.350000000000000658e-07,1.310081793952761753e-01,1.000000000000000000e+00,1.309872922776148529e-01,1.340000000000000000e+02
5.360000000000000350e-07,1.312521409295602792e-01,1.000000000000000000e+00,1.309872922776148529e-01,1.340000000000000000e+02
5.370000000000000043e-07,1.314961024638443832e-01,0.000000000000000000e+00,1.319648093841642167e-01,1.350000000000000000e+02
5.380000000000000794e-07,1.317400639981285149e-01,1.000000000000000000e+00,1.319648093841642167e-01,1.350000000000000000e+02
5.390000000000000487e-07,1.319840255324126188e-01,1.000000000000000000e+00,1.319648093841642167e-01,1.350000000000000000e+02
5.400000000000000179e-07,1.322279870666967505e-01,0.000000000000000000e+00,1.319648093841642167e-01,1.350000000000000000e+02
5.409999999999999872e-07,1.324719486009808544e-01,0.000000000000000000e+00,1.329423264907135804e-01,1.360000000000000000e+02
5.420000000000000623e-07,1.327159101352649584e-01,1.000000000000000000e+00,1.329423264907135804e-01,1.360000000000000000e+02
5.430000000000000315e-07,1.329598716695490901e-01,0.000000000000000000e+00,1.329423264907135804e-01,1.360000000000000000e+02
5.440000000000000008e-07,1.332038332038331940e-01,0.000000000000000000e+00,1.329423264907135804e-01,1.360000000000000000e+02
5.450000000000000759e-07,1.334477947381173257e-01,1.000000000000000000e+00,1.339198435972629442e-01,1.370000000000000000e+02
5.460000000000000452e-07,1.336917562724014297e-01,1.000000000000000000e+00,1.339198435972629442e-01,1.370000000000000000e+02
5.470000000000000144e-07,1.339357178066855336e-01,0.000000000000000000e+00,1.339198435972629442e-01,1.370000000000000000e+02
5.479999999999999837e-07,1.341796793409696653e-01,0.000000000000000000e+00,1.339198435972629442e-01,1.370000000000000000e+02
5.490000000000000588e-07,1.344236408752537693e-01,1.000000000000000000e+00,1.348973607038123079e-01,1.380000000000000000e+02
5.500000000000000281e-07,1.346676024095379010e-01,0.000000000000000000e+00,1.348973607038123079e-01,1.380000000000000000e+02
5.509999999999999973e-07,1.349115639438220049e-01,0.000000000000000000e+00,1.348973607038123079e-01,1.380000000000000000e+02
5.520000000000000724e-07,1.351555254781061088e-01,1.000000000000000000e+00,1.348973607038123079e-01,1.380000000000000000e+02
5.530000000000000417e-07,1.353994870123902405e-01,1.000000000000000000e+00,1.358748778103616717e-01,1.390000000000000000e+02
5.540000000000000109e-07,1.356434485466743445e-01,0.000000000000000000e+00,1.358748778103616717e-01,1.390000000000000000e+02
5.550000000000000861e-07,1.358874100809584762e-01,1.000000000000000000e+00,1.358748778103616717e-01,1.390000000000000000e+02
5.560000000000000553e-07,1.361313716152425801e-01,1.000000000000000000e+00,1.358748778103616717e-01,1.390000000000000000e+02
5.570000000000000246e-07,1.363753331495266841e-01,0.000000000000000000e+00,1.368523949169110354e-01,1.400000000000000000e+02
5.579999999999999938e-07,1.366192946838108158e-01,0.000000000000000000e+00,1.368523949169110354e-01,1.400000000000000000e+02
5.590000000000000689e-07,1.368632562180949197e-01,1.000000000000000000e+00,1.368523949169110354e-01,1.400000000000000000e+02
5.600000000000000382e-07,1.371072177523790236e-01,1.000000000000000000e+00,1.368523949169110354e-01,1.400000000000000000e+02
5.610000000000000074e-07,1.373511792866631553e-01,0.000000000000000000e+00,1.378299120234603992e-01,1.410000000000000000e+02
5.620000000000000826e-07,1.375951408209472593e-01,1.000000000000000000e+00,1.378299120234603992e-01,1.410000000000000000e+02
5.630000000000000518e-07,1.378391023552313910e-01,1.000000000000000000e+00,1.378299120234603992e-01,1.410000000000000000e+02
5.640000000000000211e-07,1.380830638895154949e-01,0.000000000000000000e+00,1.378299120234603992e-01,1.410000000000000000e+02
5.649999999999999903e-07,1.383270254237995989e-01,0.000000000000000000e+00,1.388074291300097629e-01,1.420000000000000000e+02
5.660000000000000654e-07,1.385709869580837306e-01,1.000000000000000000e+00,1.388074291300097629e-01,1.420000000000000000e+02
5.670000000000000347e-07,1.388149484923678345e-01,0.000000000000000000e+00,1.388074291300097629e-01,1.420000000000000000e+02
5.680000000000000039e-07,1.390589100266519662e-01,0.000000000000000000e+00,1.388074291300097629e-01,1.420000000000000000e+02
5.690000000000000791e-07,1.393028715609360701e-01,1.000000000000000000e+00,1.397849462365591267e-01,1.430000000000000000e+02
5.700000000000000483e-07,1.395468330952201741e-01,1.000000000000000000e+00,1.397849462365591267e-01,1.430000000000000000e+02
5.710000000000000176e-07,1.397907946295043058e-01,0.000000000000000000e+00,1.397849462365591267e-01,1.430000000000000000e+02
5.719999999999999868e-07,1.400347561637884097e-01,0.000000000000000000e+00,1.397849462365591267e-01,1.430000000000000000e+02
5.730000000000000620e-07,1.402787176980725414e-01,1.000000000000000000e+00,1.407624633431084904e-01,1.440000000000000000e+02
5.740000000000000312e-07,1.405226792323566454e-01,0.000000000000000000e+00,1.407624633431084904e-01,1.440000000000000000e+02
5.750000000000000004e-07,1.407666407666407493e-01,0.000000000000000000e+00,1.407624633431084904e-01,1.440000000000000000e+02
5.760000000000000756e-07,1.410106023009248810e-01,1.000000000000000000e+00,1.407624633431084904e-01,1.440000000000000000e+02
5.770000000000000448e-07,1.412545638352089850e-01,1.000000000000000000e+00,1.417399804496578819e-01,1.450000000000000000e+02
5.780000000000000141e-07,1.414985253694931167e-01,0.000000000000000000e+00,1.417399804496578819e-01,1.450000000000000000e+02
5.789999999999999833e-07,1.417424869037772206e-01,0.000000000000000000e+00,1.417399804496578819e-01,1.450000000000000000e+02
5.800000000000000585e-07,1.419864484380613245e-01,1.000000000000000000e+00,1.417399804496578819e-01,1.450000000000000000e+02
5.810000000000000277e-07,1.422304099723454562e-01,0.000000000000000000e+00,1.427174975562072456e-01,1.460000000000000000e+02
5.819999999999999970e-07,1.424743715066295602e-01,0.000000000000000000e+00,1.427174975562072456e-01,1.460000000000000000e+02
5.830000000000000721e-07,1.427183330409136919e-01,1.000000000000000000e+00,1.427174975562072456e-01,1.460000000000000000e+02
5.840000000000000413e-07,1.429622945751977958e-01,1.000000000000000000e+00,1.427174975562072456e-01,1.460000000000000000e+02
5.850000000000000106e-07,1.432062561094818998e-01,0.000000000000000000e+00,1.427174975562072456e-01,1.460000000000000000e+02
5.860000000000000857e-07,1.434502176437660315e-01,1.000000000000000000e+00,1.436950146627566094e-01,1.470000000000000000e+02
5.870000000000000550e-07,1.436941791780501354e-01,1.000000000000000000e+00,1.436950146627566094e-01,1.470000000000000000e+02
5.880000000000000242e-07,1.439381407123342671e-01,0.000000000000000000e+00,1.436950146627566094e-01,1.470000000000000000e+02
5.889999999999999935e-07,1.441821022466183710e-01,0.000000000000000000e+00,1.436950146627566094e-01,1.470000000000000000e+02
5.900000000000000686e-07,1.444260637809024750e-01,1.000000000000000000e+00,1.446725317693059731e-01,1.480000000000000000e+02
5.910000000000000378e-07,1.446700253151866067e-01,1.000000000000000000e+00,1.446725317693059731e-01,1.480000000000000000e+02
5.920000000000000071e-07,1.449139868494707106e-01,0.000000000000000000e+00,1.446725317693059731e-01,1.480000000000000000e+02
5.930000000000000822e-07,1.451579483837548423e-01,1.000000000000000000e+00,1.446725317693059731e-01,1.480000000000000000e+02
5.940000000000000515e-07,1.454019099180389463e-01,1.000000000000000000e+00,1.456500488758553369e-01,1.490000000000000000e+02
5.950000000000000207e-07,1.456458714523230502e-01,0.000000000000000000e+00,1.456500488758553369e-01,1.490000000000000000e+02
5.959999999999999900e-07,1.458898329866071819e-01,0.000000000000000000e+00,1.456500488758553369e-01,1.490000000000000000e+02
5.970000000000000651e-07,1.461337945208912859e-01,1.000000000000000000e+00,1.456500488758553369e-01,1.490000000000000000e+02
5.980000000000000343e-07,1.463777560551754175e-01,0.000000000000000000e+00,1.466275659824047006e-01,1.500000000000000000e+02
5.990000000000000036e-07,1.466217175894595215e-01,0.000000000000000000e+00,1.466275659824047006e-01,1.500000000000000000e+02
6.000000000000000787e-07,1.468656791237436254e-01,1.000000000000000000e+00,1.466275659824047006e-01,1.500000000000000000e+02
6.010000000000000480e-07,1.471096406580277571e-01,1.000000000000000000e+00,1.466275659824047006e-01,1.500000000000000000e+02
6.020000000000000172e-07,1.473536021923118611e-01,0.000000000000000000e+00,1.476050830889540644e-01,1.510000000000000000e+02
6.029999999999999865e-07,1.475975637265959650e-01,0.000000000000000000e+00,1.476050830889540644e-01,1.510000000000000000e+02
6.040000000000000616e-07,1.478415252608800967e-01,1.000000000000000000e+00,1.476050830889540644e-01,1.510000000000000000e+02
6.050000000000000309e-07,1.480854867951642007e-01,0.000000000000000000e+00,1.476050830889540644e-01,1.510000000000000000e+02
6.060000000000000001e-07,1.483294483294483324e-01,0.000000000000000000e+00,1.485826001955034281e-01,1.520000000000000000e+02
6.070000000000000752e-07,1.485734098637324363e-01,1.000000000000000000e+00,1.485826001955034281e-01,1.520000000000000000e+02
6.080000000000000445e-07,1.488173713980165402e-01,1.000000000000000000e+00,1.485826001955034281e-01,1.520000000000000000e+02
6.090000000000000137e-07,1.490613329323006719e-01,0.000000000000000000e+00,1.485826001955034281e-01,1.520000000000000000e+02
6.100000000000000889e-07,1.493052944665847759e-01,1.000000000000000000e+00,1.495601173020527919e-01,1.530000000000000000e+02
6.110000000000000581e-07,1.495492560008689076e-01,1.000000000000000000e+00,1.495601173020527919e-01,1.530000000000000000e+02
6.120000000000000274e-07,1.497932175351530115e-01,0.000000000000000000e+00,1.495601173020527919e-01,1.530000000000000000e+02
6.129999999999999966e-07,1.500371790694371155e-01,0.000000000000000000e+00,1.495601173020527919e-01,1.530000000000000000e+02
6.140000000000000717e-07,1.502811406037212472e-01,1.000000000000000000e+00,1.505376344086021556e-01,1.540000000000000000e+02
6.150000000000000410e-07,1.505251021380053511e-01,1.000000000000000000e+00,1.505376344086021556e-01,1.540000000000000000e+02
6.160000000000000102e-07,1.507690636722894828e-01,0.000000000000000000e+00,1.505376344086021556e-01,1.540000000000000000e+02
6.170000000000000854e-07,1.510130252065735867e-01,1.000000000000000000e+00,1.505376344086021556e-01,1.540000000000000000e+02
6.180000000000000546e-07,1.512569867408576907e-01,1.000000000000000000e+00,1.515151515151515194e-01,1.550000000000000000e+02
6.190000000000000239e-07,1.515009482751418224e-01,0.000000000000000000e+00,1.515151515151515194e-01,1.550000000000000000e+02
6.199999999999999931e-07,1.517449098094259263e-01,0.000000000000000000e+00,1.515151515151515194e-01,1.550000000000000000e+02
6.210000000000000682e-07,1.519888713437100580e-01,1.000000000000000000e+00,1.515151515151515194e-01,1.550000000000000000e+02
6.220000000000000375e-07,1.522328328779941620e-01,0.000000000000000000e+00,1.524926686217008831e-01,1.560000000000000000e+02
6.230000000000000067e-07,1.524767944122782659e-01,0.000000000000000000e+00,1.524926686217008831e-01,1.560000000000000000e+02
6.240000000000000819e-07,1.527207559465623976e-01,1.000000000000000000e+00,1.524926686217008831e-01,1.560000000000000000e+02
6.250000000000000511e-07,1.529647174808465016e-01,1.000000000000000000e+00,1.524926686217008831e-01,1.560000000000000000e+02
6.260000000000000204e-07,1.532086790151306332e-01,0.000000000000000000e+00,1.534701857282502468e-01,1.570000000000000000e+02
6.269999999999999896e-07,1.534526405494147372e-01,0.000000000000000000e+00,1.534701857282502468e-01,1.570000000000000000e+02
6.280000000000000648e-07,1.536966020836988411e-01,1.000000000000000000e+00,1.534701857282502468e-01,1.570000000000000000e+02
6.290000000000000340e-07,1.539405636179829728e-01,0.000000000000000000e+00,1.534701857282502468e-01,1.570000000000000000e+02
6.300000000000000033e-07,1.541845251522670768e-01,0.000000000000000000e+00,1.544477028347996106e-01,1.580000000000000000e+02
6.310000000000000784e-07,1.544284866865512085e-01,1.000000000000000000e+00,1.544477028347996106e-01,1.580000000000000000e+02
6.320000000000000476e-07,1.546724482208353124e-01,1.000000000000000000e+00,1.544477028347996106e-01,1.580000000000000000e+02
6.330000000000000169e-07,1.549164097551194164e-01,0.000000000000000000e+00,1.544477028347996106e-01,1.580000000000000000e+02
6.340000000000000920e-07,1.551603712894035481e-01,1.000000000000000000e+00,1.554252199413489743e-01,1.590000000000000000e+02
6.350000000000000613e-07,1.554043328236876520e-01,1.000000000000000000e+00,1.554252199413489743e-01,1.590000000000000000e+02
6.360000000000000305e-07,1.556482943579717837e-01,0.000000000000000000e+00,1.554252199413489743e-01,1.590000000000000000e+02
6.369999999999999998e-07,1.558922558922558876e-01,0.000000000000000000e+00,1.554252199413489743e-01,1.590000000000000000e+02
6.380000000000000749e-07,1.561362174265399916e-01,1.000000000000000000e+00,1.564027370478983381e-01,1.600000000000000000e+02
6.390000000000000441e-07,1.563801789608241233e-01,1.000000000000000000e+00,1.564027370478983381e-01,1.600000000000000000e+02
6.400000000000000134e-07,1.566241404951082272e-01,0.000000000000000000e+00,1.564027370478983381e-01,1.600000000000000000e+02
6.410000000000000885e-07,1.568681020293923589e-01,1.000000000000000000e+00,1.564027370478983381e-01,1.600000000000000000e+02
6.420000000000000578e-07,1.571120635636764629e-01,1.000000000000000000e+00,1.573802541544477018e-01,1.610000000000000000e+02
6.430000000000000270e-07,1.573560250979605668e-01,0.000000000000000000e+00,1.573802541544477018e-01,1.610000000000000000e+02
6.439999999999999963e-07,1.575999866322446985e-01,0.000000000000000000e+00,1.573802541544477018e-01,1.610000000000000000e+02
6.450000000000000714e-07,1.578439481665288024e-01,1.000000000000000000e+00,1.573802541544477018e-01,1.610000000000000000e+02
6.460000000000000406e-07,1.580879097008129064e-01,1.000000000000000000e+00,1.583577712609970656e-01,1.620000000000000000e+02
6.470000000000000099e-07,1.583318712350970381e-01,0.000000000000000000e+00,1.583577712609970656e-01,1.620000000000000000e+02
6.480000000000000850e-07,1.585758327693811420e-01,1.000000000000000000e+00,1.583577712609970656e-01,1.620000000000000000e+02
6.490000000000000543e-07,1.588197943036652737e-01,1.000000000000000000e+00,1.583577712609970656e-01,1.620000000000000000e+02
6.500000000000000235e-07,1.590637558379493777e-01,0.000000000000000000e+00,1.593352883675464293e-01,1.630000000000000000e+02
6.509999999999999928e-07,1.593077173722334816e-01,0.000000000000000000e+00,1.593352883675464293e-01,1.630000000000000000e+02
6.520000000000000679e-07,1.595516789065176133e-01,1.000000000000000000e+00,1.593352883675464293e-01,1.630000000000000000e+02
6.530000000000000372e-07,1.597956404408017173e-01,0.000000000000000000e+00,1.593352883675464293e-01,1.630000000000000000e+02
6.540000000000000064e-07,1.600396019750858490e-01,0.000000000000000000e+00,1.603128054740957931e-01,1.640000000000000000e+02
6.550000000000000815e-07,1.602835635093699529e-01,1.000000000000000000e+00,1.603128054740957931e-01,1.640000000000000000e+02
6.560000000000000508e-07,1.605275250436540568e-01,1.000000000000000000e+00,1.603128054740957931e-01,1.640000000000000000e+02
6.570000000000000200e-07,1.607714865779381885e-01,0.000000000000000000e+00,1.603128054740957931e-01,1.640000000000000000e+02
6.579999999999999893e-07,1.610154481122222925e-01,0.000000000000000000e+00,1.612903225806451568e-01,1.650000000000000000e+02
6.590000000000000644e-07,1.612594096465064242e-01,1.000000000000000000e+00,1.612903225806451568e-01,1.650000000000000000e+02
6.600000000000000337e-07,1.615033711807905281e-01,0.000000000000000000e+00,1.612903225806451568e-01,1.650000000000000000e+02
6.610000000000000029e-07,1.617473327150746321e-01,0.000000000000000000e+00,1.612903225806451568e-01,1.650000000000000000e+02
6.620000000000000780e-07,1.619912942493587638e-01,1.000000000000000000e+00,1.622678396871945206e-01,1.660000000000000000e+02
6.630000000000000473e-07,1.622352557836428677e-01,1.000000000000000000e+00,1.622678396871945206e-01,1.660000000000000000e+02
6.640000000000000165e-07,1.624792173179269994e-01,0.000000000000000000e+00,1.622678396871945206e-01,1.660000000000000000e+02
6.650000000000000917e-07,1.627231788522111033e-01,1.000000000000000000e+00,1.622678396871945206e-01,1.660000000000000000e+02
6.660000000000000609e-07,1.629671403864952073e-01,1.000000000000000000e+00,1.632453567937438843e-01,1.670000000000000000e+02
6.670000000000000302e-07,1.632111019207793390e-01,0.000000000000000000e+00,1.632453567937438843e-01,1.670000000000000000e+02
6.679999999999999994e-07,1.634550634550634429e-01,0.000000000000000000e+00,1.632453567937438843e-01,1.670000000000000000e+02
6.690000000000000745e-07,1.636990249893475746e-01,1.000000000000000000e+00,1.632453567937438843e-01,1.670000000000000000e+02
6.700000000000000438e-07,1.639429865236316786e-01,1.000000000000000000e+00,1.642228739002932481e-01,1.680000000000000000e+02
6.710000000000000130e-07,1.641869480579157825e-01,0.000000000000000000e+00,1.642228739002932481e-01,1.680000000000000000e+02
6.720000000000000882e-07,1.644309095921999142e-01,1.000000000000000000e+00,1.642228739002932481e-01,1.680000000000000000e+02
6.730000000000000574e-07,1.646748711264840181e-01,1.000000000000000000e+00,1.642228739002932481e-01,1.680000000000000000e+02
6.740000000000000267e-07,1.649188326607681498e-01,0.000000000000000000e+00,1.652003910068426118e-01,1.690000000000000000e+02
6.749999999999999959e-07,1.651627941950522538e-01,0.000000000000000000e+00,1.652003910068426118e-01,1.690000000000000000e+02
6.760000000000000711e-07,1.654067557293363577e-01,1.000000000000000000e+00,1.652003910068426118e-01,1.690000000000000000e+02
6.770000000000000403e-07,1.656507172636204894e-01,0.000000000000000000e+00,1.652003910068426118e-01,1.690000000000000000e+02
6.780000000000000096e-07,1.658946787979045934e-01,0.000000000000000000e+00,1.661779081133919755e-01,1.700000000000000000e+02
6.790000000000000847e-07,1.661386403321887251e-01,1.000000000000000000e+00,1.661779081133919755e-01,1.700000000000000000e+02
6.800000000000000539e-07,1.663826018664728290e-01,1.000000000000000000e+00,1.661779081133919755e-01,1.700000000000000000e+02
6.810000000000000232e-07,1.666265634007569330e-01,0.000000000000000000e+00,1.661779081133919755e-01,1.700000000000000000e+02
6.819999999999999924e-07,1.668705249350410647e-01,0.000000000000000000e+00,1.671554252199413393e-01,1.710000000000000000e+02
6.830000000000000676e-07,1.671144864693251686e-01,1.000000000000000000e+00,1.671554252199413393e-01,1.710000000000000000e+02
6.840000000000000368e-07,1.673584480036093003e-01,0.000000000000000000e+00,1.671554252199413393e-01,1.710000000000000000e+02
6.850000000000000061e-07,1.676024095378934042e-01,0.000000000000000000e+00,1.671554252199413393e-01,1.710000000000000000e+02
6.860000000000000812e-07,1.678463710721775082e-01,1.000000000000000000e+00,1.681329423264907030e-01,1.720000000000000000e+02
6.870000000000000504e-07,1.680903326064616399e-01,1.000000000000000000e+00,1.681329423264907030e-01,1.720000000000000000e+02
6.880000000000000197e-07,1.683342941407457438e-01,0.000000000000000000e+00,1.681329423264907030e-01,1.720000000000000000e+02
6.890000000000000948e-07,1.685782556750298755e-01,1.000000000000000000e+00,1.681329423264907030e-01,1.720000000000000000e+02
6.900000000000000641e-07,1.688222172093139795e-01,1.000000000000000000e+00,1.691104594330400668e-01,1.730000000000000000e+02
6.910000000000000333e-07,1.690661787435980834e-01,0.000000000000000000e+00,1.691104594330400668e-01,1.730000000000000000e+02
6.920000000000000026e-07,1.693101402778822151e-01,0.000000000000000000e+00,1.691104594330400668e-01,1.730000000000000000e+02
6.930000000000000777e-07,1.695541018121663190e-01,1.000000000000000000e+00,1.691104594330400668e-01,1.730000000000000000e+02
6.940000000000000469e-07,1.697980633464504230e-01,1.000000000000000000e+00,1.700879765395894305e-01,1.740000000000000000e+02
6.950000000000000162e-07,1.700420248807345547e-01,0.000000000000000000e+00,1.700879765395894305e-01,1.740000000000000000e+02
6.960000000000000913e-07,1.702859864150186586e-01,1.000000000000000000e+00,1.700879765395894305e-01,1.740000000000000000e+02
6.970000000000000606e-07,1.705299479493027903e-01,1.000000000000000000e+00,1.700879765395894305e-01,1.740000000000000000e+02
6.980000000000000298e-07,1.707739094835868943e-01,0.000000000000000000e+00,1.710654936461387943e-01,1.750000000000000000e+02
6.989999999999999991e-07,1.710178710178709982e-01,0.000000000000000000e+00,1.710654936461387943e-01,1.750000000000000000e+02
7.000000000000000742e-07,1.712618325521551299e-01,1.000000000000000000e+00,1.710654936461387943e-01,1.750000000000000000e+02
7.010000000000000435e-07,1.715057940864392338e-01,0.000000000000000000e+00,1.710654936461387943e-01,1.750000000000000000e+02
7.020000000000000127e-07,1.717497556207233655e-01,0.000000000000000000e+00,1.720430107526881858e-01,1.760000000000000000e+02
7.030000000000000878e-07,1.719937171550074695e-01,1.000000000000000000e+00,1.720430107526881858e-01,1.760000000000000000e+02
7.040000000000000571e-07,1.722376786892915734e-01,1.000000000000000000e+00,1.720430107526881858e-01,1.760000000000000000e+02
7.050000000000000263e-07,1.724816402235757051e-01,0.000000000000000000e+00,1.720430107526881858e-01,1.760000000000000000e+02
7.059999999999999956e-07,1.727256017578598091e-01,0.000000000000000000e+00,1.730205278592375495e-01,1.770000000000000000e+02
7.070000000000000707e-07,1.729695632921439408e-01,1.000000000000000000e+00,1.730205278592375495e-01,1.770000000000000000e+02
7.080000000000000400e-07,1.732135248264280447e-01,0.000000000000000000e+00,1.730205278592375495e-01,1.770000000000000000e+02
7.090000000000000092e-07,1.734574863607121487e-01,0.000000000000000000e+00,1.730205278592375495e-01,1.770000000000000000e+02
7.100000000000000843e-07,1.737014478949962804e-01,1.000000000000000000e+00,1.739980449657869133e-01,1.780000000000000000e+02
7.110000000000000536e-07,1.739454094292803843e-01,1.000000000000000000e+00,1.739980449657869133e-01,1.780000000000000000e+02
7.120000000000000228e-07,1.741893709635645160e-01,0.000000000000000000e+00,1.739980449657869133e-01,1.780000000000000000e+02
7.129999999999999921e-07,1.744333324978486199e-01,0.000000000000000000e+00,1.739980449657869133e-01,1.780000000000000000e+02
7.140000000000000672e-07,1.746772940321327239e-01,1.000000000000000000e+00,1.749755620723362770e-01,1.790000000000000000e+02
7.150000000000000365e-07,1.749212555664168556e-01,0.000000000000000000e+00,1.749755620723362770e-01,1.790000000000000000e+02
7.160000000000000057e-07,1.751652171007009595e-01,0.000000000000000000e+00,1.749755620723362770e-01,1.790000000000000000e+02
7.170000000000000808e-07,1.754091786349850912e-01,1.000000000000000000e+00,1.749755620723362770e-01,1.790000000000000000e+02
7.180000000000000501e-07,1.756531401692691952e-01,1.000000000000000000e+00,1.759530791788856408e-01,1.800000000000000000e+02
7.190000000000000193e-07,1.758971017035532991e-01,0.000000000000000000e+00,1.759530791788856408e-01,1.800000000000000000e+02
7.200000000000000945e-07,1.761410632378374308e-01,1.000000000000000000e+00,1.759530791788856408e-01,1.800000000000000000e+02
7.210000000000000637e-07,1.763850247721215347e-01,1.000000000000000000e+00,1.759530791788856408e-01,1.800000000000000000e+02
7.220000000000000330e-07,1.766289863064056664e-01,0.000000000000000000e+00,1.769305962854350045e-01,1.810000000000000000e+02
7.230000000000000022e-07,1.768729478406897704e-01,0.000000000000000000e+00,1.769305962854350045e-01,1.810000000000000000e+02
7.240000000000000774e-07,1.771169093749738743e-01,1.000000000000000000e+00,1.769305962854350045e-01,1.810000000000000000e+02
7.250000000000000466e-07,1.773608709092580060e-01,1.000000000000000000e+00,1.769305962854350045e-01,1.810000000000000000e+02
7.260000000000000159e-07,1.776048324435421100e-01,0.000000000000000000e+00,1.779081133919843682e-01,1.820000000000000000e+02
7.270000000000000910e-07,1.778487939778262417e-01,1.000000000000000000e+00,1.779081133919843682e-01,1.820000000000000000e+02
7.280000000000000602e-07,1.780927555121103456e-01,1.000000000000000000e+00,1.779081133919843682e-01,1.820000000000000000e+02
7.290000000000000295e-07,1.783367170463944495e-01,0.000000000000000000e+00,1.779081133919843682e-01,1.820000000000000000e+02
7.299999999999999987e-07,1.785806785806785812e-01,0.000000000000000000e+00,1.788856304985337320e-01,1.830000000000000000e+02
7.310000000000000739e-07,1.788246401149626852e-01,1.000000000000000000e+00,1.788856304985337320e-01,1.830000000000000000e+02
7.320000000000000431e-07,1.790686016492468169e-01,0.000000000000000000e+00,1.788856304985337320e-01,1.830000000000000000e+02
7.330000000000000124e-07,1.793125631835309208e-01,0.000000000000000000e+00,1.788856304985337320e-01,1.830000000000000000e+02
7.340000000000000875e-07,1.795565247178150248e-01,1.000000000000000000e+00,1.798631476050830957e-01,1.840000000000000000e+02
7.350000000000000567e-07,1.798004862520991565e-01,1.000000000000000000e+00,1.798631476050830957e-01,1.840000000000000000e+02
7.360000000000000260e-07,1.800444477863832604e-01,0.000000000000000000e+00,1.798631476050830957e-01,1.840000000000000000e+02
7.369999999999999952e-07,1.802884093206673644e-01,0.000000000000000000e+00,1.798631476050830957e-01,1.840000000000000000e+02
7.380000000000000704e-07,1.805323708549514961e-01,1.000000000000000000e+00,1.808406647116324595e-01,1.850000000000000000e+02
7.390000000000000396e-07,1.807763323892356000e-01,0.000000000000000000e+00,1.808406647116324595e-01,1.850000000000000000e+02
7.400000000000000089e-07,1.810202939235197317e-01,0.000000000000000000e+00,1.808406647116324595e-01,1.850000000000000000e+02
7.410000000000000840e-07,1.812642554578038356e-01,1.000000000000000000e+00,1.808406647116324595e-01,1.850000000000000000e+02
7.420000000000000532e-07,1.815082169920879396e-01,1.000000000000000000e+00,1.818181818181818232e-01,1.860000000000000000e+02
7.430000000000000225e-07,1.817521785263720713e-01,0.000000000000000000e+00,1.818181818181818232e-01,1.860000000000000000e+02
7.440000000000000976e-07,1.819961400606561752e-01,1.000000000000000000e+00,1.818181818181818232e-01,1.860000000000000000e+02
7.450000000000000669e-07,1.822401015949403069e-01,1.000000000000000000e+00,1.818181818181818232e-01,1.860000000000000000e+02
7.460000000000000361e-07,1.824840631292244109e-01,0.000000000000000000e+00,1.827956989247311870e-01,1.870000000000000000e+02
7.470000000000000054e-07,1.827280246635085148e-01,0.000000000000000000e+00,1.827956989247311870e-01,1.870000000000000000e+02
7.480000000000000805e-07,1.829719861977926465e-01,1.000000000000000000e+00,1.827956989247311870e-01,1.870000000000000000e+02
7.490000000000000498e-07,1.832159477320767504e-01,1.000000000000000000e+00,1.827956989247311870e-01,1.870000000000000000e+02
7.500000000000000190e-07,1.834599092663608821e-01,0.000000000000000000e+00,1.837732160312805507e-01,1.880000000000000000e+02
7.510000000000000941e-07,1.837038708006449861e-01,1.000000000000000000e+00,1.837732160312805507e-01,1.880000000000000000e+02
7.520000000000000634e-07,1.839478323349290900e-01,1.000000000000000000e+00,1.837732160312805507e-01,1.880000000000000000e+02
7.530000000000000326e-07,1.841917938692132217e-01,0.000000000000000000e+00,1.837732160312805507e-01,1.880000000000000000e+02
7.540000000000000019e-07,1.844357554034973257e-01,0.000000000000000000e+00,1.847507331378299145e-01,1.890000000000000000e+02
7.550000000000000770e-07,1.846797169377814574e-01,1.000000000000000000e+00,1.847507331378299145e-01,1.890000000000000000e+02
7.560000000000000463e-07,1.849236784720655613e-01,0.000000000000000000e+00,1.847507331378299145e-01,1.890000000000000000e+02
7.570000000000000155e-07,1.851676400063496652e-01,0.000000000000000000e+00,1.847507331378299145e-01,1.890000000000000000e+02
7.580000000000000906e-07,1.854116015406337969e-01,1.000000000000000000e+00,1.857282502443792782e-01,1.900000000000000000e+02
7.590000000000000599e-07,1.856555630749179009e-01,1.000000000000000000e+00,1.857282502443792782e-01,1.900000000000000000e+02
7.600000000000000291e-07,1.858995246092020326e-01,0.000000000000000000e+00,1.857282502443792782e-01,1.900000000000000000e+02
7.609999999999999984e-07,1.861434861434861365e-01,0.000000000000000000e+00,1.857282502443792782e-01,1.900000000000000000e+02
7.620000000000000735e-07,1.863874476777702405e-01,1.000000000000000000e+00,1.867057673509286420e-01,1.910000000000000000e+02
7.630000000000000428e-07,1.866314092120543722e-01,0.000000000000000000e+00,1.867057673509286420e-01,1.910000000000000000e+02
7.640000000000000120e-07,1.868753707463384761e-01,0.000000000000000000e+00,1.867057673509286420e-01,1.910000000000000000e+02
7.650000000000000871e-07,1.871193322806226078e-01,1.000000000000000000e+00,1.867057673509286420e-01,1.910000000000000000e+02
7.660000000000000564e-07,1.873632938149067118e-01,1.000000000000000000e+00,1.876832844574780057e-01,1.920000000000000000e+02
7.670000000000000256e-07,1.876072553491908157e-01,0.000000000000000000e+00,1.876832844574780057e-01,1.920000000000000000e+02
7.680000000000001008e-07,1.878512168834749474e-01,1.000000000000000000e+00,1.876832844574780057e-01,1.920000000000000000e+02
7.690000000000000700e-07,1.880951784177590513e-01,1.000000000000000000e+00,1.876832844574780057e-01,1.920000000000000000e+02
7.700000000000000393e-07,1.883391399520431830e-01,0.000000000000000000e+00,1.886608015640273694e-01,1.930000000000000000e+02
7.710000000000000085e-07,1.885831014863272870e-01,0.000000000000000000e+00,1.886608015640273694e-01,1.930000000000000000e+02
7.720000000000000837e-07,1.888270630206113909e-01,1.000000000000000000e+00,1.886608015640273694e-01,1.930000000000000000e+02
7.730000000000000529e-07,1.890710245548955226e-01,1.000000000000000000e+00,1.886608015640273694e-01,1.930000000000000000e+02
7.740000000000000221e-07,1.893149860891796266e-01,0.000000000000000000e+00,1.896383186705767332e-01,1.940000000000000000e+02
7.750000000000000973e-07,1.895589476234637583e-01,1.000000000000000000e+00,1.896383186705767332e-01,1.940000000000000000e+02
7.760000000000000665e-07,1.898029091577478622e-01,1.000000000000000000e+00,1.896383186705767332e-01,1.940000000000000000e+02
7.770000000000000358e-07,1.900468706920319661e-01,0.000000000000000000e+00,1.896383186705767332e-01,1.940000000000000000e+02
7.780000000000000050e-07,1.902908322263160978e-01,0.000000000000000000e+00,1.906158357771260969e-01,1.950000000000000000e+02
7.790000000000000802e-07,1.905347937606002018e-01,1.000000000000000000e+00,1.906158357771260969e-01,1.950000000000000000e+02
7.800000000000000494e-07,1.907787552948843057e-01,1.000000000000000000e+00,1.906158357771260969e-01,1.950000000000000000e+02
7.810000000000000187e-07,1.910227168291684374e-01,0.000000000000000000e+00,1.906158357771260969e-01,1.950000000000000000e+02
7.820000000000000938e-07,1.912666783634525414e-01,1.000000000000000000e+00,1.915933528836754607e-01,1.960000000000000000e+02
7.830000000000000630e-07,1.915106398977366731e-01,1.000000000000000000e+00,1.915933528836754607e-01,1.960000000000000000e+02
7.840000000000000323e-07,1.917546014320207770e-01,0.000000000000000000e+00,1.915933528836754607e-01,1.960000000000000000e+02
7.850000000000000015e-07,1.919985629663048810e-01,0.000000000000000000e+00,1.915933528836754607e-01,1.960000000000000000e+02
7.860000000000000767e-07,1.922425245005890126e-01,1.000000000000000000e+00,1.925708699902248244e-01,1.970000000000000000e+02
7.870000000000000459e-07,1.924864860348731166e-01,0.000000000000000000e+00,1.925708699902248244e-01,1.970000000000000000e+02
7.880000000000000152e-07,1.927304475691572483e-01,0.000000000000000000e+00,1.925708699902248244e-01,1.970000000000000000e+02
7.890000000000000903e-07,1.929744091034413522e-01,1.000000000000000000e+00,1.925708699902248244e-01,1.970000000000000000e+02
7.900000000000000595e-07,1.932183706377254562e-01,1.000000000000000000e+00,1.935483870967741882e-01,1.980000000000000000e+02
7.910000000000000288e-07,1.934623321720095879e-01,0.000000000000000000e+00,1.935483870967741882e-01,1.980000000000000000e+02
7.919999999999999980e-07,1.937062937062936918e-01,0.000000000000000000e+00,1.935483870967741882e-01,1.980000000000000000e+02
7.930000000000000732e-07,1.939502552405778235e-01,1.000000000000000000e+00,1.935483870967741882e-01,1.980000000000000000e+02
7.940000000000000424e-07,1.941942167748619275e-01,0.000000000000000000e+00,1.945259042033235519e-01,1.990000000000000000e+02
7.950000000000000117e-07,1.944381783091460314e-01,0.000000000000000000e+00,1.945259042033235519e-01,1.990000000000000000e+02
7.960000000000000868e-07,1.946821398434301631e-01,1.000000000000000000e+00,1.945259042033235519e-01,1.990000000000000000e+02
7.970000000000000560e-07,1.949261013777142670e-01,1.000000000000000000e+00,1.945259042033235519e-01,1.990000000000000000e+02
7.980000000000000253e-07,1.951700629119983987e-01,0.000000000000000000e+00,1.955034213098729157e-01,2.000000000000000000e+02
7.990000000000001004e-07,1.954140244462825027e-01,1.000000000000000000e+00,1.955034213098729157e-01,2.000000000000000000e+02
8.000000000000000697e-07,1.956579859805666066e-01,1.000000000000000000e+00,1.955034213098729157e-01,2.000000000000000000e+02
8.010000000000000389e-07,1.959019475148507383e-01,0.000000000000000000e+00,1.955034213098729157e-01,2.000000000000000000e+02
8.020000000000000082e-07,1.961459090491348423e-01,0.000000000000000000e+00,1.964809384164222794e-01,2.010000000000000000e+02
8.030000000000000833e-07,1.963898705834189740e-01,1.000000000000000000e+00,1.964809384164222794e-01,2.010000000000000000e+02
8.040000000000000526e-07,1.966338321177030779e-01,1.000000000000000000e+00,1.964809384164222794e-01,2.010000000000000000e+02
8.050000000000000218e-07,1.968777936519871818e-01,0.000000000000000000e+00,1.964809384164222794e-01,2.010000000000000000e+02
8.060000000000000969e-07,1.971217551862713135e-01,1.000000000000000000e+00,1.974584555229716432e-01,2.020000000000000000e+02
8.070000000000000662e-07,1.973657167205554175e-01,1.000000000000000000e+00,1.974584555229716432e-01,2.020000000000000000e+02
8.080000000000000354e-07,1.976096782548395492e-01,0.000000000000000000e+00,1.974584555229716432e-01,2.020000000000000000e+02
8.090000000000000047e-07,1.978536397891236531e-01,0.000000000000000000e+00,1.974584555229716432e-01,2.020000000000000000e+02
8.100000000000000798e-07,1.980976013234077571e-01,1.000000000000000000e+00,1.984359726295210069e-01,2.030000000000000000e+02
8.110000000000000491e-07,1.983415628576918888e-01,0.000000000000000000e+00,1.984359726295210069e-01,2.030000000000000000e+02
8.120000000000000183e-07,1.985855243919759927e-01,0.000000000000000000e+00,1.984359726295210069e-01,2.030000000000000000e+02
8.130000000000000934e-07,1.988294859262601244e-01,1.000000000000000000e+00,1.984359726295210069e-01,2.030000000000000000e+02
8.140000000000000627e-07,1.990734474605442283e-01,1.000000000000000000e+00,1.994134897360703707e-01,2.040000000000000000e+02
8.150000000000000319e-07,1.993174089948283323e-01,0.000000000000000000e+00,1.994134897360703707e-01,2.040000000000000000e+02
8.160000000000000012e-07,1.995613705291124640e-01,0.000000000000000000e+00,1.994134897360703707e-01,2.040000000000000000e+02
8.170000000000000763e-07,1.998053320633965679e-01,1.000000000000000000e+00,1.994134897360703707e-01,2.040000000000000000e+02
8.180000000000000456e-07,2.000492935976806996e-01,0.000000000000000000e+00,2.003910068426197344e-01,2.050000000000000000e+02
8.190000000000000148e-07,2.002932551319648036e-01,0.000000000000000000e+00,2.003910068426197344e-01,2.050000000000000000e+02
8.200000000000000899e-07,2.005372166662489075e-01,1.000000000000000000e+00,2.003910068426197344e-01,2.050000000000000000e+02
8.210000000000000592e-07,2.007811782005330392e-01,1.000000000000000000e+00,2.003910068426197344e-01,2.050000000000000000e+02
8.220000000000000284e-07,2.010251397348171432e-01,0.000000000000000000e+00,2.013685239491690981e-01,2.060000000000000000e+02
8.230000000000001036e-07,2.012691012691012749e-01,1.000000000000000000e+00,2.013685239491690981e-01,2.060000000000000000e+02
8.240000000000000728e-07,2.015130628033853788e-01,1.000000000000000000e+00,2.013685239491690981e-01,2.060000000000000000e+02
8.250000000000000421e-07,2.017570243376694827e-01,0.000000000000000000e+00,2.013685239491690981e-01,2.060000000000000000e+02
8.260000000000000113e-07,2.020009858719536144e-01,0.000000000000000000e+00,2.023460410557184619e-01,2.070000000000000000e+02
8.270000000000000865e-07,2.022449474062377184e-01,1.000000000000000000e+00,2.023460410557184619e-01,2.070000000000000000e+02
8.280000000000000557e-07,2.024889089405218223e-01,1.000000000000000000e+00,2.023460410557184619e-01,2.070000000000000000e+02
8.290000000000000250e-07,2.027328704748059540e-01,0.000000000000000000e+00,2.023460410557184619e-01,2.070000000000000000e+02
8.300000000000001001e-07,2.029768320090900580e-01,1.000000000000000000e+00,2.033235581622678256e-01,2.080000000000000000e+02
8.310000000000000693e-07,2.032207935433741897e-01,1.000000000000000000e+00,2.033235581622678256e-01,2.080000000000000000e+02
8.320000000000000386e-07,2.034647550776582936e-01,0.000000000000000000e+00,2.033235581622678256e-01,2.080000000000000000e+02
8.330000000000000078e-07,2.037087166119423975e-01,0.000000000000000000e+00,2.033235581622678256e-01,2.080000000000000000e+02
8.340000000000000830e-07,2.039526781462265292e-01,1.000000000000000000e+00,2.043010752688172171e-01,2.090000000000000000e+02
8.350000000000000522e-07,2.041966396805106332e-01,1.000000000000000000e+00,2.043010752688172171e-01,2.090000000000000000e+02
8.360000000000000215e-07,2.044406012147947649e-01,0.000000000000000000e+00,2.043010752688172171e-01,2.090000000000000000e+02
8.370000000000000966e-07,2.046845627490788688e-01,1.000000000000000000e+00,2.043010752688172171e-01,2.090000000000000000e+02
8.380000000000000658e-07,2.049285242833629728e-01,1.000000000000000000e+00,2.052785923753665809e-01,2.100000000000000000e+02
8.390000000000000351e-07,2.051724858176471045e-01,0.000000000000000000e+00,2.052785923753665809e-01,2.100000000000000000e+02
8.400000000000000043e-07,2.054164473519312084e-01,0.000000000000000000e+00,2.052785923753665809e-01,2.100000000000000000e+02
8.410000000000000795e-07,2.056604088862153401e-01,1.000000000000000000e+00,2.052785923753665809e-01,2.100000000000000000e+02
8.420000000000000487e-07,2.059043704204994440e-01,0.000000000000000000e+00,2.062561094819159446e-01,2.110000000000000000e+02
8.430000000000000180e-07,2.061483319547835480e-01,0.000000000000000000e+00,2.062561094819159446e-01,2.110000000000000000e+02
8.440000000000000931e-07,2.063922934890676797e-01,1.000000000000000000e+00,2.062561094819159446e-01,2.110000000000000000e+02
8.450000000000000623e-07,2.066362550233517836e-01,1.000000000000000000e+00,2.062561094819159446e-01,2.110000000000000000e+02
8.460000000000000316e-07,2.068802165576359153e-01,0.000000000000000000e+00,2.072336265884653084e-01,2.120000000000000000e+02
8.470000000000000008e-07,2.071241780919200193e-01,0.000000000000000000e+00,2.072336265884653084e-01,2.120000000000000000e+02
8.480000000000000760e-07,2.073681396262041232e-01,1.000000000000000000e+00,2.072336265884653084e-01,2.120000000000000000e+02
8.490000000000000452e-07,2.076121011604882549e-01,0.000000000000000000e+00,2.072336265884653084e-01,2.120000000000000000e+02
8.500000000000000145e-07,2.078560626947723589e-01,0.000000000000000000e+00,2.082111436950146721e-01,2.130000000000000000e+02
8.510000000000000896e-07,2.081000242290564906e-01,1.000000000000000000e+00,2.082111436950146721e-01,2.130000000000000000e+02
8.520000000000000589e-07,2.083439857633405945e-01,1.000000000000000000e+00,2.082111436950146721e-01,2.130000000000000000e+02
8.530000000000000281e-07,2.085879472976246984e-01,0.000000000000000000e+00,2.082111436950146721e-01,2.130000000000000000e+02
8.540000000000001032e-07,2.088319088319088301e-01,1.000000000000000000e+00,2.091886608015640359e-01,2.140000000000000000e+02
8.550000000000000725e-07,2.090758703661929341e-01,1.000000000000000000e+00,2.091886608015640359e-01,2.140000000000000000e+02
8.560000000000000417e-07,2.093198319004770658e-01,0.000000000000000000e+00,2.091886608015640359e-01,2.140000000000000000e+02
8.570000000000000110e-07,2.095637934347611697e-01,0.000000000000000000e+00,2.091886608015640359e-01,2.140000000000000000e+02
8.580000000000000861e-07,2.098077549690452737e-01,1.000000000000000000e+00,2.101661779081133996e-01,2.150000000000000000e+02
8.590000000000000554e-07,2.100517165033294054e-01,1.000000000000000000e+00,2.101661779081133996e-01,2.150000000000000000e+02
8.600000000000000246e-07,2.102956780376135093e-01,0.000000000000000000e+00,2.101661779081133996e-01,2.150000000000000000e+02
8.610000000000000997e-07,2.105396395718976410e-01,1.000000000000000000e+00,2.101661779081133996e-01,2.150000000000000000e+02
8.620000000000000690e-07,2.107836011061817449e-01,1.000000000000000000e+00,2.111436950146627634e-01,2.160000000000000000e+02
8.630000000000000382e-07,2.110275626404658489e-01,0.000000000000000000e+00,2.111436950146627634e-01,2.160000000000000000e+02
8.640000000000000075e-07,2.112715241747499806e-01,0.000000000000000000e+00,2.111436950146627634e-01,2.160000000000000000e+02
8.650000000000000826e-07,2.115154857090340845e-01,1.000000000000000000e+00,2.111436950146627634e-01,2.160000000000000000e+02
8.660000000000000519e-07,2.117594472433182162e-01,0.000000000000000000e+00,2.121212121212121271e-01,2.170000000000000000e+02
8.670000000000000211e-07,2.120034087776023202e-01,0.000000000000000000e+00,2.121212121212121271e-01,2.170000000000000000e+02
8.680000000000000962e-07,2.122473703118864241e-01,1.000000000000000000e+00,2.121212121212121271e-01,2.170000000000000000e+02
8.690000000000000655e-07,2.124913318461705558e-01,1.000000000000000000e+00,2.121212121212121271e-01,2.170000000000000000e+02
8.700000000000000347e-07,2.127352933804546598e-01,0.000000000000000000e+00,2.130987292277614908e-01,2.180000000000000000e+02
8.710000000000000040e-07,2.129792549147387637e-01,0.000000000000000000e+00,2.130987292277614908e-01,2.180000000000000000e+02
8.720000000000000791e-07,2.132232164490228954e-01,1.000000000000000000e+00,2.130987292277614908e-01,2.180000000000000000e+02
8.730000000000000484e-07,2.134671779833069993e-01,0.000000000000000000e+00,2.130987292277614908e-01,2.180000000000000000e+02
8.740000000000000176e-07,2.137111395175911310e-01,0.000000000000000000e+00,2.140762463343108546e-01,2.190000000000000000e+02
8.750000000000000928e-07,2.139551010518752350e-01,1.000000000000000000e+00,2.140762463343108546e-01,2.190000000000000000e+02
8.760000000000000620e-07,2.141990625861593389e-01,1.000000000000000000e+00,2.140762463343108546e-01,2.190000000000000000e+02
8.770000000000000313e-07,2.144430241204434706e-01,0.000000000000000000e+00,2.140762463343108546e-01,2.190000000000000000e+02
8.780000000000001064e-07,2.146869856547275746e-01,1.000000000000000000e+00,2.150537634408602183e-01,2.200000000000000000e+02
8.790000000000000756e-07,2.149309471890117063e-01,1.000000000000000000e+00,2.150537634408602183e-01,2.200000000000000000e+02
8.800000000000000449e-07,2.151749087232958102e-01,0.000000000000000000e+00,2.150537634408602183e-01,2.200000000000000000e+02
8.810000000000000141e-07,2.154188702575799141e-01,0.000000000000000000e+00,2.150537634408602183e-01,2.200000000000000000e+02
8.820000000000000893e-07,2.156628317918640458e-01,1.000000000000000000e+00,2.160312805474095821e-01,2.210000000000000000e+02
8.830000000000000585e-07,2.159067933261481498e-01,1.000000000000000000e+00,2.160312805474095821e-01,2.210000000000000000e+02
8.840000000000000278e-07,2.161507548604322815e-01,0.000000000000000000e+00,2.160312805474095821e-01,2.210000000000000000e+02
8.850000000000001029e-07,2.163947163947163854e-01,1.000000000000000000e+00,2.160312805474095821e-01,2.210000000000000000e+02
8.860000000000000721e-07,2.166386779290004894e-01,1.000000000000000000e+00,2.170087976539589458e-01,2.220000000000000000e+02
8.870000000000000414e-07,2.168826394632846211e-01,0.000000000000000000e+00,2.170087976539589458e-01,2.220000000000000000e+02
8.880000000000000106e-07,2.171266009975687250e-01,0.000000000000000000e+00,2.170087976539589458e-01,2.220000000000000000e+02
8.890000000000000858e-07,2.173705625318528567e-01,1.000000000000000000e+00,2.170087976539589458e-01,2.220000000000000000e+02
8.900000000000000550e-07,2.176145240661369606e-01,0.000000000000000000e+00,2.179863147605083096e-01,2.230000000000000000e+02
8.910000000000000243e-07,2.178584856004210646e-01,0.000000000000000000e+00,2.179863147605083096e-01,2.230000000000000000e+02
8.920000000000000994e-07,2.181024471347051963e-01,1.000000000000000000e+00,2.179863147605083096e-01,2.230000000000000000e+02
8.930000000000000686e-07,2.183464086689893002e-01,1.000000000000000000e+00,2.179863147605083096e-01,2.230000000000000000e+02
8.940000000000000379e-07,2.185903702032734319e-01,0.000000000000000000e+00,2.189638318670576733e-01,2.240000000000000000e+02
8.950000000000000071e-07,2.188343317375575359e-01,0.000000000000000000e+00,2.189638318670576733e-01,2.240000000000000000e+02
8.960000000000000823e-07,2.190782932718416398e-01,1.000000000000000000e+00,2.189638318670576733e-01,2.240000000000000000e+02
8.970000000000000515e-07,2.193222548061257715e-01,0.000000000000000000e+00,2.189638318670576733e-01,2.240000000000000000e+02
8.980000000000000208e-07,2.195662163404098755e-01,0.000000000000000000e+00,2.199413489736070371e-01,2.250000000000000000e+02
8.990000000000000959e-07,2.198101778746940071e-01,1.000000000000000000e+00,2.199413489736070371e-01,2.250000000000000000e+02
9.000000000000000652e-07,2.200541394089781111e-01,1.000000000000000000e+00,2.199413489736070371e-01,2.250000000000000000e+02
9.010000000000000344e-07,2.202981009432622150e-01,0.000000000000000000e+00,2.199413489736070371e-01,2.250000000000000000e+02
9.020000000000000037e-07,2.205420624775463467e-01,0.000000000000000000e+00,2.209188660801564008e-01,2.260000000000000000e+02
9.030000000000000788e-07,2.207860240118304507e-01,1.000000000000000000e+00,2.209188660801564008e-01,2.260000000000000000e+02
9.040000000000000480e-07,2.210299855461145824e-01,0.000000000000000000e+00,2.209188660801564008e-01,2.260000000000000000e+02
9.050000000000000173e-07,2.212739470803986863e-01,0.000000000000000000e+00,2.209188660801564008e-01,2.260000000000000000e+02
9.060000000000000924e-07,2.215179086146827903e-01,1.000000000000000000e+00,2.218963831867057646e-01,2.270000000000000000e+02
9.070000000000000617e-07,2.217618701489669220e-01,1.000000000000000000e+00,2.218963831867057646e-01,2.270000000000000000e+02
9.080000000000000309e-07,2.220058316832510259e-01,0.000000000000000000e+00,2.218963831867057646e-01,2.270000000000000000e+02
9.090000000000001060e-07,2.222497932175351576e-01,1.000000000000000000e+00,2.218963831867057646e-01,2.270000000000000000e+02
9.100000000000000753e-07,2.224937547518192615e-01,1.000000000000000000e+00,2.228739002932551283e-01,2.280000000000000000e+02
9.110000000000000445e-07,2.227377162861033655e-01,0.000000000000000000e+00,2.228739002932551283e-01,2.280000000000000000e+02
9.120000000000000138e-07,2.229816778203874972e-01,0.000000000000000000e+00,2.228739002932551283e-01,2.280000000000000000e+02
9.130000000000000889e-07,2.232256393546716011e-01,1.000000000000000000e+00,2.228739002932551283e-01,2.280000000000000000e+02
9.140000000000000582e-07,2.234696008889557051e-01,1.000000000000000000e+00,2.238514173998044920e-01,2.290000000000000000e+02
9.150000000000000274e-07,2.237135624232398368e-01,0.000000000000000000e+00,2.238514173998044920e-01,2.290000000000000000e+02
9.160000000000001025e-07,2.239575239575239407e-01,1.000000000000000000e+00,2.238514173998044920e-01,2.290000000000000000e+02
9.170000000000000718e-07,2.242014854918080724e-01,1.000000000000000000e+00,2.238514173998044920e-01,2.290000000000000000e+02
9.180000000000000410e-07,2.244454470260921763e-01,0.000000000000000000e+00,2.248289345063538558e-01,2.300000000000000000e+02
9.190000000000000103e-07,2.246894085603762803e-01,0.000000000000000000e+00,2.248289345063538558e-01,2.300000000000000000e+02
9.200000000000000854e-07,2.249333700946604120e-01,1.000000000000000000e+00,2.248289345063538558e-01,2.300000000000000000e+02
9.210000000000000547e-07,2.251773316289445159e-01,0.000000000000000000e+00,2.248289345063538558e-01,2.300000000000000000e+02
9.220000000000000239e-07,2.254212931632286476e-01,0.000000000000000000e+00,2.258064516129032195e-01,2.310000000000000000e+02
9.230000000000000991e-07,2.256652546975127516e-01,1.000000000000000000e+00,2.258064516129032195e-01,2.310000000000000000e+02
9.240000000000000683e-07,2.259092162317968555e-01,1.000000000000000000e+00,2.258064516129032195e-01,2.310000000000000000e+02
9.250000000000000376e-07,2.261531777660809872e-01,0.000000000000000000e+00,2.258064516129032195e-01,2.310000000000000000e+02
9.260000000000000068e-07,2.263971393003650912e-01,0.000000000000000000e+00,2.267839687194525833e-01,2.320000000000000000e+02
9.270000000000000819e-07,2.266411008346492229e-01,1.000000000000000000e+00,2.267839687194525833e-01,2.320000000000000000e+02
9.280000000000000512e-07,2.268850623689333268e-01,0.000000000000000000e+00,2.267839687194525833e-01,2.320000000000000000e+02
9.290000000000000204e-07,2.271290239032174307e-01,0.000000000000000000e+00,2.267839687194525833e-01,2.320000000000000000e+02
9.300000000000000956e-07,2.273729854375015624e-01,1.000000000000000000e+00,2.277614858260019470e-01,2.330000000000000000e+02
9.310000000000000648e-07,2.276169469717856664e-01,1.000000000000000000e+00,2.277614858260019470e-01,2.330000000000000000e+02
9.320000000000000341e-07,2.278609085060697981e-01,0.000000000000000000e+00,2.277614858260019470e-01,2.330000000000000000e+02
9.330000000000001092e-07,2.281048700403539020e-01,1.000000000000000000e+00,2.277614858260019470e-01,2.330000000000000000e+02
9.340000000000000784e-07,2.283488315746380060e-01,1.000000000000000000e+00,2.287390029325513108e-01,2.340000000000000000e+02
9.350000000000000477e-07,2.285927931089221377e-01,0.000000000000000000e+00,2.287390029325513108e-01,2.340000000000000000e+02
9.360000000000000169e-07,2.288367546432062416e-01,0.000000000000000000e+00,2.287390029325513108e-01,2.340000000000000000e+02
9.370000000000000921e-07,2.290807161774903733e-01,1.000000000000000000e+00,2.287390029325513108e-01,2.340000000000000000e+02
9.380000000000000613e-07,2.293246777117744772e-01,1.000000000000000000e+00,2.297165200391006745e-01,2.350000000000000000e+02
9.390000000000000306e-07,2.295686392460585812e-01,0.000000000000000000e+00,2.297165200391006745e-01,2.350000000000000000e+02
9.400000000000001057e-07,2.298126007803427129e-01,1.000000000000000000e+00,2.297165200391006745e-01,2.350000000000000000e+02
9.410000000000000749e-07,2.300565623146268168e-01,1.000000000000000000e+00,2.297165200391006745e-01,2.350000000000000000e+02
9.420000000000000442e-07,2.303005238489109485e-01,0.000000000000000000e+00,2.306940371456500383e-01,2.360000000000000000e+02
9.430000000000000134e-07,2.305444853831950525e-01,0.000000000000000000e+00,2.306940371456500383e-01,2.360000000000000000e+02
9.440000000000000886e-07,2.307884469174791564e-01,1.000000000000000000e+00,2.306940371456500383e-01,2.360000000000000000e+02
9.450000000000000578e-07,2.310324084517632881e-01,0.000000000000000000e+00,2.306940371456500383e-01,2.360000000000000000e+02
9.460000000000000271e-07,2.312763699860473920e-01,0.000000000000000000e+00,2.316715542521994020e-01,2.370000000000000000e+02
9.470000000000001022e-07,2.315203315203315237e-01,1.000000000000000000e+00,2.316715542521994020e-01,2.370000000000000000e+02
9.480000000000000715e-07,2.317642930546156277e-01,1.000000000000000000e+00,2.316715542521994020e-01,2.370000000000000000e+02
9.490000000000000407e-07,2.320082545888997316e-01,0.000000000000000000e+00,2.316715542521994020e-01,2.370000000000000000e+02
9.500000000000000100e-07,2.322522161231838633e-01,0.000000000000000000e+00,2.326490713587487658e-01,2.380000000000000000e+02
9.510000000000000851e-07,2.324961776574679673e-01,1.000000000000000000e+00,2.326490713587487658e-01,2.380000000000000000e+02
9.520000000000000543e-07,2.327401391917520990e-01,0.000000000000000000e+00,2.326490713587487658e-01,2.380000000000000000e+02
9.530000000000000236e-07,2.329841007260362029e-01,0.000000000000000000e+00,2.326490713587487658e-01,2.380000000000000000e+02
9.540000000000000987e-07,2.332280622603203069e-01,1.000000000000000000e+00,2.336265884652981295e-01,2.390000000000000000e+02
9.549999999999999621e-07,2.334720237946044386e-01,0.000000000000000000e+00,2.336265884652981295e-01,2.390000000000000000e+02
9.560000000000000372e-07,2.337159853288885425e-01,0.000000000000000000e+00,2.336265884652981295e-01,2.390000000000000000e+02
9.570000000000001123e-07,2.339599468631726742e-01,1.000000000000000000e+00,2.336265884652981295e-01,2.390000000000000000e+02
9.579999999999999757e-07,2.342039083974567781e-01,0.000000000000000000e+00,2.346041055718475210e-01,2.400000000000000000e+02
9.590000000000000508e-07,2.344478699317408821e-01,0.000000000000000000e+00,2.346041055718475210e-01,2.400000000000000000e+02
9.600000000000001260e-07,2.346918314660250138e-01,1.000000000000000000e+00,2.346041055718475210e-01,2.400000000000000000e+02
9.609999999999999893e-07,2.349357930003091177e-01,0.000000000000000000e+00,2.346041055718475210e-01,2.400000000000000000e+02
9.620000000000000645e-07,2.351797545345932217e-01,1.000000000000000000e+00,2.355816226783968848e-01,2.410000000000000000e+02
9.630000000000001396e-07,2.354237160688773534e-01,1.000000000000000000e+00,2.355816226783968848e-01,2.410000000000000000e+02
9.640000000000000030e-07,2.356676776031614573e-01,0.000000000000000000e+00,2.355816226783968848e-01,2.410000000000000000e+02
9.650000000000000781e-07,2.359116391374455890e-01,1.000000000000000000e+00,2.355816226783968848e-01,2.410000000000000000e+02
9.660000000000001532e-07,2.361556006717296929e-01,1.000000000000000000e+00,2.365591397849462485e-01,2.420000000000000000e+02
9.670000000000000166e-07,2.363995622060137969e-01,0.000000000000000000e+00,2.365591397849462485e-01,2.420000000000000000e+02
9.680000000000000917e-07,2.366435237402979286e-01,1.000000000000000000e+00,2.365591397849462485e-01,2.420000000000000000e+02
9.689999999999999551e-07,2.368874852745820325e-01,0.000000000000000000e+00,2.365591397849462485e-01,2.420000000000000000e+02
9.700000000000000302e-07,2.371314468088661642e-01,0.000000000000000000e+00,2.375366568914956122e-01,2.430000000000000000e+02
9.710000000000001053e-07,2.373754083431502682e-01,1.000000000000000000e+00,2.375366568914956122e-01,2.430000000000000000e+02
9.719999999999999687e-07,2.376193698774343721e-01,0.000000000000000000e+00,2.375366568914956122e-01,2.430000000000000000e+02
9.730000000000000438e-07,2.378633314117185038e-01,0.000000000000000000e+00,2.375366568914956122e-01,2.430000000000000000e+02
9.740000000000001190e-07,2.381072929460026077e-01,1.000000000000000000e+00,2.385141739980449760e-01,2.440000000000000000e+02
9.749999999999999823e-07,2.383512544802867394e-01,0.000000000000000000e+00,2.385141739980449760e-01,2.440000000000000000e+02
9.760000000000000575e-07,2.385952160145708434e-01,0.000000000000000000e+00,2.385141739980449760e-01,2.440000000000000000e+02
9.770000000000001326e-07,2.388391775488549473e-01,1.000000000000000000e+00,2.385141739980449760e-01,2.440000000000000000e+02
9.779999999999999960e-07,2.390831390831390790e-01,0.000000000000000000e+00,2.394916911045943397e-01,2.450000000000000000e+02
9.790000000000000711e-07,2.393271006174231830e-01,1.000000000000000000e+00,2.394916911045943397e-01,2.450000000000000000e+02
9.800000000000001462e-07,2.395710621517073147e-01,1.000000000000000000e+00,2.394916911045943397e-01,2.450000000000000000e+02
9.810000000000000096e-07,2.398150236859914186e-01,0.000000000000000000e+00,2.394916911045943397e-01,2.450000000000000000e+02
9.820000000000000847e-07,2.400589852202755226e-01,1.000000000000000000e+00,2.404692082111437035e-01,2.460000000000000000e+02
9.830000000000001599e-07,2.403029467545596543e-01,1.000000000000000000e+00,2.404692082111437035e-01,2.460000000000000000e+02
9.840000000000000232e-07,2.405469082888437582e-01,0.000000000000000000e+00,2.404692082111437035e-01,2.460000000000000000e+02
9.850000000000000984e-07,2.407908698231278899e-01,1.000000000000000000e+00,2.404692082111437035e-01,2.460000000000000000e+02
9.859999999999999617e-07,2.410348313574119938e-01,0.000000000000000000e+00,2.414467253176930672e-01,2.470000000000000000e+02
9.870000000000000369e-07,2.412787928916960978e-01,0.000000000000000000e+00,2.414467253176930672e-01,2.470000000000000000e+02
9.880000000000001120e-07,2.415227544259802295e-01,1.000000000000000000e+00,2.414467253176930672e-01,2.470000000000000000e+02
9.889999999999999754e-07,2.417667159602643334e-01,0.000000000000000000e+00,2.414467253176930672e-01,2.470000000000000000e+02
9.900000000000000505e-07,2.420106774945484651e-01,0.000000000000000000e+00,2.424242424242424310e-01,2.480000000000000000e+02
9.910000000000001256e-07,2.422546390288325691e-01,1.000000000000000000e+00,2.424242424242424310e-01,2.480000000000000000e+02
9.919999999999999890e-07,2.424986005631166730e-01,0.000000000000000000e+00,2.424242424242424310e-01,2.480000000000000000e+02
9.930000000000000641e-07,2.427425620974008047e-01,1.000000000000000000e+00,2.424242424242424310e-01,2.480000000000000000e+02
9.940000000000001392e-07,2.429865236316849086e-01,1.000000000000000000e+00,2.434017595307917947e-01,2.490000000000000000e+02
9.950000000000000026e-07,2.432304851659690403e-01,0.000000000000000000e+00,2.434017595307917947e-01,2.490000000000000000e+02
9.960000000000000777e-07,2.434744467002531443e-01,1.000000000000000000e+00,2.434017595307917947e-01,2.490000000000000000e+02
9.970000000000001529e-07,2.437184082345372482e-01,1.000000000000000000e+00,2.434017595307917947e-01,2.490000000000000000e+02
9.980000000000000162e-07,2.439623697688213799e-01,0.000000000000000000e+00,2.443792766373411585e-01,2.500000000000000000e+02
9.990000000000000914e-07,2.442063313031054839e-01,1.000000000000000000e+00,2.443792766373411585e-01,2.500000000000000000e+02
1.000000000000000167e-06,2.444502928373896156e-01,1.000000000000000000e+00,2.443792766373411585e-01,2.500000000000000000e+02
1.001000000000000030e-06,2.446942543716737195e-01,0.000000000000000000e+00,2.443792766373411585e-01,2.500000000000000000e+02
1.002000000000000105e-06,2.449382159059578234e-01,1.000000000000000000e+00,2.453567937438905222e-01,2.510000000000000000e+02
1.002999999999999968e-06,2.451821774402419551e-01,0.000000000000000000e+00,2.453567937438905222e-01,2.510000000000000000e+02
1.004000000000000044e-06,2.454261389745260591e-01,0.000000000000000000e+00,2.453567937438905222e-01,2.510000000000000000e+02
1.005000000000000119e-06,2.456701005088101630e-01,1.000000000000000000e+00,2.453567937438905222e-01,2.510000000000000000e+02
1.005999999999999982e-06,2.459140620430942947e-01,0.000000000000000000e+00,2.463343108504398860e-01,2.520000000000000000e+02
1.007000000000000057e-06,2.461580235773783987e-01,0.000000000000000000e+00,2.463343108504398860e-01,2.520000000000000000e+02
1.008000000000000132e-06,2.464019851116625304e-01,1.000000000000000000e+00,2.463343108504398860e-01,2.520000000000000000e+02
1.008999999999999996e-06,2.466459466459466343e-01,0.000000000000000000e+00,2.463343108504398860e-01,2.520000000000000000e+02
1.010000000000000071e-06,2.468899081802307383e-01,1.000000000000000000e+00,2.473118279569892497e-01,2.530000000000000000e+02
1.011000000000000146e-06,2.471338697145148700e-01,1.000000000000000000e+00,2.473118279569892497e-01,2.530000000000000000e+02
1.012000000000000009e-06,2.473778312487989739e-01,0.000000000000000000e+00,2.473118279569892497e-01,2.530000000000000000e+02
1.013000000000000084e-06,2.476217927830831056e-01,1.000000000000000000e+00,2.473118279569892497e-01,2.530000000000000000e+02
1.014000000000000160e-06,2.478657543173672095e-01,1.000000000000000000e+00,2.482893450635386134e-01,2.540000000000000000e+02
1.015000000000000023e-06,2.481097158516513135e-01,0.000000000000000000e+00,2.482893450635386134e-01,2.540000000000000000e+02
1.016000000000000098e-06,2.483536773859354452e-01,1.000000000000000000e+00,2.482893450635386134e-01,2.540000000000000000e+02
1.016999999999999961e-06,2.485976389202195491e-01,0.000000000000000000e+00,2.482893450635386134e-01,2.540000000000000000e+02
1.018000000000000037e-06,2.488416004545036808e-01,0.000000000000000000e+00,2.492668621700879772e-01,2.550000000000000000e+02
1.019000000000000112e-06,2.490855619887877848e-01,1.000000000000000000e+00,2.492668621700879772e-01,2.550000000000000000e+02
1.019999999999999975e-06,2.493295235230718887e-01,0.000000000000000000e+00,2.492668621700879772e-01,2.550000000000000000e+02
1.021000000000000050e-06,2.495734850573560204e-01,0.000000000000000000e+00,2.492668621700879772e-01,2.550000000000000000e+02
1.022000000000000125e-06,2.498174465916401243e-01,1.000000000000000000e+00,2.502443792766373409e-01,2.560000000000000000e+02
1.022999999999999989e-06,2.500614081259242560e-01,0.000000000000000000e+00,2.502443792766373409e-01,2.560000000000000000e+02
1.024000000000000064e-06,2.503053696602083877e-01,1.000000000000000000e+00,2.502443792766373409e-01,2.560000000000000000e+02
1.025000000000000139e-06,2.505493311944924639e-01,1.000000000000000000e+00,2.502443792766373409e-01,2.560000000000000000e+02
1.026000000000000002e-06,2.507932927287765956e-01,0.000000000000000000e+00,2.512218963831867047e-01,2.570000000000000000e+02
1.027000000000000077e-06,2.510372542630607273e-01,1.000000000000000000e+00,2.512218963831867047e-01,2.570000000000000000e+02
1.028000000000000153e-06,2.512812157973448035e-01,1.000000000000000000e+00,2.512218963831867047e-01,2.570000000000000000e+02
1.029000000000000016e-06,2.515251773316289352e-01,0.000000000000000000e+00,2.512218963831867047e-01,2.570000000000000000e+02
1.030000000000000091e-06,2.517691388659130669e-01,1.000000000000000000e+00,2.521994134897360684e-01,2.580000000000000000e+02
1.031000000000000166e-06,2.520131004001971431e-01,1.000000000000000000e+00,2.521994134897360684e-01,2.580000000000000000e+02
1.032000000000000030e-06,2.522570619344812748e-01,0.000000000000000000e+00,2.521994134897360684e-01,2.580000000000000000e+02
1.033000000000000105e-06,2.525010234687654065e-01,1.000000000000000000e+00,2.521994134897360684e-01,2.580000000000000000e+02
1.033999999999999968e-06,2.527449850030494827e-01,0.000000000000000000e+00,2.531769305962854322e-01,2.590000000000000000e+02
1.035000000000000043e-06,2.529889465373336144e-01,0.000000000000000000e+00,2.531769305962854322e-01,2.590000000000000000e+02
1.036000000000000118e-06,2.532329080716177461e-01,1.000000000000000000e+00,2.531769305962854322e-01,2.590000000000000000e+02
1.036999999999999982e-06,2.534768696059018778e-01,0.000000000000000000e+00,2.531769305962854322e-01,2.590000000000000000e+02
1.038000000000000057e-06,2.537208311401859540e-01,0.000000000000000000e+00,2.541544477028347959e-01,2.600000000000000000e+02
1.039000000000000132e-06,2.539647926744700857e-01,1.000000000000000000e+00,2.541544477028347959e-01,2.600000000000000000e+02
1.039999999999999995e-06,2.542087542087542174e-01,0.000000000000000000e+00,2.541544477028347959e-01,2.600000000000000000e+02
1.041000000000000070e-06,2.544527157430382935e-01,1.000000000000000000e+00,2.541544477028347959e-01,2.600000000000000000e+02
1.042000000000000146e-06,2.546966772773224252e-01,1.000000000000000000e+00,2.551319648093841597e-01,2.610000000000000000e+02
1.043000000000000009e-06,2.549406388116065569e-01,0.000000000000000000e+00,2.551319648093841597e-01,2.610000000000000000e+02
1.044000000000000084e-06,2.551846003458906331e-01,1.000000000000000000e+00,2.551319648093841597e-01,2.610000000000000000e+02
1.045000000000000159e-06,2.554285618801747648e-01,1.000000000000000000e+00,2.551319648093841597e-01,2.610000000000000000e+02
1.046000000000000023e-06,2.556725234144588965e-01,0.000000000000000000e+00,2.561094819159335234e-01,2.620000000000000000e+02
1.047000000000000098e-06,2.559164849487430282e-01,1.000000000000000000e+00,2.561094819159335234e-01,2.620000000000000000e+02
1.047999999999999961e-06,2.561604464830271044e-01,0.000000000000000000e+00,2.561094819159335234e-01,2.620000000000000000e+02
1.049000000000000036e-06,2.564044080173112361e-01,0.000000000000000000e+00,2.561094819159335234e-01,2.620000000000000000e+02
1.050000000000000111e-06,2.566483695515953678e-01,1.000000000000000000e+00,2.570869990224828872e-01,2.630000000000000000e+02
1.050999999999999975e-06,2.568923310858794440e-01,0.000000000000000000e+00,2.570869990224828872e-01,2.630000000000000000e+02
1.052000000000000050e-06,2.571362926201635757e-01,0.000000000000000000e+00,2.570869990224828872e-01,2.630000000000000000e+02
1.053000000000000125e-06,2.573802541544477074e-01,1.000000000000000000e+00,2.570869990224828872e-01,2.630000000000000000e+02
1.053999999999999988e-06,2.576242156887317836e-01,0.000000000000000000e+00,2.580645161290322509e-01,2.640000000000000000e+02
1.055000000000000063e-06,2.578681772230159153e-01,0.000000000000000000e+00,2.580645161290322509e-01,2.640000000000000000e+02
1.056000000000000139e-06,2.581121387573000470e-01,1.000000000000000000e+00,2.580645161290322509e-01,2.640000000000000000e+02
1.057000000000000002e-06,2.583561002915841787e-01,0.000000000000000000e+00,2.580645161290322509e-01,2.640000000000000000e+02
1.058000000000000077e-06,2.586000618258682549e-01,1.000000000000000000e+00,2.590420332355816146e-01,2.650000000000000000e+02
1.059000000000000152e-06,2.588440233601523865e-01,1.000000000000000000e+00,2.590420332355816146e-01,2.650000000000000000e+02
1.060000000000000016e-06,2.590879848944365182e-01,0.000000000000000000e+00,2.590420332355816146e-01,2.650000000000000000e+02
1.061000000000000091e-06,2.593319464287205944e-01,1.000000000000000000e+00,2.590420332355816146e-01,2.650000000000000000e+02
1.062000000000000166e-06,2.595759079630047261e-01,1.000000000000000000e+00,2.600195503421309784e-01,2.660000000000000000e+02
1.063000000000000029e-06,2.598198694972888578e-01,0.000000000000000000e+00,2.600195503421309784e-01,2.660000000000000000e+02
1.064000000000000104e-06,2.600638310315729340e-01,1.000000000000000000e+00,2.600195503421309784e-01,2.660000000000000000e+02
1.064999999999999968e-06,2.603077925658570657e-01,0.000000000000000000e+00,2.600195503421309784e-01,2.660000000000000000e+02
1.066000000000000043e-06,2.605517541001411974e-01,0.000000000000000000e+00,2.609970674486803421e-01,2.670000000000000000e+02
1.067000000000000118e-06,2.607957156344253291e-01,1.000000000000000000e+00,2.609970674486803421e-01,2.670000000000000000e+02
1.067999999999999981e-06,2.610396771687094053e-01,0.000000000000000000e+00,2.609970674486803421e-01,2.670000000000000000e+02
1.069000000000000056e-06,2.612836387029935370e-01,0.000000000000000000e+00,2.609970674486803421e-01,2.670000000000000000e+02
1.070000000000000132e-06,2.615276002372776687e-01,1.000000000000000000e+00,2.619745845552297059e-01,2.680000000000000000e+02
1.070999999999999995e-06,2.617715617715617449e-01,0.000000000000000000e+00,2.619745845552297059e-01,2.680000000000000000e+02
1.072000000000000070e-06,2.620155233058458766e-01,1.000000000000000000e+00,2.619745845552297059e-01,2.680000000000000000e+02
1.073000000000000145e-06,2.622594848401300083e-01,1.000000000000000000e+00,2.619745845552297059e-01,2.680000000000000000e+02
1.074000000000000009e-06,2.625034463744140845e-01,0.000000000000000000e+00,2.629521016617790696e-01,2.690000000000000000e+02
1.075000000000000084e-06,2.627474079086982162e-01,1.000000000000000000e+00,2.629521016617790696e-01,2.690000000000000000e+02
1.076000000000000159e-06,2.629913694429823479e-01,1.000000000000000000e+00,2.629521016617790696e-01,2.690000000000000000e+02
1.077000000000000022e-06,2.632353309772664240e-01,0.000000000000000000e+00,2.629521016617790696e-01,2.690000000000000000e+02
1.078000000000000097e-06,2.634792925115505557e-01,1.000000000000000000e+00,2.639296187683284334e-01,2.700000000000000000e+02
1.079000000000000172e-06,2.637232540458346874e-01,1.000000000000000000e+00,2.639296187683284334e-01,2.700000000000000000e+02
1.080000000000000036e-06,2.639672155801188191e-01,0.000000000000000000e+00,2.639296187683284334e-01,2.700000000000000000e+02
1.081000000000000111e-06,2.642111771144028953e-01,1.000000000000000000e+00,2.639296187683284334e-01,2.700000000000000000e+02
1.081999999999999974e-06,2.644551386486870270e-01,0.000000000000000000e+00,2.649071358748777971e-01,2.710000000000000000e+02
1.083000000000000049e-06,2.646991001829711587e-01,0.000000000000000000e+00,2.649071358748777971e-01,2.710000000000000000e+02
1.084000000000000125e-06,2.649430617172552349e-01,1.000000000000000000e+00,2.649071358748777971e-01,2.710000000000000000e+02
1.084999999999999988e-06,2.651870232515393666e-01,0.000000000000000000e+00,2.649071358748777971e-01,2.710000000000000000e+02
1.086000000000000063e-06,2.654309847858234983e-01,0.000000000000000000e+00,2.658846529814271609e-01,2.720000000000000000e+02
1.087000000000000138e-06,2.656749463201075745e-01,1.000000000000000000e+00,2.658846529814271609e-01,2.720000000000000000e+02
1.088000000000000002e-06,2.659189078543917062e-01,0.000000000000000000e+00,2.658846529814271609e-01,2.720000000000000000e+02
1.089000000000000077e-06,2.661628693886758379e-01,1.000000000000000000e+00,2.658846529814271609e-01,2.720000000000000000e+02
1.090000000000000152e-06,2.664068309229599696e-01,1.000000000000000000e+00,2.668621700879765246e-01,2.730000000000000000e+02
1.091000000000000015e-06,2.666507924572440458e-01,0.000000000000000000e+00,2.668621700879765246e-01,2.730000000000000000e+02
1.092000000000000090e-06,2.668947539915281775e-01,1.000000000000000000e+00,2.668621700879765246e-01,2.730000000000000000e+02
1.093000000000000165e-06,2.671387155258123092e-01,1.000000000000000000e+00,2.668621700879765246e-01,2.730000000000000000e+02
1.094000000000000029e-06,2.673826770600963854e-01,0.000000000000000000e+00,2.678396871945258884e-01,2.740000000000000000e+02
1.095000000000000104e-06,2.676266385943805171e-01,1.000000000000000000e+00,2.678396871945258884e-01,2.740000000000000000e+02
1.095999999999999967e-06,2.678706001286646488e-01,0.000000000000000000e+00,2.678396871945258884e-01,2.740000000000000000e+02
1.097000000000000042e-06,2.681145616629487249e-01,0.000000000000000000e+00,2.678396871945258884e-01,2.740000000000000000e+02
1.098000000000000118e-06,2.683585231972328566e-01,1.000000000000000000e+00,2.688172043010752521e-01,2.750000000000000000e+02
1.098999999999999981e-06,2.686024847315169883e-01,0.000000000000000000e+00,2.688172043010752521e-01,2.750000000000000000e+02
1.100000000000000056e-06,2.688464462658011200e-01,0.000000000000000000e+00,2.688172043010752521e-01,2.750000000000000000e+02
1.101000000000000131e-06,2.690904078000851962e-01,1.000000000000000000e+00,2.688172043010752521e-01,2.750000000000000000e+02
1.101999999999999995e-06,2.693343693343693279e-01,0.000000000000000000e+00,2.697947214076246158e-01,2.760000000000000000e+02
1.103000000000000070e-06,2.695783308686534596e-01,1.000000000000000000e+00,2.697947214076246158e-01,2.760000000000000000e+02
1.104000000000000145e-06,2.698222924029375358e-01,1.000000000000000000e+00,2.697947214076246158e-01,2.760000000000000000e+02
1.105000000000000008e-06,2.700662539372216675e-01,0.000000000000000000e+00,2.697947214076246158e-01,2.760000000000000000e+02
1.106000000000000083e-06,2.703102154715057992e-01,1.000000000000000000e+00,2.707722385141739796e-01,2.770000000000000000e+02
1.107000000000000158e-06,2.705541770057898754e-01,1.000000000000000000e+00,2.707722385141739796e-01,2.770000000000000000e+02
1.108000000000000022e-06,2.707981385400740071e-01,0.000000000000000000e+00,2.707722385141739796e-01,2.770000000000000000e+02
1.109000000000000097e-06,2.710421000743581388e-01,1.000000000000000000e+00,2.707722385141739796e-01,2.770000000000000000e+02
1.110000000000000172e-06,2.712860616086422705e-01,1.000000000000000000e+00,2.717497556207233433e-01,2.780000000000000000e+02
1.111000000000000035e-06,2.715300231429263467e-01,0.000000000000000000e+00,2.717497556207233433e-01,2.780000000000000000e+02
1.112000000000000111e-06,2.717739846772104784e-01,1.000000000000000000e+00,2.717497556207233433e-01,2.780000000000000000e+02
1.112999999999999974e-06,2.720179462114946101e-01,0.000000000000000000e+00,2.717497556207233433e-01,2.780000000000000000e+02
1.114000000000000049e-06,2.722619077457786863e-01,0.000000000000000000e+00,2.727272727272727071e-01,2.790000000000000000e+02
1.115000000000000124e-06,2.725058692800628179e-01,1.000000000000000000e+00,2.727272727272727071e-01,2.790000000000000000e+02
1.115999999999999988e-06,2.727498308143469496e-01,0.000000000000000000e+00,2.727272727272727071e-01,2.790000000000000000e+02
1.117000000000000063e-06,2.729937923486310258e-01,0.000000000000000000e+00,2.727272727272727071e-01,2.790000000000000000e+02
1.118000000000000138e-06,2.732377538829151575e-01,1.000000000000000000e+00,2.737047898338220708e-01,2.800000000000000000e+02
1.119000000000000001e-06,2.734817154171992892e-01,0.000000000000000000e+00,2.737047898338220708e-01,2.800000000000000000e+02
1.120000000000000076e-06,2.737256769514833654e-01,1.000000000000000000e+00,2.737047898338220708e-01,2.800000000000000000e+02
1.121000000000000152e-06,2.739696384857674971e-01,1.000000000000000000e+00,2.737047898338220708e-01,2.800000000000000000e+02
1.122000000000000015e-06,2.742136000200516288e-01,0.000000000000000000e+00,2.746823069403714346e-01,2.810000000000000000e+02
1.123000000000000090e-06,2.744575615543357605e-01,1.000000000000000000e+00,2.746823069403714346e-01,2.810000000000000000e+02
1.124000000000000165e-06,2.747015230886198367e-01,1.000000000000000000e+00,2.746823069403714346e-01,2.810000000000000000e+02
1.125000000000000029e-06,2.749454846229039684e-01,0.000000000000000000e+00,2.746823069403714346e-01,2.810000000000000000e+02
1.126000000000000104e-06,2.751894461571881001e-01,1.000000000000000000e+00,2.756598240469207983e-01,2.820000000000000000e+02
1.126999999999999967e-06,2.754334076914721763e-01,0.000000000000000000e+00,2.756598240469207983e-01,2.820000000000000000e+02
1.128000000000000042e-06,2.756773692257563080e-01,0.000000000000000000e+00,2.756598240469207983e-01,2.820000000000000000e+02
1.129000000000000117e-06,2.759213307600404397e-01,1.000000000000000000e+00,2.756598240469207983e-01,2.820000000000000000e+02
1.129999999999999981e-06,2.761652922943245159e-01,0.000000000000000000e+00,2.766373411534701621e-01,2.830000000000000000e+02
1.131000000000000056e-06,2.764092538286086476e-01,0.000000000000000000e+00,2.766373411534701621e-01,2.830000000000000000e+02
1.132000000000000131e-06,2.766532153628927793e-01,1.000000000000000000e+00,2.766373411534701621e-01,2.830000000000000000e+02
1.132999999999999994e-06,2.768971768971769110e-01,0.000000000000000000e+00,2.766373411534701621e-01,2.830000000000000000e+02
1.134000000000000069e-06,2.771411384314609871e-01,0.000000000000000000e+00,2.776148582600195258e-01,2.840000000000000000e+02
1.135000000000000145e-06,2.773850999657451188e-01,1.000000000000000000e+00,2.776148582600195258e-01,2.840000000000000000e+02
1.136000000000000008e-06,2.776290615000292505e-01,0.000000000000000000e+00,2.776148582600195258e-01,2.840000000000000000e+02
1.137000000000000083e-06,2.778730230343133267e-01,1.000000000000000000e+00,2.776148582600195258e-01,2.840000000000000000e+02
1.138000000000000158e-06,2.781169845685974584e-01,1.000000000000000000e+00,2.785923753665688896e-01,2.850000000000000000e+02
1.139000000000000022e-06,2.783609461028815901e-01,0.000000000000000000e+00,2.785923753665688896e-01,2.850000000000000000e+02
1.140000000000000097e-06,2.786049076371656663e-01,1.000000000000000000e+00,2.785923753665688896e-01,2.850000000000000000e+02
1.141000000000000172e-06,2.788488691714497980e-01,1.000000000000000000e+00,2.785923753665688896e-01,2.850000000000000000e+02
1.142000000000000035e-06,2.790928307057339297e-01,0.000000000000000000e+00,2.795698924731182533e-01,2.860000000000000000e+02
1.143000000000000110e-06,2.793367922400180614e-01,1.000000000000000000e+00,2.795698924731182533e-01,2.860000000000000000e+02
1.143999999999999974e-06,2.795807537743021376e-01,0.000000000000000000e+00,2.795698924731182533e-01,2.860000000000000000e+02
1.145000000000000049e-06,2.798247153085862693e-01,0.000000000000000000e+00,2.795698924731182533e-01,2.860000000000000000e+02
1.146000000000000124e-06,2.800686768428704010e-01,1.000000000000000000e+00,2.805474095796676171e-01,2.870000000000000000e+02
1.146999999999999987e-06,2.803126383771544772e-01,0.000000000000000000e+00,2.805474095796676171e-01,2.870000000000000000e+02
1.148000000000000062e-06,2.805565999114386089e-01,0.000000000000000000e+00,2.805474095796676171e-01,2.870000000000000000e+02
1.149000000000000138e-06,2.808005614457227406e-01,1.000000000000000000e+00,2.805474095796676171e-01,2.870000000000000000e+02
1.150000000000000001e-06,2.810445229800068168e-01,0.000000000000000000e+00,2.815249266862169808e-01,2.880000000000000000e+02
1.151000000000000076e-06,2.812884845142909485e-01,1.000000000000000000e+00,2.815249266862169808e-01,2.880000000000000000e+02
1.152000000000000151e-06,2.815324460485750802e-01,1.000000000000000000e+00,2.815249266862169808e-01,2.880000000000000000e+02
1.153000000000000015e-06,2.817764075828592119e-01,0.000000000000000000e+00,2.815249266862169808e-01,2.880000000000000000e+02
1.154000000000000090e-06,2.820203691171432880e-01,1.000000000000000000e+00,2.825024437927664001e-01,2.890000000000000000e+02
1.155000000000000165e-06,2.822643306514274197e-01,1.000000000000000000e+00,2.825024437927664001e-01,2.890000000000000000e+02
1.156000000000000028e-06,2.825082921857115514e-01,0.000000000000000000e+00,2.825024437927664001e-01,2.890000000000000000e+02
1.157000000000000103e-06,2.827522537199956276e-01,1.000000000000000000e+00,2.825024437927664001e-01,2.890000000000000000e+02
1.157999999999999967e-06,2.829962152542797593e-01,0.000000000000000000e+00,2.834799608993157638e-01,2.900000000000000000e+02
1.159000000000000042e-06,2.832401767885638910e-01,0.000000000000000000e+00,2.834799608993157638e-01,2.900000000000000000e+02
1.160000000000000117e-06,2.834841383228479672e-01,1.000000000000000000e+00,2.834799608993157638e-01,2.900000000000000000e+02
1.160999999999999980e-06,2.837280998571320989e-01,0.000000000000000000e+00,2.834799608993157638e-01,2.900000000000000000e+02
1.162000000000000055e-06,2.839720613914162306e-01,0.000000000000000000e+00,2.844574780058651275e-01,2.910000000000000000e+02
1.163000000000000131e-06,2.842160229257003068e-01,1.000000000000000000e+00,2.844574780058651275e-01,2.910000000000000000e+02
1.163999999999999994e-06,2.844599844599844385e-01,0.000000000000000000e+00,2.844574780058651275e-01,2.910000000000000000e+02
1.165000000000000069e-06,2.847039459942685702e-01,0.000000000000000000e+00,2.844574780058651275e-01,2.910000000000000000e+02
1.166000000000000144e-06,2.849479075285527019e-01,1.000000000000000000e+00,2.854349951124144913e-01,2.920000000000000000e+02
1.167000000000000008e-06,2.851918690628367781e-01,0.000000000000000000e+00,2.854349951124144913e-01,2.920000000000000000e+02
1.168000000000000083e-06,2.854358305971209098e-01,1.000000000000000000e+00,2.854349951124144913e-01,2.920000000000000000e+02
1.169000000000000158e-06,2.856797921314050415e-01,1.000000000000000000e+00,2.854349951124144913e-01,2.920000000000000000e+02
1.170000000000000021e-06,2.859237536656891177e-01,0.000000000000000000e+00,2.854349951124144913e-01,2.920000000000000000e+02
1.171000000000000096e-06,2.861677151999732494e-01,1.000000000000000000e+00,2.864125122189638550e-01,2.930000000000000000e+02
1.172000000000000171e-06,2.864116767342573810e-01,1.000000000000000000e+00,2.864125122189638550e-01,2.930000000000000000e+02
1.173000000000000035e-06,2.866556382685414572e-01,0.000000000000000000e+00,2.864125122189638550e-01,2.930000000000000000e+02
1.174000000000000110e-06,2.868995998028255889e-01,1.000000000000000000e+00,2.864125122189638550e-01,2.930000000000000000e+02
1.174999999999999973e-06,2.871435613371097206e-01,0.000000000000000000e+00,2.873900293255132188e-01,2.940000000000000000e+02
1.176000000000000048e-06,2.873875228713938523e-01,0.000000000000000000e+00,2.873900293255132188e-01,2.940000000000000000e+02
1.177000000000000124e-06,2.876314844056779285e-01,1.000000000000000000e+00,2.873900293255132188e-01,2.940000000000000000e+02
1.177999999999999987e-06,2.878754459399620602e-01,0.000000000000000000e+00,2.873900293255132188e-01,2.940000000000000000e+02
1.179000000000000062e-06,2.881194074742461919e-01,0.000000000000000000e+00,2.883675464320625825e-01,2.950000000000000000e+02
1.180000000000000137e-06,2.883633690085302681e-01,1.000000000000000000e+00,2.883675464320625825e-01,2.950000000000000000e+02
1.181000000000000001e-06,2.886073305428143998e-01,0.000000000000000000e+00,2.883675464320625825e-01,2.950000000000000000e+02
1.182000000000000076e-06,2.888512920770985315e-01,1.000000000000000000e+00,2.883675464320625825e-01,2.950000000000000000e+02
1.183000000000000151e-06,2.890952536113826077e-01,1.000000000000000000e+00,2.893450635386119463e-01,2.960000000000000000e+02
1.184000000000000014e-06,2.893392151456667394e-01,0.000000000000000000e+00,2.893450635386119463e-01,2.960000000000000000e+02
1.185000000000000089e-06,2.895831766799508711e-01,1.000000000000000000e+00,2.893450635386119463e-01,2.960000000000000000e+02
1.186000000000000164e-06,2.898271382142350028e-01,1.000000000000000000e+00,2.893450635386119463e-01,2.960000000000000000e+02
1.187000000000000028e-06,2.900710997485190790e-01,0.000000000000000000e+00,2.903225806451613100e-01,2.970000000000000000e+02
1.188000000000000103e-06,2.903150612828032107e-01,1.000000000000000000e+00,2.903225806451613100e-01,2.970000000000000000e+02
1.189000000000000178e-06,2.905590228170873424e-01,1.000000000000000000e+00,2.903225806451613100e-01,2.970000000000000000e+02
1.190000000000000041e-06,2.908029843513714185e-01,0.000000000000000000e+00,2.903225806451613100e-01,2.970000000000000000e+02
1.191000000000000117e-06,2.910469458856555502e-01,1.000000000000000000e+00,2.913000977517106738e-01,2.980000000000000000e+02
1.191999999999999980e-06,2.912909074199396819e-01,0.000000000000000000e+00,2.913000977517106738e-01,2.980000000000000000e+02
1.193000000000000055e-06,2.915348689542237581e-01,0.000000000000000000e+00,2.913000977517106738e-01,2.980000000000000000e+02
1.194000000000000130e-06,2.917788304885078898e-01,1.000000000000000000e+00,2.913000977517106738e-01,2.980000000000000000e+02
1.194999999999999994e-06,2.920227920227920215e-01,0.000000000000000000e+00,2.922776148582600375e-01,2.990000000000000000e+02
1.196000000000000069e-06,2.922667535570761532e-01,0.000000000000000000e+00,2.922776148582600375e-01,2.990000000000000000e+02
1.197000000000000144e-06,2.925107150913602294e-01,1.000000000000000000e+00,2.922776148582600375e-01,2.990000000000000000e+02
1.198000000000000007e-06,2.927546766256443611e-01,0.000000000000000000e+00,2.922776148582600375e-01,2.990000000000000000e+02
1.199000000000000082e-06,2.929986381599284928e-01,1.000000000000000000e+00,2.932551319648094013e-01,3.000000000000000000e+02
1.200000000000000157e-06,2.932425996942125690e-01,1.000000000000000000e+00,2.932551319648094013e-01,3.000000000000000000e+02
1.201000000000000021e-06,2.934865612284967007e-01,0.000000000000000000e+00,2.932551319648094013e-01,3.000000000000000000e+02
1.202000000000000096e-06,2.937305227627808324e-01,1.000000000000000000e+00,2.932551319648094013e-01,3.000000000000000000e+02
1.203000000000000171e-06,2.939744842970649086e-01,1.000000000000000000e+00,2.942326490713587650e-01,3.010000000000000000e+02
1.204000000000000034e-06,2.942184458313490403e-01,0.000000000000000000e+00,2.942326490713587650e-01,3.010000000000000000e+02
1.205000000000000110e-06,2.944624073656331720e-01,1.000000000000000000e+00,2.942326490713587650e-01,3.010000000000000000e+02
1.205999999999999973e-06,2.947063688999172482e-01,0.000000000000000000e+00,2.942326490713587650e-01,3.010000000000000000e+02
1.207000000000000048e-06,2.949503304342013799e-01,0.000000000000000000e+00,2.952101661779081287e-01,3.020000000000000000e+02
1.208000000000000123e-06,2.951942919684855116e-01,1.000000000000000000e+00,2.952101661779081287e-01,3.020000000000000000e+02
1.208999999999999987e-06,2.954382535027696433e-01,0.000000000000000000e+00,2.952101661779081287e-01,3.020000000000000000e+02
1.210000000000000062e-06,2.956822150370537194e-01,0.000000000000000000e+00,2.952101661779081287e-01,3.020000000000000000e+02
1.211000000000000137e-06,2.959261765713378511e-01,1.000000000000000000e+00,2.961876832844574925e-01,3.030000000000000000e+02
1.212000000000000000e-06,2.961701381056219828e-01,0.000000000000000000e+00,2.961876832844574925e-01,3.030000000000000000e+02
1.213000000000000075e-06,2.964140996399060590e-01,0.000000000000000000e+00,2.961876832844574925e-01,3.030000000000000000e+02
1.214000000000000150e-06,2.966580611741901907e-01,1.000000000000000000e+00,2.961876832844574925e-01,3.030000000000000000e+02
1.215000000000000014e-06,2.969020227084743224e-01,0.000000000000000000e+00,2.971652003910068562e-01,3.040000000000000000e+02
1.216000000000000089e-06,2.971459842427583986e-01,1.000000000000000000e+00,2.971652003910068562e-01,3.040000000000000000e+02
1.217000000000000164e-06,2.973899457770425303e-01,1.000000000000000000e+00,2.971652003910068562e-01,3.040000000000000000e+02
1.218000000000000027e-06,2.976339073113266620e-01,0.000000000000000000e+00,2.971652003910068562e-01,3.040000000000000000e+02
1.219000000000000103e-06,2.978778688456107937e-01,1.000000000000000000e+00,2.981427174975562200e-01,3.050000000000000000e+02
1.220000000000000178e-06,2.981218303798948699e-01,1.000000000000000000e+00,2.981427174975562200e-01,3.050000000000000000e+02
1.221000000000000041e-06,2.983657919141790016e-01,0.000000000000000000e+00,2.981427174975562200e-01,3.050000000000000000e+02
1.222000000000000116e-06,2.986097534484631333e-01,1.000000000000000000e+00,2.981427174975562200e-01,3.050000000000000000e+02
1.222999999999999980e-06,2.988537149827472095e-01,0.000000000000000000e+00,2.991202346041055837e-01,3.060000000000000000e+02
1.224000000000000055e-06,2.990976765170313412e-01,0.000000000000000000e+00,2.991202346041055837e-01,3.060000000000000000e+02
1.225000000000000130e-06,2.993416380513154729e-01,1.000000000000000000e+00,2.991202346041055837e-01,3.060000000000000000e+02
1.225999999999999993e-06,2.995855995855995491e-01,0.000000000000000000e+00,2.991202346041055837e-01,3.060000000000000000e+02
1.227000000000000068e-06,2.998295611198836808e-01,0.000000000000000000e+00,3.000977517106549475e-01,3.070000000000000000e+02
1.228000000000000143e-06,3.000735226541678125e-01,1.000000000000000000e+00,3.000977517106549475e-01,3.070000000000000000e+02
1.229000000000000007e-06,3.003174841884519441e-01,0.000000000000000000e+00,3.000977517106549475e-01,3.070000000000000000e+02
1.230000000000000082e-06,3.005614457227360203e-01,1.000000000000000000e+00,3.000977517106549475e-01,3.070000000000000000e+02
1.231000000000000157e-06,3.008054072570201520e-01,1.000000000000000000e+00,3.010752688172043112e-01,3.080000000000000000e+02
1.232000000000000020e-06,3.010493687913042837e-01,0.000000000000000000e+00,3.010752688172043112e-01,3.080000000000000000e+02
1.233000000000000096e-06,3.012933303255883599e-01,1.000000000000000000e+00,3.010752688172043112e-01,3.080000000000000000e+02
1.234000000000000171e-06,3.015372918598724916e-01,1.000000000000000000e+00,3.010752688172043112e-01,3.080000000000000000e+02
1.235000000000000034e-06,3.017812533941566233e-01,0.000000000000000000e+00,3.020527859237536750e-01,3.090000000000000000e+02
1.236000000000000109e-06,3.020252149284406995e-01,1.000000000000000000e+00,3.020527859237536750e-01,3.090000000000000000e+02
1.236999999999999973e-06,3.022691764627248312e-01,0.000000000000000000e+00,3.020527859237536750e-01,3.090000000000000000e+02
1.238000000000000048e-06,3.025131379970089629e-01,0.000000000000000000e+00,3.020527859237536750e-01,3.090000000000000000e+02
1.239000000000000123e-06,3.027570995312930946e-01,1.000000000000000000e+00,3.030303030303030387e-01,3.100000000000000000e+02
1.239999999999999986e-06,3.030010610655771708e-01,0.000000000000000000e+00,3.030303030303030387e-01,3.100000000000000000e+02
1.241000000000000061e-06,3.032450225998613025e-01,0.000000000000000000e+00,3.030303030303030387e-01,3.100000000000000000e+02
1.242000000000000136e-06,3.034889841341454342e-01,1.000000000000000000e+00,3.030303030303030387e-01,3.100000000000000000e+02
1.243000000000000000e-06,3.037329456684295104e-01,0.000000000000000000e+00,3.040078201368524025e-01,3.110000000000000000e+02
1.244000000000000075e-06,3.039769072027136421e-01,0.000000000000000000e+00,3.040078201368524025e-01,3.110000000000000000e+02
1.245000000000000150e-06,3.042208687369977738e-01,1.000000000000000000e+00,3.040078201368524025e-01,3.110000000000000000e+02
1.246000000000000013e-06,3.044648302712818499e-01,0.000000000000000000e+00,3.040078201368524025e-01,3.110000000000000000e+02
1.247000000000000089e-06,3.047087918055659816e-01,1.000000000000000000e+00,3.049853372434017662e-01,3.120000000000000000e+02
1.248000000000000164e-06,3.049527533398501133e-01,1.000000000000000000e+00,3.049853372434017662e-01,3.120000000000000000e+02
1.249000000000000027e-06,3.051967148741341895e-01,0.000000000000000000e+00,3.049853372434017662e-01,3.120000000000000000e+02
1.250000000000000102e-06,3.054406764084183212e-01,1.000000000000000000e+00,3.049853372434017662e-01,3.120000000000000000e+02
1.251000000000000177e-06,3.056846379427024529e-01,1.000000000000000000e+00,3.059628543499511300e-01,3.130000000000000000e+02
1.252000000000000041e-06,3.059285994769865846e-01,0.000000000000000000e+00,3.059628543499511300e-01,3.130000000000000000e+02
1.253000000000000116e-06,3.061725610112706608e-01,1.000000000000000000e+00,3.059628543499511300e-01,3.130000000000000000e+02
1.253999999999999979e-06,3.064165225455547925e-01,0.000000000000000000e+00,3.059628543499511300e-01,3.130000000000000000e+02
1.255000000000000054e-06,3.066604840798389242e-01,0.000000000000000000e+00,3.069403714565004937e-01,3.140000000000000000e+02
1.256000000000000130e-06,3.069044456141230004e-01,1.000000000000000000e+00,3.069403714565004937e-01,3.140000000000000000e+02
1.256999999999999993e-06,3.071484071484071321e-01,0.000000000000000000e+00,3.069403714565004937e-01,3.140000000000000000e+02
1.258000000000000068e-06,3.073923686826912638e-01,0.000000000000000000e+00,3.069403714565004937e-01,3.140000000000000000e+02
1.259000000000000143e-06,3.076363302169753400e-01,1.000000000000000000e+00,3.079178885630498574e-01,3.150000000000000000e+02
1.260000000000000007e-06,3.078802917512594717e-01,0.000000000000000000e+00,3.079178885630498574e-01,3.150000000000000000e+02
1.261000000000000082e-06,3.081242532855436034e-01,1.000000000000000000e+00,3.079178885630498574e-01,3.150000000000000000e+02
1.262000000000000157e-06,3.083682148198277351e-01,1.000000000000000000e+00,3.079178885630498574e-01,3.150000000000000000e+02
1.263000000000000020e-06,3.086121763541118113e-01,0.000000000000000000e+00,3.088954056695992212e-01,3.160000000000000000e+02
1.264000000000000095e-06,3.088561378883959430e-01,1.000000000000000000e+00,3.088954056695992212e-01,3.160000000000000000e+02
1.265000000000000170e-06,3.091000994226800747e-01,1.000000000000000000e+00,3.088954056695992212e-01,3.160000000000000000e+02
1.266000000000000034e-06,3.093440609569641508e-01,0.000000000000000000e+00,3.088954056695992212e-01,3.160000000000000000e+02
1.267000000000000109e-06,3.095880224912482825e-01,1.000000000000000000e+00,3.098729227761485849e-01,3.170000000000000000e+02
1.268000000000000184e-06,3.098319840255324142e-01,1.000000000000000000e+00,3.098729227761485849e-01,3.170000000000000000e+02
1.269000000000000047e-06,3.100759455598164904e-01,0.000000000000000000e+00,3.098729227761485849e-01,3.170000000000000000e+02
1.270000000000000123e-06,3.103199070941006221e-01,1.000000000000000000e+00,3.098729227761485849e-01,3.170000000000000000e+02
1.270999999999999986e-06,3.105638686283847538e-01,0.000000000000000000e+00,3.108504398826979487e-01,3.180000000000000000e+02
1.272000000000000061e-06,3.108078301626688855e-01,0.000000000000000000e+00,3.108504398826979487e-01,3.180000000000000000e+02
1.273000000000000136e-06,3.110517916969529617e-01,1.000000000000000000e+00,3.108504398826979487e-01,3.180000000000000000e+02
1.274000000000000000e-06,3.112957532312370934e-01,0.000000000000000000e+00,3.108504398826979487e-01,3.180000000000000000e+02
1.275000000000000075e-06,3.115397147655212251e-01,0.000000000000000000e+00,3.118279569892473124e-01,3.190000000000000000e+02
1.276000000000000150e-06,3.117836762998053013e-01,1.000000000000000000e+00,3.118279569892473124e-01,3.190000000000000000e+02
1.277000000000000013e-06,3.120276378340894330e-01,0.000000000000000000e+00,3.118279569892473124e-01,3.190000000000000000e+02
1.278000000000000088e-06,3.122715993683735647e-01,1.000000000000000000e+00,3.118279569892473124e-01,3.190000000000000000e+02
1.279000000000000163e-06,3.125155609026576409e-01,1.000000000000000000e+00,3.128054740957966762e-01,3.200000000000000000e+02
1.280000000000000027e-06,3.127595224369417726e-01,0.000000000000000000e+00,3.128054740957966762e-01,3.200000000000000000e+02
1.281000000000000102e-06,3.130034839712259043e-01,1.000000000000000000e+00,3.128054740957966762e-01,3.200000000000000000e+02
1.282000000000000177e-06,3.132474455055100360e-01,1.000000000000000000e+00,3.128054740957966762e-01,3.200000000000000000e+02
1.283000000000000040e-06,3.134914070397941122e-01,0.000000000000000000e+00,3.137829912023460399e-01,3.210000000000000000e+02
1.284000000000000116e-06,3.137353685740782439e-01,1.000000000000000000e+00,3.137829912023460399e-01,3.210000000000000000e+02
1.284999999999999979e-06,3.139793301083623756e-01,0.000000000000000000e+00,3.137829912023460399e-01,3.210000000000000000e+02
1.286000000000000054e-06,3.142232916426464517e-01,0.000000000000000000e+00,3.137829912023460399e-01,3.210000000000000000e+02
1.287000000000000129e-06,3.144672531769305834e-01,1.000000000000000000e+00,3.147605083088954037e-01,3.220000000000000000e+02
1.287999999999999993e-06,3.147112147112147151e-01,0.000000000000000000e+00,3.147605083088954037e-01,3.220000000000000000e+02
1.289000000000000068e-06,3.149551762454987913e-01,0.000000000000000000e+00,3.147605083088954037e-01,3.220000000000000000e+02
1.290000000000000143e-06,3.151991377797829230e-01,1.000000000000000000e+00,3.147605083088954037e-01,3.220000000000000000e+02
1.291000000000000006e-06,3.154430993140670547e-01,0.000000000000000000e+00,3.157380254154447674e-01,3.230000000000000000e+02
1.292000000000000081e-06,3.156870608483511309e-01,1.000000000000000000e+00,3.157380254154447674e-01,3.230000000000000000e+02
1.293000000000000156e-06,3.159310223826352626e-01,1.000000000000000000e+00,3.157380254154447674e-01,3.230000000000000000e+02
1.294000000000000020e-06,3.161749839169193943e-01,0.000000000000000000e+00,3.157380254154447674e-01,3.230000000000000000e+02
1.295000000000000095e-06,3.164189454512035260e-01,1.000000000000000000e+00,3.167155425219941312e-01,3.240000000000000000e+02
1.296000000000000170e-06,3.166629069854876022e-01,1.000000000000000000e+00,3.167155425219941312e-01,3.240000000000000000e+02
1.297000000000000033e-06,3.169068685197717339e-01,0.000000000000000000e+00,3.167155425219941312e-01,3.240000000000000000e+02
1.298000000000000109e-06,3.171508300540558656e-01,1.000000000000000000e+00,3.167155425219941312e-01,3.240000000000000000e+02
1.299000000000000184e-06,3.173947915883399418e-01,1.000000000000000000e+00,3.176930596285434949e-01,3.250000000000000000e+02
1.300000000000000047e-06,3.176387531226240735e-01,0.000000000000000000e+00,3.176930596285434949e-01,3.250000000000000000e+02
1.301000000000000122e-06,3.178827146569082052e-01,1.000000000000000000e+00,3.176930596285434949e-01,3.250000000000000000e+02
1.301999999999999986e-06,3.181266761911922814e-01,0.000000000000000000e+00,3.176930596285434949e-01,3.250000000000000000e+02
1.303000000000000061e-06,3.183706377254764130e-01,0.000000000000000000e+00,3.186705767350928586e-01,3.260000000000000000e+02
1.304000000000000136e-06,3.186145992597605447e-01,1.000000000000000000e+00,3.186705767350928586e-01,3.260000000000000000e+02
1.304999999999999999e-06,3.188585607940446764e-01,0.000000000000000000e+00,3.186705767350928586e-01,3.260000000000000000e+02
1.306000000000000074e-06,3.191025223283287526e-01,0.000000000000000000e+00,3.186705767350928586e-01,3.260000000000000000e+02
1.307000000000000149e-06,3.193464838626128843e-01,1.000000000000000000e+00,3.196480938416422224e-01,3.270000000000000000e+02
1.308000000000000013e-06,3.195904453968970160e-01,0.000000000000000000e+00,3.196480938416422224e-01,3.270000000000000000e+02
1.309000000000000088e-06,3.198344069311810922e-01,1.000000000000000000e+00,3.196480938416422224e-01,3.270000000000000000e+02
1.310000000000000163e-06,3.200783684654652239e-01,1.000000000000000000e+00,3.196480938416422224e-01,3.270000000000000000e+02
1.311000000000000026e-06,3.203223299997493556e-01,0.000000000000000000e+00,3.206256109481915861e-01,3.280000000000000000e+02
1.312000000000000102e-06,3.205662915340334318e-01,1.000000000000000000e+00,3.206256109481915861e-01,3.280000000000000000e+02
1.313000000000000177e-06,3.208102530683175635e-01,1.000000000000000000e+00,3.206256109481915861e-01,3.280000000000000000e+02
1.314000000000000040e-06,3.210542146026016952e-01,0.000000000000000000e+00,3.206256109481915861e-01,3.280000000000000000e+02
1.315000000000000115e-06,3.212981761368858269e-01,1.000000000000000000e+00,3.216031280547409499e-01,3.290000000000000000e+02
1.315999999999999979e-06,3.215421376711699031e-01,0.000000000000000000e+00,3.216031280547409499e-01,3.290000000000000000e+02
1.317000000000000054e-06,3.217860992054540348e-01,0.000000000000000000e+00,3.216031280547409499e-01,3.290000000000000000e+02
1.318000000000000129e-06,3.220300607397381665e-01,1.000000000000000000e+00,3.216031280547409499e-01,3.290000000000000000e+02
1.318999999999999992e-06,3.222740222740222427e-01,0.000000000000000000e+00,3.225806451612903136e-01,3.300000000000000000e+02
1.320000000000000067e-06,3.225179838083063744e-01,0.000000000000000000e+00,3.225806451612903136e-01,3.300000000000000000e+02
1.321000000000000142e-06,3.227619453425905061e-01,1.000000000000000000e+00,3.225806451612903136e-01,3.300000000000000000e+02
1.322000000000000006e-06,3.230059068768745822e-01,0.000000000000000000e+00,3.225806451612903136e-01,3.300000000000000000e+02
1.323000000000000081e-06,3.232498684111587139e-01,0.000000000000000000e+00,3.235581622678396774e-01,3.310000000000000000e+02
1.324000000000000156e-06,3.234938299454428456e-01,1.000000000000000000e+00,3.235581622678396774e-01,3.310000000000000000e+02
1.325000000000000019e-06,3.237377914797269773e-01,0.000000000000000000e+00,3.235581622678396774e-01,3.310000000000000000e+02
1.326000000000000095e-06,3.239817530140110535e-01,1.000000000000000000e+00,3.235581622678396774e-01,3.310000000000000000e+02
1.327000000000000170e-06,3.242257145482951852e-01,1.000000000000000000e+00,3.245356793743890411e-01,3.320000000000000000e+02
1.328000000000000033e-06,3.244696760825793169e-01,0.000000000000000000e+00,3.245356793743890411e-01,3.320000000000000000e+02
1.329000000000000108e-06,3.247136376168633931e-01,1.000000000000000000e+00,3.245356793743890411e-01,3.320000000000000000e+02
1.330000000000000183e-06,3.249575991511475248e-01,1.000000000000000000e+00,3.245356793743890411e-01,3.320000000000000000e+02
1.331000000000000047e-06,3.252015606854316565e-01,0.000000000000000000e+00,3.255131964809384049e-01,3.330000000000000000e+02
1.332000000000000122e-06,3.254455222197157327e-01,1.000000000000000000e+00,3.255131964809384049e-01,3.330000000000000000e+02
1.332999999999999985e-06,3.256894837539998644e-01,0.000000000000000000e+00,3.255131964809384049e-01,3.330000000000000000e+02
1.334000000000000060e-06,3.259334452882839961e-01,0.000000000000000000e+00,3.255131964809384049e-01,3.330000000000000000e+02
1.335000000000000135e-06,3.261774068225681278e-01,1.000000000000000000e+00,3.264907135874877686e-01,3.340000000000000000e+02
1.335999999999999999e-06,3.264213683568522040e-01,0.000000000000000000e+00,3.264907135874877686e-01,3.340000000000000000e+02
1.337000000000000074e-06,3.266653298911363357e-01,0.000000000000000000e+00,3.264907135874877686e-01,3.340000000000000000e+02
1.338000000000000149e-06,3.269092914254204674e-01,1.000000000000000000e+00,3.264907135874877686e-01,3.340000000000000000e+02
1.339000000000000012e-06,3.271532529597045436e-01,0.000000000000000000e+00,3.274682306940371324e-01,3.350000000000000000e+02
1.340000000000000088e-06,3.273972144939886753e-01,1.000000000000000000e+00,3.274682306940371324e-01,3.350000000000000000e+02
1.341000000000000163e-06,3.276411760282728070e-01,1.000000000000000000e+00,3.274682306940371324e-01,3.350000000000000000e+02
1.342000000000000026e-06,3.278851375625568831e-01,0.000000000000000000e+00,3.274682306940371324e-01,3.350000000000000000e+02
1.343000000000000101e-06,3.281290990968410148e-01,1.000000000000000000e+00,3.284457478005864961e-01,3.360000000000000000e+02
1.344000000000000176e-06,3.283730606311251465e-01,1.000000000000000000e+00,3.284457478005864961e-01,3.360000000000000000e+02
1.345000000000000040e-06,3.286170221654092227e-01,0.000000000000000000e+00,3.284457478005864961e-01,3.360000000000000000e+02
1.346000000000000115e-06,3.288609836996933544e-01,1.000000000000000000e+00,3.284457478005864961e-01,3.360000000000000000e+02
1.346999999999999978e-06,3.291049452339774861e-01,0.000000000000000000e+00,3.294232649071358598e-01,3.370000000000000000e+02
1.348000000000000053e-06,3.293489067682616178e-01,0.000000000000000000e+00,3.294232649071358598e-01,3.370000000000000000e+02
1.349000000000000128e-06,3.295928683025456940e-01,1.000000000000000000e+00,3.294232649071358598e-01,3.370000000000000000e+02
1.349999999999999992e-06,3.298368298368298257e-01,0.000000000000000000e+00,3.294232649071358598e-01,3.370000000000000000e+02
1.351000000000000067e-06,3.300807913711139574e-01,0.000000000000000000e+00,3.304007820136852236e-01,3.380000000000000000e+02
1.352000000000000142e-06,3.303247529053980336e-01,1.000000000000000000e+00,3.304007820136852236e-01,3.380000000000000000e+02
1.353000000000000005e-06,3.305687144396821653e-01,0.000000000000000000e+00,3.304007820136852236e-01,3.380000000000000000e+02
1.354000000000000081e-06,3.308126759739662970e-01,0.000000000000000000e+00,3.304007820136852236e-01,3.380000000000000000e+02
1.355000000000000156e-06,3.310566375082503732e-01,1.000000000000000000e+00,3.313782991202345873e-01,3.390000000000000000e+02
1.356000000000000019e-06,3.313005990425345049e-01,0.000000000000000000e+00,3.313782991202345873e-01,3.390000000000000000e+02
1.357000000000000094e-06,3.315445605768186366e-01,1.000000000000000000e+00,3.313782991202345873e-01,3.390000000000000000e+02
1.358000000000000169e-06,3.317885221111027683e-01,1.000000000000000000e+00,3.313782991202345873e-01,3.390000000000000000e+02
1.359000000000000033e-06,3.320324836453868445e-01,0.000000000000000000e+00,3.323558162267839511e-01,3.400000000000000000e+02
1.360000000000000108e-06,3.322764451796709761e-01,1.000000000000000000e+00,3.323558162267839511e-01,3.400000000000000000e+02
1.361000000000000183e-06,3.325204067139551078e-01,1.000000000000000000e+00,3.323558162267839511e-01,3.400000000000000000e+02
1.362000000000000046e-06,3.327643682482391840e-01,0.000000000000000000e+00,3.323558162267839511e-01,3.400000000000000000e+02
1.363000000000000121e-06,3.330083297825233157e-01,1.000000000000000000e+00,3.333333333333333148e-01,3.410000000000000000e+02
1.363999999999999985e-06,3.332522913168074474e-01,0.000000000000000000e+00,3.333333333333333148e-01,3.410000000000000000e+02
1.365000000000000060e-06,3.334962528510915236e-01,0.000000000000000000e+00,3.333333333333333148e-01,3.410000000000000000e+02
1.366000000000000135e-06,3.337402143853756553e-01,1.000000000000000000e+00,3.333333333333333148e-01,3.410000000000000000e+02
1.366999999999999998e-06,3.339841759196597870e-01,0.000000000000000000e+00,3.343108504398826786e-01,3.420000000000000000e+02
1.368000000000000074e-06,3.342281374539439187e-01,0.000000000000000000e+00,3.343108504398826786e-01,3.420000000000000000e+02
1.369000000000000149e-06,3.344720989882279949e-01,1.000000000000000000e+00,3.343108504398826786e-01,3.420000000000000000e+02
1.370000000000000012e-06,3.347160605225121266e-01,0.000000000000000000e+00,3.343108504398826786e-01,3.420000000000000000e+02
1.371000000000000087e-06,3.349600220567962583e-01,1.000000000000000000e+00,3.352883675464320423e-01,3.430000000000000000e+02
1.372000000000000162e-06,3.352039835910803345e-01,1.000000000000000000e+00,3.352883675464320423e-01,3.430000000000000000e+02
1.373000000000000026e-06,3.354479451253644662e-01,0.000000000000000000e+00,3.352883675464320423e-01,3.430000000000000000e+02
1.374000000000000101e-06,3.356919066596485979e-01,1.000000000000000000e+00,3.352883675464320423e-01,3.430000000000000000e+02
1.375000000000000176e-06,3.359358681939326741e-01,1.000000000000000000e+00,3.362658846529814061e-01,3.440000000000000000e+02
1.376000000000000039e-06,3.361798297282168058e-01,0.000000000000000000e+00,3.362658846529814061e-01,3.440000000000000000e+02
1.377000000000000115e-06,3.364237912625009375e-01,1.000000000000000000e+00,3.362658846529814061e-01,3.440000000000000000e+02
1.378000000000000190e-06,3.366677527967850692e-01,1.000000000000000000e+00,3.362658846529814061e-01,3.440000000000000000e+02
1.379000000000000053e-06,3.369117143310691453e-01,0.000000000000000000e+00,3.372434017595307698e-01,3.450000000000000000e+02
1.380000000000000128e-06,3.371556758653532770e-01,1.000000000000000000e+00,3.372434017595307698e-01,3.450000000000000000e+02
1.380999999999999992e-06,3.373996373996374087e-01,0.000000000000000000e+00,3.372434017595307698e-01,3.450000000000000000e+02
1.382000000000000067e-06,3.376435989339214849e-01,0.000000000000000000e+00,3.372434017595307698e-01,3.450000000000000000e+02
1.383000000000000142e-06,3.378875604682056166e-01,1.000000000000000000e+00,3.382209188660801336e-01,3.460000000000000000e+02
1.384000000000000005e-06,3.381315220024897483e-01,0.000000000000000000e+00,3.382209188660801336e-01,3.460000000000000000e+02
1.385000000000000080e-06,3.383754835367738245e-01,0.000000000000000000e+00,3.382209188660801336e-01,3.460000000000000000e+02
1.386000000000000155e-06,3.386194450710579562e-01,1.000000000000000000e+00,3.382209188660801336e-01,3.460000000000000000e+02
1.387000000000000019e-06,3.388634066053420879e-01,0.000000000000000000e+00,3.391984359726294973e-01,3.470000000000000000e+02
1.388000000000000094e-06,3.391073681396261641e-01,1.000000000000000000e+00,3.391984359726294973e-01,3.470000000000000000e+02
1.389000000000000169e-06,3.393513296739102958e-01,1.000000000000000000e+00,3.391984359726294973e-01,3.470000000000000000e+02
1.390000000000000032e-06,3.395952912081944275e-01,0.000000000000000000e+00,3.391984359726294973e-01,3.470000000000000000e+02
1.391000000000000108e-06,3.398392527424785592e-01,1.000000000000000000e+00,3.401759530791788610e-01,3.480000000000000000e+02
1.392000000000000183e-06,3.400832142767626354e-01,1.000000000000000000e+00,3.401759530791788610e-01,3.480000000000000000e+02
1.393000000000000046e-06,3.403271758110467671e-01,0.000000000000000000e+00,3.401759530791788610e-01,3.480000000000000000e+02
1.394000000000000121e-06,3.405711373453308988e-01,1.000000000000000000e+00,3.401759530791788610e-01,3.480000000000000000e+02
1.394999999999999985e-06,3.408150988796149750e-01,0.000000000000000000e+00,3.411534701857282248e-01,3.490000000000000000e+02
1.396000000000000060e-06,3.410590604138991067e-01,0.000000000000000000e+00,3.411534701857282248e-01,3.490000000000000000e+02
1.397000000000000135e-06,3.413030219481832384e-01,1.000000000000000000e+00,3.411534701857282248e-01,3.490000000000000000e+02
1.397999999999999998e-06,3.415469834824673145e-01,0.000000000000000000e+00,3.411534701857282248e-01,3.490000000000000000e+02
1.399000000000000073e-06,3.417909450167514462e-01,0.000000000000000000e+00,3.421309872922775885e-01,3.500000000000000000e+02
1.400000000000000148e-06,3.420349065510355779e-01,1.000000000000000000e+00,3.421309872922775885e-01,3.500000000000000000e+02
1.401000000000000012e-06,3.422788680853197096e-01,0.000000000000000000e+00,3.421309872922775885e-01,3.500000000000000000e+02
1.402000000000000087e-06,3.425228296196037858e-01,0.000000000000000000e+00,3.421309872922775885e-01,3.500000000000000000e+02
1.403000000000000162e-06,3.427667911538879175e-01,1.000000000000000000e+00,3.431085043988269523e-01,3.510000000000000000e+02
1.404000000000000025e-06,3.430107526881720492e-01,0.000000000000000000e+00,3.431085043988269523e-01,3.510000000000000000e+02
1.405000000000000101e-06,3.432547142224561254e-01,1.000000000000000000e+00,3.431085043988269523e-01,3.510000000000000000e+02
1.406000000000000176e-06,3.434986757567402571e-01,1.000000000000000000e+00,3.431085043988269523e-01,3.510000000000000000e+02
1.407000000000000039e-06,3.437426372910243888e-01,0.000000000000000000e+00,3.440860215053763715e-01,3.520000000000000000e+02
1.408000000000000114e-06,3.439865988253084650e-01,1.000000000000000000e+00,3.440860215053763715e-01,3.520000000000000000e+02
1.409000000000000189e-06,3.442305603595925967e-01,1.000000000000000000e+00,3.440860215053763715e-01,3.520000000000000000e+02
1.410000000000000053e-06,3.444745218938767284e-01,0.000000000000000000e+00,3.440860215053763715e-01,3.520000000000000000e+02
1.411000000000000128e-06,3.447184834281608601e-01,1.000000000000000000e+00,3.450635386119257353e-01,3.530000000000000000e+02
1.411999999999999991e-06,3.449624449624449363e-01,0.000000000000000000e+00,3.450635386119257353e-01,3.530000000000000000e+02
1.413000000000000066e-06,3.452064064967290680e-01,0.000000000000000000e+00,3.450635386119257353e-01,3.530000000000000000e+02
1.414000000000000141e-06,3.454503680310131997e-01,1.000000000000000000e+00,3.450635386119257353e-01,3.530000000000000000e+02
1.415000000000000005e-06,3.456943295652972759e-01,0.000000000000000000e+00,3.460410557184750990e-01,3.540000000000000000e+02
1.416000000000000080e-06,3.459382910995814076e-01,0.000000000000000000e+00,3.460410557184750990e-01,3.540000000000000000e+02
1.417000000000000155e-06,3.461822526338655392e-01,1.000000000000000000e+00,3.460410557184750990e-01,3.540000000000000000e+02
1.418000000000000018e-06,3.464262141681496154e-01,0.000000000000000000e+00,3.460410557184750990e-01,3.540000000000000000e+02
1.419000000000000094e-06,3.466701757024337471e-01,1.000000000000000000e+00,3.470185728250244628e-01,3.550000000000000000e+02
1.420000000000000169e-06,3.469141372367178788e-01,1.000000000000000000e+00,3.470185728250244628e-01,3.550000000000000000e+02
1.421000000000000032e-06,3.471580987710020105e-01,0.000000000000000000e+00,3.470185728250244628e-01,3.550000000000000000e+02
1.422000000000000107e-06,3.474020603052860867e-01,1.000000000000000000e+00,3.470185728250244628e-01,3.550000000000000000e+02
1.423000000000000182e-06,3.476460218395702184e-01,1.000000000000000000e+00,3.479960899315738265e-01,3.560000000000000000e+02
1.424000000000000046e-06,3.478899833738543501e-01,0.000000000000000000e+00,3.479960899315738265e-01,3.560000000000000000e+02
1.425000000000000121e-06,3.481339449081384263e-01,1.000000000000000000e+00,3.479960899315738265e-01,3.560000000000000000e+02
1.425999999999999984e-06,3.483779064424225580e-01,0.000000000000000000e+00,3.479960899315738265e-01,3.560000000000000000e+02
1.427000000000000059e-06,3.486218679767066897e-01,0.000000000000000000e+00,3.489736070381231903e-01,3.570000000000000000e+02
1.428000000000000134e-06,3.488658295109907659e-01,1.000000000000000000e+00,3.489736070381231903e-01,3.570000000000000000e+02
1.428999999999999998e-06,3.491097910452748976e-01,0.000000000000000000e+00,3.489736070381231903e-01,3.570000000000000000e+02
1.430000000000000073e-06,3.493537525795590293e-01,0.000000000000000000e+00,3.489736070381231903e-01,3.570000000000000000e+02
1.431000000000000148e-06,3.495977141138431055e-01,1.000000000000000000e+00,3.499511241446725540e-01,3.580000000000000000e+02
1.432000000000000011e-06,3.498416756481272372e-01,0.000000000000000000e+00,3.499511241446725540e-01,3.580000000000000000e+02
1.433000000000000087e-06,3.500856371824113689e-01,0.000000000000000000e+00,3.499511241446725540e-01,3.580000000000000000e+02
1.434000000000000162e-06,3.503295987166955006e-01,1.000000000000000000e+00,3.499511241446725540e-01,3.580000000000000000e+02
1.435000000000000025e-06,3.505735602509795767e-01,0.000000000000000000e+00,3.509286412512219178e-01,3.590000000000000000e+02
1.436000000000000100e-06,3.508175217852637084e-01,1.000000000000000000e+00,3.509286412512219178e-01,3.590000000000000000e+02
1.437000000000000175e-06,3.510614833195478401e-01,1.000000000000000000e+00,3.509286412512219178e-01,3.590000000000000000e+02
1.438000000000000039e-06,3.513054448538319163e-01,0.000000000000000000e+00,3.509286412512219178e-01,3.590000000000000000e+02
1.439000000000000114e-06,3.515494063881160480e-01,1.000000000000000000e+00,3.519061583577712815e-01,3.600000000000000000e+02
1.440000000000000189e-06,3.517933679224001797e-01,1.000000000000000000e+00,3.519061583577712815e-01,3.600000000000000000e+02
1.441000000000000052e-06,3.520373294566842559e-01,0.000000000000000000e+00,3.519061583577712815e-01,3.600000000000000000e+02
1.442000000000000127e-06,3.522812909909683876e-01,1.000000000000000000e+00,3.519061583577712815e-01,3.600000000000000000e+02
1.442999999999999991e-06,3.525252525252525193e-01,0.000000000000000000e+00,3.528836754643206453e-01,3.610000000000000000e+02
1.444000000000000066e-06,3.527692140595366510e-01,0.000000000000000000e+00,3.528836754643206453e-01,3.610000000000000000e+02
1.445000000000000141e-06,3.530131755938207272e-01,1.000000000000000000e+00,3.528836754643206453e-01,3.610000000000000000e+02
1.446000000000000004e-06,3.532571371281048589e-01,0.000000000000000000e+00,3.528836754643206453e-01,3.610000000000000000e+02
1.447000000000000080e-06,3.535010986623889906e-01,0.000000000000000000e+00,3.538611925708700090e-01,3.620000000000000000e+02
1.448000000000000155e-06,3.537450601966730668e-01,1.000000000000000000e+00,3.538611925708700090e-01,3.620000000000000000e+02
1.449000000000000018e-06,3.539890217309571985e-01,0.000000000000000000e+00,3.538611925708700090e-01,3.620000000000000000e+02
1.450000000000000093e-06,3.542329832652413302e-01,1.000000000000000000e+00,3.538611925708700090e-01,3.620000000000000000e+02
1.451000000000000168e-06,3.544769447995254064e-01,1.000000000000000000e+00,3.548387096774193727e-01,3.630000000000000000e+02
1.452000000000000032e-06,3.547209063338095381e-01,0.000000000000000000e+00,3.548387096774193727e-01,3.630000000000000000e+02
1.453000000000000107e-06,3.549648678680936698e-01,1.000000000000000000e+00,3.548387096774193727e-01,3.630000000000000000e+02
1.454000000000000182e-06,3.552088294023778015e-01,1.000000000000000000e+00,3.548387096774193727e-01,3.630000000000000000e+02
1.455000000000000045e-06,3.554527909366618776e-01,0.000000000000000000e+00,3.558162267839687365e-01,3.640000000000000000e+02
1.456000000000000120e-06,3.556967524709460093e-01,1.000000000000000000e+00,3.558162267839687365e-01,3.640000000000000000e+02
1.457000000000000196e-06,3.559407140052301410e-01,1.000000000000000000e+00,3.558162267839687365e-01,3.640000000000000000e+02
1.458000000000000059e-06,3.561846755395142172e-01,0.000000000000000000e+00,3.558162267839687365e-01,3.640000000000000000e+02
1.459000000000000134e-06,3.564286370737983489e-01,1.000000000000000000e+00,3.567937438905181002e-01,3.650000000000000000e+02
1.459999999999999997e-06,3.566725986080824806e-01,0.000000000000000000e+00,3.567937438905181002e-01,3.650000000000000000e+02
1.461000000000000073e-06,3.569165601423665568e-01,0.000000000000000000e+00,3.567937438905181002e-01,3.650000000000000000e+02
1.462000000000000148e-06,3.571605216766506885e-01,1.000000000000000000e+00,3.567937438905181002e-01,3.650000000000000000e+02
1.463000000000000011e-06,3.574044832109348202e-01,0.000000000000000000e+00,3.577712609970674640e-01,3.660000000000000000e+02
1.464000000000000086e-06,3.576484447452189519e-01,0.000000000000000000e+00,3.577712609970674640e-01,3.660000000000000000e+02
1.465000000000000161e-06,3.578924062795030281e-01,1.000000000000000000e+00,3.577712609970674640e-01,3.660000000000000000e+02
1.466000000000000025e-06,3.581363678137871598e-01,0.000000000000000000e+00,3.577712609970674640e-01,3.660000000000000000e+02
1.467000000000000100e-06,3.583803293480712915e-01,1.000000000000000000e+00,3.587487781036168277e-01,3.670000000000000000e+02
1.468000000000000175e-06,3.586242908823553677e-01,1.000000000000000000e+00,3.587487781036168277e-01,3.670000000000000000e+02
1.469000000000000038e-06,3.588682524166394994e-01,0.000000000000000000e+00,3.587487781036168277e-01,3.670000000000000000e+02
1.470000000000000113e-06,3.591122139509236311e-01,1.000000000000000000e+00,3.587487781036168277e-01,3.670000000000000000e+02
1.471000000000000189e-06,3.593561754852077073e-01,1.000000000000000000e+00,3.597262952101661915e-01,3.680000000000000000e+02
1.472000000000000052e-06,3.596001370194918390e-01,0.000000000000000000e+00,3.597262952101661915e-01,3.680000000000000000e+02
1.473000000000000127e-06,3.598440985537759707e-01,1.000000000000000000e+00,3.597262952101661915e-01,3.680000000000000000e+02
1.473999999999999990e-06,3.600880600880600468e-01,0.000000000000000000e+00,3.597262952101661915e-01,3.680000000000000000e+02
1.475000000000000066e-06,3.603320216223441785e-01,0.000000000000000000e+00,3.607038123167155552e-01,3.690000000000000000e+02
1.476000000000000141e-06,3.605759831566283102e-01,1.000000000000000000e+00,3.607038123167155552e-01,3.690000000000000000e+02
1.477000000000000004e-06,3.608199446909124419e-01,0.000000000000000000e+00,3.607038123167155552e-01,3.690000000000000000e+02
1.478000000000000079e-06,3.610639062251965181e-01,0.000000000000000000e+00,3.607038123167155552e-01,3.690000000000000000e+02
1.479000000000000154e-06,3.613078677594806498e-01,1.000000000000000000e+00,3.616813294232649190e-01,3.700000000000000000e+02
1.480000000000000018e-06,3.615518292937647815e-01,0.000000000000000000e+00,3.616813294232649190e-01,3.700000000000000000e+02
1.481000000000000093e-06,3.617957908280488577e-01,1.000000000000000000e+00,3.616813294232649190e-01,3.700000000000000000e+02
1.482000000000000168e-06,3.620397523623329894e-01,1.000000000000000000e+00,3.616813294232649190e-01,3.700000000000000000e+02
1.483000000000000031e-06,3.622837138966171211e-01,0.000000000000000000e+00,3.626588465298142827e-01,3.710000000000000000e+02
1.484000000000000106e-06,3.625276754309011973e-01,1.000000000000000000e+00,3.626588465298142827e-01,3.710000000000000000e+02
1.485000000000000182e-06,3.627716369651853290e-01,1.000000000000000000e+00,3.626588465298142827e-01,3.710000000000000000e+02
1.486000000000000045e-06,3.630155984994694607e-01,0.000000000000000000e+00,3.626588465298142827e-01,3.710000000000000000e+02
1.487000000000000120e-06,3.632595600337535924e-01,1.000000000000000000e+00,3.636363636363636465e-01,3.720000000000000000e+02
1.488000000000000195e-06,3.635035215680376686e-01,1.000000000000000000e+00,3.636363636363636465e-01,3.720000000000000000e+02
1.489000000000000059e-06,3.637474831023218003e-01,0.000000000000000000e+00,3.636363636363636465e-01,3.720000000000000000e+02
1.490000000000000134e-06,3.639914446366059320e-01,1.000000000000000000e+00,3.636363636363636465e-01,3.720000000000000000e+02
1.490999999999999997e-06,3.642354061708900081e-01,0.000000000000000000e+00,3.646138807429130102e-01,3.730000000000000000e+02
1.492000000000000072e-06,3.644793677051741398e-01,0.000000000000000000e+00,3.646138807429130102e-01,3.730000000000000000e+02
1.493000000000000147e-06,3.647233292394582715e-01,1.000000000000000000e+00,3.646138807429130102e-01,3.730000000000000000e+02
1.494000000000000011e-06,3.649672907737423477e-01,0.000000000000000000e+00,3.646138807429130102e-01,3.730000000000000000e+02
1.495000000000000086e-06,3.652112523080264794e-01,0.000000000000000000e+00,3.655913978494623739e-01,3.740000000000000000e+02
1.496000000000000161e-06,3.654552138423106111e-01,1.000000000000000000e+00,3.655913978494623739e-01,3.740000000000000000e+02
1.497000000000000024e-06,3.656991753765947428e-01,0.000000000000000000e+00,3.655913978494623739e-01,3.740000000000000000e+02
1.498000000000000100e-06,3.659431369108788190e-01,1.000000000000000000e+00,3.655913978494623739e-01,3.740000000000000000e+02
1.499000000000000175e-06,3.661870984451629507e-01,1.000000000000000000e+00,3.665689149560117377e-01,3.750000000000000000e+02
1.500000000000000038e-06,3.664310599794470824e-01,0.000000000000000000e+00,3.665689149560117377e-01,3.750000000000000000e+02
1.501000000000000113e-06,3.666750215137311586e-01,1.000000000000000000e+00,3.665689149560117377e-01,3.750000000000000000e+02
1.502000000000000188e-06,3.669189830480152903e-01,1.000000000000000000e+00,3.665689149560117377e-01,3.750000000000000000e+02
1.503000000000000052e-06,3.671629445822994220e-01,0.000000000000000000e+00,3.675464320625611014e-01,3.760000000000000000e+02
1.504000000000000127e-06,3.674069061165834982e-01,1.000000000000000000e+00,3.675464320625611014e-01,3.760000000000000000e+02
1.504999999999999990e-06,3.676508676508676299e-01,0.000000000000000000e+00,3.675464320625611014e-01,3.760000000000000000e+02
1.506000000000000065e-06,3.678948291851517616e-01,0.000000000000000000e+00,3.675464320625611014e-01,3.760000000000000000e+02
1.507000000000000140e-06,3.681387907194358933e-01,1.000000000000000000e+00,3.685239491691104652e-01,3.770000000000000000e+02
1.508000000000000004e-06,3.683827522537199695e-01,0.000000000000000000e+00,3.685239491691104652e-01,3.770000000000000000e+02
1.509000000000000079e-06,3.686267137880041012e-01,0.000000000000000000e+00,3.685239491691104652e-01,3.770000000000000000e+02
1.510000000000000154e-06,3.688706753222882329e-01,1.000000000000000000e+00,3.685239491691104652e-01,3.770000000000000000e+02
1.511000000000000017e-06,3.691146368565723090e-01,0.000000000000000000e+00,3.695014662756598289e-01,3.780000000000000000e+02
1.512000000000000093e-06,3.693585983908564407e-01,0.000000000000000000e+00,3.695014662756598289e-01,3.780000000000000000e+02
1.513000000000000168e-06,3.696025599251405724e-01,1.000000000000000000e+00,3.695014662756598289e-01,3.780000000000000000e+02
1.514000000000000031e-06,3.698465214594246486e-01,0.000000000000000000e+00,3.695014662756598289e-01,3.780000000000000000e+02
1.515000000000000106e-06,3.700904829937087803e-01,1.000000000000000000e+00,3.704789833822091927e-01,3.790000000000000000e+02
1.516000000000000181e-06,3.703344445279929120e-01,1.000000000000000000e+00,3.704789833822091927e-01,3.790000000000000000e+02
1.517000000000000045e-06,3.705784060622769882e-01,0.000000000000000000e+00,3.704789833822091927e-01,3.790000000000000000e+02
1.518000000000000120e-06,3.708223675965611199e-01,1.000000000000000000e+00,3.704789833822091927e-01,3.790000000000000000e+02
1.519000000000000195e-06,3.710663291308452516e-01,1.000000000000000000e+00,3.714565004887585564e-01,3.800000000000000000e+02
1.520000000000000058e-06,3.713102906651293833e-01,0.000000000000000000e+00,3.714565004887585564e-01,3.800000000000000000e+02
1.521000000000000133e-06,3.715542521994134595e-01,1.000000000000000000e+00,3.714565004887585564e-01,3.800000000000000000e+02
1.521999999999999997e-06,3.717982137336975912e-01,0.000000000000000000e+00,3.714565004887585564e-01,3.800000000000000000e+02
1.523000000000000072e-06,3.720421752679817229e-01,0.000000000000000000e+00,3.724340175953079202e-01,3.810000000000000000e+02
1.524000000000000147e-06,3.722861368022657991e-01,1.000000000000000000e+00,3.724340175953079202e-01,3.810000000000000000e+02
1.525000000000000010e-06,3.725300983365499308e-01,0.000000000000000000e+00,3.724340175953079202e-01,3.810000000000000000e+02
1.526000000000000086e-06,3.727740598708340625e-01,0.000000000000000000e+00,3.724340175953079202e-01,3.810000000000000000e+02
1.527000000000000161e-06,3.730180214051181387e-01,1.000000000000000000e+00,3.734115347018572839e-01,3.820000000000000000e+02
1.528000000000000024e-06,3.732619829394022704e-01,0.000000000000000000e+00,3.734115347018572839e-01,3.820000000000000000e+02
1.529000000000000099e-06,3.735059444736864021e-01,1.000000000000000000e+00,3.734115347018572839e-01,3.820000000000000000e+02
1.530000000000000174e-06,3.737499060079705338e-01,1.000000000000000000e+00,3.734115347018572839e-01,3.820000000000000000e+02
1.531000000000000038e-06,3.739938675422546099e-01,0.000000000000000000e+00,3.743890518084066477e-01,3.830000000000000000e+02
1.532000000000000113e-06,3.742378290765387416e-01,1.000000000000000000e+00,3.743890518084066477e-01,3.830000000000000000e+02
1.533000000000000188e-06,3.744817906108228733e-01,1.000000000000000000e+00,3.743890518084066477e-01,3.830000000000000000e+02
1.534000000000000051e-06,3.747257521451069495e-01,0.000000000000000000e+00,3.743890518084066477e-01,3.830000000000000000e+02
1.535000000000000126e-06,3.749697136793910812e-01,1.000000000000000000e+00,3.753665689149560114e-01,3.840000000000000000e+02
1.536000000000000202e-06,3.752136752136752129e-01,1.000000000000000000e+00,3.753665689149560114e-01,3.840000000000000000e+02
1.537000000000000065e-06,3.754576367479592891e-01,0.000000000000000000e+00,3.753665689149560114e-01,3.840000000000000000e+02
1.538000000000000140e-06,3.757015982822434208e-01,1.000000000000000000e+00,3.753665689149560114e-01,3.840000000000000000e+02
1.539000000000000003e-06,3.759455598165275525e-01,0.000000000000000000e+00,3.763440860215053752e-01,3.850000000000000000e+02
1.540000000000000079e-06,3.761895213508116842e-01,0.000000000000000000e+00,3.763440860215053752e-01,3.850000000000000000e+02
1.541000000000000154e-06,3.764334828850957604e-01,1.000000000000000000e+00,3.763440860215053752e-01,3.850000000000000000e+02
1.542000000000000017e-06,3.766774444193798921e-01,0.000000000000000000e+00,3.763440860215053752e-01,3.850000000000000000e+02
1.543000000000000092e-06,3.769214059536640238e-01,0.000000000000000000e+00,3.773216031280547389e-01,3.860000000000000000e+02
1.544000000000000167e-06,3.771653674879481000e-01,1.000000000000000000e+00,3.773216031280547389e-01,3.860000000000000000e+02
1.545000000000000031e-06,3.774093290222322317e-01,0.000000000000000000e+00,3.773216031280547389e-01,3.860000000000000000e+02
1.546000000000000106e-06,3.776532905565163634e-01,1.000000000000000000e+00,3.773216031280547389e-01,3.860000000000000000e+02
1.547000000000000181e-06,3.778972520908004396e-01,1.000000000000000000e+00,3.782991202346041026e-01,3.870000000000000000e+02
1.548000000000000044e-06,3.781412136250845712e-01,0.000000000000000000e+00,3.782991202346041026e-01,3.870000000000000000e+02
1.549000000000000119e-06,3.783851751593687029e-01,1.000000000000000000e+00,3.782991202346041026e-01,3.870000000000000000e+02
1.550000000000000195e-06,3.786291366936528346e-01,1.000000000000000000e+00,3.782991202346041026e-01,3.870000000000000000e+02
1.551000000000000058e-06,3.788730982279369108e-01,0.000000000000000000e+00,3.792766373411534664e-01,3.880000000000000000e+02
1.552000000000000133e-06,3.791170597622210425e-01,1.000000000000000000e+00,3.792766373411534664e-01,3.880000000000000000e+02
1.552999999999999996e-06,3.793610212965051742e-01,0.000000000000000000e+00,3.792766373411534664e-01,3.880000000000000000e+02
1.554000000000000072e-06,3.796049828307892504e-01,0.000000000000000000e+00,3.792766373411534664e-01,3.880000000000000000e+02
1.555000000000000147e-06,3.798489443650733821e-01,1.000000000000000000e+00,3.802541544477028301e-01,3.890000000000000000e+02
1.556000000000000010e-06,3.800929058993575138e-01,0.000000000000000000e+00,3.802541544477028301e-01,3.890000000000000000e+02
1.557000000000000085e-06,3.803368674336415900e-01,0.000000000000000000e+00,3.802541544477028301e-01,3.890000000000000000e+02
1.558000000000000160e-06,3.805808289679257217e-01,1.000000000000000000e+00,3.802541544477028301e-01,3.890000000000000000e+02
1.559000000000000024e-06,3.808247905022098534e-01,0.000000000000000000e+00,3.812316715542521939e-01,3.900000000000000000e+02
1.560000000000000099e-06,3.810687520364939296e-01,1.000000000000000000e+00,3.812316715542521939e-01,3.900000000000000000e+02
1.561000000000000174e-06,3.813127135707780613e-01,1.000000000000000000e+00,3.812316715542521939e-01,3.900000000000000000e+02
1.562000000000000037e-06,3.815566751050621930e-01,0.000000000000000000e+00,3.812316715542521939e-01,3.900000000000000000e+02
1.563000000000000112e-06,3.818006366393463247e-01,1.000000000000000000e+00,3.822091886608015576e-01,3.910000000000000000e+02
1.564000000000000188e-06,3.820445981736304009e-01,1.000000000000000000e+00,3.822091886608015576e-01,3.910000000000000000e+02
1.565000000000000051e-06,3.822885597079145326e-01,0.000000000000000000e+00,3.822091886608015576e-01,3.910000000000000000e+02
1.566000000000000126e-06,3.825325212421986643e-01,1.000000000000000000e+00,3.822091886608015576e-01,3.910000000000000000e+02
1.567000000000000201e-06,3.827764827764827404e-01,1.000000000000000000e+00,3.831867057673509214e-01,3.920000000000000000e+02
1.568000000000000065e-06,3.830204443107668721e-01,0.000000000000000000e+00,3.831867057673509214e-01,3.920000000000000000e+02
1.569000000000000140e-06,3.832644058450510038e-01,1.000000000000000000e+00,3.831867057673509214e-01,3.920000000000000000e+02
1.570000000000000003e-06,3.835083673793350800e-01,0.000000000000000000e+00,3.831867057673509214e-01,3.920000000000000000e+02
1.571000000000000078e-06,3.837523289136192117e-01,0.000000000000000000e+00,3.841642228739002851e-01,3.930000000000000000e+02
1.572000000000000153e-06,3.839962904479033434e-01,1.000000000000000000e+00,3.841642228739002851e-01,3.930000000000000000e+02
1.573000000000000017e-06,3.842402519821874751e-01,0.000000000000000000e+00,3.841642228739002851e-01,3.930000000000000000e+02
1.574000000000000092e-06,3.844842135164715513e-01,0.000000000000000000e+00,3.841642228739002851e-01,3.930000000000000000e+02
1.575000000000000167e-06,3.847281750507556830e-01,1.000000000000000000e+00,3.851417399804496489e-01,3.940000000000000000e+02
1.576000000000000030e-06,3.849721365850398147e-01,0.000000000000000000e+00,3.851417399804496489e-01,3.940000000000000000e+02
1.577000000000000105e-06,3.852160981193238909e-01,1.000000000000000000e+00,3.851417399804496489e-01,3.940000000000000000e+02
1.578000000000000181e-06,3.854600596536080226e-01,1.000000000000000000e+00,3.851417399804496489e-01,3.940000000000000000e+02
1.579000000000000044e-06,3.857040211878921543e-01,0.000000000000000000e+00,3.861192570869990126e-01,3.950000000000000000e+02
1.580000000000000119e-06,3.859479827221762305e-01,1.000000000000000000e+00,3.861192570869990126e-01,3.950000000000000000e+02
1.581000000000000194e-06,3.861919442564603622e-01,1.000000000000000000e+00,3.861192570869990126e-01,3.950000000000000000e+02
1.582000000000000058e-06,3.864359057907444939e-01,0.000000000000000000e+00,3.861192570869990126e-01,3.950000000000000000e+02
1.583000000000000133e-06,3.866798673250286256e-01,1.000000000000000000e+00,3.870967741935483764e-01,3.960000000000000000e+02
1.583999999999999996e-06,3.869238288593127018e-01,0.000000000000000000e+00,3.870967741935483764e-01,3.960000000000000000e+02
1.585000000000000071e-06,3.871677903935968335e-01,0.000000000000000000e+00,3.870967741935483764e-01,3.960000000000000000e+02
1.586000000000000146e-06,3.874117519278809652e-01,1.000000000000000000e+00,3.870967741935483764e-01,3.960000000000000000e+02
1.587000000000000010e-06,3.876557134621650413e-01,0.000000000000000000e+00,3.880742913000977401e-01,3.970000000000000000e+02
1.588000000000000085e-06,3.878996749964491730e-01,0.000000000000000000e+00,3.880742913000977401e-01,3.970000000000000000e+02
1.589000000000000160e-06,3.881436365307333047e-01,1.000000000000000000e+00,3.880742913000977401e-01,3.970000000000000000e+02
1.590000000000000023e-06,3.883875980650173809e-01,0.000000000000000000e+00,3.880742913000977401e-01,3.970000000000000000e+02
1.591000000000000098e-06,3.886315595993015126e-01,0.000000000000000000e+00,3.890518084066471038e-01,3.980000000000000000e+02
1.592000000000000174e-06,3.888755211335856443e-01,1.000000000000000000e+00,3.890518084066471038e-01,3.980000000000000000e+02
1.593000000000000037e-06,3.891194826678697760e-01,0.000000000000000000e+00,3.890518084066471038e-01,3.980000000000000000e+02
1.594000000000000112e-06,3.893634442021538522e-01,1.000000000000000000e+00,3.890518084066471038e-01,3.980000000000000000e+02
1.595000000000000187e-06,3.896074057364379839e-01,1.000000000000000000e+00,3.900293255131964676e-01,3.990000000000000000e+02
1.596000000000000051e-06,3.898513672707221156e-01,0.000000000000000000e+00,3.900293255131964676e-01,3.990000000000000000e+02
1.597000000000000126e-06,3.900953288050061918e-01,1.000000000000000000e+00,3.900293255131964676e-01,3.990000000000000000e+02
1.598000000000000201e-06,3.903392903392903235e-01,1.000000000000000000e+00,3.900293255131964676e-01,3.990000000000000000e+02
1.599000000000000064e-06,3.905832518735744552e-01,0.000000000000000000e+00,3.910068426197458313e-01,4.000000000000000000e+02
1.600000000000000139e-06,3.908272134078585314e-01,1.000000000000000000e+00,3.910068426197458313e-01,4.000000000000000000e+02
1.601000000000000003e-06,3.910711749421426631e-01,0.000000000000000000e+00,3.910068426197458313e-01,4.000000000000000000e+02
1.602000000000000078e-06,3.913151364764267948e-01,0.000000000000000000e+00,3.910068426197458313e-01,4.000000000000000000e+02
1.603000000000000153e-06,3.915590980107108710e-01,1.000000000000000000e+00,3.919843597262951951e-01,4.010000000000000000e+02
1.604000000000000016e-06,3.918030595449950026e-01,0.000000000000000000e+00,3.919843597262951951e-01,4.010000000000000000e+02
1.605000000000000091e-06,3.920470210792791343e-01,0.000000000000000000e+00,3.919843597262951951e-01,4.010000000000000000e+02
1.606000000000000167e-06,3.922909826135632660e-01,1.000000000000000000e+00,3.919843597262951951e-01,4.010000000000000000e+02
1.607000000000000030e-06,3.925349441478473422e-01,0.000000000000000000e+00,3.929618768328445588e-01,4.020000000000000000e+02
1.608000000000000105e-06,3.927789056821314739e-01,1.000000000000000000e+00,3.929618768328445588e-01,4.020000000000000000e+02
1.609000000000000180e-06,3.930228672164156056e-01,1.000000000000000000e+00,3.929618768328445588e-01,4.020000000000000000e+02
1.610000000000000044e-06,3.932668287506996818e-01,0.000000000000000000e+00,3.929618768328445588e-01,4.020000000000000000e+02
1.611000000000000119e-06,3.935107902849838135e-01,1.000000000000000000e+00,3.939393939393939226e-01,4.030000000000000000e+02
1.612000000000000194e-06,3.937547518192679452e-01,1.000000000000000000e+00,3.939393939393939226e-01,4.030000000000000000e+02
1.613000000000000057e-06,3.939987133535520214e-01,0.000000000000000000e+00,3.939393939393939226e-01,4.030000000000000000e+02
1.614000000000000132e-06,3.942426748878361531e-01,1.000000000000000000e+00,3.939393939393939226e-01,4.030000000000000000e+02
1.614999999999999996e-06,3.944866364221202848e-01,0.000000000000000000e+00,3.949169110459432863e-01,4.040000000000000000e+02
1.616000000000000071e-06,3.947305979564044165e-01,0.000000000000000000e+00,3.949169110459432863e-01,4.040000000000000000e+02
1.617000000000000146e-06,3.949745594906884927e-01,1.000000000000000000e+00,3.949169110459432863e-01,4.040000000000000000e+02
1.618000000000000009e-06,3.952185210249726244e-01,0.000000000000000000e+00,3.949169110459432863e-01,4.040000000000000000e+02
1.619000000000000084e-06,3.954624825592567561e-01,0.000000000000000000e+00,3.958944281524926501e-01,4.050000000000000000e+02
1.620000000000000160e-06,3.957064440935408323e-01,1.000000000000000000e+00,3.958944281524926501e-01,4.050000000000000000e+02
1.621000000000000023e-06,3.959504056278249640e-01,0.000000000000000000e+00,3.958944281524926501e-01,4.050000000000000000e+02
1.622000000000000098e-06,3.961943671621090957e-01,0.000000000000000000e+00,3.958944281524926501e-01,4.050000000000000000e+02
1.623000000000000173e-06,3.964383286963931718e-01,1.000000000000000000e+00,3.968719452590420138e-01,4.060000000000000000e+02
1.624000000000000037e-06,3.966822902306773035e-01,0.000000000000000000e+00,3.968719452590420138e-01,4.060000000000000000e+02
1.625000000000000112e-06,3.969262517649614352e-01,1.000000000000000000e+00,3.968719452590420138e-01,4.060000000000000000e+02
1.626000000000000187e-06,3.971702132992455669e-01,1.000000000000000000e+00,3.968719452590420138e-01,4.060000000000000000e+02
1.627000000000000050e-06,3.974141748335296431e-01,0.000000000000000000e+00,3.978494623655913776e-01,4.070000000000000000e+02
1.628000000000000125e-06,3.976581363678137748e-01,1.000000000000000000e+00,3.978494623655913776e-01,4.070000000000000000e+02
1.629000000000000201e-06,3.979020979020979065e-01,1.000000000000000000e+00,3.978494623655913776e-01,4.070000000000000000e+02
1.630000000000000064e-06,3.981460594363819827e-01,0.000000000000000000e+00,3.978494623655913776e-01,4.070000000000000000e+02
1.631000000000000139e-06,3.983900209706661144e-01,1.000000000000000000e+00,3.988269794721407413e-01,4.080000000000000000e+02
1.632000000000000002e-06,3.986339825049502461e-01,0.000000000000000000e+00,3.988269794721407413e-01,4.080000000000000000e+02
1.633000000000000078e-06,3.988779440392343223e-01,0.000000000000000000e+00,3.988269794721407413e-01,4.080000000000000000e+02
1.634000000000000153e-06,3.991219055735184540e-01,1.000000000000000000e+00,3.988269794721407413e-01,4.080000000000000000e+02
1.635000000000000016e-06,3.993658671078025857e-01,0.000000000000000000e+00,3.998044965786901050e-01,4.090000000000000000e+02
1.636000000000000091e-06,3.996098286420867174e-01,0.000000000000000000e+00,3.998044965786901050e-01,4.090000000000000000e+02
1.637000000000000166e-06,3.998537901763707936e-01,1.000000000000000000e+00,3.998044965786901050e-01,4.090000000000000000e+02
1.638000000000000030e-06,4.000977517106549253e-01,0.000000000000000000e+00,3.998044965786901050e-01,4.090000000000000000e+02
1.639000000000000105e-06,4.003417132449390570e-01,1.000000000000000000e+00,4.007820136852394688e-01,4.100000000000000000e+02
1.640000000000000180e-06,4.005856747792231332e-01,1.000000000000000000e+00,4.007820136852394688e-01,4.100000000000000000e+02
1.641000000000000043e-06,4.008296363135072649e-01,0.000000000000000000e+00,4.007820136852394688e-01,4.100000000000000000e+02
1.642000000000000118e-06,4.010735978477913966e-01,1.000000000000000000e+00,4.007820136852394688e-01,4.100000000000000000e+02
1.643000000000000194e-06,4.013175593820754727e-01,1.000000000000000000e+00,4.017595307917888325e-01,4.110000000000000000e+02
1.644000000000000057e-06,4.015615209163596044e-01,0.000000000000000000e+00,4.017595307917888325e-01,4.110000000000000000e+02
1.645000000000000132e-06,4.018054824506437361e-01,1.000000000000000000e+00,4.017595307917888325e-01,4.110000000000000000e+02
1.646000000000000207e-06,4.020494439849278678e-01,1.000000000000000000e+00,4.017595307917888325e-01,4.110000000000000000e+02
1.647000000000000071e-06,4.022934055192119440e-01,0.000000000000000000e+00,4.027370478983381963e-01,4.120000000000000000e+02
1.648000000000000146e-06,4.025373670534960757e-01,1.000000000000000000e+00,4.027370478983381963e-01,4.120000000000000000e+02
1.649000000000000009e-06,4.027813285877802074e-01,0.000000000000000000e+00,4.027370478983381963e-01,4.120000000000000000e+02
1.650000000000000084e-06,4.030252901220642836e-01,0.000000000000000000e+00,4.027370478983381963e-01,4.120000000000000000e+02
1.651000000000000159e-06,4.032692516563484153e-01,1.000000000000000000e+00,4.037145650048875600e-01,4.130000000000000000e+02
1.652000000000000023e-06,4.035132131906325470e-01,0.000000000000000000e+00,4.037145650048875600e-01,4.130000000000000000e+02
1.653000000000000098e-06,4.037571747249166232e-01,0.000000000000000000e+00,4.037145650048875600e-01,4.130000000000000000e+02
1.654000000000000173e-06,4.040011362592007549e-01,1.000000000000000000e+00,4.037145650048875600e-01,4.130000000000000000e+02
1.655000000000000036e-06,4.042450977934848866e-01,0.000000000000000000e+00,4.046920821114369238e-01,4.140000000000000000e+02
1.656000000000000111e-06,4.044890593277689628e-01,1.000000000000000000e+00,4.046920821114369238e-01,4.140000000000000000e+02
1.657000000000000187e-06,4.047330208620530945e-01,1.000000000000000000e+00,4.046920821114369238e-01,4.140000000000000000e+02
1.658000000000000050e-06,4.049769823963372262e-01,0.000000000000000000e+00,4.046920821114369238e-01,4.140000000000000000e+02
1.659000000000000125e-06,4.052209439306213579e-01,1.000000000000000000e+00,4.056695992179862875e-01,4.150000000000000000e+02
1.660000000000000200e-06,4.054649054649054341e-01,1.000000000000000000e+00,4.056695992179862875e-01,4.150000000000000000e+02
1.661000000000000064e-06,4.057088669991895657e-01,0.000000000000000000e+00,4.056695992179862875e-01,4.150000000000000000e+02
1.662000000000000139e-06,4.059528285334736974e-01,1.000000000000000000e+00,4.056695992179862875e-01,4.150000000000000000e+02
1.663000000000000002e-06,4.061967900677577736e-01,0.000000000000000000e+00,4.066471163245356513e-01,4.160000000000000000e+02
1.664000000000000077e-06,4.064407516020419053e-01,0.000000000000000000e+00,4.066471163245356513e-01,4.160000000000000000e+02
1.665000000000000152e-06,4.066847131363260370e-01,1.000000000000000000e+00,4.066471163245356513e-01,4.160000000000000000e+02
1.666000000000000016e-06,4.069286746706101132e-01,0.000000000000000000e+00,4.066471163245356513e-01,4.160000000000000000e+02
1.667000000000000091e-06,4.071726362048942449e-01,0.000000000000000000e+00,4.076246334310850705e-01,4.170000000000000000e+02
1.668000000000000166e-06,4.074165977391783766e-01,1.000000000000000000e+00,4.076246334310850705e-01,4.170000000000000000e+02
1.669000000000000029e-06,4.076605592734625083e-01,0.000000000000000000e+00,4.076246334310850705e-01,4.170000000000000000e+02
1.670000000000000104e-06,4.079045208077465845e-01,1.000000000000000000e+00,4.076246334310850705e-01,4.170000000000000000e+02
1.671000000000000180e-06,4.081484823420307162e-01,1.000000000000000000e+00,4.086021505376344343e-01,4.180000000000000000e+02
1.672000000000000043e-06,4.083924438763148479e-01,0.000000000000000000e+00,4.086021505376344343e-01,4.180000000000000000e+02
1.673000000000000118e-06,4.086364054105989241e-01,1.000000000000000000e+00,4.086021505376344343e-01,4.180000000000000000e+02
1.674000000000000193e-06,4.088803669448830558e-01,1.000000000000000000e+00,4.086021505376344343e-01,4.180000000000000000e+02
1.675000000000000057e-06,4.091243284791671875e-01,0.000000000000000000e+00,4.095796676441837980e-01,4.190000000000000000e+02
1.676000000000000132e-06,4.093682900134512637e-01,1.000000000000000000e+00,4.095796676441837980e-01,4.190000000000000000e+02
1.677000000000000207e-06,4.096122515477353954e-01,1.000000000000000000e+00,4.095796676441837980e-01,4.190000000000000000e+02
1.678000000000000070e-06,4.098562130820195271e-01,0.000000000000000000e+00,4.095796676441837980e-01,4.190000000000000000e+02
1.679000000000000145e-06,4.101001746163036588e-01,1.000000000000000000e+00,4.105571847507331618e-01,4.200000000000000000e+02
1.680000000000000009e-06,4.103441361505877349e-01,0.000000000000000000e+00,4.105571847507331618e-01,4.200000000000000000e+02
1.681000000000000084e-06,4.105880976848718666e-01,0.000000000000000000e+00,4.105571847507331618e-01,4.200000000000000000e+02
1.682000000000000159e-06,4.108320592191559983e-01,1.000000000000000000e+00,4.105571847507331618e-01,4.200000000000000000e+02
1.683000000000000022e-06,4.110760207534400745e-01,0.000000000000000000e+00,4.115347018572825255e-01,4.210000000000000000e+02
1.684000000000000097e-06,4.113199822877242062e-01,0.000000000000000000e+00,4.115347018572825255e-01,4.210000000000000000e+02
1.685000000000000173e-06,4.115639438220083379e-01,1.000000000000000000e+00,4.115347018572825255e-01,4.210000000000000000e+02
1.686000000000000036e-06,4.118079053562924141e-01,0.000000000000000000e+00,4.115347018572825255e-01,4.210000000000000000e+02
1.687000000000000111e-06,4.120518668905765458e-01,1.000000000000000000e+00,4.125122189638318893e-01,4.220000000000000000e+02
1.688000000000000186e-06,4.122958284248606775e-01,1.000000000000000000e+00,4.125122189638318893e-01,4.220000000000000000e+02
1.689000000000000050e-06,4.125397899591448092e-01,0.000000000000000000e+00,4.125122189638318893e-01,4.220000000000000000e+02
1.690000000000000125e-06,4.127837514934288854e-01,1.000000000000000000e+00,4.125122189638318893e-01,4.220000000000000000e+02
1.691000000000000200e-06,4.130277130277130171e-01,1.000000000000000000e+00,4.134897360703812530e-01,4.230000000000000000e+02
1.692000000000000063e-06,4.132716745619971488e-01,0.000000000000000000e+00,4.134897360703812530e-01,4.230000000000000000e+02
1.693000000000000138e-06,4.135156360962812250e-01,1.000000000000000000e+00,4.134897360703812530e-01,4.230000000000000000e+02
1.694000000000000002e-06,4.137595976305653567e-01,0.000000000000000000e+00,4.134897360703812530e-01,4.230000000000000000e+02
1.695000000000000077e-06,4.140035591648494884e-01,0.000000000000000000e+00,4.144672531769306167e-01,4.240000000000000000e+02
1.696000000000000152e-06,4.142475206991335646e-01,1.000000000000000000e+00,4.144672531769306167e-01,4.240000000000000000e+02
1.697000000000000015e-06,4.144914822334176963e-01,0.000000000000000000e+00,4.144672531769306167e-01,4.240000000000000000e+02
1.698000000000000090e-06,4.147354437677018280e-01,0.000000000000000000e+00,4.144672531769306167e-01,4.240000000000000000e+02
1.699000000000000166e-06,4.149794053019859041e-01,1.000000000000000000e+00,4.154447702834799805e-01,4.250000000000000000e+02
1.700000000000000029e-06,4.152233668362700358e-01,0.000000000000000000e+00,4.154447702834799805e-01,4.250000000000000000e+02
1.701000000000000104e-06,4.154673283705541675e-01,0.000000000000000000e+00,4.154447702834799805e-01,4.250000000000000000e+02
1.702000000000000179e-06,4.157112899048382992e-01,1.000000000000000000e+00,4.154447702834799805e-01,4.250000000000000000e+02
1.703000000000000043e-06,4.159552514391223754e-01,0.000000000000000000e+00,4.164222873900293442e-01,4.260000000000000000e+02
1.704000000000000118e-06,4.161992129734065071e-01,1.000000000000000000e+00,4.164222873900293442e-01,4.260000000000000000e+02
1.705000000000000193e-06,4.164431745076906388e-01,1.000000000000000000e+00,4.164222873900293442e-01,4.260000000000000000e+02
1.706000000000000056e-06,4.166871360419747150e-01,0.000000000000000000e+00,4.164222873900293442e-01,4.260000000000000000e+02
1.707000000000000131e-06,4.169310975762588467e-01,1.000000000000000000e+00,4.173998044965787080e-01,4.270000000000000000e+02
1.708000000000000206e-06,4.171750591105429784e-01,1.000000000000000000e+00,4.173998044965787080e-01,4.270000000000000000e+02
1.709000000000000070e-06,4.174190206448270546e-01,0.000000000000000000e+00,4.173998044965787080e-01,4.270000000000000000e+02
1.710000000000000145e-06,4.176629821791111863e-01,1.000000000000000000e+00,4.173998044965787080e-01,4.270000000000000000e+02
1.711000000000000008e-06,4.179069437133953180e-01,0.000000000000000000e+00,4.183773216031280717e-01,4.280000000000000000e+02
1.712000000000000083e-06,4.181509052476794497e-01,0.000000000000000000e+00,4.183773216031280717e-01,4.280000000000000000e+02
1.713000000000000159e-06,4.183948667819635259e-01,1.000000000000000000e+00,4.183773216031280717e-01,4.280000000000000000e+02
1.714000000000000022e-06,4.186388283162476576e-01,0.000000000000000000e+00,4.183773216031280717e-01,4.280000000000000000e+02
1.715000000000000097e-06,4.188827898505317893e-01,0.000000000000000000e+00,4.193548387096774355e-01,4.290000000000000000e+02
1.716000000000000172e-06,4.191267513848158655e-01,1.000000000000000000e+00,4.193548387096774355e-01,4.290000000000000000e+02
1.717000000000000036e-06,4.193707129190999972e-01,0.000000000000000000e+00,4.193548387096774355e-01,4.290000000000000000e+02
1.718000000000000111e-06,4.196146744533841288e-01,1.000000000000000000e+00,4.193548387096774355e-01,4.290000000000000000e+02
1.719000000000000186e-06,4.198586359876682050e-01,1.000000000000000000e+00,4.203323558162267992e-01,4.300000000000000000e+02
1.720000000000000049e-06,4.201025975219523367e-01,0.000000000000000000e+00,4.203323558162267992e-01,4.300000000000000000e+02
1.721000000000000124e-06,4.203465590562364684e-01,1.000000000000000000e+00,4.203323558162267992e-01,4.300000000000000000e+02
1.722000000000000199e-06,4.205905205905206001e-01,1.000000000000000000e+00,4.203323558162267992e-01,4.300000000000000000e+02
1.723000000000000063e-06,4.208344821248046763e-01,0.000000000000000000e+00,4.213098729227761630e-01,4.310000000000000000e+02
1.724000000000000138e-06,4.210784436590888080e-01,1.000000000000000000e+00,4.213098729227761630e-01,4.310000000000000000e+02
1.725000000000000213e-06,4.213224051933729397e-01,1.000000000000000000e+00,4.213098729227761630e-01,4.310000000000000000e+02
1.726000000000000076e-06,4.215663667276570159e-01,0.000000000000000000e+00,4.213098729227761630e-01,4.310000000000000000e+02
1.727000000000000152e-06,4.218103282619411476e-01,1.000000000000000000e+00,4.222873900293255267e-01,4.320000000000000000e+02
1.728000000000000015e-06,4.220542897962252793e-01,0.000000000000000000e+00,4.222873900293255267e-01,4.320000000000000000e+02
1.729000000000000090e-06,4.222982513305093555e-01,0.000000000000000000e+00,4.222873900293255267e-01,4.320000000000000000e+02
1.730000000000000165e-06,4.225422128647934872e-01,1.000000000000000000e+00,4.222873900293255267e-01,4.320000000000000000e+02
1.731000000000000029e-06,4.227861743990776189e-01,0.000000000000000000e+00,4.232649071358748905e-01,4.330000000000000000e+02
1.732000000000000104e-06,4.230301359333617506e-01,0.000000000000000000e+00,4.232649071358748905e-01,4.330000000000000000e+02
1.733000000000000179e-06,4.232740974676458268e-01,1.000000000000000000e+00,4.232649071358748905e-01,4.330000000000000000e+02
1.734000000000000042e-06,4.235180590019299585e-01,0.000000000000000000e+00,4.232649071358748905e-01,4.330000000000000000e+02
1.735000000000000117e-06,4.237620205362140902e-01,1.000000000000000000e+00,4.242424242424242542e-01,4.340000000000000000e+02
1.736000000000000192e-06,4.240059820704981663e-01,1.000000000000000000e+00,4.242424242424242542e-01,4.340000000000000000e+02
1.737000000000000056e-06,4.242499436047822980e-01,0.000000000000000000e+00,4.242424242424242542e-01,4.340000000000000000e+02
1.738000000000000131e-06,4.244939051390664297e-01,1.000000000000000000e+00,4.242424242424242542e-01,4.340000000000000000e+02
1.739000000000000206e-06,4.247378666733505059e-01,1.000000000000000000e+00,4.252199413489736179e-01,4.350000000000000000e+02
1.740000000000000069e-06,4.249818282076346376e-01,0.000000000000000000e+00,4.252199413489736179e-01,4.350000000000000000e+02
1.741000000000000145e-06,4.252257897419187693e-01,1.000000000000000000e+00,4.252199413489736179e-01,4.350000000000000000e+02
1.742000000000000008e-06,4.254697512762028455e-01,0.000000000000000000e+00,4.252199413489736179e-01,4.350000000000000000e+02
1.743000000000000083e-06,4.257137128104869772e-01,0.000000000000000000e+00,4.261974584555229817e-01,4.360000000000000000e+02
1.744000000000000158e-06,4.259576743447711089e-01,1.000000000000000000e+00,4.261974584555229817e-01,4.360000000000000000e+02
1.745000000000000022e-06,4.262016358790552406e-01,0.000000000000000000e+00,4.261974584555229817e-01,4.360000000000000000e+02
1.746000000000000097e-06,4.264455974133393168e-01,0.000000000000000000e+00,4.261974584555229817e-01,4.360000000000000000e+02
1.747000000000000172e-06,4.266895589476234485e-01,1.000000000000000000e+00,4.271749755620723454e-01,4.370000000000000000e+02
1.748000000000000035e-06,4.269335204819075802e-01,0.000000000000000000e+00,4.271749755620723454e-01,4.370000000000000000e+02
1.749000000000000110e-06,4.271774820161916564e-01,1.000000000000000000e+00,4.271749755620723454e-01,4.370000000000000000e+02
1.750000000000000186e-06,4.274214435504757881e-01,1.000000000000000000e+00,4.271749755620723454e-01,4.370000000000000000e+02
1.751000000000000049e-06,4.276654050847599198e-01,0.000000000000000000e+00,4.281524926686217092e-01,4.380000000000000000e+02
1.752000000000000124e-06,4.279093666190439960e-01,1.000000000000000000e+00,4.281524926686217092e-01,4.380000000000000000e+02
1.753000000000000199e-06,4.281533281533281277e-01,1.000000000000000000e+00,4.281524926686217092e-01,4.380000000000000000e+02
1.754000000000000063e-06,4.283972896876122594e-01,0.000000000000000000e+00,4.281524926686217092e-01,4.380000000000000000e+02
1.755000000000000138e-06,4.286412512218963911e-01,1.000000000000000000e+00,4.281524926686217092e-01,4.380000000000000000e+02
1.756000000000000213e-06,4.288852127561804672e-01,1.000000000000000000e+00,4.291300097751710729e-01,4.390000000000000000e+02
1.757000000000000076e-06,4.291291742904645989e-01,0.000000000000000000e+00,4.291300097751710729e-01,4.390000000000000000e+02
1.758000000000000151e-06,4.293731358247487306e-01,1.000000000000000000e+00,4.291300097751710729e-01,4.390000000000000000e+02
1.759000000000000015e-06,4.296170973590328068e-01,0.000000000000000000e+00,4.291300097751710729e-01,4.390000000000000000e+02
1.760000000000000090e-06,4.298610588933169385e-01,0.000000000000000000e+00,4.301075268817204367e-01,4.400000000000000000e+02
1.761000000000000165e-06,4.301050204276010702e-01,1.000000000000000000e+00,4.301075268817204367e-01,4.400000000000000000e+02
1.762000000000000028e-06,4.303489819618851464e-01,0.000000000000000000e+00,4.301075268817204367e-01,4.400000000000000000e+02
1.763000000000000103e-06,4.305929434961692781e-01,0.000000000000000000e+00,4.301075268817204367e-01,4.400000000000000000e+02
1.764000000000000179e-06,4.308369050304534098e-01,1.000000000000000000e+00,4.310850439882698004e-01,4.410000000000000000e+02
1.765000000000000042e-06,4.310808665647375415e-01,0.000000000000000000e+00,4.310850439882698004e-01,4.410000000000000000e+02
1.766000000000000117e-06,4.313248280990216177e-01,1.000000000000000000e+00,4.310850439882698004e-01,4.410000000000000000e+02
1.767000000000000192e-06,4.315687896333057494e-01,1.000000000000000000e+00,4.310850439882698004e-01,4.410000000000000000e+02
1.768000000000000056e-06,4.318127511675898811e-01,0.000000000000000000e+00,4.320625610948191642e-01,4.420000000000000000e+02
1.769000000000000131e-06,4.320567127018739573e-01,1.000000000000000000e+00,4.320625610948191642e-01,4.420000000000000000e+02
1.770000000000000206e-06,4.323006742361580890e-01,1.000000000000000000e+00,4.320625610948191642e-01,4.420000000000000000e+02
1.771000000000000069e-06,4.325446357704422207e-01,0.000000000000000000e+00,4.320625610948191642e-01,4.420000000000000000e+02
1.772000000000000144e-06,4.327885973047262969e-01,1.000000000000000000e+00,4.330400782013685279e-01,4.430000000000000000e+02
1.773000000000000008e-06,4.330325588390104286e-01,0.000000000000000000e+00,4.330400782013685279e-01,4.430000000000000000e+02
1.774000000000000083e-06,4.332765203732945603e-01,0.000000000000000000e+00,4.330400782013685279e-01,4.430000000000000000e+02
1.775000000000000158e-06,4.335204819075786919e-01,1.000000000000000000e+00,4.330400782013685279e-01,4.430000000000000000e+02
1.776000000000000021e-06,4.337644434418627681e-01,0.000000000000000000e+00,4.340175953079178917e-01,4.440000000000000000e+02
1.777000000000000096e-06,4.340084049761468998e-01,0.000000000000000000e+00,4.340175953079178917e-01,4.440000000000000000e+02
1.778000000000000172e-06,4.342523665104310315e-01,1.000000000000000000e+00,4.340175953079178917e-01,4.440000000000000000e+02
1.779000000000000035e-06,4.344963280447151077e-01,0.000000000000000000e+00,4.340175953079178917e-01,4.440000000000000000e+02
1.780000000000000110e-06,4.347402895789992394e-01,0.000000000000000000e+00,4.349951124144672554e-01,4.450000000000000000e+02
1.781000000000000185e-06,4.349842511132833711e-01,1.000000000000000000e+00,4.349951124144672554e-01,4.450000000000000000e+02
1.782000000000000049e-06,4.352282126475674473e-01,0.000000000000000000e+00,4.349951124144672554e-01,4.450000000000000000e+02
1.783000000000000124e-06,4.354721741818515790e-01,1.000000000000000000e+00,4.349951124144672554e-01,4.450000000000000000e+02
1.784000000000000199e-06,4.357161357161357107e-01,1.000000000000000000e+00,4.359726295210166191e-01,4.460000000000000000e+02
1.785000000000000062e-06,4.359600972504197869e-01,0.000000000000000000e+00,4.359726295210166191e-01,4.460000000000000000e+02
1.786000000000000137e-06,4.362040587847039186e-01,1.000000000000000000e+00,4.359726295210166191e-01,4.460000000000000000e+02
1.787000000000000212e-06,4.364480203189880503e-01,1.000000000000000000e+00,4.359726295210166191e-01,4.460000000000000000e+02
1.788000000000000076e-06,4.366919818532721820e-01,0.000000000000000000e+00,4.369501466275659829e-01,4.470000000000000000e+02
1.789000000000000151e-06,4.369359433875562582e-01,1.000000000000000000e+00,4.369501466275659829e-01,4.470000000000000000e+02
1.790000000000000014e-06,4.371799049218403899e-01,0.000000000000000000e+00,4.369501466275659829e-01,4.470000000000000000e+02
1.791000000000000089e-06,4.374238664561245216e-01,0.000000000000000000e+00,4.369501466275659829e-01,4.470000000000000000e+02
1.792000000000000165e-06,4.376678279904085977e-01,1.000000000000000000e+00,4.379276637341153466e-01,4.480000000000000000e+02
1.793000000000000028e-06,4.379117895246927294e-01,0.000000000000000000e+00,4.379276637341153466e-01,4.480000000000000000e+02
1.794000000000000103e-06,4.381557510589768611e-01,0.000000000000000000e+00,4.379276637341153466e-01,4.480000000000000000e+02
1.795000000000000178e-06,4.383997125932609373e-01,1.000000000000000000e+00,4.379276637341153466e-01,4.480000000000000000e+02
1.796000000000000042e-06,4.386436741275450690e-01,0.000000000000000000e+00,4.389051808406647104e-01,4.490000000000000000e+02
1.797000000000000117e-06,4.388876356618292007e-01,1.000000000000000000e+00,4.389051808406647104e-01,4.490000000000000000e+02
1.798000000000000192e-06,4.391315971961133324e-01,1.000000000000000000e+00,4.389051808406647104e-01,4.490000000000000000e+02
1.799000000000000055e-06,4.393755587303974086e-01,0.000000000000000000e+00,4.389051808406647104e-01,4.490000000000000000e+02
1.800000000000000130e-06,4.396195202646815403e-01,1.000000000000000000e+00,4.398826979472140741e-01,4.500000000000000000e+02
1.801000000000000205e-06,4.398634817989656720e-01,1.000000000000000000e+00,4.398826979472140741e-01,4.500000000000000000e+02
1.802000000000000069e-06,4.401074433332497482e-01,0.000000000000000000e+00,4.398826979472140741e-01,4.500000000000000000e+02
1.803000000000000144e-06,4.403514048675338799e-01,1.000000000000000000e+00,4.398826979472140741e-01,4.500000000000000000e+02
1.804000000000000007e-06,4.405953664018180116e-01,0.000000000000000000e+00,4.408602150537634379e-01,4.510000000000000000e+02
1.805000000000000082e-06,4.408393279361020878e-01,0.000000000000000000e+00,4.408602150537634379e-01,4.510000000000000000e+02
1.806000000000000158e-06,4.410832894703862195e-01,1.000000000000000000e+00,4.408602150537634379e-01,4.510000000000000000e+02
1.807000000000000021e-06,4.413272510046703512e-01,0.000000000000000000e+00,4.408602150537634379e-01,4.510000000000000000e+02
1.808000000000000096e-06,4.415712125389544829e-01,0.000000000000000000e+00,4.418377321603128016e-01,4.520000000000000000e+02
1.809000000000000171e-06,4.418151740732385591e-01,1.000000000000000000e+00,4.418377321603128016e-01,4.520000000000000000e+02
1.810000000000000035e-06,4.420591356075226908e-01,0.000000000000000000e+00,4.418377321603128016e-01,4.520000000000000000e+02
1.811000000000000110e-06,4.423030971418068225e-01,0.000000000000000000e+00,4.418377321603128016e-01,4.520000000000000000e+02
1.812000000000000185e-06,4.425470586760908986e-01,1.000000000000000000e+00,4.428152492668621654e-01,4.530000000000000000e+02
1.813000000000000048e-06,4.427910202103750303e-01,0.000000000000000000e+00,4.428152492668621654e-01,4.530000000000000000e+02
1.814000000000000123e-06,4.430349817446591620e-01,1.000000000000000000e+00,4.428152492668621654e-01,4.530000000000000000e+02
1.815000000000000198e-06,4.432789432789432382e-01,1.000000000000000000e+00,4.428152492668621654e-01,4.530000000000000000e+02
1.816000000000000062e-06,4.435229048132273699e-01,0.000000000000000000e+00,4.437927663734115291e-01,4.540000000000000000e+02
1.817000000000000137e-06,4.437668663475115016e-01,1.000000000000000000e+00,4.437927663734115291e-01,4.540000000000000000e+02
1.818000000000000212e-06,4.440108278817956333e-01,1.000000000000000000e+00,4.437927663734115291e-01,4.540000000000000000e+02
1.819000000000000075e-06,4.442547894160797095e-01,0.000000000000000000e+00,4.437927663734115291e-01,4.540000000000000000e+02
1.820000000000000151e-06,4.444987509503638412e-01,1.000000000000000000e+00,4.447702834799608929e-01,4.550000000000000000e+02
1.821000000000000014e-06,4.447427124846479729e-01,0.000000000000000000e+00,4.447702834799608929e-01,4.550000000000000000e+02
1.822000000000000089e-06,4.449866740189320491e-01,0.000000000000000000e+00,4.447702834799608929e-01,4.550000000000000000e+02
1.823000000000000164e-06,4.452306355532161808e-01,1.000000000000000000e+00,4.447702834799608929e-01,4.550000000000000000e+02
1.824000000000000028e-06,4.454745970875003125e-01,0.000000000000000000e+00,4.457478005865102566e-01,4.560000000000000000e+02
1.825000000000000103e-06,4.457185586217843887e-01,0.000000000000000000e+00,4.457478005865102566e-01,4.560000000000000000e+02
1.826000000000000178e-06,4.459625201560685204e-01,1.000000000000000000e+00,4.457478005865102566e-01,4.560000000000000000e+02
1.827000000000000041e-06,4.462064816903526521e-01,0.000000000000000000e+00,4.457478005865102566e-01,4.560000000000000000e+02
1.828000000000000116e-06,4.464504432246367283e-01,1.000000000000000000e+00,4.467253176930596203e-01,4.570000000000000000e+02
1.829000000000000191e-06,4.466944047589208600e-01,1.000000000000000000e+00,4.467253176930596203e-01,4.570000000000000000e+02
1.830000000000000055e-06,4.469383662932049917e-01,0.000000000000000000e+00,4.467253176930596203e-01,4.570000000000000000e+02
1.831000000000000130e-06,4.471823278274891234e-01,1.000000000000000000e+00,4.467253176930596203e-01,4.570000000000000000e+02
1.832000000000000205e-06,4.474262893617731995e-01,1.000000000000000000e+00,4.477028347996089841e-01,4.580000000000000000e+02
1.833000000000000068e-06,4.476702508960573312e-01,0.000000000000000000e+00,4.477028347996089841e-01,4.580000000000000000e+02
1.834000000000000144e-06,4.479142124303414629e-01,1.000000000000000000e+00,4.477028347996089841e-01,4.580000000000000000e+02
1.835000000000000219e-06,4.481581739646255391e-01,1.000000000000000000e+00,4.477028347996089841e-01,4.580000000000000000e+02
1.836000000000000082e-06,4.484021354989096708e-01,0.000000000000000000e+00,4.486803519061583478e-01,4.590000000000000000e+02
1.837000000000000157e-06,4.486460970331938025e-01,1.000000000000000000e+00,4.486803519061583478e-01,4.590000000000000000e+02
1.838000000000000021e-06,4.488900585674778787e-01,0.000000000000000000e+00,4.486803519061583478e-01,4.590000000000000000e+02
1.839000000000000096e-06,4.491340201017620104e-01,0.000000000000000000e+00,4.486803519061583478e-01,4.590000000000000000e+02
1.840000000000000171e-06,4.493779816360461421e-01,1.000000000000000000e+00,4.496578690127077116e-01,4.600000000000000000e+02
1.841000000000000034e-06,4.496219431703302738e-01,0.000000000000000000e+00,4.496578690127077116e-01,4.600000000000000000e+02
1.842000000000000109e-06,4.498659047046143500e-01,0.000000000000000000e+00,4.496578690127077116e-01,4.600000000000000000e+02
1.843000000000000184e-06,4.501098662388984817e-01,1.000000000000000000e+00,4.496578690127077116e-01,4.600000000000000000e+02
1.844000000000000048e-06,4.503538277731826134e-01,0.000000000000000000e+00,4.506353861192570753e-01,4.610000000000000000e+02
1.845000000000000123e-06,4.505977893074666896e-01,1.000000000000000000e+00,4.506353861192570753e-01,4.610000000000000000e+02
1.846000000000000198e-06,4.508417508417508213e-01,1.000000000000000000e+00,4.506353861192570753e-01,4.610000000000000000e+02
1.847000000000000061e-06,4.510857123760349530e-01,0.000000000000000000e+00,4.506353861192570753e-01,4.610000000000000000e+02
1.848000000000000137e-06,4.513296739103190292e-01,1.000000000000000000e+00,4.516129032258064391e-01,4.620000000000000000e+02
1.849000000000000212e-06,4.515736354446031608e-01,1.000000000000000000e+00,4.516129032258064391e-01,4.620000000000000000e+02
1.850000000000000075e-06,4.518175969788872925e-01,0.000000000000000000e+00,4.516129032258064391e-01,4.620000000000000000e+02
1.851000000000000150e-06,4.520615585131714242e-01,1.000000000000000000e+00,4.516129032258064391e-01,4.620000000000000000e+02
1.852000000000000014e-06,4.523055200474555004e-01,0.000000000000000000e+00,4.525904203323558028e-01,4.630000000000000000e+02
1.853000000000000089e-06,4.525494815817396321e-01,0.000000000000000000e+00,4.525904203323558028e-01,4.630000000000000000e+02
1.854000000000000164e-06,4.527934431160237638e-01,1.000000000000000000e+00,4.525904203323558028e-01,4.630000000000000000e+02
1.855000000000000027e-06,4.530374046503078400e-01,0.000000000000000000e+00,4.525904203323558028e-01,4.630000000000000000e+02
1.856000000000000102e-06,4.532813661845919717e-01,0.000000000000000000e+00,4.535679374389051666e-01,4.640000000000000000e+02
1.857000000000000177e-06,4.535253277188761034e-01,1.000000000000000000e+00,4.535679374389051666e-01,4.640000000000000000e+02
1.858000000000000041e-06,4.537692892531601796e-01,0.000000000000000000e+00,4.535679374389051666e-01,4.640000000000000000e+02
1.859000000000000116e-06,4.540132507874443113e-01,1.000000000000000000e+00,4.535679374389051666e-01,4.640000000000000000e+02
1.860000000000000191e-06,4.542572123217284430e-01,1.000000000000000000e+00,4.545454545454545303e-01,4.650000000000000000e+02
1.861000000000000054e-06,4.545011738560125747e-01,0.000000000000000000e+00,4.545454545454545303e-01,4.650000000000000000e+02
1.862000000000000130e-06,4.547451353902966509e-01,1.000000000000000000e+00,4.545454545454545303e-01,4.650000000000000000e+02
1.863000000000000205e-06,4.549890969245807826e-01,1.000000000000000000e+00,4.545454545454545303e-01,4.650000000000000000e+02
1.864000000000000068e-06,4.552330584588649143e-01,0.000000000000000000e+00,4.555229716520038941e-01,4.660000000000000000e+02
1.865000000000000143e-06,4.554770199931489905e-01,1.000000000000000000e+00,4.555229716520038941e-01,4.660000000000000000e+02
1.866000000000000218e-06,4.557209815274331222e-01,1.000000000000000000e+00,4.555229716520038941e-01,4.660000000000000000e+02
1.867000000000000082e-06,4.559649430617172539e-01,0.000000000000000000e+00,4.555229716520038941e-01,4.660000000000000000e+02
1.868000000000000157e-06,4.562089045960013300e-01,1.000000000000000000e+00,4.565004887585532578e-01,4.670000000000000000e+02
1.869000000000000020e-06,4.564528661302854617e-01,0.000000000000000000e+00,4.565004887585532578e-01,4.670000000000000000e+02
1.870000000000000095e-06,4.566968276645695934e-01,0.000000000000000000e+00,4.565004887585532578e-01,4.670000000000000000e+02
1.871000000000000171e-06,4.569407891988536696e-01,1.000000000000000000e+00,4.565004887585532578e-01,4.670000000000000000e+02
1.872000000000000034e-06,4.571847507331378013e-01,0.000000000000000000e+00,4.574780058651026216e-01,4.680000000000000000e+02
1.873000000000000109e-06,4.574287122674219330e-01,0.000000000000000000e+00,4.574780058651026216e-01,4.680000000000000000e+02
1.874000000000000184e-06,4.576726738017060647e-01,1.000000000000000000e+00,4.574780058651026216e-01,4.680000000000000000e+02
1.875000000000000048e-06,4.579166353359901409e-01,0.000000000000000000e+00,4.574780058651026216e-01,4.680000000000000000e+02
1.876000000000000123e-06,4.581605968702742726e-01,1.000000000000000000e+00,4.584555229716519853e-01,4.690000000000000000e+02
1.877000000000000198e-06,4.584045584045584043e-01,1.000000000000000000e+00,4.584555229716519853e-01,4.690000000000000000e+02
1.878000000000000061e-06,4.586485199388424805e-01,0.000000000000000000e+00,4.584555229716519853e-01,4.690000000000000000e+02
1.879000000000000136e-06,4.588924814731266122e-01,1.000000000000000000e+00,4.584555229716519853e-01,4.690000000000000000e+02
1.880000000000000211e-06,4.591364430074107439e-01,1.000000000000000000e+00,4.594330400782013490e-01,4.700000000000000000e+02
1.881000000000000075e-06,4.593804045416948201e-01,0.000000000000000000e+00,4.594330400782013490e-01,4.700000000000000000e+02
1.882000000000000150e-06,4.596243660759789518e-01,1.000000000000000000e+00,4.594330400782013490e-01,4.700000000000000000e+02
1.883000000000000013e-06,4.598683276102630835e-01,0.000000000000000000e+00,4.594330400782013490e-01,4.700000000000000000e+02
1.884000000000000088e-06,4.601122891445472152e-01,0.000000000000000000e+00,4.604105571847507128e-01,4.710000000000000000e+02
1.885000000000000164e-06,4.603562506788312914e-01,1.000000000000000000e+00,4.604105571847507128e-01,4.710000000000000000e+02
1.886000000000000027e-06,4.606002122131154231e-01,0.000000000000000000e+00,4.604105571847507128e-01,4.710000000000000000e+02
1.887000000000000102e-06,4.608441737473995548e-01,0.000000000000000000e+00,4.604105571847507128e-01,4.710000000000000000e+02
1.888000000000000177e-06,4.610881352816836309e-01,1.000000000000000000e+00,4.613880742913000765e-01,4.720000000000000000e+02
1.889000000000000041e-06,4.613320968159677626e-01,0.000000000000000000e+00,4.613880742913000765e-01,4.720000000000000000e+02
1.890000000000000116e-06,4.615760583502518943e-01,0.000000000000000000e+00,4.613880742913000765e-01,4.720000000000000000e+02
1.891000000000000191e-06,4.618200198845359705e-01,1.000000000000000000e+00,4.613880742913000765e-01,4.720000000000000000e+02
1.892000000000000054e-06,4.620639814188201022e-01,0.000000000000000000e+00,4.623655913978494403e-01,4.730000000000000000e+02
1.893000000000000129e-06,4.623079429531042339e-01,1.000000000000000000e+00,4.623655913978494403e-01,4.730000000000000000e+02
1.894000000000000204e-06,4.625519044873883656e-01,1.000000000000000000e+00,4.623655913978494403e-01,4.730000000000000000e+02
1.895000000000000068e-06,4.627958660216724418e-01,0.000000000000000000e+00,4.623655913978494403e-01,4.730000000000000000e+02
1.896000000000000143e-06,4.630398275559565735e-01,1.000000000000000000e+00,4.633431085043988040e-01,4.740000000000000000e+02
1.897000000000000218e-06,4.632837890902407052e-01,1.000000000000000000e+00,4.633431085043988040e-01,4.740000000000000000e+02
1.898000000000000081e-06,4.635277506245247814e-01,0.000000000000000000e+00,4.633431085043988040e-01,4.740000000000000000e+02
1.899000000000000157e-06,4.637717121588089131e-01,1.000000000000000000e+00,4.633431085043988040e-01,4.740000000000000000e+02
1.900000000000000020e-06,4.640156736930930448e-01,0.000000000000000000e+00,4.643206256109481678e-01,4.750000000000000000e+02
1.901000000000000095e-06,4.642596352273771210e-01,0.000000000000000000e+00,4.643206256109481678e-01,4.750000000000000000e+02
1.902000000000000170e-06,4.645035967616612527e-01,1.000000000000000000e+00,4.643206256109481678e-01,4.750000000000000000e+02
1.903000000000000034e-06,4.647475582959453844e-01,0.000000000000000000e+00,4.643206256109481678e-01,4.750000000000000000e+02
1.904000000000000109e-06,4.649915198302295161e-01,0.000000000000000000e+00,4.652981427174975315e-01,4.760000000000000000e+02
1.905000000000000184e-06,4.652354813645135923e-01,1.000000000000000000e+00,4.652981427174975315e-01,4.760000000000000000e+02
1.906000000000000047e-06,4.654794428987977239e-01,0.000000000000000000e+00,4.652981427174975315e-01,4.760000000000000000e+02
1.907000000000000122e-06,4.657234044330818556e-01,1.000000000000000000e+00,4.652981427174975315e-01,4.760000000000000000e+02
1.908000000000000197e-06,4.659673659673659318e-01,1.000000000000000000e+00,4.662756598240468953e-01,4.770000000000000000e+02
1.909000000000000273e-06,4.662113275016500635e-01,1.000000000000000000e+00,4.662756598240468953e-01,4.770000000000000000e+02
1.909999999999999924e-06,4.664552890359341952e-01,0.000000000000000000e+00,4.662756598240468953e-01,4.770000000000000000e+02
1.910999999999999999e-06,4.666992505702182714e-01,0.000000000000000000e+00,4.662756598240468953e-01,4.770000000000000000e+02
1.912000000000000074e-06,4.669432121045024031e-01,0.000000000000000000e+00,4.672531769305962590e-01,4.780000000000000000e+02
1.913000000000000150e-06,4.671871736387865348e-01,1.000000000000000000e+00,4.672531769305962590e-01,4.780000000000000000e+02
1.914000000000000225e-06,4.674311351730706665e-01,1.000000000000000000e+00,4.672531769305962590e-01,4.780000000000000000e+02
1.915000000000000300e-06,4.676750967073547427e-01,1.000000000000000000e+00,4.672531769305962590e-01,4.780000000000000000e+02
1.915999999999999951e-06,4.679190582416388744e-01,0.000000000000000000e+00,4.682306940371456228e-01,4.790000000000000000e+02
1.917000000000000027e-06,4.681630197759230061e-01,0.000000000000000000e+00,4.682306940371456228e-01,4.790000000000000000e+02
1.918000000000000102e-06,4.684069813102070823e-01,0.000000000000000000e+00,4.682306940371456228e-01,4.790000000000000000e+02
1.919000000000000177e-06,4.686509428444912140e-01,1.000000000000000000e+00,4.682306940371456228e-01,4.790000000000000000e+02
1.920000000000000252e-06,4.688949043787753457e-01,1.000000000000000000e+00,4.692082111436950420e-01,4.800000000000000000e+02
1.921000000000000327e-06,4.691388659130594219e-01,1.000000000000000000e+00,4.692082111436950420e-01,4.800000000000000000e+02
1.921999999999999979e-06,4.693828274473435536e-01,0.000000000000000000e+00,4.692082111436950420e-01,4.800000000000000000e+02
1.923000000000000054e-06,4.696267889816276853e-01,0.000000000000000000e+00,4.692082111436950420e-01,4.800000000000000000e+02
1.924000000000000129e-06,4.698707505159117614e-01,1.000000000000000000e+00,4.701857282502444058e-01,4.810000000000000000e+02
1.925000000000000204e-06,4.701147120501958931e-01,1.000000000000000000e+00,4.701857282502444058e-01,4.810000000000000000e+02
1.926000000000000279e-06,4.703586735844800248e-01,1.000000000000000000e+00,4.701857282502444058e-01,4.810000000000000000e+02
1.926999999999999931e-06,4.706026351187641565e-01,0.000000000000000000e+00,4.701857282502444058e-01,4.810000000000000000e+02
1.928000000000000006e-06,4.708465966530482327e-01,0.000000000000000000e+00,4.711632453567937695e-01,4.820000000000000000e+02
1.929000000000000081e-06,4.710905581873323644e-01,0.000000000000000000e+00,4.711632453567937695e-01,4.820000000000000000e+02
1.930000000000000156e-06,4.713345197216164961e-01,1.000000000000000000e+00,4.711632453567937695e-01,4.820000000000000000e+02
1.931000000000000231e-06,4.715784812559005723e-01,1.000000000000000000e+00,4.711632453567937695e-01,4.820000000000000000e+02
1.932000000000000306e-06,4.718224427901847040e-01,1.000000000000000000e+00,4.721407624633431332e-01,4.830000000000000000e+02
1.932999999999999958e-06,4.720664043244688357e-01,0.000000000000000000e+00,4.721407624633431332e-01,4.830000000000000000e+02
1.934000000000000033e-06,4.723103658587529119e-01,0.000000000000000000e+00,4.721407624633431332e-01,4.830000000000000000e+02
1.935000000000000108e-06,4.725543273930370436e-01,0.000000000000000000e+00,4.721407624633431332e-01,4.830000000000000000e+02
1.936000000000000183e-06,4.727982889273211753e-01,1.000000000000000000e+00,4.731182795698924970e-01,4.840000000000000000e+02
1.937000000000000259e-06,4.730422504616053070e-01,1.000000000000000000e+00,4.731182795698924970e-01,4.840000000000000000e+02
1.937999999999999910e-06,4.732862119958893832e-01,0.000000000000000000e+00,4.731182795698924970e-01,4.840000000000000000e+02
1.938999999999999985e-06,4.735301735301735149e-01,0.000000000000000000e+00,4.731182795698924970e-01,4.840000000000000000e+02
1.940000000000000060e-06,4.737741350644576466e-01,0.000000000000000000e+00,4.740957966764418607e-01,4.850000000000000000e+02
1.941000000000000136e-06,4.740180965987417228e-01,1.000000000000000000e+00,4.740957966764418607e-01,4.850000000000000000e+02
1.942000000000000211e-06,4.742620581330258545e-01,1.000000000000000000e+00,4.740957966764418607e-01,4.850000000000000000e+02
1.943000000000000286e-06,4.745060196673099862e-01,1.000000000000000000e+00,4.740957966764418607e-01,4.850000000000000000e+02
1.943999999999999937e-06,4.747499812015940623e-01,0.000000000000000000e+00,4.750733137829912245e-01,4.860000000000000000e+02
1.945000000000000013e-06,4.749939427358781940e-01,0.000000000000000000e+00,4.750733137829912245e-01,4.860000000000000000e+02
1.946000000000000088e-06,4.752379042701623257e-01,0.000000000000000000e+00,4.750733137829912245e-01,4.860000000000000000e+02
1.947000000000000163e-06,4.754818658044464574e-01,1.000000000000000000e+00,4.750733137829912245e-01,4.860000000000000000e+02
1.948000000000000238e-06,4.757258273387305336e-01,1.000000000000000000e+00,4.760508308895405882e-01,4.870000000000000000e+02
1.949000000000000313e-06,4.759697888730146653e-01,1.000000000000000000e+00,4.760508308895405882e-01,4.870000000000000000e+02
1.949999999999999965e-06,4.762137504072987970e-01,0.000000000000000000e+00,4.760508308895405882e-01,4.870000000000000000e+02
1.951000000000000040e-06,4.764577119415828732e-01,0.000000000000000000e+00,4.760508308895405882e-01,4.870000000000000000e+02
1.952000000000000115e-06,4.767016734758670049e-01,0.000000000000000000e+00,4.770283479960899520e-01,4.880000000000000000e+02
1.953000000000000190e-06,4.769456350101511366e-01,1.000000000000000000e+00,4.770283479960899520e-01,4.880000000000000000e+02
1.954000000000000265e-06,4.771895965444352128e-01,1.000000000000000000e+00,4.770283479960899520e-01,4.880000000000000000e+02
1.954999999999999917e-06,4.774335580787193445e-01,0.000000000000000000e+00,4.770283479960899520e-01,4.880000000000000000e+02
1.955999999999999992e-06,4.776775196130034762e-01,0.000000000000000000e+00,4.780058651026393157e-01,4.890000000000000000e+02
1.957000000000000067e-06,4.779214811472876079e-01,0.000000000000000000e+00,4.780058651026393157e-01,4.890000000000000000e+02
1.958000000000000142e-06,4.781654426815716841e-01,1.000000000000000000e+00,4.780058651026393157e-01,4.890000000000000000e+02
1.959000000000000217e-06,4.784094042158558158e-01,1.000000000000000000e+00,4.780058651026393157e-01,4.890000000000000000e+02
1.960000000000000292e-06,4.786533657501399475e-01,1.000000000000000000e+00,4.789833822091886795e-01,4.900000000000000000e+02
1.960999999999999944e-06,4.788973272844240237e-01,0.000000000000000000e+00,4.789833822091886795e-01,4.900000000000000000e+02
1.962000000000000019e-06,4.791412888187081554e-01,0.000000000000000000e+00,4.789833822091886795e-01,4.900000000000000000e+02
1.963000000000000094e-06,4.793852503529922870e-01,0.000000000000000000e+00,4.789833822091886795e-01,4.900000000000000000e+02
1.964000000000000169e-06,4.796292118872763632e-01,1.000000000000000000e+00,4.799608993157380432e-01,4.910000000000000000e+02
1.965000000000000245e-06,4.798731734215604949e-01,1.000000000000000000e+00,4.799608993157380432e-01,4.910000000000000000e+02
1.966000000000000320e-06,4.801171349558446266e-01,1.000000000000000000e+00,4.799608993157380432e-01,4.910000000000000000e+02
1.966999999999999971e-06,4.803610964901287028e-01,0.000000000000000000e+00,4.799608993157380432e-01,4.910000000000000000e+02
1.968000000000000046e-06,4.806050580244128345e-01,0.000000000000000000e+00,4.809384164222874070e-01,4.920000000000000000e+02
1.969000000000000122e-06,4.808490195586969662e-01,0.000000000000000000e+00,4.809384164222874070e-01,4.920000000000000000e+02
1.970000000000000197e-06,4.810929810929810979e-01,1.000000000000000000e+00,4.809384164222874070e-01,4.920000000000000000e+02
1.971000000000000272e-06,4.813369426272651741e-01,1.000000000000000000e+00,4.809384164222874070e-01,4.920000000000000000e+02
1.971999999999999923e-06,4.815809041615493058e-01,0.000000000000000000e+00,4.819159335288367707e-01,4.930000000000000000e+02
1.972999999999999999e-06,4.818248656958334375e-01,0.000000000000000000e+00,4.819159335288367707e-01,4.930000000000000000e+02
1.974000000000000074e-06,4.820688272301175137e-01,0.000000000000000000e+00,4.819159335288367707e-01,4.930000000000000000e+02
1.975000000000000149e-06,4.823127887644016454e-01,1.000000000000000000e+00,4.819159335288367707e-01,4.930000000000000000e+02
1.976000000000000224e-06,4.825567502986857771e-01,1.000000000000000000e+00,4.828934506353861345e-01,4.940000000000000000e+02
1.977000000000000299e-06,4.828007118329698533e-01,1.000000000000000000e+00,4.828934506353861345e-01,4.940000000000000000e+02
1.977999999999999951e-06,4.830446733672539850e-01,0.000000000000000000e+00,4.828934506353861345e-01,4.940000000000000000e+02
1.979000000000000026e-06,4.832886349015381167e-01,0.000000000000000000e+00,4.828934506353861345e-01,4.940000000000000000e+02
1.980000000000000101e-06,4.835325964358222484e-01,0.000000000000000000e+00,4.838709677419354982e-01,4.950000000000000000e+02
1.981000000000000176e-06,4.837765579701063245e-01,1.000000000000000000e+00,4.838709677419354982e-01,4.950000000000000000e+02
1.982000000000000251e-06,4.840205195043904562e-01,1.000000000000000000e+00,4.838709677419354982e-01,4.950000000000000000e+02
1.983000000000000326e-06,4.842644810386745879e-01,1.000000000000000000e+00,4.838709677419354982e-01,4.950000000000000000e+02
1.983999999999999978e-06,4.845084425729586641e-01,0.000000000000000000e+00,4.848484848484848619e-01,4.960000000000000000e+02
1.985000000000000053e-06,4.847524041072427958e-01,0.000000000000000000e+00,4.848484848484848619e-01,4.960000000000000000e+02
1.986000000000000128e-06,4.849963656415269275e-01,1.000000000000000000e+00,4.848484848484848619e-01,4.960000000000000000e+02
1.987000000000000203e-06,4.852403271758110037e-01,1.000000000000000000e+00,4.848484848484848619e-01,4.960000000000000000e+02
1.988000000000000278e-06,4.854842887100951354e-01,1.000000000000000000e+00,4.858260019550342257e-01,4.970000000000000000e+02
1.988999999999999930e-06,4.857282502443792671e-01,0.000000000000000000e+00,4.858260019550342257e-01,4.970000000000000000e+02
1.990000000000000005e-06,4.859722117786633988e-01,0.000000000000000000e+00,4.858260019550342257e-01,4.970000000000000000e+02
1.991000000000000080e-06,4.862161733129474750e-01,0.000000000000000000e+00,4.858260019550342257e-01,4.970000000000000000e+02
1.992000000000000155e-06,4.864601348472316067e-01,1.000000000000000000e+00,4.868035190615835894e-01,4.980000000000000000e+02
1.993000000000000231e-06,4.867040963815157384e-01,1.000000000000000000e+00,4.868035190615835894e-01,4.980000000000000000e+02
1.994000000000000306e-06,4.869480579157998146e-01,1.000000000000000000e+00,4.868035190615835894e-01,4.980000000000000000e+02
1.994999999999999957e-06,4.871920194500839463e-01,0.000000000000000000e+00,4.868035190615835894e-01,4.980000000000000000e+02
1.996000000000000032e-06,4.874359809843680780e-01,0.000000000000000000e+00,4.877810361681329532e-01,4.990000000000000000e+02
1.997000000000000108e-06,4.876799425186521542e-01,0.000000000000000000e+00,4.877810361681329532e-01,4.990000000000000000e+02
1.998000000000000183e-06,4.879239040529362859e-01,1.000000000000000000e+00,4.877810361681329532e-01,4.990000000000000000e+02
1.999000000000000258e-06,4.881678655872204176e-01,1.000000000000000000e+00,4.877810361681329532e-01,4.990000000000000000e+02
2.000000000000000333e-06,4.884118271215045493e-01,1.000000000000000000e+00,4.887585532746823169e-01,5.000000000000000000e+02
2.000999999999999985e-06,4.886557886557886254e-01,0.000000000000000000e+00,4.887585532746823169e-01,5.000000000000000000e+02
2.002000000000000060e-06,4.888997501900727571e-01,0.000000000000000000e+00,4.887585532746823169e-01,5.000000000000000000e+02
2.003000000000000135e-06,4.891437117243568888e-01,1.000000000000000000e+00,4.887585532746823169e-01,5.000000000000000000e+02
2.004000000000000210e-06,4.893876732586409650e-01,1.000000000000000000e+00,4.897360703812316807e-01,5.010000000000000000e+02
2.005000000000000285e-06,4.896316347929250967e-01,1.000000000000000000e+00,4.897360703812316807e-01,5.010000000000000000e+02
2.005999999999999937e-06,4.898755963272092284e-01,0.000000000000000000e+00,4.897360703812316807e-01,5.010000000000000000e+02
2.007000000000000012e-06,4.901195578614933046e-01,0.000000000000000000e+00,4.897360703812316807e-01,5.010000000000000000e+02
2.008000000000000087e-06,4.903635193957774363e-01,0.000000000000000000e+00,4.907135874877810444e-01,5.020000000000000000e+02
2.009000000000000162e-06,4.906074809300615680e-01,1.000000000000000000e+00,4.907135874877810444e-01,5.020000000000000000e+02
2.010000000000000237e-06,4.908514424643456442e-01,1.000000000000000000e+00,4.907135874877810444e-01,5.020000000000000000e+02
2.011000000000000312e-06,4.910954039986297759e-01,1.000000000000000000e+00,4.907135874877810444e-01,5.020000000000000000e+02
2.011999999999999964e-06,4.913393655329139076e-01,0.000000000000000000e+00,4.916911045943304082e-01,5.030000000000000000e+02
2.013000000000000039e-06,4.915833270671980393e-01,0.000000000000000000e+00,4.916911045943304082e-01,5.030000000000000000e+02
2.014000000000000114e-06,4.918272886014821155e-01,0.000000000000000000e+00,4.916911045943304082e-01,5.030000000000000000e+02
2.015000000000000189e-06,4.920712501357662472e-01,1.000000000000000000e+00,4.916911045943304082e-01,5.030000000000000000e+02
2.016000000000000265e-06,4.923152116700503789e-01,1.000000000000000000e+00,4.926686217008797719e-01,5.040000000000000000e+02
2.016999999999999916e-06,4.925591732043344551e-01,0.000000000000000000e+00,4.926686217008797719e-01,5.040000000000000000e+02
2.017999999999999991e-06,4.928031347386185868e-01,0.000000000000000000e+00,4.926686217008797719e-01,5.040000000000000000e+02
2.019000000000000066e-06,4.930470962729027185e-01,0.000000000000000000e+00,4.926686217008797719e-01,5.040000000000000000e+02
2.020000000000000142e-06,4.932910578071867946e-01,1.000000000000000000e+00,4.936461388074291357e-01,5.050000000000000000e+02
2.021000000000000217e-06,4.935350193414709263e-01,1.000000000000000000e+00,4.936461388074291357e-01,5.050000000000000000e+02
2.022000000000000292e-06,4.937789808757550580e-01,1.000000000000000000e+00,4.936461388074291357e-01,5.050000000000000000e+02
2.022999999999999943e-06,4.940229424100391897e-01,0.000000000000000000e+00,4.936461388074291357e-01,5.050000000000000000e+02
2.024000000000000019e-06,4.942669039443232659e-01,0.000000000000000000e+00,4.946236559139784994e-01,5.060000000000000000e+02
2.025000000000000094e-06,4.945108654786073976e-01,0.000000000000000000e+00,4.946236559139784994e-01,5.060000000000000000e+02
2.026000000000000169e-06,4.947548270128915293e-01,1.000000000000000000e+00,4.946236559139784994e-01,5.060000000000000000e+02
2.027000000000000244e-06,4.949987885471756055e-01,1.000000000000000000e+00,4.946236559139784994e-01,5.060000000000000000e+02
2.028000000000000319e-06,4.952427500814597372e-01,1.000000000000000000e+00,4.956011730205278631e-01,5.070000000000000000e+02
2.028999999999999971e-06,4.954867116157438689e-01,0.000000000000000000e+00,4.956011730205278631e-01,5.070000000000000000e+02
2.030000000000000046e-06,4.957306731500279451e-01,0.000000000000000000e+00,4.956011730205278631e-01,5.070000000000000000e+02
2.031000000000000121e-06,4.959746346843120768e-01,0.000000000000000000e+00,4.956011730205278631e-01,5.070000000000000000e+02
2.032000000000000196e-06,4.962185962185962085e-01,1.000000000000000000e+00,4.965786901270772269e-01,5.080000000000000000e+02
2.033000000000000271e-06,4.964625577528803402e-01,1.000000000000000000e+00,4.965786901270772269e-01,5.080000000000000000e+02
2.033999999999999923e-06,4.967065192871644164e-01,0.000000000000000000e+00,4.965786901270772269e-01,5.080000000000000000e+02
2.034999999999999998e-06,4.969504808214485481e-01,0.000000000000000000e+00,4.965786901270772269e-01,5.080000000000000000e+02
2.036000000000000073e-06,4.971944423557326798e-01,0.000000000000000000e+00,4.975562072336265906e-01,5.090000000000000000e+02
2.037000000000000148e-06,4.974384038900167559e-01,1.000000000000000000e+00,4.975562072336265906e-01,5.090000000000000000e+02
2.038000000000000223e-06,4.976823654243008876e-01,1.000000000000000000e+00,4.975562072336265906e-01,5.090000000000000000e+02
2.039000000000000298e-06,4.979263269585850193e-01,1.000000000000000000e+00,4.975562072336265906e-01,5.090000000000000000e+02
2.039999999999999950e-06,4.981702884928690955e-01,0.000000000000000000e+00,4.985337243401759544e-01,5.100000000000000000e+02
2.041000000000000025e-06,4.984142500271532272e-01,0.000000000000000000e+00,4.985337243401759544e-01,5.100000000000000000e+02
2.042000000000000100e-06,4.986582115614373589e-01,0.000000000000000000e+00,4.985337243401759544e-01,5.100000000000000000e+02
2.043000000000000175e-06,4.989021730957214906e-01,1.000000000000000000e+00,4.985337243401759544e-01,5.100000000000000000e+02
2.044000000000000251e-06,4.991461346300055668e-01,1.000000000000000000e+00,4.995112414467253181e-01,5.110000000000000000e+02
2.045000000000000326e-06,4.993900961642896985e-01,1.000000000000000000e+00,4.995112414467253181e-01,5.110000000000000000e+02
2.045999999999999977e-06,4.996340576985738302e-01,0.000000000000000000e+00,4.995112414467253181e-01,5.110000000000000000e+02
2.047000000000000052e-06,4.998780192328579064e-01,0.000000000000000000e+00,4.995112414467253181e-01,5.110000000000000000e+02
2.048000000000000128e-06,5.001219807671420936e-01,1.000000000000000000e+00,5.004887585532746819e-01,5.120000000000000000e+02
2.049000000000000203e-06,5.003659423014261698e-01,1.000000000000000000e+00,5.004887585532746819e-01,5.120000000000000000e+02
2.050000000000000278e-06,5.006099038357102460e-01,1.000000000000000000e+00,5.004887585532746819e-01,5.120000000000000000e+02
2.050999999999999929e-06,5.008538653699944332e-01,0.000000000000000000e+00,5.004887585532746819e-01,5.120000000000000000e+02
2.052000000000000005e-06,5.010978269042785094e-01,0.000000000000000000e+00,5.014662756598240456e-01,5.130000000000000000e+02
2.053000000000000080e-06,5.013417884385625856e-01,0.000000000000000000e+00,5.014662756598240456e-01,5.130000000000000000e+02
2.054000000000000155e-06,5.015857499728467728e-01,1.000000000000000000e+00,5.014662756598240456e-01,5.130000000000000000e+02
2.055000000000000230e-06,5.018297115071308490e-01,1.000000000000000000e+00,5.014662756598240456e-01,5.130000000000000000e+02
2.056000000000000305e-06,5.020736730414149251e-01,1.000000000000000000e+00,5.024437927663734094e-01,5.140000000000000000e+02
2.056999999999999957e-06,5.023176345756991124e-01,0.000000000000000000e+00,5.024437927663734094e-01,5.140000000000000000e+02
2.058000000000000032e-06,5.025615961099831885e-01,0.000000000000000000e+00,5.024437927663734094e-01,5.140000000000000000e+02
2.059000000000000107e-06,5.028055576442672647e-01,0.000000000000000000e+00,5.024437927663734094e-01,5.140000000000000000e+02
2.060000000000000182e-06,5.030495191785514519e-01,1.000000000000000000e+00,5.034213098729227731e-01,5.150000000000000000e+02
2.061000000000000257e-06,5.032934807128355281e-01,1.000000000000000000e+00,5.034213098729227731e-01,5.150000000000000000e+02
2.062000000000000332e-06,5.035374422471196043e-01,1.000000000000000000e+00,5.034213098729227731e-01,5.150000000000000000e+02
2.062999999999999984e-06,5.037814037814037915e-01,0.000000000000000000e+00,5.034213098729227731e-01,5.150000000000000000e+02
2.064000000000000059e-06,5.040253653156878677e-01,0.000000000000000000e+00,5.043988269794721369e-01,5.160000000000000000e+02
2.065000000000000134e-06,5.042693268499719439e-01,1.000000000000000000e+00,5.043988269794721369e-01,5.160000000000000000e+02
2.066000000000000209e-06,5.045132883842561311e-01,1.000000000000000000e+00,5.043988269794721369e-01,5.160000000000000000e+02
2.067000000000000284e-06,5.047572499185402073e-01,1.000000000000000000e+00,5.043988269794721369e-01,5.160000000000000000e+02
2.067999999999999936e-06,5.050012114528242835e-01,0.000000000000000000e+00,5.053763440860215006e-01,5.170000000000000000e+02
2.069000000000000011e-06,5.052451729871084707e-01,0.000000000000000000e+00,5.053763440860215006e-01,5.170000000000000000e+02
2.070000000000000086e-06,5.054891345213925469e-01,0.000000000000000000e+00,5.053763440860215006e-01,5.170000000000000000e+02
2.071000000000000161e-06,5.057330960556767341e-01,1.000000000000000000e+00,5.053763440860215006e-01,5.170000000000000000e+02
2.072000000000000237e-06,5.059770575899608103e-01,1.000000000000000000e+00,5.063538611925708643e-01,5.180000000000000000e+02
2.073000000000000312e-06,5.062210191242448865e-01,1.000000000000000000e+00,5.063538611925708643e-01,5.180000000000000000e+02
2.073999999999999963e-06,5.064649806585290737e-01,0.000000000000000000e+00,5.063538611925708643e-01,5.180000000000000000e+02
2.075000000000000038e-06,5.067089421928131499e-01,0.000000000000000000e+00,5.063538611925708643e-01,5.180000000000000000e+02
2.076000000000000114e-06,5.069529037270972260e-01,0.000000000000000000e+00,5.073313782991202281e-01,5.190000000000000000e+02
2.077000000000000189e-06,5.071968652613814132e-01,1.000000000000000000e+00,5.073313782991202281e-01,5.190000000000000000e+02
2.078000000000000264e-06,5.074408267956654894e-01,1.000000000000000000e+00,5.073313782991202281e-01,5.190000000000000000e+02
2.079000000000000339e-06,5.076847883299495656e-01,1.000000000000000000e+00,5.073313782991202281e-01,5.190000000000000000e+02
2.079999999999999991e-06,5.079287498642337528e-01,0.000000000000000000e+00,5.083088954056695918e-01,5.200000000000000000e+02
2.081000000000000066e-06,5.081727113985178290e-01,0.000000000000000000e+00,5.083088954056695918e-01,5.200000000000000000e+02
2.082000000000000141e-06,5.084166729328019052e-01,1.000000000000000000e+00,5.083088954056695918e-01,5.200000000000000000e+02
2.083000000000000216e-06,5.086606344670860924e-01,1.000000000000000000e+00,5.083088954056695918e-01,5.200000000000000000e+02
2.084000000000000291e-06,5.089045960013701686e-01,1.000000000000000000e+00,5.092864125122189556e-01,5.210000000000000000e+02
2.084999999999999943e-06,5.091485575356542448e-01,0.000000000000000000e+00,5.092864125122189556e-01,5.210000000000000000e+02
2.086000000000000018e-06,5.093925190699384320e-01,0.000000000000000000e+00,5.092864125122189556e-01,5.210000000000000000e+02
2.087000000000000093e-06,5.096364806042225082e-01,0.000000000000000000e+00,5.092864125122189556e-01,5.210000000000000000e+02
2.088000000000000168e-06,5.098804421385065844e-01,1.000000000000000000e+00,5.102639296187683193e-01,5.220000000000000000e+02
2.089000000000000243e-06,5.101244036727907716e-01,1.000000000000000000e+00,5.102639296187683193e-01,5.220000000000000000e+02
2.090000000000000318e-06,5.103683652070748478e-01,1.000000000000000000e+00,5.102639296187683193e-01,5.220000000000000000e+02
2.090999999999999970e-06,5.106123267413590350e-01,0.000000000000000000e+00,5.102639296187683193e-01,5.220000000000000000e+02
2.092000000000000045e-06,5.108562882756431112e-01,0.000000000000000000e+00,5.112414467253176831e-01,5.230000000000000000e+02
2.093000000000000120e-06,5.111002498099271873e-01,0.000000000000000000e+00,5.112414467253176831e-01,5.230000000000000000e+02
2.094000000000000195e-06,5.113442113442113746e-01,1.000000000000000000e+00,5.112414467253176831e-01,5.230000000000000000e+02
2.095000000000000270e-06,5.115881728784954507e-01,1.000000000000000000e+00,5.112414467253176831e-01,5.230000000000000000e+02
2.095999999999999922e-06,5.118321344127795269e-01,0.000000000000000000e+00,5.122189638318670468e-01,5.240000000000000000e+02
2.096999999999999997e-06,5.120760959470637141e-01,0.000000000000000000e+00,5.122189638318670468e-01,5.240000000000000000e+02
2.098000000000000072e-06,5.123200574813477903e-01,0.000000000000000000e+00,5.122189638318670468e-01,5.240000000000000000e+02
2.099000000000000147e-06,5.125640190156318665e-01,1.000000000000000000e+00,5.122189638318670468e-01,5.240000000000000000e+02
2.100000000000000223e-06,5.128079805499160537e-01,1.000000000000000000e+00,5.131964809384164106e-01,5.250000000000000000e+02
2.101000000000000298e-06,5.130519420842001299e-01,1.000000000000000000e+00,5.131964809384164106e-01,5.250000000000000000e+02
2.101999999999999949e-06,5.132959036184842061e-01,0.000000000000000000e+00,5.131964809384164106e-01,5.250000000000000000e+02
2.103000000000000024e-06,5.135398651527683933e-01,0.000000000000000000e+00,5.131964809384164106e-01,5.250000000000000000e+02
2.104000000000000100e-06,5.137838266870524695e-01,0.000000000000000000e+00,5.141739980449657743e-01,5.260000000000000000e+02
2.105000000000000175e-06,5.140277882213365457e-01,1.000000000000000000e+00,5.141739980449657743e-01,5.260000000000000000e+02
2.106000000000000250e-06,5.142717497556207329e-01,1.000000000000000000e+00,5.141739980449657743e-01,5.260000000000000000e+02
2.107000000000000325e-06,5.145157112899048091e-01,1.000000000000000000e+00,5.141739980449657743e-01,5.260000000000000000e+02
2.107999999999999977e-06,5.147596728241888853e-01,0.000000000000000000e+00,5.151515151515151381e-01,5.270000000000000000e+02
2.109000000000000052e-06,5.150036343584730725e-01,0.000000000000000000e+00,5.151515151515151381e-01,5.270000000000000000e+02
2.110000000000000127e-06,5.152475958927571487e-01,0.000000000000000000e+00,5.151515151515151381e-01,5.270000000000000000e+02
2.111000000000000202e-06,5.154915574270412248e-01,1.000000000000000000e+00,5.151515151515151381e-01,5.270000000000000000e+02
2.112000000000000277e-06,5.157355189613254121e-01,1.000000000000000000e+00,5.161290322580645018e-01,5.280000000000000000e+02
2.112999999999999929e-06,5.159794804956094882e-01,0.000000000000000000e+00,5.161290322580645018e-01,5.280000000000000000e+02
2.114000000000000004e-06,5.162234420298936755e-01,0.000000000000000000e+00,5.161290322580645018e-01,5.280000000000000000e+02
2.115000000000000079e-06,5.164674035641777516e-01,0.000000000000000000e+00,5.161290322580645018e-01,5.280000000000000000e+02
2.116000000000000154e-06,5.167113650984618278e-01,1.000000000000000000e+00,5.171065493646138655e-01,5.290000000000000000e+02
2.117000000000000229e-06,5.169553266327460150e-01,1.000000000000000000e+00,5.171065493646138655e-01,5.290000000000000000e+02
2.118000000000000304e-06,5.171992881670300912e-01,1.000000000000000000e+00,5.171065493646138655e-01,5.290000000000000000e+02
2.118999999999999956e-06,5.174432497013141674e-01,0.000000000000000000e+00,5.171065493646138655e-01,5.290000000000000000e+02
2.120000000000000031e-06,5.176872112355983546e-01,0.000000000000000000e+00,5.180840664711632293e-01,5.300000000000000000e+02
2.121000000000000106e-06,5.179311727698824308e-01,0.000000000000000000e+00,5.180840664711632293e-01,5.300000000000000000e+02
2.122000000000000181e-06,5.181751343041665070e-01,1.000000000000000000e+00,5.180840664711632293e-01,5.300000000000000000e+02
2.123000000000000257e-06,5.184190958384506942e-01,1.000000000000000000e+00,5.180840664711632293e-01,5.300000000000000000e+02
2.124000000000000332e-06,5.186630573727347704e-01,1.000000000000000000e+00,5.190615835777125930e-01,5.310000000000000000e+02
2.124999999999999983e-06,5.189070189070188466e-01,0.000000000000000000e+00,5.190615835777125930e-01,5.310000000000000000e+02
2.126000000000000058e-06,5.191509804413030338e-01,0.000000000000000000e+00,5.190615835777125930e-01,5.310000000000000000e+02
2.127000000000000134e-06,5.193949419755871100e-01,1.000000000000000000e+00,5.190615835777125930e-01,5.310000000000000000e+02
2.128000000000000209e-06,5.196389035098711862e-01,1.000000000000000000e+00,5.200391006842619568e-01,5.320000000000000000e+02
2.129000000000000284e-06,5.198828650441553734e-01,1.000000000000000000e+00,5.200391006842619568e-01,5.320000000000000000e+02
2.129999999999999935e-06,5.201268265784394496e-01,0.000000000000000000e+00,5.200391006842619568e-01,5.320000000000000000e+02
2.131000000000000011e-06,5.203707881127235257e-01,0.000000000000000000e+00,5.200391006842619568e-01,5.320000000000000000e+02
2.132000000000000086e-06,5.206147496470077130e-01,0.000000000000000000e+00,5.210166177908113205e-01,5.330000000000000000e+02
2.133000000000000161e-06,5.208587111812917891e-01,1.000000000000000000e+00,5.210166177908113205e-01,5.330000000000000000e+02
2.134000000000000236e-06,5.211026727155759763e-01,1.000000000000000000e+00,5.210166177908113205e-01,5.330000000000000000e+02
2.135000000000000311e-06,5.213466342498600525e-01,1.000000000000000000e+00,5.210166177908113205e-01,5.330000000000000000e+02
2.135999999999999963e-06,5.215905957841441287e-01,0.000000000000000000e+00,5.219941348973606843e-01,5.340000000000000000e+02
2.137000000000000038e-06,5.218345573184283159e-01,0.000000000000000000e+00,5.219941348973606843e-01,5.340000000000000000e+02
2.138000000000000113e-06,5.220785188527123921e-01,0.000000000000000000e+00,5.219941348973606843e-01,5.340000000000000000e+02
2.139000000000000188e-06,5.223224803869964683e-01,1.000000000000000000e+00,5.219941348973606843e-01,5.340000000000000000e+02
2.140000000000000263e-06,5.225664419212806555e-01,1.000000000000000000e+00,5.229716520039100480e-01,5.350000000000000000e+02
2.141000000000000338e-06,5.228104034555647317e-01,1.000000000000000000e+00,5.229716520039100480e-01,5.350000000000000000e+02
2.141999999999999990e-06,5.230543649898488079e-01,0.000000000000000000e+00,5.229716520039100480e-01,5.350000000000000000e+02
2.143000000000000065e-06,5.232983265241329951e-01,0.000000000000000000e+00,5.229716520039100480e-01,5.350000000000000000e+02
2.144000000000000140e-06,5.235422880584170713e-01,1.000000000000000000e+00,5.239491691104594118e-01,5.360000000000000000e+02
2.145000000000000215e-06,5.237862495927011475e-01,1.000000000000000000e+00,5.239491691104594118e-01,5.360000000000000000e+02
2.146000000000000290e-06,5.240302111269853347e-01,1.000000000000000000e+00,5.239491691104594118e-01,5.360000000000000000e+02
2.146999999999999942e-06,5.242741726612694109e-01,0.000000000000000000e+00,5.239491691104594118e-01,5.360000000000000000e+02
2.148000000000000017e-06,5.245181341955534871e-01,0.000000000000000000e+00,5.249266862170087755e-01,5.370000000000000000e+02
2.149000000000000092e-06,5.247620957298376743e-01,0.000000000000000000e+00,5.249266862170087755e-01,5.370000000000000000e+02
2.150000000000000167e-06,5.250060572641217504e-01,1.000000000000000000e+00,5.249266862170087755e-01,5.370000000000000000e+02
2.151000000000000243e-06,5.252500187984058266e-01,1.000000000000000000e+00,5.249266862170087755e-01,5.370000000000000000e+02
2.152000000000000318e-06,5.254939803326900138e-01,1.000000000000000000e+00,5.259042033235581393e-01,5.380000000000000000e+02
2.152999999999999969e-06,5.257379418669740900e-01,0.000000000000000000e+00,5.259042033235581393e-01,5.380000000000000000e+02
2.154000000000000044e-06,5.259819034012581662e-01,0.000000000000000000e+00,5.259042033235581393e-01,5.380000000000000000e+02
2.155000000000000120e-06,5.262258649355423534e-01,0.000000000000000000e+00,5.259042033235581393e-01,5.380000000000000000e+02
2.156000000000000195e-06,5.264698264698264296e-01,1.000000000000000000e+00,5.268817204301075030e-01,5.390000000000000000e+02
2.157000000000000270e-06,5.267137880041106168e-01,1.000000000000000000e+00,5.268817204301075030e-01,5.390000000000000000e+02
2.158000000000000345e-06,5.269577495383946930e-01,1.000000000000000000e+00,5.268817204301075030e-01,5.390000000000000000e+02
2.158999999999999997e-06,5.272017110726787692e-01,0.000000000000000000e+00,5.268817204301075030e-01,5.390000000000000000e+02
2.160000000000000072e-06,5.274456726069629564e-01,0.000000000000000000e+00,5.278592375366568668e-01,5.400000000000000000e+02
2.161000000000000147e-06,5.276896341412470326e-01,1.000000000000000000e+00,5.278592375366568668e-01,5.400000000000000000e+02
2.162000000000000222e-06,5.279335956755311088e-01,1.000000000000000000e+00,5.278592375366568668e-01,5.400000000000000000e+02
2.163000000000000297e-06,5.281775572098152960e-01,1.000000000000000000e+00,5.278592375366568668e-01,5.400000000000000000e+02
2.163999999999999949e-06,5.284215187440993722e-01,0.000000000000000000e+00,5.288367546432062305e-01,5.410000000000000000e+02
2.165000000000000024e-06,5.286654802783834484e-01,0.000000000000000000e+00,5.288367546432062305e-01,5.410000000000000000e+02
2.166000000000000099e-06,5.289094418126676356e-01,0.000000000000000000e+00,5.288367546432062305e-01,5.410000000000000000e+02
2.167000000000000174e-06,5.291534033469517118e-01,1.000000000000000000e+00,5.288367546432062305e-01,5.410000000000000000e+02
2.168000000000000249e-06,5.293973648812357879e-01,1.000000000000000000e+00,5.298142717497555942e-01,5.420000000000000000e+02
2.169000000000000324e-06,5.296413264155199752e-01,1.000000000000000000e+00,5.298142717497555942e-01,5.420000000000000000e+02
2.169999999999999976e-06,5.298852879498040513e-01,0.000000000000000000e+00,5.298142717497555942e-01,5.420000000000000000e+02
2.171000000000000051e-06,5.301292494840881275e-01,0.000000000000000000e+00,5.298142717497555942e-01,5.420000000000000000e+02
2.172000000000000126e-06,5.303732110183723147e-01,0.000000000000000000e+00,5.307917888563049580e-01,5.430000000000000000e+02
2.173000000000000201e-06,5.306171725526563909e-01,1.000000000000000000e+00,5.307917888563049580e-01,5.430000000000000000e+02
2.174000000000000276e-06,5.308611340869404671e-01,1.000000000000000000e+00,5.307917888563049580e-01,5.430000000000000000e+02
2.174999999999999928e-06,5.311050956212246543e-01,0.000000000000000000e+00,5.307917888563049580e-01,5.430000000000000000e+02
2.176000000000000003e-06,5.313490571555087305e-01,0.000000000000000000e+00,5.317693059628543217e-01,5.440000000000000000e+02
2.177000000000000078e-06,5.315930186897929177e-01,0.000000000000000000e+00,5.317693059628543217e-01,5.440000000000000000e+02
2.178000000000000153e-06,5.318369802240769939e-01,1.000000000000000000e+00,5.317693059628543217e-01,5.440000000000000000e+02
2.179000000000000229e-06,5.320809417583610701e-01,1.000000000000000000e+00,5.317693059628543217e-01,5.440000000000000000e+02
2.180000000000000304e-06,5.323249032926452573e-01,1.000000000000000000e+00,5.327468230694036855e-01,5.450000000000000000e+02
2.180999999999999955e-06,5.325688648269293335e-01,0.000000000000000000e+00,5.327468230694036855e-01,5.450000000000000000e+02
2.182000000000000030e-06,5.328128263612134097e-01,0.000000000000000000e+00,5.327468230694036855e-01,5.450000000000000000e+02
2.183000000000000106e-06,5.330567878954975969e-01,0.000000000000000000e+00,5.327468230694036855e-01,5.450000000000000000e+02
2.184000000000000181e-06,5.333007494297816731e-01,1.000000000000000000e+00,5.337243401759530492e-01,5.460000000000000000e+02
2.185000000000000256e-06,5.335447109640657493e-01,1.000000000000000000e+00,5.337243401759530492e-01,5.460000000000000000e+02
2.186000000000000331e-06,5.337886724983499365e-01,1.000000000000000000e+00,5.337243401759530492e-01,5.460000000000000000e+02
2.186999999999999983e-06,5.340326340326340127e-01,0.000000000000000000e+00,5.337243401759530492e-01,5.460000000000000000e+02
2.188000000000000058e-06,5.342765955669180888e-01,0.000000000000000000e+00,5.347018572825024130e-01,5.470000000000000000e+02
2.189000000000000133e-06,5.345205571012022761e-01,0.000000000000000000e+00,5.347018572825024130e-01,5.470000000000000000e+02
2.190000000000000208e-06,5.347645186354863522e-01,1.000000000000000000e+00,5.347018572825024130e-01,5.470000000000000000e+02
2.191000000000000283e-06,5.350084801697704284e-01,1.000000000000000000e+00,5.347018572825024130e-01,5.470000000000000000e+02
2.191999999999999935e-06,5.352524417040546156e-01,0.000000000000000000e+00,5.356793743890517767e-01,5.480000000000000000e+02
2.193000000000000010e-06,5.354964032383386918e-01,0.000000000000000000e+00,5.356793743890517767e-01,5.480000000000000000e+02
2.194000000000000085e-06,5.357403647726227680e-01,0.000000000000000000e+00,5.356793743890517767e-01,5.480000000000000000e+02
2.195000000000000160e-06,5.359843263069069552e-01,1.000000000000000000e+00,5.356793743890517767e-01,5.480000000000000000e+02
2.196000000000000235e-06,5.362282878411910314e-01,1.000000000000000000e+00,5.366568914956011405e-01,5.490000000000000000e+02
2.197000000000000310e-06,5.364722493754751076e-01,1.000000000000000000e+00,5.366568914956011405e-01,5.490000000000000000e+02
2.197999999999999962e-06,5.367162109097592948e-01,0.000000000000000000e+00,5.366568914956011405e-01,5.490000000000000000e+02
2.199000000000000037e-06,5.369601724440433710e-01,0.000000000000000000e+00,5.366568914956011405e-01,5.490000000000000000e+02
2.200000000000000112e-06,5.372041339783275582e-01,0.000000000000000000e+00,5.376344086021505042e-01,5.500000000000000000e+02
2.201000000000000187e-06,5.374480955126116344e-01,1.000000000000000000e+00,5.376344086021505042e-01,5.500000000000000000e+02
2.202000000000000262e-06,5.376920570468957106e-01,1.000000000000000000e+00,5.376344086021505042e-01,5.500000000000000000e+02
2.203000000000000338e-06,5.379360185811798978e-01,1.000000000000000000e+00,5.376344086021505042e-01,5.500000000000000000e+02
2.203999999999999989e-06,5.381799801154639740e-01,0.000000000000000000e+00,5.386119257086998680e-01,5.510000000000000000e+02
2.205000000000000064e-06,5.384239416497480502e-01,0.000000000000000000e+00,5.386119257086998680e-01,5.510000000000000000e+02
2.206000000000000139e-06,5.386679031840322374e-01,1.000000000000000000e+00,5.386119257086998680e-01,5.510000000000000000e+02
2.207000000000000215e-06,5.389118647183163135e-01,1.000000000000000000e+00,5.386119257086998680e-01,5.510000000000000000e+02
2.208000000000000290e-06,5.391558262526003897e-01,1.000000000000000000e+00,5.395894428152492317e-01,5.520000000000000000e+02
2.208999999999999941e-06,5.393997877868845769e-01,0.000000000000000000e+00,5.395894428152492317e-01,5.520000000000000000e+02
2.210000000000000016e-06,5.396437493211686531e-01,0.000000000000000000e+00,5.395894428152492317e-01,5.520000000000000000e+02
2.211000000000000092e-06,5.398877108554527293e-01,0.000000000000000000e+00,5.395894428152492317e-01,5.520000000000000000e+02
2.212000000000000167e-06,5.401316723897369165e-01,1.000000000000000000e+00,5.405669599217985954e-01,5.530000000000000000e+02
2.213000000000000242e-06,5.403756339240209927e-01,1.000000000000000000e+00,5.405669599217985954e-01,5.530000000000000000e+02
2.214000000000000317e-06,5.406195954583050689e-01,1.000000000000000000e+00,5.405669599217985954e-01,5.530000000000000000e+02
2.214999999999999969e-06,5.408635569925892561e-01,0.000000000000000000e+00,5.405669599217985954e-01,5.530000000000000000e+02
2.216000000000000044e-06,5.411075185268733323e-01,0.000000000000000000e+00,5.415444770283479592e-01,5.540000000000000000e+02
2.217000000000000119e-06,5.413514800611574085e-01,0.000000000000000000e+00,5.415444770283479592e-01,5.540000000000000000e+02
2.218000000000000194e-06,5.415954415954415957e-01,1.000000000000000000e+00,5.415444770283479592e-01,5.540000000000000000e+02
2.219000000000000269e-06,5.418394031297256719e-01,1.000000000000000000e+00,5.415444770283479592e-01,5.540000000000000000e+02
2.220000000000000344e-06,5.420833646640098591e-01,1.000000000000000000e+00,5.425219941348973229e-01,5.550000000000000000e+02
2.220999999999999996e-06,5.423273261982939353e-01,0.000000000000000000e+00,5.425219941348973229e-01,5.550000000000000000e+02
2.222000000000000071e-06,5.425712877325780115e-01,0.000000000000000000e+00,5.425219941348973229e-01,5.550000000000000000e+02
2.223000000000000146e-06,5.428152492668621987e-01,1.000000000000000000e+00,5.425219941348973229e-01,5.550000000000000000e+02
2.224000000000000221e-06,5.430592108011462749e-01,1.000000000000000000e+00,5.434995112414466867e-01,5.560000000000000000e+02
2.225000000000000296e-06,5.433031723354303510e-01,1.000000000000000000e+00,5.434995112414466867e-01,5.560000000000000000e+02
2.225999999999999948e-06,5.435471338697145383e-01,0.000000000000000000e+00,5.434995112414466867e-01,5.560000000000000000e+02
2.227000000000000023e-06,5.437910954039986144e-01,0.000000000000000000e+00,5.434995112414466867e-01,5.560000000000000000e+02
2.228000000000000098e-06,5.440350569382826906e-01,0.000000000000000000e+00,5.444770283479960504e-01,5.570000000000000000e+02
2.229000000000000173e-06,5.442790184725668778e-01,1.000000000000000000e+00,5.444770283479960504e-01,5.570000000000000000e+02
2.230000000000000248e-06,5.445229800068509540e-01,1.000000000000000000e+00,5.444770283479960504e-01,5.570000000000000000e+02
2.231000000000000324e-06,5.447669415411350302e-01,1.000000000000000000e+00,5.444770283479960504e-01,5.570000000000000000e+02
2.231999999999999975e-06,5.450109030754192174e-01,0.000000000000000000e+00,5.454545454545454142e-01,5.580000000000000000e+02
2.233000000000000050e-06,5.452548646097032936e-01,0.000000000000000000e+00,5.454545454545454142e-01,5.580000000000000000e+02
2.234000000000000125e-06,5.454988261439873698e-01,0.000000000000000000e+00,5.454545454545454142e-01,5.580000000000000000e+02
2.235000000000000201e-06,5.457427876782715570e-01,1.000000000000000000e+00,5.454545454545454142e-01,5.580000000000000000e+02
2.236000000000000276e-06,5.459867492125556332e-01,1.000000000000000000e+00,5.464320625610947779e-01,5.590000000000000000e+02
2.237000000000000351e-06,5.462307107468397094e-01,1.000000000000000000e+00,5.464320625610947779e-01,5.590000000000000000e+02
2.238000000000000002e-06,5.464746722811238966e-01,0.000000000000000000e+00,5.464320625610947779e-01,5.590000000000000000e+02
2.239000000000000078e-06,5.467186338154079728e-01,0.000000000000000000e+00,5.464320625610947779e-01,5.590000000000000000e+02
2.240000000000000153e-06,5.469625953496920490e-01,1.000000000000000000e+00,5.474095796676441417e-01,5.600000000000000000e+02
2.241000000000000228e-06,5.472065568839762362e-01,1.000000000000000000e+00,5.474095796676441417e-01,5.600000000000000000e+02
2.242000000000000303e-06,5.474505184182603124e-01,1.000000000000000000e+00,5.474095796676441417e-01,5.600000000000000000e+02
2.242999999999999955e-06,5.476944799525444996e-01,0.000000000000000000e+00,5.474095796676441417e-01,5.600000000000000000e+02
2.244000000000000030e-06,5.479384414868285758e-01,0.000000000000000000e+00,5.483870967741935054e-01,5.610000000000000000e+02
2.245000000000000105e-06,5.481824030211126519e-01,0.000000000000000000e+00,5.483870967741935054e-01,5.610000000000000000e+02
2.246000000000000180e-06,5.484263645553968392e-01,1.000000000000000000e+00,5.483870967741935054e-01,5.610000000000000000e+02
2.247000000000000255e-06,5.486703260896809153e-01,1.000000000000000000e+00,5.483870967741935054e-01,5.610000000000000000e+02
2.248000000000000330e-06,5.489142876239649915e-01,1.000000000000000000e+00,5.493646138807428692e-01,5.620000000000000000e+02
2.248999999999999982e-06,5.491582491582491787e-01,0.000000000000000000e+00,5.493646138807428692e-01,5.620000000000000000e+02
2.250000000000000057e-06,5.494022106925332549e-01,0.000000000000000000e+00,5.493646138807428692e-01,5.620000000000000000e+02
2.251000000000000132e-06,5.496461722268173311e-01,0.000000000000000000e+00,5.493646138807428692e-01,5.620000000000000000e+02
2.252000000000000207e-06,5.498901337611015183e-01,1.000000000000000000e+00,5.503421309872922329e-01,5.630000000000000000e+02
2.253000000000000282e-06,5.501340952953855945e-01,1.000000000000000000e+00,5.503421309872922329e-01,5.630000000000000000e+02
2.253999999999999934e-06,5.503780568296696707e-01,0.000000000000000000e+00,5.503421309872922329e-01,5.630000000000000000e+02
2.255000000000000009e-06,5.506220183639538579e-01,0.000000000000000000e+00,5.503421309872922329e-01,5.630000000000000000e+02
2.256000000000000084e-06,5.508659798982379341e-01,0.000000000000000000e+00,5.513196480938415966e-01,5.640000000000000000e+02
2.257000000000000159e-06,5.511099414325220103e-01,1.000000000000000000e+00,5.513196480938415966e-01,5.640000000000000000e+02
2.258000000000000235e-06,5.513539029668061975e-01,1.000000000000000000e+00,5.513196480938415966e-01,5.640000000000000000e+02
2.259000000000000310e-06,5.515978645010902737e-01,1.000000000000000000e+00,5.513196480938415966e-01,5.640000000000000000e+02
2.259999999999999961e-06,5.518418260353743499e-01,0.000000000000000000e+00,5.522971652003909604e-01,5.650000000000000000e+02
2.261000000000000036e-06,5.520857875696585371e-01,0.000000000000000000e+00,5.522971652003909604e-01,5.650000000000000000e+02
2.262000000000000112e-06,5.523297491039426133e-01,0.000000000000000000e+00,5.522971652003909604e-01,5.650000000000000000e+02
2.263000000000000187e-06,5.525737106382268005e-01,1.000000000000000000e+00,5.522971652003909604e-01,5.650000000000000000e+02
2.264000000000000262e-06,5.528176721725108766e-01,1.000000000000000000e+00,5.532746823069403241e-01,5.660000000000000000e+02
2.265000000000000337e-06,5.530616337067949528e-01,1.000000000000000000e+00,5.532746823069403241e-01,5.660000000000000000e+02
2.265999999999999989e-06,5.533055952410791400e-01,0.000000000000000000e+00,5.532746823069403241e-01,5.660000000000000000e+02
2.267000000000000064e-06,5.535495567753632162e-01,0.000000000000000000e+00,5.532746823069403241e-01,5.660000000000000000e+02
2.268000000000000139e-06,5.537935183096472924e-01,0.000000000000000000e+00,5.542521994134896879e-01,5.670000000000000000e+02
2.269000000000000214e-06,5.540374798439314796e-01,1.000000000000000000e+00,5.542521994134896879e-01,5.670000000000000000e+02
2.270000000000000289e-06,5.542814413782155558e-01,1.000000000000000000e+00,5.542521994134896879e-01,5.670000000000000000e+02
2.270999999999999941e-06,5.545254029124996320e-01,0.000000000000000000e+00,5.542521994134896879e-01,5.670000000000000000e+02
2.272000000000000016e-06,5.547693644467838192e-01,0.000000000000000000e+00,5.552297165200390516e-01,5.680000000000000000e+02
2.273000000000000091e-06,5.550133259810678954e-01,0.000000000000000000e+00,5.552297165200390516e-01,5.680000000000000000e+02
2.274000000000000166e-06,5.552572875153519716e-01,1.000000000000000000e+00,5.552297165200390516e-01,5.680000000000000000e+02
2.275000000000000241e-06,5.555012490496361588e-01,1.000000000000000000e+00,5.552297165200390516e-01,5.680000000000000000e+02
2.276000000000000316e-06,5.557452105839202350e-01,1.000000000000000000e+00,5.562072336265884154e-01,5.690000000000000000e+02
2.276999999999999968e-06,5.559891721182043112e-01,0.000000000000000000e+00,5.562072336265884154e-01,5.690000000000000000e+02
2.278000000000000043e-06,5.562331336524884984e-01,0.000000000000000000e+00,5.562072336265884154e-01,5.690000000000000000e+02
2.279000000000000118e-06,5.564770951867725746e-01,0.000000000000000000e+00,5.562072336265884154e-01,5.690000000000000000e+02
2.280000000000000193e-06,5.567210567210566508e-01,1.000000000000000000e+00,5.571847507331377791e-01,5.700000000000000000e+02
2.281000000000000268e-06,5.569650182553408380e-01,1.000000000000000000e+00,5.571847507331377791e-01,5.700000000000000000e+02
2.282000000000000344e-06,5.572089797896249141e-01,1.000000000000000000e+00,5.571847507331377791e-01,5.700000000000000000e+02
2.282999999999999995e-06,5.574529413239089903e-01,0.000000000000000000e+00,5.571847507331377791e-01,5.700000000000000000e+02
2.284000000000000070e-06,5.576969028581931775e-01,0.000000000000000000e+00,5.581622678396871429e-01,5.710000000000000000e+02
2.285000000000000145e-06,5.579408643924772537e-01,1.000000000000000000e+00,5.581622678396871429e-01,5.710000000000000000e+02
2.286000000000000221e-06,5.581848259267614409e-01,1.000000000000000000e+00,5.581622678396871429e-01,5.710000000000000000e+02
2.287000000000000296e-06,5.584287874610455171e-01,1.000000000000000000e+00,5.581622678396871429e-01,5.710000000000000000e+02
2.287999999999999947e-06,5.586727489953295933e-01,0.000000000000000000e+00,5.591397849462365066e-01,5.720000000000000000e+02
2.289000000000000022e-06,5.589167105296137805e-01,0.000000000000000000e+00,5.591397849462365066e-01,5.720000000000000000e+02
2.290000000000000098e-06,5.591606720638978567e-01,0.000000000000000000e+00,5.591397849462365066e-01,5.720000000000000000e+02
2.291000000000000173e-06,5.594046335981819329e-01,1.000000000000000000e+00,5.591397849462365066e-01,5.720000000000000000e+02
2.292000000000000248e-06,5.596485951324661201e-01,1.000000000000000000e+00,5.601173020527858704e-01,5.730000000000000000e+02
2.293000000000000323e-06,5.598925566667501963e-01,1.000000000000000000e+00,5.601173020527858704e-01,5.730000000000000000e+02
2.293999999999999975e-06,5.601365182010342725e-01,0.000000000000000000e+00,5.601173020527858704e-01,5.730000000000000000e+02
2.295000000000000050e-06,5.603804797353184597e-01,0.000000000000000000e+00,5.601173020527858704e-01,5.730000000000000000e+02
2.296000000000000125e-06,5.606244412696025359e-01,0.000000000000000000e+00,5.610948191593352341e-01,5.740000000000000000e+02
2.297000000000000200e-06,5.608684028038866121e-01,1.000000000000000000e+00,5.610948191593352341e-01,5.740000000000000000e+02
2.298000000000000275e-06,5.611123643381707993e-01,1.000000000000000000e+00,5.610948191593352341e-01,5.740000000000000000e+02
2.299000000000000350e-06,5.613563258724548755e-01,1.000000000000000000e+00,5.610948191593352341e-01,5.740000000000000000e+02
2.300000000000000002e-06,5.616002874067389516e-01,0.000000000000000000e+00,5.620723362658845979e-01,5.750000000000000000e+02
2.301000000000000077e-06,5.618442489410231389e-01,0.000000000000000000e+00,5.620723362658845979e-01,5.750000000000000000e+02
2.302000000000000152e-06,5.620882104753072150e-01,1.000000000000000000e+00,5.620723362658845979e-01,5.750000000000000000e+02
2.303000000000000227e-06,5.623321720095912912e-01,1.000000000000000000e+00,5.620723362658845979e-01,5.750000000000000000e+02
2.304000000000000302e-06,5.625761335438754784e-01,1.000000000000000000e+00,5.630498533724339616e-01,5.760000000000000000e+02
2.304999999999999954e-06,5.628200950781595546e-01,0.000000000000000000e+00,5.630498533724339616e-01,5.760000000000000000e+02
2.306000000000000029e-06,5.630640566124437418e-01,0.000000000000000000e+00,5.630498533724339616e-01,5.760000000000000000e+02
2.307000000000000104e-06,5.633080181467278180e-01,0.000000000000000000e+00,5.630498533724339616e-01,5.760000000000000000e+02
2.308000000000000179e-06,5.635519796810118942e-01,1.000000000000000000e+00,5.640273704789834364e-01,5.770000000000000000e+02
2.309000000000000254e-06,5.637959412152960814e-01,1.000000000000000000e+00,5.640273704789834364e-01,5.770000000000000000e+02
2.310000000000000330e-06,5.640399027495801576e-01,1.000000000000000000e+00,5.640273704789834364e-01,5.770000000000000000e+02
2.310999999999999981e-06,5.642838642838642338e-01,0.000000000000000000e+00,5.640273704789834364e-01,5.770000000000000000e+02
2.312000000000000056e-06,5.645278258181484210e-01,0.000000000000000000e+00,5.650048875855328001e-01,5.780000000000000000e+02
2.313000000000000131e-06,5.647717873524324972e-01,0.000000000000000000e+00,5.650048875855328001e-01,5.780000000000000000e+02
2.314000000000000207e-06,5.650157488867165734e-01,1.000000000000000000e+00,5.650048875855328001e-01,5.780000000000000000e+02
2.315000000000000282e-06,5.652597104210007606e-01,1.000000000000000000e+00,5.650048875855328001e-01,5.780000000000000000e+02
2.315999999999999933e-06,5.655036719552848368e-01,0.000000000000000000e+00,5.659824046920821639e-01,5.790000000000000000e+02
2.317000000000000008e-06,5.657476334895689130e-01,0.000000000000000000e+00,5.659824046920821639e-01,5.790000000000000000e+02
2.318000000000000084e-06,5.659915950238531002e-01,0.000000000000000000e+00,5.659824046920821639e-01,5.790000000000000000e+02
2.319000000000000159e-06,5.662355565581371764e-01,1.000000000000000000e+00,5.659824046920821639e-01,5.790000000000000000e+02
2.320000000000000234e-06,5.664795180924212525e-01,1.000000000000000000e+00,5.669599217986315276e-01,5.800000000000000000e+02
2.321000000000000309e-06,5.667234796267054397e-01,1.000000000000000000e+00,5.669599217986315276e-01,5.800000000000000000e+02
2.321999999999999961e-06,5.669674411609895159e-01,0.000000000000000000e+00,5.669599217986315276e-01,5.800000000000000000e+02
2.323000000000000036e-06,5.672114026952735921e-01,0.000000000000000000e+00,5.669599217986315276e-01,5.800000000000000000e+02
2.324000000000000111e-06,5.674553642295577793e-01,0.000000000000000000e+00,5.679374389051808913e-01,5.810000000000000000e+02
2.325000000000000186e-06,5.676993257638418555e-01,1.000000000000000000e+00,5.679374389051808913e-01,5.810000000000000000e+02
2.326000000000000261e-06,5.679432872981259317e-01,1.000000000000000000e+00,5.679374389051808913e-01,5.810000000000000000e+02
2.327000000000000336e-06,5.681872488324101189e-01,1.000000000000000000e+00,5.679374389051808913e-01,5.810000000000000000e+02
2.327999999999999988e-06,5.684312103666941951e-01,0.000000000000000000e+00,5.689149560117302551e-01,5.820000000000000000e+02
2.329000000000000063e-06,5.686751719009783823e-01,0.000000000000000000e+00,5.689149560117302551e-01,5.820000000000000000e+02
2.330000000000000138e-06,5.689191334352624585e-01,0.000000000000000000e+00,5.689149560117302551e-01,5.820000000000000000e+02
2.331000000000000213e-06,5.691630949695465347e-01,1.000000000000000000e+00,5.689149560117302551e-01,5.820000000000000000e+02
2.332000000000000288e-06,5.694070565038307219e-01,1.000000000000000000e+00,5.698924731182796188e-01,5.830000000000000000e+02
2.332999999999999940e-06,5.696510180381147981e-01,0.000000000000000000e+00,5.698924731182796188e-01,5.830000000000000000e+02
2.334000000000000015e-06,5.698949795723988743e-01,0.000000000000000000e+00,5.698924731182796188e-01,5.830000000000000000e+02
2.335000000000000090e-06,5.701389411066830615e-01,0.000000000000000000e+00,5.698924731182796188e-01,5.830000000000000000e+02
2.336000000000000165e-06,5.703829026409671377e-01,1.000000000000000000e+00,5.708699902248289826e-01,5.840000000000000000e+02
2.337000000000000240e-06,5.706268641752512139e-01,1.000000000000000000e+00,5.708699902248289826e-01,5.840000000000000000e+02
2.338000000000000316e-06,5.708708257095354011e-01,1.000000000000000000e+00,5.708699902248289826e-01,5.840000000000000000e+02
2.338999999999999967e-06,5.711147872438194772e-01,0.000000000000000000e+00,5.708699902248289826e-01,5.840000000000000000e+02
2.340000000000000042e-06,5.713587487781035534e-01,0.000000000000000000e+00,5.708699902248289826e-01,5.840000000000000000e+02
2.341000000000000117e-06,5.716027103123877406e-01,0.000000000000000000e+00,5.718475073313783463e-01,5.850000000000000000e+02
2.342000000000000193e-06,5.718466718466718168e-01,1.000000000000000000e+00,5.718475073313783463e-01,5.850000000000000000e+02
2.343000000000000268e-06,5.720906333809558930e-01,1.000000000000000000e+00,5.718475073313783463e-01,5.850000000000000000e+02
2.344000000000000343e-06,5.723345949152400802e-01,1.000000000000000000e+00,5.718475073313783463e-01,5.850000000000000000e+02
2.344999999999999994e-06,5.725785564495241564e-01,0.000000000000000000e+00,5.728250244379277101e-01,5.860000000000000000e+02
2.346000000000000070e-06,5.728225179838082326e-01,0.000000000000000000e+00,5.728250244379277101e-01,5.860000000000000000e+02
2.347000000000000145e-06,5.730664795180924198e-01,0.000000000000000000e+00,5.728250244379277101e-01,5.860000000000000000e+02
2.348000000000000220e-06,5.733104410523764960e-01,1.000000000000000000e+00,5.728250244379277101e-01,5.860000000000000000e+02
2.349000000000000295e-06,5.735544025866606832e-01,1.000000000000000000e+00,5.738025415444770738e-01,5.870000000000000000e+02
2.349999999999999947e-06,5.737983641209447594e-01,0.000000000000000000e+00,5.738025415444770738e-01,5.870000000000000000e+02
2.351000000000000022e-06,5.740423256552288356e-01,0.000000000000000000e+00,5.738025415444770738e-01,5.870000000000000000e+02
2.352000000000000097e-06,5.742862871895130228e-01,0.000000000000000000e+00,5.738025415444770738e-01,5.870000000000000000e+02
2.353000000000000172e-06,5.745302487237970990e-01,1.000000000000000000e+00,5.747800586510264376e-01,5.880000000000000000e+02
2.354000000000000247e-06,5.747742102580811752e-01,1.000000000000000000e+00,5.747800586510264376e-01,5.880000000000000000e+02
2.355000000000000322e-06,5.750181717923653624e-01,1.000000000000000000e+00,5.747800586510264376e-01,5.880000000000000000e+02
2.355999999999999974e-06,5.752621333266494386e-01,0.000000000000000000e+00,5.747800586510264376e-01,5.880000000000000000e+02
2.357000000000000049e-06,5.755060948609335147e-01,0.000000000000000000e+00,5.757575757575758013e-01,5.890000000000000000e+02
2.358000000000000124e-06,5.757500563952177020e-01,0.000000000000000000e+00,5.757575757575758013e-01,5.890000000000000000e+02
2.359000000000000199e-06,5.759940179295017781e-01,1.000000000000000000e+00,5.757575757575758013e-01,5.890000000000000000e+02
2.360000000000000274e-06,5.762379794637858543e-01,1.000000000000000000e+00,5.757575757575758013e-01,5.890000000000000000e+02
2.361000000000000349e-06,5.764819409980700415e-01,1.000000000000000000e+00,5.767350928641251651e-01,5.900000000000000000e+02
2.362000000000000001e-06,5.767259025323541177e-01,0.000000000000000000e+00,5.767350928641251651e-01,5.900000000000000000e+02
2.363000000000000076e-06,5.769698640666381939e-01,0.000000000000000000e+00,5.767350928641251651e-01,5.900000000000000000e+02
2.364000000000000151e-06,5.772138256009223811e-01,1.000000000000000000e+00,5.767350928641251651e-01,5.900000000000000000e+02
2.365000000000000226e-06,5.774577871352064573e-01,1.000000000000000000e+00,5.777126099706745288e-01,5.910000000000000000e+02
2.366000000000000302e-06,5.777017486694905335e-01,1.000000000000000000e+00,5.777126099706745288e-01,5.910000000000000000e+02
2.366999999999999953e-06,5.779457102037747207e-01,0.000000000000000000e+00,5.777126099706745288e-01,5.910000000000000000e+02
2.368000000000000028e-06,5.781896717380587969e-01,0.000000000000000000e+00,5.777126099706745288e-01,5.910000000000000000e+02
2.369000000000000103e-06,5.784336332723428731e-01,0.000000000000000000e+00,5.786901270772238925e-01,5.920000000000000000e+02
2.370000000000000179e-06,5.786775948066270603e-01,1.000000000000000000e+00,5.786901270772238925e-01,5.920000000000000000e+02
2.371000000000000254e-06,5.789215563409111365e-01,1.000000000000000000e+00,5.786901270772238925e-01,5.920000000000000000e+02
2.372000000000000329e-06,5.791655178751953237e-01,1.000000000000000000e+00,5.786901270772238925e-01,5.920000000000000000e+02
2.372999999999999980e-06,5.794094794094793999e-01,0.000000000000000000e+00,5.796676441837732563e-01,5.930000000000000000e+02
2.374000000000000056e-06,5.796534409437634761e-01,0.000000000000000000e+00,5.796676441837732563e-01,5.930000000000000000e+02
2.375000000000000131e-06,5.798974024780476633e-01,0.000000000000000000e+00,5.796676441837732563e-01,5.930000000000000000e+02
2.376000000000000206e-06,5.801413640123317395e-01,1.000000000000000000e+00,5.796676441837732563e-01,5.930000000000000000e+02
2.377000000000000281e-06,5.803853255466158156e-01,1.000000000000000000e+00,5.806451612903226200e-01,5.940000000000000000e+02
2.378000000000000356e-06,5.806292870809000028e-01,1.000000000000000000e+00,5.806451612903226200e-01,5.940000000000000000e+02
2.379000000000000008e-06,5.808732486151840790e-01,0.000000000000000000e+00,5.806451612903226200e-01,5.940000000000000000e+02
2.380000000000000083e-06,5.811172101494681552e-01,0.000000000000000000e+00,5.806451612903226200e-01,5.940000000000000000e+02
2.381000000000000158e-06,5.813611716837523424e-01,1.000000000000000000e+00,5.816226783968719838e-01,5.950000000000000000e+02
2.382000000000000233e-06,5.816051332180364186e-01,1.000000000000000000e+00,5.816226783968719838e-01,5.950000000000000000e+02
2.383000000000000308e-06,5.818490947523204948e-01,1.000000000000000000e+00,5.816226783968719838e-01,5.950000000000000000e+02
2.383999999999999960e-06,5.820930562866046820e-01,0.000000000000000000e+00,5.816226783968719838e-01,5.950000000000000000e+02
2.385000000000000035e-06,5.823370178208887582e-01,0.000000000000000000e+00,5.826001955034213475e-01,5.960000000000000000e+02
2.386000000000000110e-06,5.825809793551728344e-01,0.000000000000000000e+00,5.826001955034213475e-01,5.960000000000000000e+02
2.387000000000000185e-06,5.828249408894570216e-01,1.000000000000000000e+00,5.826001955034213475e-01,5.960000000000000000e+02
2.388000000000000260e-06,5.830689024237410978e-01,1.000000000000000000e+00,5.826001955034213475e-01,5.960000000000000000e+02
2.389000000000000336e-06,5.833128639580251740e-01,1.000000000000000000e+00,5.835777126099707113e-01,5.970000000000000000e+02
2.389999999999999987e-06,5.835568254923093612e-01,0.000000000000000000e+00,5.835777126099707113e-01,5.970000000000000000e+02
2.391000000000000062e-06,5.838007870265934374e-01,0.000000000000000000e+00,5.835777126099707113e-01,5.970000000000000000e+02
2.392000000000000137e-06,5.840447485608776246e-01,0.000000000000000000e+00,5.835777126099707113e-01,5.970000000000000000e+02
2.393000000000000213e-06,5.842887100951617008e-01,1.000000000000000000e+00,5.845552297165200750e-01,5.980000000000000000e+02
2.394000000000000288e-06,5.845326716294457770e-01,1.000000000000000000e+00,5.845552297165200750e-01,5.980000000000000000e+02
2.394999999999999939e-06,5.847766331637299642e-01,0.000000000000000000e+00,5.845552297165200750e-01,5.980000000000000000e+02
2.396000000000000014e-06,5.850205946980140403e-01,0.000000000000000000e+00,5.845552297165200750e-01,5.980000000000000000e+02
2.397000000000000090e-06,5.852645562322981165e-01,0.000000000000000000e+00,5.855327468230694388e-01,5.990000000000000000e+02
2.398000000000000165e-06,5.855085177665823037e-01,1.000000000000000000e+00,5.855327468230694388e-01,5.990000000000000000e+02
2.399000000000000240e-06,5.857524793008663799e-01,1.000000000000000000e+00,5.855327468230694388e-01,5.990000000000000000e+02
2.400000000000000315e-06,5.859964408351504561e-01,1.000000000000000000e+00,5.855327468230694388e-01,5.990000000000000000e+02
2.400999999999999967e-06,5.862404023694346433e-01,0.000000000000000000e+00,5.865102639296188025e-01,6.000000000000000000e+02
2.402000000000000042e-06,5.864843639037187195e-01,0.000000000000000000e+00,5.865102639296188025e-01,6.000000000000000000e+02
2.403000000000000117e-06,5.867283254380027957e-01,0.000000000000000000e+00,5.865102639296188025e-01,6.000000000000000000e+02
2.404000000000000192e-06,5.869722869722869829e-01,1.000000000000000000e+00,5.865102639296188025e-01,6.000000000000000000e+02
2.405000000000000267e-06,5.872162485065710591e-01,1.000000000000000000e+00,5.874877810361681663e-01,6.010000000000000000e+02
2.406000000000000342e-06,5.874602100408551353e-01,1.000000000000000000e+00,5.874877810361681663e-01,6.010000000000000000e+02
2.406999999999999994e-06,5.877041715751393225e-01,0.000000000000000000e+00,5.874877810361681663e-01,6.010000000000000000e+02
2.408000000000000069e-06,5.879481331094233987e-01,0.000000000000000000e+00,5.874877810361681663e-01,6.010000000000000000e+02
2.409000000000000144e-06,5.881920946437074749e-01,0.000000000000000000e+00,5.884652981427175300e-01,6.020000000000000000e+02
2.410000000000000219e-06,5.884360561779916621e-01,1.000000000000000000e+00,5.884652981427175300e-01,6.020000000000000000e+02
2.411000000000000294e-06,5.886800177122757383e-01,1.000000000000000000e+00,5.884652981427175300e-01,6.020000000000000000e+02
2.411999999999999946e-06,5.889239792465598144e-01,0.000000000000000000e+00,5.884652981427175300e-01,6.020000000000000000e+02
2.413000000000000021e-06,5.891679407808440017e-01,0.000000000000000000e+00,5.894428152492668938e-01,6.030000000000000000e+02
2.414000000000000096e-06,5.894119023151280778e-01,0.000000000000000000e+00,5.894428152492668938e-01,6.030000000000000000e+02
2.415000000000000171e-06,5.896558638494122651e-01,1.000000000000000000e+00,5.894428152492668938e-01,6.030000000000000000e+02
2.416000000000000246e-06,5.898998253836963412e-01,1.000000000000000000e+00,5.894428152492668938e-01,6.030000000000000000e+02
2.417000000000000322e-06,5.901437869179804174e-01,1.000000000000000000e+00,5.904203323558162575e-01,6.040000000000000000e+02
2.417999999999999973e-06,5.903877484522646046e-01,0.000000000000000000e+00,5.904203323558162575e-01,6.040000000000000000e+02
2.419000000000000048e-06,5.906317099865486808e-01,0.000000000000000000e+00,5.904203323558162575e-01,6.040000000000000000e+02
2.420000000000000123e-06,5.908756715208327570e-01,0.000000000000000000e+00,5.904203323558162575e-01,6.040000000000000000e+02
2.421000000000000199e-06,5.911196330551169442e-01,1.000000000000000000e+00,5.913978494623656212e-01,6.050000000000000000e+02
2.422000000000000274e-06,5.913635945894010204e-01,1.000000000000000000e+00,5.913978494623656212e-01,6.050000000000000000e+02
2.423000000000000349e-06,5.916075561236850966e-01,1.000000000000000000e+00,5.913978494623656212e-01,6.050000000000000000e+02
2.424000000000000000e-06,5.918515176579692838e-01,0.000000000000000000e+00,5.913978494623656212e-01,6.050000000000000000e+02
2.425000000000000076e-06,5.920954791922533600e-01,0.000000000000000000e+00,5.923753665689149850e-01,6.060000000000000000e+02
2.426000000000000151e-06,5.923394407265374362e-01,0.000000000000000000e+00,5.923753665689149850e-01,6.060000000000000000e+02
2.427000000000000226e-06,5.925834022608216234e-01,1.000000000000000000e+00,5.923753665689149850e-01,6.060000000000000000e+02
2.428000000000000301e-06,5.928273637951056996e-01,1.000000000000000000e+00,5.923753665689149850e-01,6.060000000000000000e+02
2.428999999999999953e-06,5.930713253293897758e-01,0.000000000000000000e+00,5.933528836754643487e-01,6.070000000000000000e+02
2.430000000000000028e-06,5.933152868636739630e-01,0.000000000000000000e+00,5.933528836754643487e-01,6.070000000000000000e+02
2.431000000000000103e-06,5.935592483979580392e-01,0.000000000000000000e+00,5.933528836754643487e-01,6.070000000000000000e+02
2.432000000000000178e-06,5.938032099322421153e-01,1.000000000000000000e+00,5.933528836754643487e-01,6.070000000000000000e+02
2.433000000000000253e-06,5.940471714665263026e-01,1.000000000000000000e+00,5.943304007820137125e-01,6.080000000000000000e+02
2.434000000000000328e-06,5.942911330008103787e-01,1.000000000000000000e+00,5.943304007820137125e-01,6.080000000000000000e+02
2.434999999999999980e-06,5.945350945350945659e-01,0.000000000000000000e+00,5.943304007820137125e-01,6.080000000000000000e+02
2.436000000000000055e-06,5.947790560693786421e-01,0.000000000000000000e+00,5.943304007820137125e-01,6.080000000000000000e+02
2.437000000000000130e-06,5.950230176036627183e-01,0.000000000000000000e+00,5.953079178885630762e-01,6.090000000000000000e+02
2.438000000000000205e-06,5.952669791379469055e-01,1.000000000000000000e+00,5.953079178885630762e-01,6.090000000000000000e+02
2.439000000000000280e-06,5.955109406722309817e-01,1.000000000000000000e+00,5.953079178885630762e-01,6.090000000000000000e+02
2.440000000000000355e-06,5.957549022065150579e-01,1.000000000000000000e+00,5.953079178885630762e-01,6.090000000000000000e+02
2.441000000000000007e-06,5.959988637407992451e-01,0.000000000000000000e+00,5.962854349951124400e-01,6.100000000000000000e+02
2.442000000000000082e-06,5.962428252750833213e-01,0.000000000000000000e+00,5.962854349951124400e-01,6.100000000000000000e+02
2.443000000000000157e-06,5.964867868093673975e-01,1.000000000000000000e+00,5.962854349951124400e-01,6.100000000000000000e+02
2.444000000000000232e-06,5.967307483436515847e-01,1.000000000000000000e+00,5.962854349951124400e-01,6.100000000000000000e+02
2.445000000000000308e-06,5.969747098779356609e-01,1.000000000000000000e+00,5.972629521016618037e-01,6.110000000000000000e+02
2.445999999999999959e-06,5.972186714122197371e-01,0.000000000000000000e+00,5.972629521016618037e-01,6.110000000000000000e+02
2.447000000000000034e-06,5.974626329465039243e-01,0.000000000000000000e+00,5.972629521016618037e-01,6.110000000000000000e+02
2.448000000000000109e-06,5.977065944807880005e-01,0.000000000000000000e+00,5.972629521016618037e-01,6.110000000000000000e+02
2.449000000000000185e-06,5.979505560150720767e-01,1.000000000000000000e+00,5.982404692082111675e-01,6.120000000000000000e+02
2.450000000000000260e-06,5.981945175493562639e-01,1.000000000000000000e+00,5.982404692082111675e-01,6.120000000000000000e+02
2.451000000000000335e-06,5.984384790836403401e-01,1.000000000000000000e+00,5.982404692082111675e-01,6.120000000000000000e+02
2.451999999999999986e-06,5.986824406179244162e-01,0.000000000000000000e+00,5.982404692082111675e-01,6.120000000000000000e+02
2.453000000000000062e-06,5.989264021522086034e-01,0.000000000000000000e+00,5.992179863147605312e-01,6.130000000000000000e+02
2.454000000000000137e-06,5.991703636864926796e-01,0.000000000000000000e+00,5.992179863147605312e-01,6.130000000000000000e+02
2.455000000000000212e-06,5.994143252207767558e-01,1.000000000000000000e+00,5.992179863147605312e-01,6.130000000000000000e+02
2.456000000000000287e-06,5.996582867550609430e-01,1.000000000000000000e+00,5.992179863147605312e-01,6.130000000000000000e+02
2.457000000000000362e-06,5.999022482893450192e-01,1.000000000000000000e+00,6.001955034213098950e-01,6.140000000000000000e+02
2.458000000000000014e-06,6.001462098236292064e-01,0.000000000000000000e+00,6.001955034213098950e-01,6.140000000000000000e+02
2.459000000000000089e-06,6.003901713579132826e-01,0.000000000000000000e+00,6.001955034213098950e-01,6.140000000000000000e+02
2.460000000000000164e-06,6.006341328921973588e-01,1.000000000000000000e+00,6.001955034213098950e-01,6.140000000000000000e+02
2.461000000000000239e-06,6.008780944264815460e-01,1.000000000000000000e+00,6.011730205278592587e-01,6.150000000000000000e+02
2.462000000000000314e-06,6.011220559607656222e-01,1.000000000000000000e+00,6.011730205278592587e-01,6.150000000000000000e+02
2.462999999999999966e-06,6.013660174950496984e-01,0.000000000000000000e+00,6.011730205278592587e-01,6.150000000000000000e+02
2.464000000000000041e-06,6.016099790293338856e-01,0.000000000000000000e+00,6.011730205278592587e-01,6.150000000000000000e+02
2.465000000000000116e-06,6.018539405636179618e-01,0.000000000000000000e+00,6.021505376344086224e-01,6.160000000000000000e+02
2.466000000000000191e-06,6.020979020979020380e-01,1.000000000000000000e+00,6.021505376344086224e-01,6.160000000000000000e+02
2.467000000000000266e-06,6.023418636321862252e-01,1.000000000000000000e+00,6.021505376344086224e-01,6.160000000000000000e+02
2.468000000000000341e-06,6.025858251664703014e-01,1.000000000000000000e+00,6.021505376344086224e-01,6.160000000000000000e+02
2.468999999999999993e-06,6.028297867007543775e-01,0.000000000000000000e+00,6.031280547409579862e-01,6.170000000000000000e+02
2.470000000000000068e-06,6.030737482350385648e-01,0.000000000000000000e+00,6.031280547409579862e-01,6.170000000000000000e+02
2.471000000000000143e-06,6.033177097693226409e-01,0.000000000000000000e+00,6.031280547409579862e-01,6.170000000000000000e+02
2.472000000000000218e-06,6.035616713036067171e-01,1.000000000000000000e+00,6.031280547409579862e-01,6.170000000000000000e+02
2.473000000000000294e-06,6.038056328378909043e-01,1.000000000000000000e+00,6.041055718475073499e-01,6.180000000000000000e+02
2.473999999999999945e-06,6.040495943721749805e-01,0.000000000000000000e+00,6.041055718475073499e-01,6.180000000000000000e+02
2.475000000000000020e-06,6.042935559064590567e-01,0.000000000000000000e+00,6.041055718475073499e-01,6.180000000000000000e+02
2.476000000000000095e-06,6.045375174407432439e-01,0.000000000000000000e+00,6.041055718475073499e-01,6.180000000000000000e+02
2.477000000000000171e-06,6.047814789750273201e-01,1.000000000000000000e+00,6.050830889540567137e-01,6.190000000000000000e+02
2.478000000000000246e-06,6.050254405093115073e-01,1.000000000000000000e+00,6.050830889540567137e-01,6.190000000000000000e+02
2.479000000000000321e-06,6.052694020435955835e-01,1.000000000000000000e+00,6.050830889540567137e-01,6.190000000000000000e+02
2.479999999999999972e-06,6.055133635778796597e-01,0.000000000000000000e+00,6.050830889540567137e-01,6.190000000000000000e+02
2.481000000000000048e-06,6.057573251121638469e-01,0.000000000000000000e+00,6.060606060606060774e-01,6.200000000000000000e+02
2.482000000000000123e-06,6.060012866464479231e-01,0.000000000000000000e+00,6.060606060606060774e-01,6.200000000000000000e+02
2.483000000000000198e-06,6.062452481807319993e-01,1.000000000000000000e+00,6.060606060606060774e-01,6.200000000000000000e+02
2.484000000000000273e-06,6.064892097150161865e-01,1.000000000000000000e+00,6.060606060606060774e-01,6.200000000000000000e+02
2.485000000000000348e-06,6.067331712493002627e-01,1.000000000000000000e+00,6.070381231671554412e-01,6.210000000000000000e+02
2.486000000000000000e-06,6.069771327835843389e-01,0.000000000000000000e+00,6.070381231671554412e-01,6.210000000000000000e+02
2.487000000000000075e-06,6.072210943178685261e-01,0.000000000000000000e+00,6.070381231671554412e-01,6.210000000000000000e+02
2.488000000000000150e-06,6.074650558521526023e-01,0.000000000000000000e+00,6.070381231671554412e-01,6.210000000000000000e+02
2.489000000000000225e-06,6.077090173864366784e-01,1.000000000000000000e+00,6.080156402737048049e-01,6.220000000000000000e+02
2.490000000000000300e-06,6.079529789207208657e-01,1.000000000000000000e+00,6.080156402737048049e-01,6.220000000000000000e+02
2.490999999999999952e-06,6.081969404550049418e-01,0.000000000000000000e+00,6.080156402737048049e-01,6.220000000000000000e+02
2.492000000000000027e-06,6.084409019892890180e-01,0.000000000000000000e+00,6.080156402737048049e-01,6.220000000000000000e+02
2.493000000000000102e-06,6.086848635235732052e-01,0.000000000000000000e+00,6.089931573802541687e-01,6.230000000000000000e+02
2.494000000000000177e-06,6.089288250578572814e-01,1.000000000000000000e+00,6.089931573802541687e-01,6.230000000000000000e+02
2.495000000000000252e-06,6.091727865921413576e-01,1.000000000000000000e+00,6.089931573802541687e-01,6.230000000000000000e+02
2.496000000000000328e-06,6.094167481264255448e-01,1.000000000000000000e+00,6.089931573802541687e-01,6.230000000000000000e+02
2.496999999999999979e-06,6.096607096607096210e-01,0.000000000000000000e+00,6.099706744868035324e-01,6.240000000000000000e+02
2.498000000000000054e-06,6.099046711949936972e-01,0.000000000000000000e+00,6.099706744868035324e-01,6.240000000000000000e+02
2.499000000000000129e-06,6.101486327292778844e-01,0.000000000000000000e+00,6.099706744868035324e-01,6.240000000000000000e+02
2.500000000000000205e-06,6.103925942635619606e-01,1.000000000000000000e+00,6.099706744868035324e-01,6.240000000000000000e+02
2.501000000000000280e-06,6.106365557978461478e-01,1.000000000000000000e+00,6.109481915933528962e-01,6.250000000000000000e+02
2.502000000000000355e-06,6.108805173321302240e-01,1.000000000000000000e+00,6.109481915933528962e-01,6.250000000000000000e+02
2.503000000000000006e-06,6.111244788664143002e-01,0.000000000000000000e+00,6.109481915933528962e-01,6.250000000000000000e+02
2.504000000000000082e-06,6.113684404006984874e-01,0.000000000000000000e+00,6.109481915933528962e-01,6.250000000000000000e+02
2.505000000000000157e-06,6.116124019349825636e-01,1.000000000000000000e+00,6.119257086999022599e-01,6.260000000000000000e+02
2.506000000000000232e-06,6.118563634692666398e-01,1.000000000000000000e+00,6.119257086999022599e-01,6.260000000000000000e+02
2.507000000000000307e-06,6.121003250035508270e-01,1.000000000000000000e+00,6.119257086999022599e-01,6.260000000000000000e+02
2.507999999999999959e-06,6.123442865378349032e-01,0.000000000000000000e+00,6.119257086999022599e-01,6.260000000000000000e+02
2.509000000000000034e-06,6.125882480721189793e-01,0.000000000000000000e+00,6.129032258064516236e-01,6.270000000000000000e+02
2.510000000000000109e-06,6.128322096064031665e-01,0.000000000000000000e+00,6.129032258064516236e-01,6.270000000000000000e+02
2.511000000000000184e-06,6.130761711406872427e-01,1.000000000000000000e+00,6.129032258064516236e-01,6.270000000000000000e+02
2.512000000000000259e-06,6.133201326749713189e-01,1.000000000000000000e+00,6.129032258064516236e-01,6.270000000000000000e+02
2.513000000000000334e-06,6.135640942092555061e-01,1.000000000000000000e+00,6.138807429130009874e-01,6.280000000000000000e+02
2.513999999999999986e-06,6.138080557435395823e-01,0.000000000000000000e+00,6.138807429130009874e-01,6.280000000000000000e+02
2.515000000000000061e-06,6.140520172778236585e-01,0.000000000000000000e+00,6.138807429130009874e-01,6.280000000000000000e+02
2.516000000000000136e-06,6.142959788121078457e-01,0.000000000000000000e+00,6.138807429130009874e-01,6.280000000000000000e+02
2.517000000000000211e-06,6.145399403463919219e-01,1.000000000000000000e+00,6.148582600195503511e-01,6.290000000000000000e+02
2.518000000000000286e-06,6.147839018806759981e-01,1.000000000000000000e+00,6.148582600195503511e-01,6.290000000000000000e+02
2.519000000000000361e-06,6.150278634149601853e-01,1.000000000000000000e+00,6.148582600195503511e-01,6.290000000000000000e+02
2.520000000000000013e-06,6.152718249492442615e-01,0.000000000000000000e+00,6.148582600195503511e-01,6.290000000000000000e+02
2.521000000000000088e-06,6.155157864835284487e-01,0.000000000000000000e+00,6.158357771260997149e-01,6.300000000000000000e+02
2.522000000000000163e-06,6.157597480178125249e-01,1.000000000000000000e+00,6.158357771260997149e-01,6.300000000000000000e+02
2.523000000000000238e-06,6.160037095520966011e-01,1.000000000000000000e+00,6.158357771260997149e-01,6.300000000000000000e+02
2.524000000000000314e-06,6.162476710863807883e-01,1.000000000000000000e+00,6.158357771260997149e-01,6.300000000000000000e+02
2.524999999999999965e-06,6.164916326206648645e-01,0.000000000000000000e+00,6.168132942326490786e-01,6.310000000000000000e+02
2.526000000000000040e-06,6.167355941549489406e-01,0.000000000000000000e+00,6.168132942326490786e-01,6.310000000000000000e+02
2.527000000000000115e-06,6.169795556892331279e-01,0.000000000000000000e+00,6.168132942326490786e-01,6.310000000000000000e+02
2.528000000000000191e-06,6.172235172235172040e-01,1.000000000000000000e+00,6.168132942326490786e-01,6.310000000000000000e+02
2.529000000000000266e-06,6.174674787578012802e-01,1.000000000000000000e+00,6.177908113391984424e-01,6.320000000000000000e+02
2.530000000000000341e-06,6.177114402920854674e-01,1.000000000000000000e+00,6.177908113391984424e-01,6.320000000000000000e+02
2.530999999999999992e-06,6.179554018263695436e-01,0.000000000000000000e+00,6.177908113391984424e-01,6.320000000000000000e+02
2.532000000000000068e-06,6.181993633606536198e-01,0.000000000000000000e+00,6.177908113391984424e-01,6.320000000000000000e+02
2.533000000000000143e-06,6.184433248949378070e-01,0.000000000000000000e+00,6.187683284457478061e-01,6.330000000000000000e+02
2.534000000000000218e-06,6.186872864292218832e-01,1.000000000000000000e+00,6.187683284457478061e-01,6.330000000000000000e+02
2.535000000000000293e-06,6.189312479635059594e-01,1.000000000000000000e+00,6.187683284457478061e-01,6.330000000000000000e+02
2.536000000000000368e-06,6.191752094977901466e-01,1.000000000000000000e+00,6.187683284457478061e-01,6.330000000000000000e+02
2.537000000000000020e-06,6.194191710320742228e-01,0.000000000000000000e+00,6.197458455522971699e-01,6.340000000000000000e+02
2.538000000000000095e-06,6.196631325663582990e-01,0.000000000000000000e+00,6.197458455522971699e-01,6.340000000000000000e+02
2.539000000000000170e-06,6.199070941006424862e-01,1.000000000000000000e+00,6.197458455522971699e-01,6.340000000000000000e+02
2.540000000000000245e-06,6.201510556349265624e-01,1.000000000000000000e+00,6.197458455522971699e-01,6.340000000000000000e+02
2.541000000000000320e-06,6.203950171692106386e-01,1.000000000000000000e+00,6.207233626588465336e-01,6.350000000000000000e+02
2.541999999999999972e-06,6.206389787034948258e-01,0.000000000000000000e+00,6.207233626588465336e-01,6.350000000000000000e+02
2.543000000000000047e-06,6.208829402377789020e-01,0.000000000000000000e+00,6.207233626588465336e-01,6.350000000000000000e+02
2.544000000000000122e-06,6.211269017720630892e-01,0.000000000000000000e+00,6.207233626588465336e-01,6.350000000000000000e+02
2.545000000000000197e-06,6.213708633063471654e-01,1.000000000000000000e+00,6.217008797653958974e-01,6.360000000000000000e+02
2.546000000000000272e-06,6.216148248406312415e-01,1.000000000000000000e+00,6.217008797653958974e-01,6.360000000000000000e+02
2.547000000000000347e-06,6.218587863749154288e-01,1.000000000000000000e+00,6.217008797653958974e-01,6.360000000000000000e+02
2.547999999999999999e-06,6.221027479091995049e-01,0.000000000000000000e+00,6.217008797653958974e-01,6.360000000000000000e+02
2.549000000000000074e-06,6.223467094434835811e-01,0.000000000000000000e+00,6.226783968719452611e-01,6.370000000000000000e+02
2.550000000000000149e-06,6.225906709777677683e-01,0.000000000000000000e+00,6.226783968719452611e-01,6.370000000000000000e+02
2.551000000000000224e-06,6.228346325120518445e-01,1.000000000000000000e+00,6.226783968719452611e-01,6.370000000000000000e+02
2.552000000000000300e-06,6.230785940463359207e-01,1.000000000000000000e+00,6.226783968719452611e-01,6.370000000000000000e+02
2.552999999999999951e-06,6.233225555806201079e-01,0.000000000000000000e+00,6.236559139784946248e-01,6.380000000000000000e+02
2.554000000000000026e-06,6.235665171149041841e-01,0.000000000000000000e+00,6.236559139784946248e-01,6.380000000000000000e+02
2.555000000000000101e-06,6.238104786491882603e-01,0.000000000000000000e+00,6.236559139784946248e-01,6.380000000000000000e+02
2.556000000000000177e-06,6.240544401834724475e-01,1.000000000000000000e+00,6.236559139784946248e-01,6.380000000000000000e+02
2.557000000000000252e-06,6.242984017177565237e-01,1.000000000000000000e+00,6.246334310850439886e-01,6.390000000000000000e+02
2.558000000000000327e-06,6.245423632520405999e-01,1.000000000000000000e+00,6.246334310850439886e-01,6.390000000000000000e+02
2.558999999999999978e-06,6.247863247863247871e-01,0.000000000000000000e+00,6.246334310850439886e-01,6.390000000000000000e+02
2.560000000000000054e-06,6.250302863206088633e-01,0.000000000000000000e+00,6.246334310850439886e-01,6.390000000000000000e+02
2.561000000000000129e-06,6.252742478548929395e-01,0.000000000000000000e+00,6.256109481915933523e-01,6.400000000000000000e+02
2.562000000000000204e-06,6.255182093891771267e-01,1.000000000000000000e+00,6.256109481915933523e-01,6.400000000000000000e+02
2.563000000000000279e-06,6.257621709234612029e-01,1.000000000000000000e+00,6.256109481915933523e-01,6.400000000000000000e+02
2.564000000000000354e-06,6.260061324577453901e-01,1.000000000000000000e+00,6.256109481915933523e-01,6.400000000000000000e+02
2.565000000000000006e-06,6.262500939920294662e-01,0.000000000000000000e+00,6.265884652981427161e-01,6.410000000000000000e+02
2.566000000000000081e-06,6.264940555263135424e-01,0.000000000000000000e+00,6.265884652981427161e-01,6.410000000000000000e+02
2.567000000000000156e-06,6.267380170605977296e-01,0.000000000000000000e+00,6.265884652981427161e-01,6.410000000000000000e+02
2.568000000000000231e-06,6.269819785948818058e-01,1.000000000000000000e+00,6.265884652981427161e-01,6.410000000000000000e+02
2.569000000000000306e-06,6.272259401291658820e-01,1.000000000000000000e+00,6.275659824046920798e-01,6.420000000000000000e+02
2.569999999999999958e-06,6.274699016634500692e-01,0.000000000000000000e+00,6.275659824046920798e-01,6.420000000000000000e+02
2.571000000000000033e-06,6.277138631977341454e-01,0.000000000000000000e+00,6.275659824046920798e-01,6.420000000000000000e+02
2.572000000000000108e-06,6.279578247320182216e-01,0.000000000000000000e+00,6.275659824046920798e-01,6.420000000000000000e+02
2.573000000000000183e-06,6.282017862663024088e-01,1.000000000000000000e+00,6.285434995112414436e-01,6.430000000000000000e+02
2.574000000000000258e-06,6.284457478005864850e-01,1.000000000000000000e+00,6.285434995112414436e-01,6.430000000000000000e+02
2.575000000000000333e-06,6.286897093348705612e-01,1.000000000000000000e+00,6.285434995112414436e-01,6.430000000000000000e+02
2.575999999999999985e-06,6.289336708691547484e-01,0.000000000000000000e+00,6.285434995112414436e-01,6.430000000000000000e+02
2.577000000000000060e-06,6.291776324034388246e-01,0.000000000000000000e+00,6.295210166177908073e-01,6.440000000000000000e+02
2.578000000000000135e-06,6.294215939377229008e-01,0.000000000000000000e+00,6.295210166177908073e-01,6.440000000000000000e+02
2.579000000000000210e-06,6.296655554720070880e-01,1.000000000000000000e+00,6.295210166177908073e-01,6.440000000000000000e+02
2.580000000000000286e-06,6.299095170062911642e-01,1.000000000000000000e+00,6.295210166177908073e-01,6.440000000000000000e+02
2.581000000000000361e-06,6.301534785405752404e-01,1.000000000000000000e+00,6.304985337243401711e-01,6.450000000000000000e+02
2.582000000000000012e-06,6.303974400748594276e-01,0.000000000000000000e+00,6.304985337243401711e-01,6.450000000000000000e+02
2.583000000000000087e-06,6.306414016091435037e-01,0.000000000000000000e+00,6.304985337243401711e-01,6.450000000000000000e+02
2.584000000000000163e-06,6.308853631434275799e-01,1.000000000000000000e+00,6.304985337243401711e-01,6.450000000000000000e+02
2.585000000000000238e-06,6.311293246777117671e-01,1.000000000000000000e+00,6.314760508308895348e-01,6.460000000000000000e+02
2.586000000000000313e-06,6.313732862119958433e-01,1.000000000000000000e+00,6.314760508308895348e-01,6.460000000000000000e+02
2.586999999999999964e-06,6.316172477462800305e-01,0.000000000000000000e+00,6.314760508308895348e-01,6.460000000000000000e+02
2.588000000000000040e-06,6.318612092805641067e-01,0.000000000000000000e+00,6.314760508308895348e-01,6.460000000000000000e+02
2.589000000000000115e-06,6.321051708148481829e-01,0.000000000000000000e+00,6.324535679374388986e-01,6.470000000000000000e+02
2.590000000000000190e-06,6.323491323491323701e-01,1.000000000000000000e+00,6.324535679374388986e-01,6.470000000000000000e+02
2.591000000000000265e-06,6.325930938834164463e-01,1.000000000000000000e+00,6.324535679374388986e-01,6.470000000000000000e+02
2.592000000000000340e-06,6.328370554177005225e-01,1.000000000000000000e+00,6.324535679374388986e-01,6.470000000000000000e+02
2.592999999999999992e-06,6.330810169519847097e-01,0.000000000000000000e+00,6.334310850439882623e-01,6.480000000000000000e+02
2.594000000000000067e-06,6.333249784862687859e-01,0.000000000000000000e+00,6.334310850439882623e-01,6.480000000000000000e+02
2.595000000000000142e-06,6.335689400205528621e-01,0.000000000000000000e+00,6.334310850439882623e-01,6.480000000000000000e+02
2.596000000000000217e-06,6.338129015548370493e-01,1.000000000000000000e+00,6.334310850439882623e-01,6.480000000000000000e+02
2.597000000000000292e-06,6.340568630891211255e-01,1.000000000000000000e+00,6.344086021505376261e-01,6.490000000000000000e+02
2.598000000000000367e-06,6.343008246234052017e-01,1.000000000000000000e+00,6.344086021505376261e-01,6.490000000000000000e+02
2.599000000000000019e-06,6.345447861576893889e-01,0.000000000000000000e+00,6.344086021505376261e-01,6.490000000000000000e+02
2.600000000000000094e-06,6.347887476919734651e-01,0.000000000000000000e+00,6.344086021505376261e-01,6.490000000000000000e+02
2.601000000000000169e-06,6.350327092262575412e-01,1.000000000000000000e+00,6.353861192570869898e-01,6.500000000000000000e+02
2.602000000000000244e-06,6.352766707605417285e-01,1.000000000000000000e+00,6.353861192570869898e-01,6.500000000000000000e+02
2.603000000000000319e-06,6.355206322948258046e-01,1.000000000000000000e+00,6.353861192570869898e-01,6.500000000000000000e+02
2.603999999999999971e-06,6.357645938291098808e-01,0.000000000000000000e+00,6.353861192570869898e-01,6.500000000000000000e+02
2.605000000000000046e-06,6.360085553633940680e-01,0.000000000000000000e+00,6.363636363636363535e-01,6.510000000000000000e+02
2.606000000000000121e-06,6.362525168976781442e-01,0.000000000000000000e+00,6.363636363636363535e-01,6.510000000000000000e+02
2.607000000000000196e-06,6.364964784319623314e-01,1.000000000000000000e+00,6.363636363636363535e-01,6.510000000000000000e+02
2.608000000000000272e-06,6.367404399662464076e-01,1.000000000000000000e+00,6.363636363636363535e-01,6.510000000000000000e+02
2.609000000000000347e-06,6.369844015005304838e-01,1.000000000000000000e+00,6.373411534701857173e-01,6.520000000000000000e+02
2.609999999999999998e-06,6.372283630348146710e-01,0.000000000000000000e+00,6.373411534701857173e-01,6.520000000000000000e+02
2.611000000000000073e-06,6.374723245690987472e-01,0.000000000000000000e+00,6.373411534701857173e-01,6.520000000000000000e+02
2.612000000000000149e-06,6.377162861033828234e-01,0.000000000000000000e+00,6.373411534701857173e-01,6.520000000000000000e+02
2.613000000000000224e-06,6.379602476376670106e-01,1.000000000000000000e+00,6.383186705767350810e-01,6.530000000000000000e+02
2.614000000000000299e-06,6.382042091719510868e-01,1.000000000000000000e+00,6.383186705767350810e-01,6.530000000000000000e+02
2.615000000000000374e-06,6.384481707062351630e-01,1.000000000000000000e+00,6.383186705767350810e-01,6.530000000000000000e+02
2.616000000000000026e-06,6.386921322405193502e-01,0.000000000000000000e+00,6.383186705767350810e-01,6.530000000000000000e+02
2.617000000000000101e-06,6.389360937748034264e-01,0.000000000000000000e+00,6.392961876832844448e-01,6.540000000000000000e+02
2.618000000000000176e-06,6.391800553090875026e-01,1.000000000000000000e+00,6.392961876832844448e-01,6.540000000000000000e+02
2.619000000000000251e-06,6.394240168433716898e-01,1.000000000000000000e+00,6.392961876832844448e-01,6.540000000000000000e+02
2.620000000000000326e-06,6.396679783776557660e-01,1.000000000000000000e+00,6.392961876832844448e-01,6.540000000000000000e+02
2.620999999999999978e-06,6.399119399119398421e-01,0.000000000000000000e+00,6.402737047898338085e-01,6.550000000000000000e+02
2.622000000000000053e-06,6.401559014462240293e-01,0.000000000000000000e+00,6.402737047898338085e-01,6.550000000000000000e+02
2.623000000000000128e-06,6.403998629805081055e-01,0.000000000000000000e+00,6.402737047898338085e-01,6.550000000000000000e+02
2.624000000000000203e-06,6.406438245147921817e-01,1.000000000000000000e+00,6.402737047898338085e-01,6.550000000000000000e+02
2.625000000000000278e-06,6.408877860490763689e-01,1.000000000000000000e+00,6.412512218963831723e-01,6.560000000000000000e+02
2.626000000000000353e-06,6.411317475833604451e-01,1.000000000000000000e+00,6.412512218963831723e-01,6.560000000000000000e+02
2.627000000000000005e-06,6.413757091176445213e-01,0.000000000000000000e+00,6.412512218963831723e-01,6.560000000000000000e+02
2.628000000000000080e-06,6.416196706519287085e-01,0.000000000000000000e+00,6.412512218963831723e-01,6.560000000000000000e+02
2.629000000000000155e-06,6.418636321862127847e-01,0.000000000000000000e+00,6.422287390029325360e-01,6.570000000000000000e+02
2.630000000000000230e-06,6.421075937204969719e-01,1.000000000000000000e+00,6.422287390029325360e-01,6.570000000000000000e+02
2.631000000000000306e-06,6.423515552547810481e-01,1.000000000000000000e+00,6.422287390029325360e-01,6.570000000000000000e+02
2.631999999999999957e-06,6.425955167890651243e-01,0.000000000000000000e+00,6.422287390029325360e-01,6.570000000000000000e+02
2.633000000000000032e-06,6.428394783233493115e-01,0.000000000000000000e+00,6.432062561094818998e-01,6.580000000000000000e+02
2.634000000000000107e-06,6.430834398576333877e-01,0.000000000000000000e+00,6.432062561094818998e-01,6.580000000000000000e+02
2.635000000000000183e-06,6.433274013919174639e-01,1.000000000000000000e+00,6.432062561094818998e-01,6.580000000000000000e+02
2.636000000000000258e-06,6.435713629262016511e-01,1.000000000000000000e+00,6.432062561094818998e-01,6.580000000000000000e+02
2.637000000000000333e-06,6.438153244604857273e-01,1.000000000000000000e+00,6.441837732160312635e-01,6.590000000000000000e+02
2.637999999999999984e-06,6.440592859947698035e-01,0.000000000000000000e+00,6.441837732160312635e-01,6.590000000000000000e+02
2.639000000000000060e-06,6.443032475290539907e-01,0.000000000000000000e+00,6.441837732160312635e-01,6.590000000000000000e+02
2.640000000000000135e-06,6.445472090633380668e-01,0.000000000000000000e+00,6.441837732160312635e-01,6.590000000000000000e+02
2.641000000000000210e-06,6.447911705976221430e-01,1.000000000000000000e+00,6.451612903225806273e-01,6.600000000000000000e+02
2.642000000000000285e-06,6.450351321319063302e-01,1.000000000000000000e+00,6.451612903225806273e-01,6.600000000000000000e+02
2.643000000000000360e-06,6.452790936661904064e-01,1.000000000000000000e+00,6.451612903225806273e-01,6.600000000000000000e+02
2.644000000000000012e-06,6.455230552004744826e-01,0.000000000000000000e+00,6.451612903225806273e-01,6.600000000000000000e+02
2.645000000000000087e-06,6.457670167347586698e-01,0.000000000000000000e+00,6.461388074291299910e-01,6.610000000000000000e+02
2.646000000000000162e-06,6.460109782690427460e-01,0.000000000000000000e+00,6.461388074291299910e-01,6.610000000000000000e+02
2.647000000000000237e-06,6.462549398033268222e-01,1.000000000000000000e+00,6.461388074291299910e-01,6.610000000000000000e+02
2.648000000000000312e-06,6.464989013376110094e-01,1.000000000000000000e+00,6.461388074291299910e-01,6.610000000000000000e+02
2.648999999999999964e-06,6.467428628718950856e-01,0.000000000000000000e+00,6.471163245356793547e-01,6.620000000000000000e+02
2.650000000000000039e-06,6.469868244061792728e-01,0.000000000000000000e+00,6.471163245356793547e-01,6.620000000000000000e+02
2.651000000000000114e-06,6.472307859404633490e-01,0.000000000000000000e+00,6.471163245356793547e-01,6.620000000000000000e+02
2.652000000000000189e-06,6.474747474747474252e-01,1.000000000000000000e+00,6.471163245356793547e-01,6.620000000000000000e+02
2.653000000000000264e-06,6.477187090090316124e-01,1.000000000000000000e+00,6.480938416422287185e-01,6.630000000000000000e+02
2.654000000000000339e-06,6.479626705433156886e-01,1.000000000000000000e+00,6.480938416422287185e-01,6.630000000000000000e+02
2.654999999999999991e-06,6.482066320775997648e-01,0.000000000000000000e+00,6.480938416422287185e-01,6.630000000000000000e+02
2.656000000000000066e-06,6.484505936118839520e-01,0.000000000000000000e+00,6.480938416422287185e-01,6.630000000000000000e+02
2.657000000000000141e-06,6.486945551461680282e-01,0.000000000000000000e+00,6.490713587487780822e-01,6.640000000000000000e+02
2.658000000000000216e-06,6.489385166804521043e-01,1.000000000000000000e+00,6.490713587487780822e-01,6.640000000000000000e+02
2.659000000000000292e-06,6.491824782147362916e-01,1.000000000000000000e+00,6.490713587487780822e-01,6.640000000000000000e+02
2.660000000000000367e-06,6.494264397490203677e-01,1.000000000000000000e+00,6.490713587487780822e-01,6.640000000000000000e+02
2.661000000000000018e-06,6.496704012833044439e-01,0.000000000000000000e+00,6.500488758553274460e-01,6.650000000000000000e+02
2.662000000000000093e-06,6.499143628175886311e-01,0.000000000000000000e+00,6.500488758553274460e-01,6.650000000000000000e+02
2.663000000000000169e-06,6.501583243518727073e-01,1.000000000000000000e+00,6.500488758553274460e-01,6.650000000000000000e+02
2.664000000000000244e-06,6.504022858861567835e-01,1.000000000000000000e+00,6.500488758553274460e-01,6.650000000000000000e+02
2.665000000000000319e-06,6.506462474204409707e-01,1.000000000000000000e+00,6.510263929618768097e-01,6.660000000000000000e+02
2.665999999999999970e-06,6.508902089547250469e-01,0.000000000000000000e+00,6.510263929618768097e-01,6.660000000000000000e+02
2.667000000000000046e-06,6.511341704890091231e-01,0.000000000000000000e+00,6.510263929618768097e-01,6.660000000000000000e+02
2.668000000000000121e-06,6.513781320232933103e-01,0.000000000000000000e+00,6.510263929618768097e-01,6.660000000000000000e+02
2.669000000000000196e-06,6.516220935575773865e-01,1.000000000000000000e+00,6.520039100684261735e-01,6.670000000000000000e+02
2.670000000000000271e-06,6.518660550918615737e-01,1.000000000000000000e+00,6.520039100684261735e-01,6.670000000000000000e+02
2.671000000000000346e-06,6.521100166261456499e-01,1.000000000000000000e+00,6.520039100684261735e-01,6.670000000000000000e+02
2.671999999999999998e-06,6.523539781604297261e-01,0.000000000000000000e+00,6.520039100684261735e-01,6.670000000000000000e+02
2.673000000000000073e-06,6.525979396947139133e-01,0.000000000000000000e+00,6.529814271749755372e-01,6.680000000000000000e+02
2.674000000000000148e-06,6.528419012289979895e-01,0.000000000000000000e+00,6.529814271749755372e-01,6.680000000000000000e+02
2.675000000000000223e-06,6.530858627632820657e-01,1.000000000000000000e+00,6.529814271749755372e-01,6.680000000000000000e+02
2.676000000000000298e-06,6.533298242975662529e-01,1.000000000000000000e+00,6.529814271749755372e-01,6.680000000000000000e+02
2.677000000000000373e-06,6.535737858318503291e-01,1.000000000000000000e+00,6.539589442815249010e-01,6.690000000000000000e+02
2.678000000000000025e-06,6.538177473661344052e-01,0.000000000000000000e+00,6.539589442815249010e-01,6.690000000000000000e+02
2.679000000000000100e-06,6.540617089004185924e-01,0.000000000000000000e+00,6.539589442815249010e-01,6.690000000000000000e+02
2.680000000000000175e-06,6.543056704347026686e-01,1.000000000000000000e+00,6.539589442815249010e-01,6.690000000000000000e+02
2.681000000000000250e-06,6.545496319689867448e-01,1.000000000000000000e+00,6.549364613880742647e-01,6.700000000000000000e+02
2.682000000000000325e-06,6.547935935032709320e-01,1.000000000000000000e+00,6.549364613880742647e-01,6.700000000000000000e+02
2.682999999999999977e-06,6.550375550375550082e-01,0.000000000000000000e+00,6.549364613880742647e-01,6.700000000000000000e+02
2.684000000000000052e-06,6.552815165718390844e-01,0.000000000000000000e+00,6.549364613880742647e-01,6.700000000000000000e+02
2.685000000000000127e-06,6.555254781061232716e-01,0.000000000000000000e+00,6.559139784946236285e-01,6.710000000000000000e+02
2.686000000000000202e-06,6.557694396404073478e-01,1.000000000000000000e+00,6.559139784946236285e-01,6.710000000000000000e+02
2.687000000000000278e-06,6.560134011746914240e-01,1.000000000000000000e+00,6.559139784946236285e-01,6.710000000000000000e+02
2.688000000000000353e-06,6.562573627089756112e-01,1.000000000000000000e+00,6.559139784946236285e-01,6.710000000000000000e+02
2.689000000000000004e-06,6.565013242432596874e-01,0.000000000000000000e+00,6.568914956011729922e-01,6.720000000000000000e+02
2.690000000000000079e-06,6.567452857775437636e-01,0.000000000000000000e+00,6.568914956011729922e-01,6.720000000000000000e+02
2.691000000000000155e-06,6.569892473118279508e-01,0.000000000000000000e+00,6.568914956011729922e-01,6.720000000000000000e+02
2.692000000000000230e-06,6.572332088461120270e-01,1.000000000000000000e+00,6.568914956011729922e-01,6.720000000000000000e+02
2.693000000000000305e-06,6.574771703803962142e-01,1.000000000000000000e+00,6.578690127077223559e-01,6.730000000000000000e+02
2.693999999999999956e-06,6.577211319146802904e-01,0.000000000000000000e+00,6.578690127077223559e-01,6.730000000000000000e+02
2.695000000000000032e-06,6.579650934489643666e-01,0.000000000000000000e+00,6.578690127077223559e-01,6.730000000000000000e+02
2.696000000000000107e-06,6.582090549832485538e-01,0.000000000000000000e+00,6.578690127077223559e-01,6.730000000000000000e+02
2.697000000000000182e-06,6.584530165175326299e-01,1.000000000000000000e+00,6.588465298142717197e-01,6.740000000000000000e+02
2.698000000000000257e-06,6.586969780518167061e-01,1.000000000000000000e+00,6.588465298142717197e-01,6.740000000000000000e+02
2.699000000000000332e-06,6.589409395861008933e-01,1.000000000000000000e+00,6.588465298142717197e-01,6.740000000000000000e+02
2.699999999999999984e-06,6.591849011203849695e-01,0.000000000000000000e+00,6.588465298142717197e-01,6.740000000000000000e+02
2.701000000000000059e-06,6.594288626546690457e-01,0.000000000000000000e+00,6.598240469208210834e-01,6.750000000000000000e+02
2.702000000000000134e-06,6.596728241889532329e-01,0.000000000000000000e+00,6.598240469208210834e-01,6.750000000000000000e+02
2.703000000000000209e-06,6.599167857232373091e-01,1.000000000000000000e+00,6.598240469208210834e-01,6.750000000000000000e+02
2.704000000000000284e-06,6.601607472575213853e-01,1.000000000000000000e+00,6.598240469208210834e-01,6.750000000000000000e+02
2.705000000000000359e-06,6.604047087918055725e-01,1.000000000000000000e+00,6.608015640273704472e-01,6.760000000000000000e+02
2.706000000000000011e-06,6.606486703260896487e-01,0.000000000000000000e+00,6.608015640273704472e-01,6.760000000000000000e+02
2.707000000000000086e-06,6.608926318603737249e-01,0.000000000000000000e+00,6.608015640273704472e-01,6.760000000000000000e+02
2.708000000000000161e-06,6.611365933946579121e-01,0.000000000000000000e+00,6.608015640273704472e-01,6.760000000000000000e+02
2.709000000000000236e-06,6.613805549289419883e-01,1.000000000000000000e+00,6.617790811339198109e-01,6.770000000000000000e+02
2.710000000000000311e-06,6.616245164632260645e-01,1.000000000000000000e+00,6.617790811339198109e-01,6.770000000000000000e+02
2.710999999999999963e-06,6.618684779975102517e-01,0.000000000000000000e+00,6.617790811339198109e-01,6.770000000000000000e+02
2.712000000000000038e-06,6.621124395317943279e-01,0.000000000000000000e+00,6.617790811339198109e-01,6.770000000000000000e+02
2.713000000000000113e-06,6.623564010660785151e-01,0.000000000000000000e+00,6.627565982404691747e-01,6.780000000000000000e+02
2.714000000000000188e-06,6.626003626003625913e-01,1.000000000000000000e+00,6.627565982404691747e-01,6.780000000000000000e+02
2.715000000000000264e-06,6.628443241346466674e-01,1.000000000000000000e+00,6.627565982404691747e-01,6.780000000000000000e+02
2.716000000000000339e-06,6.630882856689308547e-01,1.000000000000000000e+00,6.627565982404691747e-01,6.780000000000000000e+02
2.716999999999999990e-06,6.633322472032149308e-01,0.000000000000000000e+00,6.637341153470185384e-01,6.790000000000000000e+02
2.718000000000000065e-06,6.635762087374990070e-01,0.000000000000000000e+00,6.637341153470185384e-01,6.790000000000000000e+02
2.719000000000000141e-06,6.638201702717831942e-01,0.000000000000000000e+00,6.637341153470185384e-01,6.790000000000000000e+02
2.720000000000000216e-06,6.640641318060672704e-01,1.000000000000000000e+00,6.637341153470185384e-01,6.790000000000000000e+02
2.721000000000000291e-06,6.643080933403513466e-01,1.000000000000000000e+00,6.647116324535679022e-01,6.800000000000000000e+02
2.722000000000000366e-06,6.645520548746355338e-01,1.000000000000000000e+00,6.647116324535679022e-01,6.800000000000000000e+02
2.723000000000000018e-06,6.647960164089196100e-01,0.000000000000000000e+00,6.647116324535679022e-01,6.800000000000000000e+02
2.724000000000000093e-06,6.650399779432036862e-01,0.000000000000000000e+00,6.647116324535679022e-01,6.800000000000000000e+02
2.725000000000000168e-06,6.652839394774878734e-01,0.000000000000000000e+00,6.656891495601172659e-01,6.810000000000000000e+02
2.726000000000000243e-06,6.655279010117719496e-01,1.000000000000000000e+00,6.656891495601172659e-01,6.810000000000000000e+02
2.727000000000000318e-06,6.657718625460560258e-01,1.000000000000000000e+00,6.656891495601172659e-01,6.810000000000000000e+02
2.727999999999999970e-06,6.660158240803402130e-01,0.000000000000000000e+00,6.656891495601172659e-01,6.810000000000000000e+02
2.729000000000000045e-06,6.662597856146242892e-01,0.000000000000000000e+00,6.666666666666666297e-01,6.820000000000000000e+02
2.730000000000000120e-06,6.665037471489083654e-01,0.000000000000000000e+00,6.666666666666666297e-01,6.820000000000000000e+02
2.731000000000000195e-06,6.667477086831925526e-01,1.000000000000000000e+00,6.666666666666666297e-01,6.820000000000000000e+02
2.732000000000000270e-06,6.669916702174766288e-01,1.000000000000000000e+00,6.666666666666666297e-01,6.820000000000000000e+02
2.733000000000000345e-06,6.672356317517607049e-01,1.000000000000000000e+00,6.676441837732159934e-01,6.830000000000000000e+02
2.733999999999999997e-06,6.674795932860448922e-01,0.000000000000000000e+00,6.676441837732159934e-01,6.830000000000000000e+02
2.735000000000000072e-06,6.677235548203289683e-01,0.000000000000000000e+00,6.676441837732159934e-01,6.830000000000000000e+02
2.736000000000000147e-06,6.679675163546131555e-01,0.000000000000000000e+00,6.676441837732159934e-01,6.830000000000000000e+02
2.737000000000000222e-06,6.682114778888972317e-01,1.000000000000000000e+00,6.686217008797653572e-01,6.840000000000000000e+02
2.738000000000000297e-06,6.684554394231813079e-01,1.000000000000000000e+00,6.686217008797653572e-01,6.840000000000000000e+02
2.739000000000000373e-06,6.686994009574654951e-01,1.000000000000000000e+00,6.686217008797653572e-01,6.840000000000000000e+02
2.740000000000000024e-06,6.689433624917495713e-01,0.000000000000000000e+00,6.686217008797653572e-01,6.840000000000000000e+02
2.741000000000000099e-06,6.691873240260336475e-01,0.000000000000000000e+00,6.695992179863147209e-01,6.850000000000000000e+02
2.742000000000000174e-06,6.694312855603178347e-01,1.000000000000000000e+00,6.695992179863147209e-01,6.850000000000000000e+02
2.743000000000000250e-06,6.696752470946019109e-01,1.000000000000000000e+00,6.695992179863147209e-01,6.850000000000000000e+02
2.744000000000000325e-06,6.699192086288859871e-01,1.000000000000000000e+00,6.695992179863147209e-01,6.850000000000000000e+02
2.744999999999999976e-06,6.701631701631701743e-01,0.000000000000000000e+00,6.705767350928640846e-01,6.860000000000000000e+02
2.746000000000000051e-06,6.704071316974542505e-01,0.000000000000000000e+00,6.705767350928640846e-01,6.860000000000000000e+02
2.747000000000000127e-06,6.706510932317383267e-01,0.000000000000000000e+00,6.705767350928640846e-01,6.860000000000000000e+02
2.748000000000000202e-06,6.708950547660225139e-01,1.000000000000000000e+00,6.705767350928640846e-01,6.860000000000000000e+02
2.749000000000000277e-06,6.711390163003065901e-01,1.000000000000000000e+00,6.715542521994134484e-01,6.870000000000000000e+02
2.750000000000000352e-06,6.713829778345906663e-01,1.000000000000000000e+00,6.715542521994134484e-01,6.870000000000000000e+02
2.751000000000000004e-06,6.716269393688748535e-01,0.000000000000000000e+00,6.715542521994134484e-01,6.870000000000000000e+02
2.752000000000000079e-06,6.718709009031589297e-01,0.000000000000000000e+00,6.715542521994134484e-01,6.870000000000000000e+02
2.753000000000000154e-06,6.721148624374430058e-01,0.000000000000000000e+00,6.725317693059628121e-01,6.880000000000000000e+02
2.754000000000000229e-06,6.723588239717271930e-01,1.000000000000000000e+00,6.725317693059628121e-01,6.880000000000000000e+02
2.755000000000000304e-06,6.726027855060112692e-01,1.000000000000000000e+00,6.725317693059628121e-01,6.880000000000000000e+02
2.756000000000000379e-06,6.728467470402954564e-01,1.000000000000000000e+00,6.725317693059628121e-01,6.880000000000000000e+02
2.757000000000000031e-06,6.730907085745795326e-01,0.000000000000000000e+00,6.735092864125121759e-01,6.890000000000000000e+02
2.758000000000000106e-06,6.733346701088636088e-01,0.000000000000000000e+00,6.735092864125121759e-01,6.890000000000000000e+02
2.759000000000000181e-06,6.735786316431477960e-01,1.000000000000000000e+00,6.735092864125121759e-01,6.890000000000000000e+02
2.760000000000000256e-06,6.738225931774318722e-01,1.000000000000000000e+00,6.735092864125121759e-01,6.890000000000000000e+02
2.761000000000000331e-06,6.740665547117159484e-01,1.000000000000000000e+00,6.744868035190615396e-01,6.900000000000000000e+02
2.761999999999999983e-06,6.743105162460001356e-01,0.000000000000000000e+00,6.744868035190615396e-01,6.900000000000000000e+02
2.763000000000000058e-06,6.745544777802842118e-01,0.000000000000000000e+00,6.744868035190615396e-01,6.900000000000000000e+02
2.764000000000000133e-06,6.747984393145682880e-01,0.000000000000000000e+00,6.744868035190615396e-01,6.900000000000000000e+02
2.765000000000000208e-06,6.750424008488524752e-01,1.000000000000000000e+00,6.754643206256109034e-01,6.910000000000000000e+02
2.766000000000000284e-06,6.752863623831365514e-01,1.000000000000000000e+00,6.754643206256109034e-01,6.910000000000000000e+02
2.767000000000000359e-06,6.755303239174206276e-01,1.000000000000000000e+00,6.754643206256109034e-01,6.910000000000000000e+02
2.768000000000000010e-06,6.757742854517048148e-01,0.000000000000000000e+00,6.754643206256109034e-01,6.910000000000000000e+02
2.769000000000000085e-06,6.760182469859888910e-01,0.000000000000000000e+00,6.764418377321602671e-01,6.920000000000000000e+02
2.770000000000000161e-06,6.762622085202729671e-01,0.000000000000000000e+00,6.764418377321602671e-01,6.920000000000000000e+02
2.771000000000000236e-06,6.765061700545571544e-01,1.000000000000000000e+00,6.764418377321602671e-01,6.920000000000000000e+02
2.772000000000000311e-06,6.767501315888412305e-01,1.000000000000000000e+00,6.764418377321602671e-01,6.920000000000000000e+02
2.772999999999999962e-06,6.769940931231253067e-01,0.000000000000000000e+00,6.774193548387096309e-01,6.930000000000000000e+02
2.774000000000000038e-06,6.772380546574094939e-01,0.000000000000000000e+00,6.774193548387096309e-01,6.930000000000000000e+02
2.775000000000000113e-06,6.774820161916935701e-01,0.000000000000000000e+00,6.774193548387096309e-01,6.930000000000000000e+02
2.776000000000000188e-06,6.777259777259776463e-01,1.000000000000000000e+00,6.774193548387096309e-01,6.930000000000000000e+02
2.777000000000000263e-06,6.779699392602618335e-01,1.000000000000000000e+00,6.783968719452589946e-01,6.940000000000000000e+02
2.778000000000000338e-06,6.782139007945459097e-01,1.000000000000000000e+00,6.783968719452589946e-01,6.940000000000000000e+02
2.778999999999999990e-06,6.784578623288300969e-01,0.000000000000000000e+00,6.783968719452589946e-01,6.940000000000000000e+02
2.780000000000000065e-06,6.787018238631141731e-01,0.000000000000000000e+00,6.783968719452589946e-01,6.940000000000000000e+02
2.781000000000000140e-06,6.789457853973982493e-01,0.000000000000000000e+00,6.793743890518083584e-01,6.950000000000000000e+02
2.782000000000000215e-06,6.791897469316824365e-01,1.000000000000000000e+00,6.793743890518083584e-01,6.950000000000000000e+02
2.783000000000000290e-06,6.794337084659665127e-01,1.000000000000000000e+00,6.793743890518083584e-01,6.950000000000000000e+02
2.784000000000000365e-06,6.796776700002505889e-01,1.000000000000000000e+00,6.793743890518083584e-01,6.950000000000000000e+02
2.785000000000000017e-06,6.799216315345347761e-01,0.000000000000000000e+00,6.803519061583577221e-01,6.960000000000000000e+02
2.786000000000000092e-06,6.801655930688188523e-01,0.000000000000000000e+00,6.803519061583577221e-01,6.960000000000000000e+02
2.787000000000000167e-06,6.804095546031029285e-01,0.000000000000000000e+00,6.803519061583577221e-01,6.960000000000000000e+02
2.788000000000000242e-06,6.806535161373871157e-01,1.000000000000000000e+00,6.803519061583577221e-01,6.960000000000000000e+02
2.789000000000000317e-06,6.808974776716711919e-01,1.000000000000000000e+00,6.813294232649070858e-01,6.970000000000000000e+02
2.789999999999999969e-06,6.811414392059552680e-01,0.000000000000000000e+00,6.813294232649070858e-01,6.970000000000000000e+02
2.791000000000000044e-06,6.813854007402394553e-01,0.000000000000000000e+00,6.813294232649070858e-01,6.970000000000000000e+02
2.792000000000000119e-06,6.816293622745235314e-01,0.000000000000000000e+00,6.813294232649070858e-01,6.970000000000000000e+02
2.793000000000000194e-06,6.818733238088076076e-01,1.000000000000000000e+00,6.823069403714564496e-01,6.980000000000000000e+02
2.794000000000000270e-06,6.821172853430917948e-01,1.000000000000000000e+00,6.823069403714564496e-01,6.980000000000000000e+02
2.795000000000000345e-06,6.823612468773758710e-01,1.000000000000000000e+00,6.823069403714564496e-01,6.980000000000000000e+02
2.795999999999999996e-06,6.826052084116599472e-01,0.000000000000000000e+00,6.823069403714564496e-01,6.980000000000000000e+02
2.797000000000000071e-06,6.828491699459441344e-01,0.000000000000000000e+00,6.832844574780058133e-01,6.990000000000000000e+02
2.798000000000000147e-06,6.830931314802282106e-01,0.000000000000000000e+00,6.832844574780058133e-01,6.990000000000000000e+02
2.799000000000000222e-06,6.833370930145123978e-01,1.000000000000000000e+00,6.832844574780058133e-01,6.990000000000000000e+02
2.800000000000000297e-06,6.835810545487964740e-01,1.000000000000000000e+00,6.832844574780058133e-01,6.990000000000000000e+02
2.801000000000000372e-06,6.838250160830805502e-01,1.000000000000000000e+00,6.842619745845551771e-01,7.000000000000000000e+02
2.802000000000000024e-06,6.840689776173647374e-01,0.000000000000000000e+00,6.842619745845551771e-01,7.000000000000000000e+02
2.803000000000000099e-06,6.843129391516488136e-01,0.000000000000000000e+00,6.842619745845551771e-01,7.000000000000000000e+02
2.804000000000000174e-06,6.845569006859328898e-01,0.000000000000000000e+00,6.842619745845551771e-01,7.000000000000000000e+02
2.805000000000000249e-06,6.848008622202170770e-01,1.000000000000000000e+00,6.852394916911045408e-01,7.010000000000000000e+02
2.806000000000000324e-06,6.850448237545011532e-01,1.000000000000000000e+00,6.852394916911045408e-01,7.010000000000000000e+02
2.806999999999999976e-06,6.852887852887852294e-01,0.000000000000000000e+00,6.852394916911045408e-01,7.010000000000000000e+02
2.808000000000000051e-06,6.855327468230694166e-01,0.000000000000000000e+00,6.852394916911045408e-01,7.010000000000000000e+02
2.809000000000000126e-06,6.857767083573534928e-01,0.000000000000000000e+00,6.862170087976539046e-01,7.020000000000000000e+02
2.810000000000000201e-06,6.860206698916375689e-01,1.000000000000000000e+00,6.862170087976539046e-01,7.020000000000000000e+02
2.811000000000000276e-06,6.862646314259217561e-01,1.000000000000000000e+00,6.862170087976539046e-01,7.020000000000000000e+02
2.812000000000000351e-06,6.865085929602058323e-01,1.000000000000000000e+00,6.862170087976539046e-01,7.020000000000000000e+02
2.813000000000000003e-06,6.867525544944899085e-01,0.000000000000000000e+00,6.871945259042032683e-01,7.030000000000000000e+02
2.814000000000000078e-06,6.869965160287740957e-01,0.000000000000000000e+00,6.871945259042032683e-01,7.030000000000000000e+02
2.815000000000000153e-06,6.872404775630581719e-01,0.000000000000000000e+00,6.871945259042032683e-01,7.030000000000000000e+02
2.816000000000000228e-06,6.874844390973422481e-01,1.000000000000000000e+00,6.871945259042032683e-01,7.030000000000000000e+02
2.817000000000000303e-06,6.877284006316264353e-01,1.000000000000000000e+00,6.881720430107527431e-01,7.040000000000000000e+02
2.818000000000000379e-06,6.879723621659105115e-01,1.000000000000000000e+00,6.881720430107527431e-01,7.040000000000000000e+02
2.819000000000000030e-06,6.882163237001945877e-01,0.000000000000000000e+00,6.881720430107527431e-01,7.040000000000000000e+02
2.820000000000000105e-06,6.884602852344787749e-01,0.000000000000000000e+00,6.881720430107527431e-01,7.040000000000000000e+02
2.821000000000000180e-06,6.887042467687628511e-01,1.000000000000000000e+00,6.891495601173021068e-01,7.050000000000000000e+02
2.822000000000000256e-06,6.889482083030470383e-01,1.000000000000000000e+00,6.891495601173021068e-01,7.050000000000000000e+02
2.823000000000000331e-06,6.891921698373311145e-01,1.000000000000000000e+00,6.891495601173021068e-01,7.050000000000000000e+02
2.823999999999999982e-06,6.894361313716151907e-01,0.000000000000000000e+00,6.891495601173021068e-01,7.050000000000000000e+02
2.825000000000000057e-06,6.896800929058993779e-01,0.000000000000000000e+00,6.901270772238514706e-01,7.060000000000000000e+02
2.826000000000000133e-06,6.899240544401834541e-01,0.000000000000000000e+00,6.901270772238514706e-01,7.060000000000000000e+02
2.827000000000000208e-06,6.901680159744675302e-01,1.000000000000000000e+00,6.901270772238514706e-01,7.060000000000000000e+02
2.828000000000000283e-06,6.904119775087517175e-01,1.000000000000000000e+00,6.901270772238514706e-01,7.060000000000000000e+02
2.829000000000000358e-06,6.906559390430357936e-01,1.000000000000000000e+00,6.911045943304008343e-01,7.070000000000000000e+02
2.830000000000000010e-06,6.908999005773198698e-01,0.000000000000000000e+00,6.911045943304008343e-01,7.070000000000000000e+02
2.831000000000000085e-06,6.911438621116040570e-01,0.000000000000000000e+00,6.911045943304008343e-01,7.070000000000000000e+02
2.832000000000000160e-06,6.913878236458881332e-01,0.000000000000000000e+00,6.911045943304008343e-01,7.070000000000000000e+02
2.833000000000000235e-06,6.916317851801722094e-01,1.000000000000000000e+00,6.920821114369501981e-01,7.080000000000000000e+02
2.834000000000000310e-06,6.918757467144563966e-01,1.000000000000000000e+00,6.920821114369501981e-01,7.080000000000000000e+02
2.835000000000000385e-06,6.921197082487404728e-01,1.000000000000000000e+00,6.920821114369501981e-01,7.080000000000000000e+02
2.836000000000000037e-06,6.923636697830245490e-01,0.000000000000000000e+00,6.920821114369501981e-01,7.080000000000000000e+02
2.837000000000000112e-06,6.926076313173087362e-01,0.000000000000000000e+00,6.930596285434995618e-01,7.090000000000000000e+02
2.838000000000000187e-06,6.928515928515928124e-01,1.000000000000000000e+00,6.930596285434995618e-01,7.090000000000000000e+02
2.839000000000000262e-06,6.930955543858768886e-01,1.000000000000000000e+00,6.930596285434995618e-01,7.090000000000000000e+02
2.840000000000000337e-06,6.933395159201610758e-01,1.000000000000000000e+00,6.930596285434995618e-01,7.090000000000000000e+02
2.840999999999999989e-06,6.935834774544451520e-01,0.000000000000000000e+00,6.940371456500489256e-01,7.100000000000000000e+02
2.842000000000000064e-06,6.938274389887293392e-01,0.000000000000000000e+00,6.940371456500489256e-01,7.100000000000000000e+02
2.843000000000000139e-06,6.940714005230134154e-01,0.000000000000000000e+00,6.940371456500489256e-01,7.100000000000000000e+02
2.844000000000000214e-06,6.943153620572974916e-01,1.000000000000000000e+00,6.940371456500489256e-01,7.100000000000000000e+02
2.845000000000000289e-06,6.945593235915816788e-01,1.000000000000000000e+00,6.950146627565982893e-01,7.110000000000000000e+02
2.846000000000000365e-06,6.948032851258657550e-01,1.000000000000000000e+00,6.950146627565982893e-01,7.110000000000000000e+02
2.847000000000000016e-06,6.950472466601498311e-01,0.000000000000000000e+00,6.950146627565982893e-01,7.110000000000000000e+02
2.848000000000000091e-06,6.952912081944340184e-01,0.000000000000000000e+00,6.950146627565982893e-01,7.110000000000000000e+02
2.849000000000000166e-06,6.955351697287180945e-01,0.000000000000000000e+00,6.959921798631476531e-01,7.120000000000000000e+02
2.850000000000000242e-06,6.957791312630021707e-01,1.000000000000000000e+00,6.959921798631476531e-01,7.120000000000000000e+02
2.851000000000000317e-06,6.960230927972863579e-01,1.000000000000000000e+00,6.959921798631476531e-01,7.120000000000000000e+02
2.851999999999999968e-06,6.962670543315704341e-01,0.000000000000000000e+00,6.959921798631476531e-01,7.120000000000000000e+02
2.853000000000000043e-06,6.965110158658545103e-01,0.000000000000000000e+00,6.969696969696970168e-01,7.130000000000000000e+02
2.854000000000000119e-06,6.967549774001386975e-01,0.000000000000000000e+00,6.969696969696970168e-01,7.130000000000000000e+02
2.855000000000000194e-06,6.969989389344227737e-01,1.000000000000000000e+00,6.969696969696970168e-01,7.130000000000000000e+02
2.856000000000000269e-06,6.972429004687068499e-01,1.000000000000000000e+00,6.969696969696970168e-01,7.130000000000000000e+02
2.857000000000000344e-06,6.974868620029910371e-01,1.000000000000000000e+00,6.979472140762463805e-01,7.140000000000000000e+02
2.857999999999999996e-06,6.977308235372751133e-01,0.000000000000000000e+00,6.979472140762463805e-01,7.140000000000000000e+02
2.859000000000000071e-06,6.979747850715591895e-01,0.000000000000000000e+00,6.979472140762463805e-01,7.140000000000000000e+02
2.860000000000000146e-06,6.982187466058433767e-01,0.000000000000000000e+00,6.979472140762463805e-01,7.140000000000000000e+02
2.861000000000000221e-06,6.984627081401274529e-01,1.000000000000000000e+00,6.989247311827957443e-01,7.150000000000000000e+02
2.862000000000000296e-06,6.987066696744115291e-01,1.000000000000000000e+00,6.989247311827957443e-01,7.150000000000000000e+02
2.863000000000000371e-06,6.989506312086957163e-01,1.000000000000000000e+00,6.989247311827957443e-01,7.150000000000000000e+02
2.864000000000000023e-06,6.991945927429797925e-01,0.000000000000000000e+00,6.989247311827957443e-01,7.150000000000000000e+02
2.865000000000000098e-06,6.994385542772639797e-01,0.000000000000000000e+00,6.999022482893451080e-01,7.160000000000000000e+02
2.866000000000000173e-06,6.996825158115480559e-01,0.000000000000000000e+00,6.999022482893451080e-01,7.160000000000000000e+02
2.867000000000000248e-06,6.999264773458321320e-01,1.000000000000000000e+00,6.999022482893451080e-01,7.160000000000000000e+02
2.868000000000000323e-06,7.001704388801163192e-01,1.000000000000000000e+00,6.999022482893451080e-01,7.160000000000000000e+02
2.868999999999999975e-06,7.004144004144003954e-01,0.000000000000000000e+00,7.008797653958944718e-01,7.170000000000000000e+02
2.870000000000000050e-06,7.006583619486844716e-01,0.000000000000000000e+00,7.008797653958944718e-01,7.170000000000000000e+02
2.871000000000000125e-06,7.009023234829686588e-01,0.000000000000000000e+00,7.008797653958944718e-01,7.170000000000000000e+02
2.872000000000000200e-06,7.011462850172527350e-01,1.000000000000000000e+00,7.008797653958944718e-01,7.170000000000000000e+02
2.873000000000000276e-06,7.013902465515368112e-01,1.000000000000000000e+00,7.018572825024438355e-01,7.180000000000000000e+02
2.874000000000000351e-06,7.016342080858209984e-01,1.000000000000000000e+00,7.018572825024438355e-01,7.180000000000000000e+02
2.875000000000000002e-06,7.018781696201050746e-01,0.000000000000000000e+00,7.018572825024438355e-01,7.180000000000000000e+02
2.876000000000000077e-06,7.021221311543891508e-01,0.000000000000000000e+00,7.018572825024438355e-01,7.180000000000000000e+02
2.877000000000000153e-06,7.023660926886733380e-01,0.000000000000000000e+00,7.028347996089931993e-01,7.190000000000000000e+02
2.878000000000000228e-06,7.026100542229574142e-01,1.000000000000000000e+00,7.028347996089931993e-01,7.190000000000000000e+02
2.879000000000000303e-06,7.028540157572414904e-01,1.000000000000000000e+00,7.028347996089931993e-01,7.190000000000000000e+02
2.880000000000000378e-06,7.030979772915256776e-01,1.000000000000000000e+00,7.028347996089931993e-01,7.190000000000000000e+02
2.881000000000000030e-06,7.033419388258097538e-01,0.000000000000000000e+00,7.038123167155425630e-01,7.200000000000000000e+02
2.882000000000000105e-06,7.035859003600938300e-01,0.000000000000000000e+00,7.038123167155425630e-01,7.200000000000000000e+02
2.883000000000000180e-06,7.038298618943780172e-01,1.000000000000000000e+00,7.038123167155425630e-01,7.200000000000000000e+02
2.884000000000000255e-06,7.040738234286620933e-01,1.000000000000000000e+00,7.038123167155425630e-01,7.200000000000000000e+02
2.885000000000000330e-06,7.043177849629462806e-01,1.000000000000000000e+00,7.047898338220919268e-01,7.210000000000000000e+02
2.885999999999999982e-06,7.045617464972303567e-01,0.000000000000000000e+00,7.047898338220919268e-01,7.210000000000000000e+02
2.887000000000000057e-06,7.048057080315144329e-01,0.000000000000000000e+00,7.047898338220919268e-01,7.210000000000000000e+02
2.888000000000000132e-06,7.050496695657986201e-01,0.000000000000000000e+00,7.047898338220919268e-01,7.210000000000000000e+02
2.889000000000000207e-06,7.052936311000826963e-01,1.000000000000000000e+00,7.057673509286412905e-01,7.220000000000000000e+02
2.890000000000000282e-06,7.055375926343667725e-01,1.000000000000000000e+00,7.057673509286412905e-01,7.220000000000000000e+02
2.891000000000000357e-06,7.057815541686509597e-01,1.000000000000000000e+00,7.057673509286412905e-01,7.220000000000000000e+02
2.892000000000000009e-06,7.060255157029350359e-01,0.000000000000000000e+00,7.057673509286412905e-01,7.220000000000000000e+02
2.893000000000000084e-06,7.062694772372191121e-01,0.000000000000000000e+00,7.067448680351906543e-01,7.230000000000000000e+02
2.894000000000000159e-06,7.065134387715032993e-01,0.000000000000000000e+00,7.067448680351906543e-01,7.230000000000000000e+02
2.895000000000000234e-06,7.067574003057873755e-01,1.000000000000000000e+00,7.067448680351906543e-01,7.230000000000000000e+02
2.896000000000000309e-06,7.070013618400714517e-01,1.000000000000000000e+00,7.067448680351906543e-01,7.230000000000000000e+02
2.897000000000000385e-06,7.072453233743556389e-01,1.000000000000000000e+00,7.077223851417400180e-01,7.240000000000000000e+02
2.898000000000000036e-06,7.074892849086397151e-01,0.000000000000000000e+00,7.077223851417400180e-01,7.240000000000000000e+02
2.899000000000000111e-06,7.077332464429237913e-01,0.000000000000000000e+00,7.077223851417400180e-01,7.240000000000000000e+02
2.900000000000000186e-06,7.079772079772079785e-01,1.000000000000000000e+00,7.077223851417400180e-01,7.240000000000000000e+02
2.901000000000000262e-06,7.082211695114920547e-01,1.000000000000000000e+00,7.086999022482893817e-01,7.250000000000000000e+02
2.902000000000000337e-06,7.084651310457761308e-01,1.000000000000000000e+00,7.086999022482893817e-01,7.250000000000000000e+02
2.902999999999999988e-06,7.087090925800603181e-01,0.000000000000000000e+00,7.086999022482893817e-01,7.250000000000000000e+02
2.904000000000000063e-06,7.089530541143443942e-01,0.000000000000000000e+00,7.086999022482893817e-01,7.250000000000000000e+02
2.905000000000000139e-06,7.091970156486284704e-01,0.000000000000000000e+00,7.096774193548387455e-01,7.260000000000000000e+02
2.906000000000000214e-06,7.094409771829126576e-01,1.000000000000000000e+00,7.096774193548387455e-01,7.260000000000000000e+02
2.907000000000000289e-06,7.096849387171967338e-01,1.000000000000000000e+00,7.096774193548387455e-01,7.260000000000000000e+02
2.908000000000000364e-06,7.099289002514809210e-01,1.000000000000000000e+00,7.096774193548387455e-01,7.260000000000000000e+02
2.909000000000000016e-06,7.101728617857649972e-01,0.000000000000000000e+00,7.106549364613881092e-01,7.270000000000000000e+02
2.910000000000000091e-06,7.104168233200490734e-01,0.000000000000000000e+00,7.106549364613881092e-01,7.270000000000000000e+02
2.911000000000000166e-06,7.106607848543332606e-01,0.000000000000000000e+00,7.106549364613881092e-01,7.270000000000000000e+02
2.912000000000000241e-06,7.109047463886173368e-01,1.000000000000000000e+00,7.106549364613881092e-01,7.270000000000000000e+02
2.913000000000000316e-06,7.111487079229014130e-01,1.000000000000000000e+00,7.116324535679374730e-01,7.280000000000000000e+02
2.914000000000000391e-06,7.113926694571856002e-01,1.000000000000000000e+00,7.116324535679374730e-01,7.280000000000000000e+02
2.915000000000000043e-06,7.116366309914696764e-01,0.000000000000000000e+00,7.116324535679374730e-01,7.280000000000000000e+02
2.916000000000000118e-06,7.118805925257537526e-01,0.000000000000000000e+00,7.116324535679374730e-01,7.280000000000000000e+02
2.917000000000000193e-06,7.121245540600379398e-01,1.000000000000000000e+00,7.126099706744868367e-01,7.290000000000000000e+02
2.918000000000000268e-06,7.123685155943220160e-01,1.000000000000000000e+00,7.126099706744868367e-01,7.290000000000000000e+02
2.919000000000000343e-06,7.126124771286060922e-01,1.000000000000000000e+00,7.126099706744868367e-01,7.290000000000000000e+02
2.919999999999999995e-06,7.128564386628902794e-01,0.000000000000000000e+00,7.126099706744868367e-01,7.290000000000000000e+02
2.921000000000000070e-06,7.131004001971743556e-01,0.000000000000000000e+00,7.135874877810362005e-01,7.300000000000000000e+02
2.922000000000000145e-06,7.133443617314584317e-01,0.000000000000000000e+00,7.135874877810362005e-01,7.300000000000000000e+02
2.923000000000000220e-06,7.135883232657426190e-01,1.000000000000000000e+00,7.135874877810362005e-01,7.300000000000000000e+02
2.924000000000000295e-06,7.138322848000266951e-01,1.000000000000000000e+00,7.135874877810362005e-01,7.300000000000000000e+02
2.925000000000000371e-06,7.140762463343107713e-01,1.000000000000000000e+00,7.135874877810362005e-01,7.300000000000000000e+02
2.926000000000000022e-06,7.143202078685949585e-01,0.000000000000000000e+00,7.145650048875855642e-01,7.310000000000000000e+02
2.927000000000000097e-06,7.145641694028790347e-01,0.000000000000000000e+00,7.145650048875855642e-01,7.310000000000000000e+02
2.928000000000000172e-06,7.148081309371632219e-01,0.000000000000000000e+00,7.145650048875855642e-01,7.310000000000000000e+02
2.929000000000000248e-06,7.150520924714472981e-01,1.000000000000000000e+00,7.145650048875855642e-01,7.310000000000000000e+02
2.930000000000000323e-06,7.152960540057313743e-01,1.000000000000000000e+00,7.155425219941349280e-01,7.320000000000000000e+02
2.930999999999999974e-06,7.155400155400155615e-01,0.000000000000000000e+00,7.155425219941349280e-01,7.320000000000000000e+02
2.932000000000000049e-06,7.157839770742996377e-01,0.000000000000000000e+00,7.155425219941349280e-01,7.320000000000000000e+02
2.933000000000000125e-06,7.160279386085837139e-01,0.000000000000000000e+00,7.155425219941349280e-01,7.320000000000000000e+02
2.934000000000000200e-06,7.162719001428679011e-01,1.000000000000000000e+00,7.165200391006842917e-01,7.330000000000000000e+02
2.935000000000000275e-06,7.165158616771519773e-01,1.000000000000000000e+00,7.165200391006842917e-01,7.330000000000000000e+02
2.936000000000000350e-06,7.167598232114360535e-01,1.000000000000000000e+00,7.165200391006842917e-01,7.330000000000000000e+02
2.937000000000000002e-06,7.170037847457202407e-01,0.000000000000000000e+00,7.165200391006842917e-01,7.330000000000000000e+02
2.938000000000000077e-06,7.172477462800043169e-01,0.000000000000000000e+00,7.174975562072336555e-01,7.340000000000000000e+02
2.939000000000000152e-06,7.174917078142883931e-01,0.000000000000000000e+00,7.174975562072336555e-01,7.340000000000000000e+02
2.940000000000000227e-06,7.177356693485725803e-01,1.000000000000000000e+00,7.174975562072336555e-01,7.340000000000000000e+02
2.941000000000000302e-06,7.179796308828566564e-01,1.000000000000000000e+00,7.174975562072336555e-01,7.340000000000000000e+02
2.942000000000000377e-06,7.182235924171407326e-01,1.000000000000000000e+00,7.184750733137830192e-01,7.350000000000000000e+02
2.943000000000000029e-06,7.184675539514249198e-01,0.000000000000000000e+00,7.184750733137830192e-01,7.350000000000000000e+02
2.944000000000000104e-06,7.187115154857089960e-01,0.000000000000000000e+00,7.184750733137830192e-01,7.350000000000000000e+02
2.945000000000000179e-06,7.189554770199930722e-01,0.000000000000000000e+00,7.184750733137830192e-01,7.350000000000000000e+02
2.946000000000000254e-06,7.191994385542772594e-01,1.000000000000000000e+00,7.194525904203323829e-01,7.360000000000000000e+02
2.947000000000000329e-06,7.194434000885613356e-01,1.000000000000000000e+00,7.194525904203323829e-01,7.360000000000000000e+02
2.947999999999999981e-06,7.196873616228454118e-01,0.000000000000000000e+00,7.194525904203323829e-01,7.360000000000000000e+02
2.949000000000000056e-06,7.199313231571295990e-01,0.000000000000000000e+00,7.194525904203323829e-01,7.360000000000000000e+02
2.950000000000000131e-06,7.201752846914136752e-01,0.000000000000000000e+00,7.204301075268817467e-01,7.370000000000000000e+02
2.951000000000000206e-06,7.204192462256978624e-01,1.000000000000000000e+00,7.204301075268817467e-01,7.370000000000000000e+02
2.952000000000000281e-06,7.206632077599819386e-01,1.000000000000000000e+00,7.204301075268817467e-01,7.370000000000000000e+02
2.953000000000000357e-06,7.209071692942660148e-01,1.000000000000000000e+00,7.204301075268817467e-01,7.370000000000000000e+02
2.954000000000000008e-06,7.211511308285502020e-01,0.000000000000000000e+00,7.214076246334311104e-01,7.380000000000000000e+02
2.955000000000000083e-06,7.213950923628342782e-01,0.000000000000000000e+00,7.214076246334311104e-01,7.380000000000000000e+02
2.956000000000000158e-06,7.216390538971183544e-01,0.000000000000000000e+00,7.214076246334311104e-01,7.380000000000000000e+02
2.957000000000000234e-06,7.218830154314025416e-01,1.000000000000000000e+00,7.214076246334311104e-01,7.380000000000000000e+02
2.958000000000000309e-06,7.221269769656866178e-01,1.000000000000000000e+00,7.223851417399804742e-01,7.390000000000000000e+02
2.959000000000000384e-06,7.223709384999706939e-01,1.000000000000000000e+00,7.223851417399804742e-01,7.390000000000000000e+02
2.960000000000000035e-06,7.226149000342548812e-01,0.000000000000000000e+00,7.223851417399804742e-01,7.390000000000000000e+02
2.961000000000000111e-06,7.228588615685389573e-01,0.000000000000000000e+00,7.223851417399804742e-01,7.390000000000000000e+02
2.962000000000000186e-06,7.231028231028230335e-01,1.000000000000000000e+00,7.233626588465298379e-01,7.400000000000000000e+02
2.963000000000000261e-06,7.233467846371072207e-01,1.000000000000000000e+00,7.233626588465298379e-01,7.400000000000000000e+02
2.964000000000000336e-06,7.235907461713912969e-01,1.000000000000000000e+00,7.233626588465298379e-01,7.400000000000000000e+02
2.964999999999999988e-06,7.238347077056753731e-01,0.000000000000000000e+00,7.233626588465298379e-01,7.400000000000000000e+02
2.966000000000000063e-06,7.240786692399595603e-01,0.000000000000000000e+00,7.243401759530792017e-01,7.410000000000000000e+02
2.967000000000000138e-06,7.243226307742436365e-01,0.000000000000000000e+00,7.243401759530792017e-01,7.410000000000000000e+02
2.968000000000000213e-06,7.245665923085277127e-01,1.000000000000000000e+00,7.243401759530792017e-01,7.410000000000000000e+02
2.969000000000000288e-06,7.248105538428118999e-01,1.000000000000000000e+00,7.243401759530792017e-01,7.410000000000000000e+02
2.970000000000000363e-06,7.250545153770959761e-01,1.000000000000000000e+00,7.253176930596285654e-01,7.420000000000000000e+02
2.971000000000000015e-06,7.252984769113801633e-01,0.000000000000000000e+00,7.253176930596285654e-01,7.420000000000000000e+02
2.972000000000000090e-06,7.255424384456642395e-01,0.000000000000000000e+00,7.253176930596285654e-01,7.420000000000000000e+02
2.973000000000000165e-06,7.257863999799483157e-01,0.000000000000000000e+00,7.253176930596285654e-01,7.420000000000000000e+02
2.974000000000000240e-06,7.260303615142325029e-01,1.000000000000000000e+00,7.262952101661779292e-01,7.430000000000000000e+02
2.975000000000000315e-06,7.262743230485165791e-01,1.000000000000000000e+00,7.262952101661779292e-01,7.430000000000000000e+02
2.976000000000000390e-06,7.265182845828006553e-01,1.000000000000000000e+00,7.262952101661779292e-01,7.430000000000000000e+02
2.977000000000000042e-06,7.267622461170848425e-01,0.000000000000000000e+00,7.262952101661779292e-01,7.430000000000000000e+02
2.978000000000000117e-06,7.270062076513689187e-01,0.000000000000000000e+00,7.272727272727272929e-01,7.440000000000000000e+02
2.979000000000000192e-06,7.272501691856529948e-01,1.000000000000000000e+00,7.272727272727272929e-01,7.440000000000000000e+02
2.980000000000000267e-06,7.274941307199371821e-01,1.000000000000000000e+00,7.272727272727272929e-01,7.440000000000000000e+02
2.981000000000000343e-06,7.277380922542212582e-01,1.000000000000000000e+00,7.272727272727272929e-01,7.440000000000000000e+02
2.981999999999999994e-06,7.279820537885053344e-01,0.000000000000000000e+00,7.282502443792766567e-01,7.450000000000000000e+02
2.983000000000000069e-06,7.282260153227895216e-01,0.000000000000000000e+00,7.282502443792766567e-01,7.450000000000000000e+02
2.984000000000000144e-06,7.284699768570735978e-01,0.000000000000000000e+00,7.282502443792766567e-01,7.450000000000000000e+02
2.985000000000000220e-06,7.287139383913576740e-01,1.000000000000000000e+00,7.282502443792766567e-01,7.450000000000000000e+02
2.986000000000000295e-06,7.289578999256418612e-01,1.000000000000000000e+00,7.292277614858260204e-01,7.460000000000000000e+02
2.987000000000000370e-06,7.292018614599259374e-01,1.000000000000000000e+00,7.292277614858260204e-01,7.460000000000000000e+02
2.988000000000000021e-06,7.294458229942100136e-01,0.000000000000000000e+00,7.292277614858260204e-01,7.460000000000000000e+02
2.989000000000000097e-06,7.296897845284942008e-01,0.000000000000000000e+00,7.292277614858260204e-01,7.460000000000000000e+02
2.990000000000000172e-06,7.299337460627782770e-01,0.000000000000000000e+00,7.302052785923753842e-01,7.470000000000000000e+02
2.991000000000000247e-06,7.301777075970623532e-01,1.000000000000000000e+00,7.302052785923753842e-01,7.470000000000000000e+02
2.992000000000000322e-06,7.304216691313465404e-01,1.000000000000000000e+00,7.302052785923753842e-01,7.470000000000000000e+02
2.993000000000000397e-06,7.306656306656306166e-01,1.000000000000000000e+00,7.302052785923753842e-01,7.470000000000000000e+02
2.994000000000000049e-06,7.309095921999148038e-01,0.000000000000000000e+00,7.311827956989247479e-01,7.480000000000000000e+02
2.995000000000000124e-06,7.311535537341988800e-01,0.000000000000000000e+00,7.311827956989247479e-01,7.480000000000000000e+02
2.996000000000000199e-06,7.313975152684829562e-01,1.000000000000000000e+00,7.311827956989247479e-01,7.480000000000000000e+02
2.997000000000000274e-06,7.316414768027671434e-01,1.000000000000000000e+00,7.311827956989247479e-01,7.480000000000000000e+02
2.998000000000000349e-06,7.318854383370512195e-01,1.000000000000000000e+00,7.321603128054741116e-01,7.490000000000000000e+02
2.999000000000000001e-06,7.321293998713352957e-01,0.000000000000000000e+00,7.321603128054741116e-01,7.490000000000000000e+02
3.000000000000000076e-06,7.323733614056194829e-01,0.000000000000000000e+00,7.321603128054741116e-01,7.490000000000000000e+02
3.001000000000000151e-06,7.326173229399035591e-01,0.000000000000000000e+00,7.321603128054741116e-01,7.490000000000000000e+02
3.002000000000000226e-06,7.328612844741876353e-01,1.000000000000000000e+00,7.331378299120234754e-01,7.500000000000000000e+02
3.003000000000000301e-06,7.331052460084718225e-01,1.000000000000000000e+00,7.331378299120234754e-01,7.500000000000000000e+02
3.004000000000000377e-06,7.333492075427558987e-01,1.000000000000000000e+00,7.331378299120234754e-01,7.500000000000000000e+02
3.005000000000000028e-06,7.335931690770399749e-01,0.000000000000000000e+00,7.331378299120234754e-01,7.500000000000000000e+02
3.006000000000000103e-06,7.338371306113241621e-01,0.000000000000000000e+00,7.341153470185728391e-01,7.510000000000000000e+02
3.007000000000000178e-06,7.340810921456082383e-01,0.000000000000000000e+00,7.341153470185728391e-01,7.510000000000000000e+02
3.008000000000000254e-06,7.343250536798923145e-01,1.000000000000000000e+00,7.341153470185728391e-01,7.510000000000000000e+02
3.009000000000000329e-06,7.345690152141765017e-01,1.000000000000000000e+00,7.341153470185728391e-01,7.510000000000000000e+02
3.009999999999999980e-06,7.348129767484605779e-01,0.000000000000000000e+00,7.350928641251222029e-01,7.520000000000000000e+02
3.011000000000000055e-06,7.350569382827446541e-01,0.000000000000000000e+00,7.350928641251222029e-01,7.520000000000000000e+02
3.012000000000000131e-06,7.353008998170288413e-01,0.000000000000000000e+00,7.350928641251222029e-01,7.520000000000000000e+02
3.013000000000000206e-06,7.355448613513129175e-01,1.000000000000000000e+00,7.350928641251222029e-01,7.520000000000000000e+02
3.014000000000000281e-06,7.357888228855971047e-01,1.000000000000000000e+00,7.360703812316715666e-01,7.530000000000000000e+02
3.015000000000000356e-06,7.360327844198811809e-01,1.000000000000000000e+00,7.360703812316715666e-01,7.530000000000000000e+02
3.016000000000000008e-06,7.362767459541652570e-01,0.000000000000000000e+00,7.360703812316715666e-01,7.530000000000000000e+02
3.017000000000000083e-06,7.365207074884494443e-01,0.000000000000000000e+00,7.360703812316715666e-01,7.530000000000000000e+02
3.018000000000000158e-06,7.367646690227335204e-01,0.000000000000000000e+00,7.370478983382209304e-01,7.540000000000000000e+02
3.019000000000000233e-06,7.370086305570175966e-01,1.000000000000000000e+00,7.370478983382209304e-01,7.540000000000000000e+02
3.020000000000000308e-06,7.372525920913017838e-01,1.000000000000000000e+00,7.370478983382209304e-01,7.540000000000000000e+02
3.021000000000000383e-06,7.374965536255858600e-01,1.000000000000000000e+00,7.370478983382209304e-01,7.540000000000000000e+02
3.022000000000000035e-06,7.377405151598699362e-01,0.000000000000000000e+00,7.380254154447702941e-01,7.550000000000000000e+02
3.023000000000000110e-06,7.379844766941541234e-01,0.000000000000000000e+00,7.380254154447702941e-01,7.550000000000000000e+02
3.024000000000000185e-06,7.382284382284381996e-01,0.000000000000000000e+00,7.380254154447702941e-01,7.550000000000000000e+02
3.025000000000000260e-06,7.384723997627222758e-01,1.000000000000000000e+00,7.380254154447702941e-01,7.550000000000000000e+02
3.026000000000000335e-06,7.387163612970064630e-01,1.000000000000000000e+00,7.390029325513196579e-01,7.560000000000000000e+02
3.026999999999999987e-06,7.389603228312905392e-01,0.000000000000000000e+00,7.390029325513196579e-01,7.560000000000000000e+02
3.028000000000000062e-06,7.392042843655746154e-01,0.000000000000000000e+00,7.390029325513196579e-01,7.560000000000000000e+02
3.029000000000000137e-06,7.394482458998588026e-01,0.000000000000000000e+00,7.390029325513196579e-01,7.560000000000000000e+02
3.030000000000000212e-06,7.396922074341428788e-01,1.000000000000000000e+00,7.399804496578690216e-01,7.570000000000000000e+02
3.031000000000000287e-06,7.399361689684269550e-01,1.000000000000000000e+00,7.399804496578690216e-01,7.570000000000000000e+02
3.032000000000000363e-06,7.401801305027111422e-01,1.000000000000000000e+00,7.399804496578690216e-01,7.570000000000000000e+02
3.033000000000000014e-06,7.404240920369952184e-01,0.000000000000000000e+00,7.399804496578690216e-01,7.570000000000000000e+02
3.034000000000000089e-06,7.406680535712792945e-01,0.000000000000000000e+00,7.409579667644183854e-01,7.580000000000000000e+02
3.035000000000000164e-06,7.409120151055634818e-01,0.000000000000000000e+00,7.409579667644183854e-01,7.580000000000000000e+02
3.036000000000000240e-06,7.411559766398475579e-01,1.000000000000000000e+00,7.409579667644183854e-01,7.580000000000000000e+02
3.037000000000000315e-06,7.413999381741317451e-01,1.000000000000000000e+00,7.409579667644183854e-01,7.580000000000000000e+02
3.038000000000000390e-06,7.416438997084158213e-01,1.000000000000000000e+00,7.419354838709677491e-01,7.590000000000000000e+02
3.039000000000000041e-06,7.418878612426998975e-01,0.000000000000000000e+00,7.419354838709677491e-01,7.590000000000000000e+02
3.040000000000000117e-06,7.421318227769840847e-01,0.000000000000000000e+00,7.419354838709677491e-01,7.590000000000000000e+02
3.041000000000000192e-06,7.423757843112681609e-01,1.000000000000000000e+00,7.419354838709677491e-01,7.590000000000000000e+02
3.042000000000000267e-06,7.426197458455522371e-01,1.000000000000000000e+00,7.429130009775171128e-01,7.600000000000000000e+02
3.043000000000000342e-06,7.428637073798364243e-01,1.000000000000000000e+00,7.429130009775171128e-01,7.600000000000000000e+02
3.043999999999999994e-06,7.431076689141205005e-01,0.000000000000000000e+00,7.429130009775171128e-01,7.600000000000000000e+02
3.045000000000000069e-06,7.433516304484045767e-01,0.000000000000000000e+00,7.429130009775171128e-01,7.600000000000000000e+02
3.046000000000000144e-06,7.435955919826887639e-01,0.000000000000000000e+00,7.438905180840664766e-01,7.610000000000000000e+02
3.047000000000000219e-06,7.438395535169728401e-01,1.000000000000000000e+00,7.438905180840664766e-01,7.610000000000000000e+02
3.048000000000000294e-06,7.440835150512569163e-01,1.000000000000000000e+00,7.438905180840664766e-01,7.610000000000000000e+02
3.049000000000000369e-06,7.443274765855411035e-01,1.000000000000000000e+00,7.438905180840664766e-01,7.610000000000000000e+02
3.050000000000000021e-06,7.445714381198251797e-01,0.000000000000000000e+00,7.448680351906158403e-01,7.620000000000000000e+02
3.051000000000000096e-06,7.448153996541092559e-01,0.000000000000000000e+00,7.448680351906158403e-01,7.620000000000000000e+02
3.052000000000000171e-06,7.450593611883934431e-01,0.000000000000000000e+00,7.448680351906158403e-01,7.620000000000000000e+02
3.053000000000000246e-06,7.453033227226775193e-01,1.000000000000000000e+00,7.448680351906158403e-01,7.620000000000000000e+02
3.054000000000000321e-06,7.455472842569615954e-01,1.000000000000000000e+00,7.458455522971652041e-01,7.630000000000000000e+02
3.055000000000000396e-06,7.457912457912457826e-01,1.000000000000000000e+00,7.458455522971652041e-01,7.630000000000000000e+02
3.056000000000000048e-06,7.460352073255298588e-01,0.000000000000000000e+00,7.458455522971652041e-01,7.630000000000000000e+02
3.057000000000000123e-06,7.462791688598140460e-01,0.000000000000000000e+00,7.458455522971652041e-01,7.630000000000000000e+02
3.058000000000000198e-06,7.465231303940981222e-01,1.000000000000000000e+00,7.468230694037145678e-01,7.640000000000000000e+02
3.059000000000000273e-06,7.467670919283821984e-01,1.000000000000000000e+00,7.468230694037145678e-01,7.640000000000000000e+02
3.060000000000000349e-06,7.470110534626663856e-01,1.000000000000000000e+00,7.468230694037145678e-01,7.640000000000000000e+02
3.061000000000000000e-06,7.472550149969504618e-01,0.000000000000000000e+00,7.468230694037145678e-01,7.640000000000000000e+02
3.062000000000000075e-06,7.474989765312345380e-01,0.000000000000000000e+00,7.478005865102639316e-01,7.650000000000000000e+02
3.063000000000000150e-06,7.477429380655187252e-01,0.000000000000000000e+00,7.478005865102639316e-01,7.650000000000000000e+02
3.064000000000000226e-06,7.479868995998028014e-01,1.000000000000000000e+00,7.478005865102639316e-01,7.650000000000000000e+02
3.065000000000000301e-06,7.482308611340868776e-01,1.000000000000000000e+00,7.478005865102639316e-01,7.650000000000000000e+02
3.066000000000000376e-06,7.484748226683710648e-01,1.000000000000000000e+00,7.487781036168132953e-01,7.660000000000000000e+02
3.067000000000000027e-06,7.487187842026551410e-01,0.000000000000000000e+00,7.487781036168132953e-01,7.660000000000000000e+02
3.068000000000000103e-06,7.489627457369392172e-01,0.000000000000000000e+00,7.487781036168132953e-01,7.660000000000000000e+02
3.069000000000000178e-06,7.492067072712234044e-01,0.000000000000000000e+00,7.487781036168132953e-01,7.660000000000000000e+02
3.070000000000000253e-06,7.494506688055074806e-01,1.000000000000000000e+00,7.497556207233626591e-01,7.670000000000000000e+02
3.071000000000000328e-06,7.496946303397915568e-01,1.000000000000000000e+00,7.497556207233626591e-01,7.670000000000000000e+02
3.072000000000000403e-06,7.499385918740757440e-01,1.000000000000000000e+00,7.497556207233626591e-01,7.670000000000000000e+02
3.073000000000000055e-06,7.501825534083598201e-01,0.000000000000000000e+00,7.497556207233626591e-01,7.670000000000000000e+02
3.074000000000000130e-06,7.504265149426438963e-01,0.000000000000000000e+00,7.507331378299120228e-01,7.680000000000000000e+02
3.075000000000000205e-06,7.506704764769280835e-01,1.000000000000000000e+00,7.507331378299120228e-01,7.680000000000000000e+02
3.076000000000000280e-06,7.509144380112121597e-01,1.000000000000000000e+00,7.507331378299120228e-01,7.680000000000000000e+02
3.077000000000000355e-06,7.511583995454962359e-01,1.000000000000000000e+00,7.507331378299120228e-01,7.680000000000000000e+02
3.078000000000000007e-06,7.514023610797804231e-01,0.000000000000000000e+00,7.517106549364613866e-01,7.690000000000000000e+02
3.079000000000000082e-06,7.516463226140644993e-01,0.000000000000000000e+00,7.517106549364613866e-01,7.690000000000000000e+02
3.080000000000000157e-06,7.518902841483486865e-01,0.000000000000000000e+00,7.517106549364613866e-01,7.690000000000000000e+02
3.081000000000000232e-06,7.521342456826327627e-01,1.000000000000000000e+00,7.517106549364613866e-01,7.690000000000000000e+02
3.082000000000000307e-06,7.523782072169168389e-01,1.000000000000000000e+00,7.526881720430107503e-01,7.700000000000000000e+02
3.083000000000000382e-06,7.526221687512010261e-01,1.000000000000000000e+00,7.526881720430107503e-01,7.700000000000000000e+02
3.084000000000000034e-06,7.528661302854851023e-01,0.000000000000000000e+00,7.526881720430107503e-01,7.700000000000000000e+02
3.085000000000000109e-06,7.531100918197691785e-01,0.000000000000000000e+00,7.526881720430107503e-01,7.700000000000000000e+02
3.086000000000000184e-06,7.533540533540533657e-01,0.000000000000000000e+00,7.536656891495601140e-01,7.710000000000000000e+02
3.087000000000000259e-06,7.535980148883374419e-01,1.000000000000000000e+00,7.536656891495601140e-01,7.710000000000000000e+02
3.088000000000000335e-06,7.538419764226215181e-01,1.000000000000000000e+00,7.536656891495601140e-01,7.710000000000000000e+02
3.088999999999999986e-06,7.540859379569057053e-01,0.000000000000000000e+00,7.536656891495601140e-01,7.710000000000000000e+02
3.090000000000000061e-06,7.543298994911897815e-01,0.000000000000000000e+00,7.546432062561094778e-01,7.720000000000000000e+02
3.091000000000000136e-06,7.545738610254738576e-01,0.000000000000000000e+00,7.546432062561094778e-01,7.720000000000000000e+02
3.092000000000000212e-06,7.548178225597580449e-01,1.000000000000000000e+00,7.546432062561094778e-01,7.720000000000000000e+02
3.093000000000000287e-06,7.550617840940421210e-01,1.000000000000000000e+00,7.546432062561094778e-01,7.720000000000000000e+02
3.094000000000000362e-06,7.553057456283261972e-01,1.000000000000000000e+00,7.556207233626588415e-01,7.730000000000000000e+02
3.095000000000000013e-06,7.555497071626103844e-01,0.000000000000000000e+00,7.556207233626588415e-01,7.730000000000000000e+02
3.096000000000000089e-06,7.557936686968944606e-01,0.000000000000000000e+00,7.556207233626588415e-01,7.730000000000000000e+02
3.097000000000000164e-06,7.560376302311785368e-01,0.000000000000000000e+00,7.556207233626588415e-01,7.730000000000000000e+02
3.098000000000000239e-06,7.562815917654627240e-01,1.000000000000000000e+00,7.565982404692082053e-01,7.740000000000000000e+02
3.099000000000000314e-06,7.565255532997468002e-01,1.000000000000000000e+00,7.565982404692082053e-01,7.740000000000000000e+02
3.100000000000000389e-06,7.567695148340309874e-01,1.000000000000000000e+00,7.565982404692082053e-01,7.740000000000000000e+02
3.101000000000000041e-06,7.570134763683150636e-01,0.000000000000000000e+00,7.565982404692082053e-01,7.740000000000000000e+02
3.102000000000000116e-06,7.572574379025991398e-01,0.000000000000000000e+00,7.575757575757575690e-01,7.750000000000000000e+02
3.103000000000000191e-06,7.575013994368833270e-01,0.000000000000000000e+00,7.575757575757575690e-01,7.750000000000000000e+02
3.104000000000000266e-06,7.577453609711674032e-01,1.000000000000000000e+00,7.575757575757575690e-01,7.750000000000000000e+02
3.105000000000000341e-06,7.579893225054514794e-01,1.000000000000000000e+00,7.575757575757575690e-01,7.750000000000000000e+02
3.105999999999999993e-06,7.582332840397356666e-01,0.000000000000000000e+00,7.585532746823069328e-01,7.760000000000000000e+02
3.107000000000000068e-06,7.584772455740197428e-01,0.000000000000000000e+00,7.585532746823069328e-01,7.760000000000000000e+02
3.108000000000000143e-06,7.587212071083038190e-01,0.000000000000000000e+00,7.585532746823069328e-01,7.760000000000000000e+02
3.109000000000000218e-06,7.589651686425880062e-01,1.000000000000000000e+00,7.585532746823069328e-01,7.760000000000000000e+02
3.110000000000000293e-06,7.592091301768720824e-01,1.000000000000000000e+00,7.595307917888562965e-01,7.770000000000000000e+02
3.111000000000000368e-06,7.594530917111561585e-01,1.000000000000000000e+00,7.595307917888562965e-01,7.770000000000000000e+02
3.112000000000000020e-06,7.596970532454403457e-01,0.000000000000000000e+00,7.595307917888562965e-01,7.770000000000000000e+02
3.113000000000000095e-06,7.599410147797244219e-01,0.000000000000000000e+00,7.595307917888562965e-01,7.770000000000000000e+02
3.114000000000000170e-06,7.601849763140084981e-01,0.000000000000000000e+00,7.605083088954056603e-01,7.780000000000000000e+02
3.115000000000000245e-06,7.604289378482926853e-01,1.000000000000000000e+00,7.605083088954056603e-01,7.780000000000000000e+02
3.116000000000000321e-06,7.606728993825767615e-01,1.000000000000000000e+00,7.605083088954056603e-01,7.780000000000000000e+02
3.117000000000000396e-06,7.609168609168608377e-01,1.000000000000000000e+00,7.605083088954056603e-01,7.780000000000000000e+02
3.118000000000000047e-06,7.611608224511450249e-01,0.000000000000000000e+00,7.614858260019550240e-01,7.790000000000000000e+02
3.119000000000000122e-06,7.614047839854291011e-01,0.000000000000000000e+00,7.614858260019550240e-01,7.790000000000000000e+02
3.120000000000000198e-06,7.616487455197131773e-01,1.000000000000000000e+00,7.614858260019550240e-01,7.790000000000000000e+02
3.121000000000000273e-06,7.618927070539973645e-01,1.000000000000000000e+00,7.614858260019550240e-01,7.790000000000000000e+02
3.122000000000000348e-06,7.621366685882814407e-01,1.000000000000000000e+00,7.624633431085043878e-01,7.800000000000000000e+02
3.122999999999999999e-06,7.623806301225656279e-01,0.000000000000000000e+00,7.624633431085043878e-01,7.800000000000000000e+02
3.124000000000000075e-06,7.626245916568497041e-01,0.000000000000000000e+00,7.624633431085043878e-01,7.800000000000000000e+02
3.125000000000000150e-06,7.628685531911337803e-01,0.000000000000000000e+00,7.624633431085043878e-01,7.800000000000000000e+02
3.126000000000000225e-06,7.631125147254179675e-01,1.000000000000000000e+00,7.634408602150537515e-01,7.810000000000000000e+02
3.127000000000000300e-06,7.633564762597020437e-01,1.000000000000000000e+00,7.634408602150537515e-01,7.810000000000000000e+02
3.128000000000000375e-06,7.636004377939861198e-01,1.000000000000000000e+00,7.634408602150537515e-01,7.810000000000000000e+02
3.129000000000000027e-06,7.638443993282703071e-01,0.000000000000000000e+00,7.634408602150537515e-01,7.810000000000000000e+02
3.130000000000000102e-06,7.640883608625543832e-01,0.000000000000000000e+00,7.644183773216031152e-01,7.820000000000000000e+02
3.131000000000000177e-06,7.643323223968384594e-01,0.000000000000000000e+00,7.644183773216031152e-01,7.820000000000000000e+02
3.132000000000000252e-06,7.645762839311226466e-01,1.000000000000000000e+00,7.644183773216031152e-01,7.820000000000000000e+02
3.133000000000000327e-06,7.648202454654067228e-01,1.000000000000000000e+00,7.644183773216031152e-01,7.820000000000000000e+02
3.134000000000000402e-06,7.650642069996907990e-01,1.000000000000000000e+00,7.653958944281524790e-01,7.830000000000000000e+02
3.135000000000000054e-06,7.653081685339749862e-01,0.000000000000000000e+00,7.653958944281524790e-01,7.830000000000000000e+02
3.136000000000000129e-06,7.655521300682590624e-01,0.000000000000000000e+00,7.653958944281524790e-01,7.830000000000000000e+02
3.137000000000000204e-06,7.657960916025431386e-01,1.000000000000000000e+00,7.653958944281524790e-01,7.830000000000000000e+02
3.138000000000000279e-06,7.660400531368273258e-01,1.000000000000000000e+00,7.663734115347018427e-01,7.840000000000000000e+02
3.139000000000000355e-06,7.662840146711114020e-01,1.000000000000000000e+00,7.663734115347018427e-01,7.840000000000000000e+02
3.140000000000000006e-06,7.665279762053954782e-01,0.000000000000000000e+00,7.663734115347018427e-01,7.840000000000000000e+02
3.141000000000000081e-06,7.667719377396796654e-01,0.000000000000000000e+00,7.663734115347018427e-01,7.840000000000000000e+02
3.142000000000000156e-06,7.670158992739637416e-01,0.000000000000000000e+00,7.673509286412512065e-01,7.850000000000000000e+02
3.143000000000000232e-06,7.672598608082479288e-01,1.000000000000000000e+00,7.673509286412512065e-01,7.850000000000000000e+02
3.144000000000000307e-06,7.675038223425320050e-01,1.000000000000000000e+00,7.673509286412512065e-01,7.850000000000000000e+02
3.145000000000000382e-06,7.677477838768160812e-01,1.000000000000000000e+00,7.673509286412512065e-01,7.850000000000000000e+02
3.146000000000000033e-06,7.679917454111002684e-01,0.000000000000000000e+00,7.683284457478005702e-01,7.860000000000000000e+02
3.147000000000000109e-06,7.682357069453843446e-01,0.000000000000000000e+00,7.683284457478005702e-01,7.860000000000000000e+02
3.148000000000000184e-06,7.684796684796684207e-01,0.000000000000000000e+00,7.683284457478005702e-01,7.860000000000000000e+02
3.149000000000000259e-06,7.687236300139526080e-01,1.000000000000000000e+00,7.683284457478005702e-01,7.860000000000000000e+02
3.150000000000000334e-06,7.689675915482366841e-01,1.000000000000000000e+00,7.693059628543499340e-01,7.870000000000000000e+02
3.150999999999999986e-06,7.692115530825207603e-01,0.000000000000000000e+00,7.693059628543499340e-01,7.870000000000000000e+02
3.152000000000000061e-06,7.694555146168049475e-01,0.000000000000000000e+00,7.693059628543499340e-01,7.870000000000000000e+02
3.153000000000000136e-06,7.696994761510890237e-01,0.000000000000000000e+00,7.693059628543499340e-01,7.870000000000000000e+02
3.154000000000000211e-06,7.699434376853730999e-01,1.000000000000000000e+00,7.702834799608992977e-01,7.880000000000000000e+02
3.155000000000000286e-06,7.701873992196572871e-01,1.000000000000000000e+00,7.702834799608992977e-01,7.880000000000000000e+02
3.156000000000000361e-06,7.704313607539413633e-01,1.000000000000000000e+00,7.702834799608992977e-01,7.880000000000000000e+02
3.157000000000000013e-06,7.706753222882254395e-01,0.000000000000000000e+00,7.702834799608992977e-01,7.880000000000000000e+02
3.158000000000000088e-06,7.709192838225096267e-01,0.000000000000000000e+00,7.712609970674486615e-01,7.890000000000000000e+02
3.159000000000000163e-06,7.711632453567937029e-01,0.000000000000000000e+00,7.712609970674486615e-01,7.890000000000000000e+02
3.160000000000000238e-06,7.714072068910777791e-01,1.000000000000000000e+00,7.712609970674486615e-01,7.890000000000000000e+02
3.161000000000000313e-06,7.716511684253619663e-01,1.000000000000000000e+00,7.712609970674486615e-01,7.890000000000000000e+02
3.162000000000000388e-06,7.718951299596460425e-01,1.000000000000000000e+00,7.722385141739980252e-01,7.900000000000000000e+02
3.163000000000000040e-06,7.721390914939301187e-01,0.000000000000000000e+00,7.722385141739980252e-01,7.900000000000000000e+02
3.164000000000000115e-06,7.723830530282143059e-01,0.000000000000000000e+00,7.722385141739980252e-01,7.900000000000000000e+02
3.165000000000000190e-06,7.726270145624983821e-01,0.000000000000000000e+00,7.722385141739980252e-01,7.900000000000000000e+02
3.166000000000000265e-06,7.728709760967825693e-01,1.000000000000000000e+00,7.732160312805473890e-01,7.910000000000000000e+02
3.167000000000000341e-06,7.731149376310666455e-01,1.000000000000000000e+00,7.732160312805473890e-01,7.910000000000000000e+02
3.167999999999999992e-06,7.733588991653507216e-01,0.000000000000000000e+00,7.732160312805473890e-01,7.910000000000000000e+02
3.169000000000000067e-06,7.736028606996349088e-01,0.000000000000000000e+00,7.732160312805473890e-01,7.910000000000000000e+02
3.170000000000000142e-06,7.738468222339189850e-01,0.000000000000000000e+00,7.741935483870967527e-01,7.920000000000000000e+02
3.171000000000000218e-06,7.740907837682030612e-01,1.000000000000000000e+00,7.741935483870967527e-01,7.920000000000000000e+02
3.172000000000000293e-06,7.743347453024872484e-01,1.000000000000000000e+00,7.741935483870967527e-01,7.920000000000000000e+02
3.173000000000000368e-06,7.745787068367713246e-01,1.000000000000000000e+00,7.741935483870967527e-01,7.920000000000000000e+02
3.174000000000000019e-06,7.748226683710554008e-01,0.000000000000000000e+00,7.751710654936461165e-01,7.930000000000000000e+02
3.175000000000000095e-06,7.750666299053395880e-01,0.000000000000000000e+00,7.751710654936461165e-01,7.930000000000000000e+02
3.176000000000000170e-06,7.753105914396236642e-01,0.000000000000000000e+00,7.751710654936461165e-01,7.930000000000000000e+02
3.177000000000000245e-06,7.755545529739077404e-01,1.000000000000000000e+00,7.751710654936461165e-01,7.930000000000000000e+02
3.178000000000000320e-06,7.757985145081919276e-01,1.000000000000000000e+00,7.761485826001954802e-01,7.940000000000000000e+02
3.179000000000000395e-06,7.760424760424760038e-01,1.000000000000000000e+00,7.761485826001954802e-01,7.940000000000000000e+02
3.180000000000000047e-06,7.762864375767600800e-01,0.000000000000000000e+00,7.761485826001954802e-01,7.940000000000000000e+02
3.181000000000000122e-06,7.765303991110442672e-01,0.000000000000000000e+00,7.761485826001954802e-01,7.940000000000000000e+02
3.182000000000000197e-06,7.767743606453283434e-01,0.000000000000000000e+00,7.771260997067448439e-01,7.950000000000000000e+02
3.183000000000000272e-06,7.770183221796124196e-01,1.000000000000000000e+00,7.771260997067448439e-01,7.950000000000000000e+02
3.184000000000000347e-06,7.772622837138966068e-01,1.000000000000000000e+00,7.771260997067448439e-01,7.950000000000000000e+02
3.184999999999999999e-06,7.775062452481806829e-01,0.000000000000000000e+00,7.771260997067448439e-01,7.950000000000000000e+02
3.186000000000000074e-06,7.777502067824648702e-01,0.000000000000000000e+00,7.781036168132942077e-01,7.960000000000000000e+02
3.187000000000000149e-06,7.779941683167489463e-01,0.000000000000000000e+00,7.781036168132942077e-01,7.960000000000000000e+02
3.188000000000000224e-06,7.782381298510330225e-01,1.000000000000000000e+00,7.781036168132942077e-01,7.960000000000000000e+02
3.189000000000000299e-06,7.784820913853172097e-01,1.000000000000000000e+00,7.781036168132942077e-01,7.960000000000000000e+02
3.190000000000000374e-06,7.787260529196012859e-01,1.000000000000000000e+00,7.790811339198435714e-01,7.970000000000000000e+02
3.191000000000000026e-06,7.789700144538853621e-01,0.000000000000000000e+00,7.790811339198435714e-01,7.970000000000000000e+02
3.192000000000000101e-06,7.792139759881695493e-01,0.000000000000000000e+00,7.790811339198435714e-01,7.970000000000000000e+02
3.193000000000000176e-06,7.794579375224536255e-01,0.000000000000000000e+00,7.790811339198435714e-01,7.970000000000000000e+02
3.194000000000000251e-06,7.797018990567377017e-01,1.000000000000000000e+00,7.800586510263929352e-01,7.980000000000000000e+02
3.195000000000000327e-06,7.799458605910218889e-01,1.000000000000000000e+00,7.800586510263929352e-01,7.980000000000000000e+02
3.196000000000000402e-06,7.801898221253059651e-01,1.000000000000000000e+00,7.800586510263929352e-01,7.980000000000000000e+02
3.197000000000000053e-06,7.804337836595900413e-01,0.000000000000000000e+00,7.800586510263929352e-01,7.980000000000000000e+02
3.198000000000000128e-06,7.806777451938742285e-01,0.000000000000000000e+00,7.810361681329422989e-01,7.990000000000000000e+02
3.199000000000000204e-06,7.809217067281583047e-01,1.000000000000000000e+00,7.810361681329422989e-01,7.990000000000000000e+02
3.200000000000000279e-06,7.811656682624423809e-01,1.000000000000000000e+00,7.810361681329422989e-01,7.990000000000000000e+02
3.201000000000000354e-06,7.814096297967265681e-01,1.000000000000000000e+00,7.810361681329422989e-01,7.990000000000000000e+02
3.202000000000000005e-06,7.816535913310106443e-01,0.000000000000000000e+00,7.820136852394916627e-01,8.000000000000000000e+02
3.203000000000000081e-06,7.818975528652947204e-01,0.000000000000000000e+00,7.820136852394916627e-01,8.000000000000000000e+02
3.204000000000000156e-06,7.821415143995789077e-01,0.000000000000000000e+00,7.820136852394916627e-01,8.000000000000000000e+02
3.205000000000000231e-06,7.823854759338629838e-01,1.000000000000000000e+00,7.820136852394916627e-01,8.000000000000000000e+02
3.206000000000000306e-06,7.826294374681470600e-01,1.000000000000000000e+00,7.829912023460410264e-01,8.010000000000000000e+02
3.207000000000000381e-06,7.828733990024312472e-01,1.000000000000000000e+00,7.829912023460410264e-01,8.010000000000000000e+02
3.208000000000000033e-06,7.831173605367153234e-01,0.000000000000000000e+00,7.829912023460410264e-01,8.010000000000000000e+02
3.209000000000000108e-06,7.833613220709995106e-01,0.000000000000000000e+00,7.829912023460410264e-01,8.010000000000000000e+02
3.210000000000000183e-06,7.836052836052835868e-01,0.000000000000000000e+00,7.839687194525903902e-01,8.020000000000000000e+02
3.211000000000000258e-06,7.838492451395676630e-01,1.000000000000000000e+00,7.839687194525903902e-01,8.020000000000000000e+02
3.212000000000000333e-06,7.840932066738518502e-01,1.000000000000000000e+00,7.839687194525903902e-01,8.020000000000000000e+02
3.213000000000000408e-06,7.843371682081359264e-01,1.000000000000000000e+00,7.839687194525903902e-01,8.020000000000000000e+02
3.214000000000000060e-06,7.845811297424200026e-01,0.000000000000000000e+00,7.849462365591397539e-01,8.030000000000000000e+02
3.215000000000000135e-06,7.848250912767041898e-01,0.000000000000000000e+00,7.849462365591397539e-01,8.030000000000000000e+02
3.216000000000000210e-06,7.850690528109882660e-01,1.000000000000000000e+00,7.849462365591397539e-01,8.030000000000000000e+02
3.217000000000000285e-06,7.853130143452723422e-01,1.000000000000000000e+00,7.849462365591397539e-01,8.030000000000000000e+02
3.218000000000000360e-06,7.855569758795565294e-01,1.000000000000000000e+00,7.859237536656891177e-01,8.040000000000000000e+02
3.219000000000000012e-06,7.858009374138406056e-01,0.000000000000000000e+00,7.859237536656891177e-01,8.040000000000000000e+02
3.220000000000000087e-06,7.860448989481246818e-01,0.000000000000000000e+00,7.859237536656891177e-01,8.040000000000000000e+02
3.221000000000000162e-06,7.862888604824088690e-01,0.000000000000000000e+00,7.859237536656891177e-01,8.040000000000000000e+02
3.222000000000000237e-06,7.865328220166929452e-01,1.000000000000000000e+00,7.869012707722384814e-01,8.050000000000000000e+02
3.223000000000000313e-06,7.867767835509770213e-01,1.000000000000000000e+00,7.869012707722384814e-01,8.050000000000000000e+02
3.224000000000000388e-06,7.870207450852612086e-01,1.000000000000000000e+00,7.869012707722384814e-01,8.050000000000000000e+02
3.225000000000000039e-06,7.872647066195452847e-01,0.000000000000000000e+00,7.869012707722384814e-01,8.050000000000000000e+02
3.226000000000000114e-06,7.875086681538293609e-01,0.000000000000000000e+00,7.878787878787878451e-01,8.060000000000000000e+02
3.227000000000000190e-06,7.877526296881135481e-01,0.000000000000000000e+00,7.878787878787878451e-01,8.060000000000000000e+02
3.228000000000000265e-06,7.879965912223976243e-01,1.000000000000000000e+00,7.878787878787878451e-01,8.060000000000000000e+02
3.229000000000000340e-06,7.882405527566818115e-01,1.000000000000000000e+00,7.878787878787878451e-01,8.060000000000000000e+02
3.229999999999999991e-06,7.884845142909658877e-01,0.000000000000000000e+00,7.888563049853372089e-01,8.070000000000000000e+02
3.231000000000000067e-06,7.887284758252499639e-01,0.000000000000000000e+00,7.888563049853372089e-01,8.070000000000000000e+02
3.232000000000000142e-06,7.889724373595341511e-01,0.000000000000000000e+00,7.888563049853372089e-01,8.070000000000000000e+02
3.233000000000000217e-06,7.892163988938182273e-01,1.000000000000000000e+00,7.888563049853372089e-01,8.070000000000000000e+02
3.234000000000000292e-06,7.894603604281023035e-01,1.000000000000000000e+00,7.898338220918865726e-01,8.080000000000000000e+02
3.235000000000000367e-06,7.897043219623864907e-01,1.000000000000000000e+00,7.898338220918865726e-01,8.080000000000000000e+02
3.236000000000000019e-06,7.899482834966705669e-01,0.000000000000000000e+00,7.898338220918865726e-01,8.080000000000000000e+02
3.237000000000000094e-06,7.901922450309546431e-01,0.000000000000000000e+00,7.898338220918865726e-01,8.080000000000000000e+02
3.238000000000000169e-06,7.904362065652388303e-01,0.000000000000000000e+00,7.908113391984359364e-01,8.090000000000000000e+02
3.239000000000000244e-06,7.906801680995229065e-01,1.000000000000000000e+00,7.908113391984359364e-01,8.090000000000000000e+02
3.240000000000000319e-06,7.909241296338069827e-01,1.000000000000000000e+00,7.908113391984359364e-01,8.090000000000000000e+02
3.241000000000000394e-06,7.911680911680911699e-01,1.000000000000000000e+00,7.908113391984359364e-01,8.090000000000000000e+02
3.242000000000000046e-06,7.914120527023752460e-01,0.000000000000000000e+00,7.917888563049853001e-01,8.100000000000000000e+02
3.243000000000000121e-06,7.916560142366593222e-01,0.000000000000000000e+00,7.917888563049853001e-01,8.100000000000000000e+02
3.244000000000000196e-06,7.918999757709435094e-01,0.000000000000000000e+00,7.917888563049853001e-01,8.100000000000000000e+02
3.245000000000000271e-06,7.921439373052275856e-01,1.000000000000000000e+00,7.917888563049853001e-01,8.100000000000000000e+02
3.246000000000000347e-06,7.923878988395116618e-01,1.000000000000000000e+00,7.927663734115346639e-01,8.110000000000000000e+02
3.246999999999999998e-06,7.926318603737958490e-01,0.000000000000000000e+00,7.927663734115346639e-01,8.110000000000000000e+02
3.248000000000000073e-06,7.928758219080799252e-01,0.000000000000000000e+00,7.927663734115346639e-01,8.110000000000000000e+02
3.249000000000000148e-06,7.931197834423641124e-01,0.000000000000000000e+00,7.927663734115346639e-01,8.110000000000000000e+02
3.250000000000000224e-06,7.933637449766481886e-01,1.000000000000000000e+00,7.937438905180840276e-01,8.120000000000000000e+02
3.251000000000000299e-06,7.936077065109322648e-01,1.000000000000000000e+00,7.937438905180840276e-01,8.120000000000000000e+02
3.252000000000000374e-06,7.938516680452164520e-01,1.000000000000000000e+00,7.937438905180840276e-01,8.120000000000000000e+02
3.253000000000000025e-06,7.940956295795005282e-01,0.000000000000000000e+00,7.937438905180840276e-01,8.120000000000000000e+02
3.254000000000000101e-06,7.943395911137846044e-01,0.000000000000000000e+00,7.947214076246333914e-01,8.130000000000000000e+02
3.255000000000000176e-06,7.945835526480687916e-01,0.000000000000000000e+00,7.947214076246333914e-01,8.130000000000000000e+02
3.256000000000000251e-06,7.948275141823528678e-01,1.000000000000000000e+00,7.947214076246333914e-01,8.130000000000000000e+02
3.257000000000000326e-06,7.950714757166369440e-01,1.000000000000000000e+00,7.947214076246333914e-01,8.130000000000000000e+02
3.258000000000000401e-06,7.953154372509211312e-01,1.000000000000000000e+00,7.956989247311827551e-01,8.140000000000000000e+02
3.259000000000000053e-06,7.955593987852052074e-01,0.000000000000000000e+00,7.956989247311827551e-01,8.140000000000000000e+02
3.260000000000000128e-06,7.958033603194892835e-01,0.000000000000000000e+00,7.956989247311827551e-01,8.140000000000000000e+02
3.261000000000000203e-06,7.960473218537734708e-01,0.000000000000000000e+00,7.956989247311827551e-01,8.140000000000000000e+02
3.262000000000000278e-06,7.962912833880575469e-01,1.000000000000000000e+00,7.966764418377321189e-01,8.150000000000000000e+02
3.263000000000000353e-06,7.965352449223416231e-01,1.000000000000000000e+00,7.966764418377321189e-01,8.150000000000000000e+02
3.264000000000000005e-06,7.967792064566258103e-01,0.000000000000000000e+00,7.966764418377321189e-01,8.150000000000000000e+02
3.265000000000000080e-06,7.970231679909098865e-01,0.000000000000000000e+00,7.966764418377321189e-01,8.150000000000000000e+02
3.266000000000000155e-06,7.972671295251939627e-01,0.000000000000000000e+00,7.976539589442814826e-01,8.160000000000000000e+02
3.267000000000000230e-06,7.975110910594781499e-01,1.000000000000000000e+00,7.976539589442814826e-01,8.160000000000000000e+02
3.268000000000000305e-06,7.977550525937622261e-01,1.000000000000000000e+00,7.976539589442814826e-01,8.160000000000000000e+02
3.269000000000000380e-06,7.979990141280463023e-01,1.000000000000000000e+00,7.976539589442814826e-01,8.160000000000000000e+02
3.270000000000000032e-06,7.982429756623304895e-01,0.000000000000000000e+00,7.986314760508308463e-01,8.170000000000000000e+02
3.271000000000000107e-06,7.984869371966145657e-01,0.000000000000000000e+00,7.986314760508308463e-01,8.170000000000000000e+02
3.272000000000000182e-06,7.987308987308987529e-01,0.000000000000000000e+00,7.986314760508308463e-01,8.170000000000000000e+02
3.273000000000000257e-06,7.989748602651828291e-01,1.000000000000000000e+00,7.986314760508308463e-01,8.170000000000000000e+02
3.274000000000000333e-06,7.992188217994669053e-01,1.000000000000000000e+00,7.996089931573802101e-01,8.180000000000000000e+02
3.275000000000000408e-06,7.994627833337510925e-01,1.000000000000000000e+00,7.996089931573802101e-01,8.180000000000000000e+02
3.276000000000000059e-06,7.997067448680351687e-01,0.000000000000000000e+00,7.996089931573802101e-01,8.180000000000000000e+02
3.277000000000000134e-06,7.999507064023192449e-01,0.000000000000000000e+00,7.996089931573802101e-01,8.180000000000000000e+02
3.278000000000000210e-06,8.001946679366034321e-01,1.000000000000000000e+00,8.005865102639295738e-01,8.190000000000000000e+02
3.279000000000000285e-06,8.004386294708875083e-01,1.000000000000000000e+00,8.005865102639295738e-01,8.190000000000000000e+02
3.280000000000000360e-06,8.006825910051715844e-01,1.000000000000000000e+00,8.005865102639295738e-01,8.190000000000000000e+02
3.281000000000000011e-06,8.009265525394557717e-01,0.000000000000000000e+00,8.005865102639295738e-01,8.190000000000000000e+02
3.282000000000000087e-06,8.011705140737398478e-01,0.000000000000000000e+00,8.015640273704789376e-01,8.200000000000000000e+02
3.283000000000000162e-06,8.014144756080239240e-01,0.000000000000000000e+00,8.015640273704789376e-01,8.200000000000000000e+02
3.284000000000000237e-06,8.016584371423081112e-01,1.000000000000000000e+00,8.015640273704789376e-01,8.200000000000000000e+02
3.285000000000000312e-06,8.019023986765921874e-01,1.000000000000000000e+00,8.015640273704789376e-01,8.200000000000000000e+02
3.286000000000000387e-06,8.021463602108762636e-01,1.000000000000000000e+00,8.025415444770283013e-01,8.210000000000000000e+02
3.287000000000000039e-06,8.023903217451604508e-01,0.000000000000000000e+00,8.025415444770283013e-01,8.210000000000000000e+02
3.288000000000000114e-06,8.026342832794445270e-01,0.000000000000000000e+00,8.025415444770283013e-01,8.210000000000000000e+02
3.289000000000000189e-06,8.028782448137286032e-01,0.000000000000000000e+00,8.025415444770283013e-01,8.210000000000000000e+02
3.290000000000000264e-06,8.031222063480127904e-01,1.000000000000000000e+00,8.035190615835776651e-01,8.220000000000000000e+02
3.291000000000000339e-06,8.033661678822968666e-01,1.000000000000000000e+00,8.035190615835776651e-01,8.220000000000000000e+02
3.292000000000000414e-06,8.036101294165810538e-01,1.000000000000000000e+00,8.035190615835776651e-01,8.220000000000000000e+02
3.293000000000000066e-06,8.038540909508651300e-01,0.000000000000000000e+00,8.035190615835776651e-01,8.220000000000000000e+02
3.294000000000000141e-06,8.040980524851492062e-01,0.000000000000000000e+00,8.044965786901270288e-01,8.230000000000000000e+02
3.295000000000000216e-06,8.043420140194333934e-01,1.000000000000000000e+00,8.044965786901270288e-01,8.230000000000000000e+02
3.296000000000000291e-06,8.045859755537174696e-01,1.000000000000000000e+00,8.044965786901270288e-01,8.230000000000000000e+02
3.297000000000000366e-06,8.048299370880015458e-01,1.000000000000000000e+00,8.044965786901270288e-01,8.230000000000000000e+02
3.298000000000000018e-06,8.050738986222857330e-01,0.000000000000000000e+00,8.054740957966763926e-01,8.240000000000000000e+02
3.299000000000000093e-06,8.053178601565698091e-01,0.000000000000000000e+00,8.054740957966763926e-01,8.240000000000000000e+02
3.300000000000000168e-06,8.055618216908538853e-01,0.000000000000000000e+00,8.054740957966763926e-01,8.240000000000000000e+02
3.301000000000000243e-06,8.058057832251380725e-01,1.000000000000000000e+00,8.054740957966763926e-01,8.240000000000000000e+02
3.302000000000000319e-06,8.060497447594221487e-01,1.000000000000000000e+00,8.064516129032257563e-01,8.250000000000000000e+02
3.303000000000000394e-06,8.062937062937062249e-01,1.000000000000000000e+00,8.064516129032257563e-01,8.250000000000000000e+02
3.304000000000000045e-06,8.065376678279904121e-01,0.000000000000000000e+00,8.064516129032257563e-01,8.250000000000000000e+02
3.305000000000000120e-06,8.067816293622744883e-01,0.000000000000000000e+00,8.064516129032257563e-01,8.250000000000000000e+02
3.306000000000000196e-06,8.070255908965585645e-01,0.000000000000000000e+00,8.074291300097751201e-01,8.260000000000000000e+02
3.307000000000000271e-06,8.072695524308427517e-01,1.000000000000000000e+00,8.074291300097751201e-01,8.260000000000000000e+02
3.308000000000000346e-06,8.075135139651268279e-01,1.000000000000000000e+00,8.074291300097751201e-01,8.260000000000000000e+02
3.308999999999999997e-06,8.077574754994109041e-01,0.000000000000000000e+00,8.074291300097751201e-01,8.260000000000000000e+02
3.310000000000000073e-06,8.080014370336950913e-01,0.000000000000000000e+00,8.084066471163244838e-01,8.270000000000000000e+02
3.311000000000000148e-06,8.082453985679791675e-01,0.000000000000000000e+00,8.084066471163244838e-01,8.270000000000000000e+02
3.312000000000000223e-06,8.084893601022632437e-01,1.000000000000000000e+00,8.084066471163244838e-01,8.270000000000000000e+02
3.313000000000000298e-06,8.087333216365474309e-01,1.000000000000000000e+00,8.084066471163244838e-01,8.270000000000000000e+02
3.314000000000000373e-06,8.089772831708315071e-01,1.000000000000000000e+00,8.093841642228738475e-01,8.280000000000000000e+02
3.315000000000000025e-06,8.092212447051156943e-01,0.000000000000000000e+00,8.093841642228738475e-01,8.280000000000000000e+02
3.316000000000000100e-06,8.094652062393997705e-01,0.000000000000000000e+00,8.093841642228738475e-01,8.280000000000000000e+02
3.317000000000000175e-06,8.097091677736838466e-01,0.000000000000000000e+00,8.093841642228738475e-01,8.280000000000000000e+02
3.318000000000000250e-06,8.099531293079680339e-01,1.000000000000000000e+00,8.103616813294232113e-01,8.290000000000000000e+02
3.319000000000000325e-06,8.101970908422521100e-01,1.000000000000000000e+00,8.103616813294232113e-01,8.290000000000000000e+02
3.320000000000000400e-06,8.104410523765361862e-01,1.000000000000000000e+00,8.103616813294232113e-01,8.290000000000000000e+02
3.321000000000000052e-06,8.106850139108203734e-01,0.000000000000000000e+00,8.103616813294232113e-01,8.290000000000000000e+02
3.322000000000000127e-06,8.109289754451044496e-01,0.000000000000000000e+00,8.113391984359725750e-01,8.300000000000000000e+02
3.323000000000000202e-06,8.111729369793885258e-01,0.000000000000000000e+00,8.113391984359725750e-01,8.300000000000000000e+02
3.324000000000000277e-06,8.114168985136727130e-01,1.000000000000000000e+00,8.113391984359725750e-01,8.300000000000000000e+02
3.325000000000000352e-06,8.116608600479567892e-01,1.000000000000000000e+00,8.113391984359725750e-01,8.300000000000000000e+02
3.326000000000000004e-06,8.119048215822408654e-01,0.000000000000000000e+00,8.123167155425219388e-01,8.310000000000000000e+02
3.327000000000000079e-06,8.121487831165250526e-01,0.000000000000000000e+00,8.123167155425219388e-01,8.310000000000000000e+02
3.328000000000000154e-06,8.123927446508091288e-01,0.000000000000000000e+00,8.123167155425219388e-01,8.310000000000000000e+02
3.329000000000000229e-06,8.126367061850932050e-01,1.000000000000000000e+00,8.123167155425219388e-01,8.310000000000000000e+02
3.330000000000000305e-06,8.128806677193773922e-01,1.000000000000000000e+00,8.132942326490713025e-01,8.320000000000000000e+02
3.331000000000000380e-06,8.131246292536614684e-01,1.000000000000000000e+00,8.132942326490713025e-01,8.320000000000000000e+02
3.332000000000000031e-06,8.133685907879455446e-01,0.000000000000000000e+00,8.132942326490713025e-01,8.320000000000000000e+02
3.333000000000000106e-06,8.136125523222297318e-01,0.000000000000000000e+00,8.132942326490713025e-01,8.320000000000000000e+02
3.334000000000000182e-06,8.138565138565138080e-01,0.000000000000000000e+00,8.142717497556207773e-01,8.330000000000000000e+02
3.335000000000000257e-06,8.141004753907979952e-01,1.000000000000000000e+00,8.142717497556207773e-01,8.330000000000000000e+02
3.336000000000000332e-06,8.143444369250820714e-01,1.000000000000000000e+00,8.142717497556207773e-01,8.330000000000000000e+02
3.337000000000000407e-06,8.145883984593661475e-01,1.000000000000000000e+00,8.142717497556207773e-01,8.330000000000000000e+02
3.338000000000000059e-06,8.148323599936503348e-01,0.000000000000000000e+00,8.152492668621701410e-01,8.340000000000000000e+02
3.339000000000000134e-06,8.150763215279344109e-01,0.000000000000000000e+00,8.152492668621701410e-01,8.340000000000000000e+02
3.340000000000000209e-06,8.153202830622184871e-01,1.000000000000000000e+00,8.152492668621701410e-01,8.340000000000000000e+02
3.341000000000000284e-06,8.155642445965026743e-01,1.000000000000000000e+00,8.152492668621701410e-01,8.340000000000000000e+02
3.342000000000000359e-06,8.158082061307867505e-01,1.000000000000000000e+00,8.162267839687195048e-01,8.350000000000000000e+02
3.343000000000000011e-06,8.160521676650708267e-01,0.000000000000000000e+00,8.162267839687195048e-01,8.350000000000000000e+02
3.344000000000000086e-06,8.162961291993550139e-01,0.000000000000000000e+00,8.162267839687195048e-01,8.350000000000000000e+02
3.345000000000000161e-06,8.165400907336390901e-01,0.000000000000000000e+00,8.162267839687195048e-01,8.350000000000000000e+02
3.346000000000000236e-06,8.167840522679231663e-01,1.000000000000000000e+00,8.172043010752688685e-01,8.360000000000000000e+02
3.347000000000000311e-06,8.170280138022073535e-01,1.000000000000000000e+00,8.172043010752688685e-01,8.360000000000000000e+02
3.348000000000000386e-06,8.172719753364914297e-01,1.000000000000000000e+00,8.172043010752688685e-01,8.360000000000000000e+02
3.349000000000000038e-06,8.175159368707755059e-01,0.000000000000000000e+00,8.172043010752688685e-01,8.360000000000000000e+02
3.350000000000000113e-06,8.177598984050596931e-01,0.000000000000000000e+00,8.181818181818182323e-01,8.370000000000000000e+02
3.351000000000000188e-06,8.180038599393437693e-01,0.000000000000000000e+00,8.181818181818182323e-01,8.370000000000000000e+02
3.352000000000000263e-06,8.182478214736278455e-01,1.000000000000000000e+00,8.181818181818182323e-01,8.370000000000000000e+02
3.353000000000000338e-06,8.184917830079120327e-01,1.000000000000000000e+00,8.181818181818182323e-01,8.370000000000000000e+02
3.354000000000000414e-06,8.187357445421961089e-01,1.000000000000000000e+00,8.191593352883675960e-01,8.380000000000000000e+02
3.355000000000000065e-06,8.189797060764801850e-01,0.000000000000000000e+00,8.191593352883675960e-01,8.380000000000000000e+02
3.356000000000000140e-06,8.192236676107643722e-01,0.000000000000000000e+00,8.191593352883675960e-01,8.380000000000000000e+02
3.357000000000000215e-06,8.194676291450484484e-01,1.000000000000000000e+00,8.191593352883675960e-01,8.380000000000000000e+02
3.358000000000000291e-06,8.197115906793326356e-01,1.000000000000000000e+00,8.201368523949169598e-01,8.390000000000000000e+02
3.359000000000000366e-06,8.199555522136167118e-01,1.000000000000000000e+00,8.201368523949169598e-01,8.390000000000000000e+02
3.360000000000000017e-06,8.201995137479007880e-01,0.000000000000000000e+00,8.201368523949169598e-01,8.390000000000000000e+02
3.361000000000000092e-06,8.204434752821849752e-01,0.000000000000000000e+00,8.201368523949169598e-01,8.390000000000000000e+02
3.362000000000000168e-06,8.206874368164690514e-01,0.000000000000000000e+00,8.211143695014663235e-01,8.400000000000000000e+02
3.363000000000000243e-06,8.209313983507531276e-01,1.000000000000000000e+00,8.211143695014663235e-01,8.400000000000000000e+02
3.364000000000000318e-06,8.211753598850373148e-01,1.000000000000000000e+00,8.211143695014663235e-01,8.400000000000000000e+02
3.365000000000000393e-06,8.214193214193213910e-01,1.000000000000000000e+00,8.211143695014663235e-01,8.400000000000000000e+02
3.366000000000000045e-06,8.216632829536054672e-01,0.000000000000000000e+00,8.220918866080156873e-01,8.410000000000000000e+02
3.367000000000000120e-06,8.219072444878896544e-01,0.000000000000000000e+00,8.220918866080156873e-01,8.410000000000000000e+02
3.368000000000000195e-06,8.221512060221737306e-01,0.000000000000000000e+00,8.220918866080156873e-01,8.410000000000000000e+02
3.369000000000000270e-06,8.223951675564578068e-01,1.000000000000000000e+00,8.220918866080156873e-01,8.410000000000000000e+02
3.370000000000000345e-06,8.226391290907419940e-01,1.000000000000000000e+00,8.230694037145650510e-01,8.420000000000000000e+02
3.371000000000000420e-06,8.228830906250260702e-01,1.000000000000000000e+00,8.230694037145650510e-01,8.420000000000000000e+02
3.372000000000000072e-06,8.231270521593101464e-01,0.000000000000000000e+00,8.230694037145650510e-01,8.420000000000000000e+02
3.373000000000000147e-06,8.233710136935943336e-01,0.000000000000000000e+00,8.230694037145650510e-01,8.420000000000000000e+02
3.374000000000000222e-06,8.236149752278784097e-01,1.000000000000000000e+00,8.240469208211144148e-01,8.430000000000000000e+02
3.375000000000000297e-06,8.238589367621624859e-01,1.000000000000000000e+00,8.240469208211144148e-01,8.430000000000000000e+02
3.376000000000000372e-06,8.241028982964466731e-01,1.000000000000000000e+00,8.240469208211144148e-01,8.430000000000000000e+02
3.377000000000000024e-06,8.243468598307307493e-01,0.000000000000000000e+00,8.240469208211144148e-01,8.430000000000000000e+02
3.378000000000000099e-06,8.245908213650149365e-01,0.000000000000000000e+00,8.250244379276637785e-01,8.440000000000000000e+02
3.379000000000000174e-06,8.248347828992990127e-01,0.000000000000000000e+00,8.250244379276637785e-01,8.440000000000000000e+02
3.380000000000000249e-06,8.250787444335830889e-01,1.000000000000000000e+00,8.250244379276637785e-01,8.440000000000000000e+02
3.381000000000000325e-06,8.253227059678672761e-01,1.000000000000000000e+00,8.250244379276637785e-01,8.440000000000000000e+02
3.382000000000000400e-06,8.255666675021513523e-01,1.000000000000000000e+00,8.260019550342131422e-01,8.450000000000000000e+02
3.383000000000000051e-06,8.258106290364354285e-01,0.000000000000000000e+00,8.260019550342131422e-01,8.450000000000000000e+02
3.384000000000000126e-06,8.260545905707196157e-01,0.000000000000000000e+00,8.260019550342131422e-01,8.450000000000000000e+02
3.385000000000000202e-06,8.262985521050036919e-01,0.000000000000000000e+00,8.260019550342131422e-01,8.450000000000000000e+02
3.386000000000000277e-06,8.265425136392877681e-01,1.000000000000000000e+00,8.269794721407625060e-01,8.460000000000000000e+02
3.387000000000000352e-06,8.267864751735719553e-01,1.000000000000000000e+00,8.269794721407625060e-01,8.460000000000000000e+02
3.388000000000000003e-06,8.270304367078560315e-01,0.000000000000000000e+00,8.269794721407625060e-01,8.460000000000000000e+02
3.389000000000000079e-06,8.272743982421401077e-01,0.000000000000000000e+00,8.269794721407625060e-01,8.460000000000000000e+02
3.390000000000000154e-06,8.275183597764242949e-01,0.000000000000000000e+00,8.279569892473118697e-01,8.470000000000000000e+02
3.391000000000000229e-06,8.277623213107083711e-01,1.000000000000000000e+00,8.279569892473118697e-01,8.470000000000000000e+02
3.392000000000000304e-06,8.280062828449924472e-01,1.000000000000000000e+00,8.279569892473118697e-01,8.470000000000000000e+02
3.393000000000000379e-06,8.282502443792766345e-01,1.000000000000000000e+00,8.279569892473118697e-01,8.470000000000000000e+02
3.394000000000000031e-06,8.284942059135607106e-01,0.000000000000000000e+00,8.289345063538612335e-01,8.480000000000000000e+02
3.395000000000000106e-06,8.287381674478447868e-01,0.000000000000000000e+00,8.289345063538612335e-01,8.480000000000000000e+02
3.396000000000000181e-06,8.289821289821289740e-01,0.000000000000000000e+00,8.289345063538612335e-01,8.480000000000000000e+02
3.397000000000000256e-06,8.292260905164130502e-01,1.000000000000000000e+00,8.289345063538612335e-01,8.480000000000000000e+02
3.398000000000000331e-06,8.294700520506971264e-01,1.000000000000000000e+00,8.299120234604105972e-01,8.490000000000000000e+02
3.399000000000000406e-06,8.297140135849813136e-01,1.000000000000000000e+00,8.299120234604105972e-01,8.490000000000000000e+02
3.400000000000000058e-06,8.299579751192653898e-01,0.000000000000000000e+00,8.299120234604105972e-01,8.490000000000000000e+02
3.401000000000000133e-06,8.302019366535495770e-01,0.000000000000000000e+00,8.299120234604105972e-01,8.490000000000000000e+02
3.402000000000000208e-06,8.304458981878336532e-01,0.000000000000000000e+00,8.308895405669599610e-01,8.500000000000000000e+02
3.403000000000000283e-06,8.306898597221177294e-01,1.000000000000000000e+00,8.308895405669599610e-01,8.500000000000000000e+02
3.404000000000000358e-06,8.309338212564019166e-01,1.000000000000000000e+00,8.308895405669599610e-01,8.500000000000000000e+02
3.405000000000000010e-06,8.311777827906859928e-01,0.000000000000000000e+00,8.308895405669599610e-01,8.500000000000000000e+02
3.406000000000000085e-06,8.314217443249700690e-01,0.000000000000000000e+00,8.318670576735093247e-01,8.510000000000000000e+02
3.407000000000000160e-06,8.316657058592542562e-01,0.000000000000000000e+00,8.318670576735093247e-01,8.510000000000000000e+02
3.408000000000000235e-06,8.319096673935383324e-01,1.000000000000000000e+00,8.318670576735093247e-01,8.510000000000000000e+02
3.409000000000000311e-06,8.321536289278224086e-01,1.000000000000000000e+00,8.318670576735093247e-01,8.510000000000000000e+02
3.410000000000000386e-06,8.323975904621065958e-01,1.000000000000000000e+00,8.328445747800586885e-01,8.520000000000000000e+02
3.411000000000000037e-06,8.326415519963906720e-01,0.000000000000000000e+00,8.328445747800586885e-01,8.520000000000000000e+02
3.412000000000000112e-06,8.328855135306747481e-01,0.000000000000000000e+00,8.328445747800586885e-01,8.520000000000000000e+02
3.413000000000000188e-06,8.331294750649589353e-01,0.000000000000000000e+00,8.328445747800586885e-01,8.520000000000000000e+02
3.414000000000000263e-06,8.333734365992430115e-01,1.000000000000000000e+00,8.338220918866080522e-01,8.530000000000000000e+02
3.415000000000000338e-06,8.336173981335270877e-01,1.000000000000000000e+00,8.338220918866080522e-01,8.530000000000000000e+02
3.416000000000000413e-06,8.338613596678112749e-01,1.000000000000000000e+00,8.338220918866080522e-01,8.530000000000000000e+02
3.417000000000000065e-06,8.341053212020953511e-01,0.000000000000000000e+00,8.338220918866080522e-01,8.530000000000000000e+02
3.418000000000000140e-06,8.343492827363794273e-01,0.000000000000000000e+00,8.347996089931574160e-01,8.540000000000000000e+02
3.419000000000000215e-06,8.345932442706636145e-01,1.000000000000000000e+00,8.347996089931574160e-01,8.540000000000000000e+02
3.420000000000000290e-06,8.348372058049476907e-01,1.000000000000000000e+00,8.347996089931574160e-01,8.540000000000000000e+02
3.421000000000000365e-06,8.350811673392318779e-01,1.000000000000000000e+00,8.347996089931574160e-01,8.540000000000000000e+02
3.422000000000000017e-06,8.353251288735159541e-01,0.000000000000000000e+00,8.357771260997067797e-01,8.550000000000000000e+02
3.423000000000000092e-06,8.355690904078000303e-01,0.000000000000000000e+00,8.357771260997067797e-01,8.550000000000000000e+02
3.424000000000000167e-06,8.358130519420842175e-01,0.000000000000000000e+00,8.357771260997067797e-01,8.550000000000000000e+02
3.425000000000000242e-06,8.360570134763682937e-01,1.000000000000000000e+00,8.357771260997067797e-01,8.550000000000000000e+02
3.426000000000000317e-06,8.363009750106523699e-01,1.000000000000000000e+00,8.367546432062561435e-01,8.560000000000000000e+02
3.427000000000000392e-06,8.365449365449365571e-01,1.000000000000000000e+00,8.367546432062561435e-01,8.560000000000000000e+02
3.428000000000000044e-06,8.367888980792206333e-01,0.000000000000000000e+00,8.367546432062561435e-01,8.560000000000000000e+02
3.429000000000000119e-06,8.370328596135047095e-01,0.000000000000000000e+00,8.367546432062561435e-01,8.560000000000000000e+02
3.430000000000000194e-06,8.372768211477888967e-01,0.000000000000000000e+00,8.377321603128055072e-01,8.570000000000000000e+02
3.431000000000000269e-06,8.375207826820729728e-01,1.000000000000000000e+00,8.377321603128055072e-01,8.570000000000000000e+02
3.432000000000000344e-06,8.377647442163570490e-01,1.000000000000000000e+00,8.377321603128055072e-01,8.570000000000000000e+02
3.433000000000000420e-06,8.380087057506412362e-01,1.000000000000000000e+00,8.377321603128055072e-01,8.570000000000000000e+02
3.434000000000000071e-06,8.382526672849253124e-01,0.000000000000000000e+00,8.387096774193548709e-01,8.580000000000000000e+02
3.435000000000000146e-06,8.384966288192093886e-01,0.000000000000000000e+00,8.387096774193548709e-01,8.580000000000000000e+02
3.436000000000000221e-06,8.387405903534935758e-01,1.000000000000000000e+00,8.387096774193548709e-01,8.580000000000000000e+02
3.437000000000000297e-06,8.389845518877776520e-01,1.000000000000000000e+00,8.387096774193548709e-01,8.580000000000000000e+02
3.438000000000000372e-06,8.392285134220617282e-01,1.000000000000000000e+00,8.396871945259042347e-01,8.590000000000000000e+02
3.439000000000000023e-06,8.394724749563459154e-01,0.000000000000000000e+00,8.396871945259042347e-01,8.590000000000000000e+02
3.440000000000000098e-06,8.397164364906299916e-01,0.000000000000000000e+00,8.396871945259042347e-01,8.590000000000000000e+02
3.441000000000000174e-06,8.399603980249140678e-01,0.000000000000000000e+00,8.396871945259042347e-01,8.590000000000000000e+02
3.442000000000000249e-06,8.402043595591982550e-01,1.000000000000000000e+00,8.406647116324535984e-01,8.600000000000000000e+02
3.443000000000000324e-06,8.404483210934823312e-01,1.000000000000000000e+00,8.406647116324535984e-01,8.600000000000000000e+02
3.444000000000000399e-06,8.406922826277665184e-01,1.000000000000000000e+00,8.406647116324535984e-01,8.600000000000000000e+02
3.445000000000000051e-06,8.409362441620505946e-01,0.000000000000000000e+00,8.406647116324535984e-01,8.600000000000000000e+02
3.446000000000000126e-06,8.411802056963346708e-01,0.000000000000000000e+00,8.416422287390029622e-01,8.610000000000000000e+02
3.447000000000000201e-06,8.414241672306188580e-01,0.000000000000000000e+00,8.416422287390029622e-01,8.610000000000000000e+02
3.448000000000000276e-06,8.416681287649029342e-01,1.000000000000000000e+00,8.416422287390029622e-01,8.610000000000000000e+02
3.449000000000000351e-06,8.419120902991870103e-01,1.000000000000000000e+00,8.416422287390029622e-01,8.610000000000000000e+02
3.450000000000000426e-06,8.421560518334711976e-01,1.000000000000000000e+00,8.426197458455523259e-01,8.620000000000000000e+02
3.451000000000000078e-06,8.424000133677552737e-01,0.000000000000000000e+00,8.426197458455523259e-01,8.620000000000000000e+02
3.452000000000000153e-06,8.426439749020393499e-01,0.000000000000000000e+00,8.426197458455523259e-01,8.620000000000000000e+02
3.453000000000000228e-06,8.428879364363235371e-01,1.000000000000000000e+00,8.426197458455523259e-01,8.620000000000000000e+02
3.454000000000000303e-06,8.431318979706076133e-01,1.000000000000000000e+00,8.435972629521016897e-01,8.630000000000000000e+02
3.455000000000000378e-06,8.433758595048916895e-01,1.000000000000000000e+00,8.435972629521016897e-01,8.630000000000000000e+02
3.456000000000000030e-06,8.436198210391758767e-01,0.000000000000000000e+00,8.435972629521016897e-01,8.630000000000000000e+02
3.457000000000000105e-06,8.438637825734599529e-01,0.000000000000000000e+00,8.435972629521016897e-01,8.630000000000000000e+02
3.458000000000000180e-06,8.441077441077440291e-01,0.000000000000000000e+00,8.445747800586510534e-01,8.640000000000000000e+02
3.459000000000000255e-06,8.443517056420282163e-01,1.000000000000000000e+00,8.445747800586510534e-01,8.640000000000000000e+02
3.460000000000000330e-06,8.445956671763122925e-01,1.000000000000000000e+00,8.445747800586510534e-01,8.640000000000000000e+02
3.461000000000000406e-06,8.448396287105963687e-01,1.000000000000000000e+00,8.445747800586510534e-01,8.640000000000000000e+02
3.462000000000000057e-06,8.450835902448805559e-01,0.000000000000000000e+00,8.455522971652004172e-01,8.650000000000000000e+02
3.463000000000000132e-06,8.453275517791646321e-01,0.000000000000000000e+00,8.455522971652004172e-01,8.650000000000000000e+02
3.464000000000000207e-06,8.455715133134488193e-01,0.000000000000000000e+00,8.455522971652004172e-01,8.650000000000000000e+02
3.465000000000000283e-06,8.458154748477328955e-01,1.000000000000000000e+00,8.455522971652004172e-01,8.650000000000000000e+02
3.466000000000000358e-06,8.460594363820169717e-01,1.000000000000000000e+00,8.465298142717497809e-01,8.660000000000000000e+02
3.467000000000000009e-06,8.463033979163011589e-01,0.000000000000000000e+00,8.465298142717497809e-01,8.660000000000000000e+02
3.468000000000000084e-06,8.465473594505852351e-01,0.000000000000000000e+00,8.465298142717497809e-01,8.660000000000000000e+02
3.469000000000000160e-06,8.467913209848693112e-01,0.000000000000000000e+00,8.465298142717497809e-01,8.660000000000000000e+02
3.470000000000000235e-06,8.470352825191534984e-01,1.000000000000000000e+00,8.475073313782991447e-01,8.670000000000000000e+02
3.471000000000000310e-06,8.472792440534375746e-01,1.000000000000000000e+00,8.475073313782991447e-01,8.670000000000000000e+02
3.472000000000000385e-06,8.475232055877216508e-01,1.000000000000000000e+00,8.475073313782991447e-01,8.670000000000000000e+02
3.473000000000000037e-06,8.477671671220058380e-01,0.000000000000000000e+00,8.475073313782991447e-01,8.670000000000000000e+02
3.474000000000000112e-06,8.480111286562899142e-01,0.000000000000000000e+00,8.484848484848485084e-01,8.680000000000000000e+02
3.475000000000000187e-06,8.482550901905739904e-01,0.000000000000000000e+00,8.484848484848485084e-01,8.680000000000000000e+02
3.476000000000000262e-06,8.484990517248581776e-01,1.000000000000000000e+00,8.484848484848485084e-01,8.680000000000000000e+02
3.477000000000000337e-06,8.487430132591422538e-01,1.000000000000000000e+00,8.484848484848485084e-01,8.680000000000000000e+02
3.478000000000000412e-06,8.489869747934263300e-01,1.000000000000000000e+00,8.494623655913978721e-01,8.690000000000000000e+02
3.479000000000000064e-06,8.492309363277105172e-01,0.000000000000000000e+00,8.494623655913978721e-01,8.690000000000000000e+02
3.480000000000000139e-06,8.494748978619945934e-01,0.000000000000000000e+00,8.494623655913978721e-01,8.690000000000000000e+02
3.481000000000000214e-06,8.497188593962786696e-01,0.000000000000000000e+00,8.494623655913978721e-01,8.690000000000000000e+02
3.482000000000000289e-06,8.499628209305628568e-01,1.000000000000000000e+00,8.504398826979472359e-01,8.700000000000000000e+02
3.483000000000000364e-06,8.502067824648469330e-01,1.000000000000000000e+00,8.504398826979472359e-01,8.700000000000000000e+02
3.484000000000000016e-06,8.504507439991310092e-01,0.000000000000000000e+00,8.504398826979472359e-01,8.700000000000000000e+02
3.485000000000000091e-06,8.506947055334151964e-01,0.000000000000000000e+00,8.504398826979472359e-01,8.700000000000000000e+02
3.486000000000000166e-06,8.509386670676992726e-01,0.000000000000000000e+00,8.514173998044965996e-01,8.710000000000000000e+02
3.487000000000000241e-06,8.511826286019834598e-01,1.000000000000000000e+00,8.514173998044965996e-01,8.710000000000000000e+02
3.488000000000000316e-06,8.514265901362675359e-01,1.000000000000000000e+00,8.514173998044965996e-01,8.710000000000000000e+02
3.489000000000000392e-06,8.516705516705516121e-01,1.000000000000000000e+00,8.514173998044965996e-01,8.710000000000000000e+02
3.490000000000000043e-06,8.519145132048357993e-01,0.000000000000000000e+00,8.523949169110459634e-01,8.720000000000000000e+02
3.491000000000000118e-06,8.521584747391198755e-01,0.000000000000000000e+00,8.523949169110459634e-01,8.720000000000000000e+02
3.492000000000000193e-06,8.524024362734039517e-01,0.000000000000000000e+00,8.523949169110459634e-01,8.720000000000000000e+02
3.493000000000000269e-06,8.526463978076881389e-01,1.000000000000000000e+00,8.523949169110459634e-01,8.720000000000000000e+02
3.494000000000000344e-06,8.528903593419722151e-01,1.000000000000000000e+00,8.533724340175953271e-01,8.730000000000000000e+02
3.495000000000000419e-06,8.531343208762562913e-01,1.000000000000000000e+00,8.533724340175953271e-01,8.730000000000000000e+02
3.496000000000000070e-06,8.533782824105404785e-01,0.000000000000000000e+00,8.533724340175953271e-01,8.730000000000000000e+02
3.497000000000000146e-06,8.536222439448245547e-01,0.000000000000000000e+00,8.533724340175953271e-01,8.730000000000000000e+02
3.498000000000000221e-06,8.538662054791086309e-01,1.000000000000000000e+00,8.543499511241446909e-01,8.740000000000000000e+02
3.499000000000000296e-06,8.541101670133928181e-01,1.000000000000000000e+00,8.543499511241446909e-01,8.740000000000000000e+02
3.500000000000000371e-06,8.543541285476768943e-01,1.000000000000000000e+00,8.543499511241446909e-01,8.740000000000000000e+02
3.501000000000000023e-06,8.545980900819609705e-01,0.000000000000000000e+00,8.543499511241446909e-01,8.740000000000000000e+02
3.502000000000000098e-06,8.548420516162451577e-01,0.000000000000000000e+00,8.553274682306940546e-01,8.750000000000000000e+02
3.503000000000000173e-06,8.550860131505292339e-01,0.000000000000000000e+00,8.553274682306940546e-01,8.750000000000000000e+02
3.504000000000000248e-06,8.553299746848133100e-01,1.000000000000000000e+00,8.553274682306940546e-01,8.750000000000000000e+02
3.505000000000000323e-06,8.555739362190974973e-01,1.000000000000000000e+00,8.553274682306940546e-01,8.750000000000000000e+02
3.506000000000000398e-06,8.558178977533815734e-01,1.000000000000000000e+00,8.563049853372434184e-01,8.760000000000000000e+02
3.507000000000000050e-06,8.560618592876657607e-01,0.000000000000000000e+00,8.563049853372434184e-01,8.760000000000000000e+02
3.508000000000000125e-06,8.563058208219498368e-01,0.000000000000000000e+00,8.563049853372434184e-01,8.760000000000000000e+02
3.509000000000000200e-06,8.565497823562339130e-01,0.000000000000000000e+00,8.563049853372434184e-01,8.760000000000000000e+02
3.510000000000000275e-06,8.567937438905181002e-01,1.000000000000000000e+00,8.563049853372434184e-01,8.760000000000000000e+02
3.511000000000000350e-06,8.570377054248021764e-01,1.000000000000000000e+00,8.572825024437927821e-01,8.770000000000000000e+02
3.512000000000000426e-06,8.572816669590862526e-01,1.000000000000000000e+00,8.572825024437927821e-01,8.770000000000000000e+02
3.513000000000000077e-06,8.575256284933704398e-01,0.000000000000000000e+00,8.572825024437927821e-01,8.770000000000000000e+02
3.514000000000000152e-06,8.577695900276545160e-01,0.000000000000000000e+00,8.572825024437927821e-01,8.770000000000000000e+02
3.515000000000000227e-06,8.580135515619385922e-01,1.000000000000000000e+00,8.582600195503421459e-01,8.780000000000000000e+02
3.516000000000000303e-06,8.582575130962227794e-01,1.000000000000000000e+00,8.582600195503421459e-01,8.780000000000000000e+02
3.517000000000000378e-06,8.585014746305068556e-01,1.000000000000000000e+00,8.582600195503421459e-01,8.780000000000000000e+02
3.518000000000000029e-06,8.587454361647909318e-01,0.000000000000000000e+00,8.582600195503421459e-01,8.780000000000000000e+02
3.519000000000000104e-06,8.589893976990751190e-01,0.000000000000000000e+00,8.592375366568915096e-01,8.790000000000000000e+02
3.520000000000000180e-06,8.592333592333591952e-01,0.000000000000000000e+00,8.592375366568915096e-01,8.790000000000000000e+02
3.521000000000000255e-06,8.594773207676432714e-01,1.000000000000000000e+00,8.592375366568915096e-01,8.790000000000000000e+02
3.522000000000000330e-06,8.597212823019274586e-01,1.000000000000000000e+00,8.592375366568915096e-01,8.790000000000000000e+02
3.523000000000000405e-06,8.599652438362115348e-01,1.000000000000000000e+00,8.602150537634408733e-01,8.800000000000000000e+02
3.524000000000000057e-06,8.602092053704956109e-01,0.000000000000000000e+00,8.602150537634408733e-01,8.800000000000000000e+02
3.525000000000000132e-06,8.604531669047797982e-01,0.000000000000000000e+00,8.602150537634408733e-01,8.800000000000000000e+02
3.526000000000000207e-06,8.606971284390638743e-01,0.000000000000000000e+00,8.602150537634408733e-01,8.800000000000000000e+02
3.527000000000000282e-06,8.609410899733479505e-01,1.000000000000000000e+00,8.611925708699902371e-01,8.810000000000000000e+02
3.528000000000000357e-06,8.611850515076321377e-01,1.000000000000000000e+00,8.611925708699902371e-01,8.810000000000000000e+02
3.529000000000000009e-06,8.614290130419162139e-01,0.000000000000000000e+00,8.611925708699902371e-01,8.810000000000000000e+02
3.530000000000000084e-06,8.616729745762004011e-01,0.000000000000000000e+00,8.611925708699902371e-01,8.810000000000000000e+02
3.531000000000000159e-06,8.619169361104844773e-01,0.000000000000000000e+00,8.621700879765396008e-01,8.820000000000000000e+02
3.532000000000000234e-06,8.621608976447685535e-01,1.000000000000000000e+00,8.621700879765396008e-01,8.820000000000000000e+02
3.533000000000000309e-06,8.624048591790527407e-01,1.000000000000000000e+00,8.621700879765396008e-01,8.820000000000000000e+02
3.534000000000000384e-06,8.626488207133368169e-01,1.000000000000000000e+00,8.621700879765396008e-01,8.820000000000000000e+02
3.535000000000000036e-06,8.628927822476208931e-01,0.000000000000000000e+00,8.631476050830889646e-01,8.830000000000000000e+02
3.536000000000000111e-06,8.631367437819050803e-01,0.000000000000000000e+00,8.631476050830889646e-01,8.830000000000000000e+02
3.537000000000000186e-06,8.633807053161891565e-01,0.000000000000000000e+00,8.631476050830889646e-01,8.830000000000000000e+02
3.538000000000000261e-06,8.636246668504732327e-01,1.000000000000000000e+00,8.631476050830889646e-01,8.830000000000000000e+02
3.539000000000000336e-06,8.638686283847574199e-01,1.000000000000000000e+00,8.641251221896383283e-01,8.840000000000000000e+02
3.540000000000000412e-06,8.641125899190414961e-01,1.000000000000000000e+00,8.641251221896383283e-01,8.840000000000000000e+02
3.541000000000000063e-06,8.643565514533255723e-01,0.000000000000000000e+00,8.641251221896383283e-01,8.840000000000000000e+02
3.542000000000000138e-06,8.646005129876097595e-01,0.000000000000000000e+00,8.641251221896383283e-01,8.840000000000000000e+02
3.543000000000000213e-06,8.648444745218938357e-01,0.000000000000000000e+00,8.651026392961876921e-01,8.850000000000000000e+02
3.544000000000000289e-06,8.650884360561779118e-01,1.000000000000000000e+00,8.651026392961876921e-01,8.850000000000000000e+02
3.545000000000000364e-06,8.653323975904620990e-01,1.000000000000000000e+00,8.651026392961876921e-01,8.850000000000000000e+02
3.546000000000000015e-06,8.655763591247461752e-01,0.000000000000000000e+00,8.651026392961876921e-01,8.850000000000000000e+02
3.547000000000000090e-06,8.658203206590302514e-01,0.000000000000000000e+00,8.660801564027370558e-01,8.860000000000000000e+02
3.548000000000000166e-06,8.660642821933144386e-01,0.000000000000000000e+00,8.660801564027370558e-01,8.860000000000000000e+02
3.549000000000000241e-06,8.663082437275985148e-01,1.000000000000000000e+00,8.660801564027370558e-01,8.860000000000000000e+02
3.550000000000000316e-06,8.665522052618827020e-01,1.000000000000000000e+00,8.660801564027370558e-01,8.860000000000000000e+02
3.551000000000000391e-06,8.667961667961667782e-01,1.000000000000000000e+00,8.670576735092864196e-01,8.870000000000000000e+02
3.552000000000000043e-06,8.670401283304508544e-01,0.000000000000000000e+00,8.670576735092864196e-01,8.870000000000000000e+02
3.553000000000000118e-06,8.672840898647350416e-01,0.000000000000000000e+00,8.670576735092864196e-01,8.870000000000000000e+02
3.554000000000000193e-06,8.675280513990191178e-01,0.000000000000000000e+00,8.670576735092864196e-01,8.870000000000000000e+02
3.555000000000000268e-06,8.677720129333031940e-01,1.000000000000000000e+00,8.680351906158357833e-01,8.880000000000000000e+02
3.556000000000000343e-06,8.680159744675873812e-01,1.000000000000000000e+00,8.680351906158357833e-01,8.880000000000000000e+02
3.557000000000000418e-06,8.682599360018714574e-01,1.000000000000000000e+00,8.680351906158357833e-01,8.880000000000000000e+02
3.558000000000000070e-06,8.685038975361555336e-01,0.000000000000000000e+00,8.680351906158357833e-01,8.880000000000000000e+02
3.559000000000000145e-06,8.687478590704397208e-01,0.000000000000000000e+00,8.690127077223851471e-01,8.890000000000000000e+02
3.560000000000000220e-06,8.689918206047237970e-01,0.000000000000000000e+00,8.690127077223851471e-01,8.890000000000000000e+02
3.561000000000000295e-06,8.692357821390078731e-01,1.000000000000000000e+00,8.690127077223851471e-01,8.890000000000000000e+02
3.562000000000000370e-06,8.694797436732920604e-01,1.000000000000000000e+00,8.690127077223851471e-01,8.890000000000000000e+02
3.563000000000000022e-06,8.697237052075761365e-01,0.000000000000000000e+00,8.699902248289345108e-01,8.900000000000000000e+02
3.564000000000000097e-06,8.699676667418602127e-01,0.000000000000000000e+00,8.699902248289345108e-01,8.900000000000000000e+02
3.565000000000000172e-06,8.702116282761443999e-01,0.000000000000000000e+00,8.699902248289345108e-01,8.900000000000000000e+02
3.566000000000000247e-06,8.704555898104284761e-01,1.000000000000000000e+00,8.699902248289345108e-01,8.900000000000000000e+02
3.567000000000000322e-06,8.706995513447125523e-01,1.000000000000000000e+00,8.709677419354838745e-01,8.910000000000000000e+02
3.568000000000000398e-06,8.709435128789967395e-01,1.000000000000000000e+00,8.709677419354838745e-01,8.910000000000000000e+02
3.569000000000000049e-06,8.711874744132808157e-01,0.000000000000000000e+00,8.709677419354838745e-01,8.910000000000000000e+02
3.570000000000000124e-06,8.714314359475648919e-01,0.000000000000000000e+00,8.709677419354838745e-01,8.910000000000000000e+02
3.571000000000000199e-06,8.716753974818490791e-01,0.000000000000000000e+00,8.719452590420332383e-01,8.920000000000000000e+02
3.572000000000000275e-06,8.719193590161331553e-01,1.000000000000000000e+00,8.719452590420332383e-01,8.920000000000000000e+02
3.573000000000000350e-06,8.721633205504173425e-01,1.000000000000000000e+00,8.719452590420332383e-01,8.920000000000000000e+02
3.574000000000000425e-06,8.724072820847014187e-01,1.000000000000000000e+00,8.719452590420332383e-01,8.920000000000000000e+02
3.575000000000000076e-06,8.726512436189854949e-01,0.000000000000000000e+00,8.729227761485826020e-01,8.930000000000000000e+02
3.576000000000000152e-06,8.728952051532696821e-01,0.000000000000000000e+00,8.729227761485826020e-01,8.930000000000000000e+02
3.577000000000000227e-06,8.731391666875537583e-01,1.000000000000000000e+00,8.729227761485826020e-01,8.930000000000000000e+02
3.578000000000000302e-06,8.733831282218378345e-01,1.000000000000000000e+00,8.729227761485826020e-01,8.930000000000000000e+02
3.579000000000000377e-06,8.736270897561220217e-01,1.000000000000000000e+00,8.739002932551319658e-01,8.940000000000000000e+02
3.580000000000000029e-06,8.738710512904060979e-01,0.000000000000000000e+00,8.739002932551319658e-01,8.940000000000000000e+02
3.581000000000000104e-06,8.741150128246901740e-01,0.000000000000000000e+00,8.739002932551319658e-01,8.940000000000000000e+02
3.582000000000000179e-06,8.743589743589743613e-01,0.000000000000000000e+00,8.739002932551319658e-01,8.940000000000000000e+02
3.583000000000000254e-06,8.746029358932584374e-01,1.000000000000000000e+00,8.748778103616813295e-01,8.950000000000000000e+02
3.584000000000000329e-06,8.748468974275425136e-01,1.000000000000000000e+00,8.748778103616813295e-01,8.950000000000000000e+02
3.585000000000000404e-06,8.750908589618267008e-01,1.000000000000000000e+00,8.748778103616813295e-01,8.950000000000000000e+02
3.586000000000000056e-06,8.753348204961107770e-01,0.000000000000000000e+00,8.748778103616813295e-01,8.950000000000000000e+02
3.587000000000000131e-06,8.755787820303948532e-01,0.000000000000000000e+00,8.758553274682306933e-01,8.960000000000000000e+02
3.588000000000000206e-06,8.758227435646790404e-01,0.000000000000000000e+00,8.758553274682306933e-01,8.960000000000000000e+02
3.589000000000000281e-06,8.760667050989631166e-01,1.000000000000000000e+00,8.758553274682306933e-01,8.960000000000000000e+02
3.590000000000000356e-06,8.763106666332471928e-01,1.000000000000000000e+00,8.758553274682306933e-01,8.960000000000000000e+02
3.591000000000000431e-06,8.765546281675313800e-01,1.000000000000000000e+00,8.768328445747800570e-01,8.970000000000000000e+02
3.592000000000000083e-06,8.767985897018154562e-01,0.000000000000000000e+00,8.768328445747800570e-01,8.970000000000000000e+02
3.593000000000000158e-06,8.770425512360996434e-01,0.000000000000000000e+00,8.768328445747800570e-01,8.970000000000000000e+02
3.594000000000000233e-06,8.772865127703837196e-01,1.000000000000000000e+00,8.768328445747800570e-01,8.970000000000000000e+02
3.595000000000000308e-06,8.775304743046677958e-01,1.000000000000000000e+00,8.778103616813294208e-01,8.980000000000000000e+02
3.596000000000000384e-06,8.777744358389519830e-01,1.000000000000000000e+00,8.778103616813294208e-01,8.980000000000000000e+02
3.597000000000000035e-06,8.780183973732360592e-01,0.000000000000000000e+00,8.778103616813294208e-01,8.980000000000000000e+02
3.598000000000000110e-06,8.782623589075201354e-01,0.000000000000000000e+00,8.778103616813294208e-01,8.980000000000000000e+02
3.599000000000000185e-06,8.785063204418043226e-01,0.000000000000000000e+00,8.787878787878787845e-01,8.990000000000000000e+02
3.600000000000000261e-06,8.787502819760883987e-01,1.000000000000000000e+00,8.787878787878787845e-01,8.990000000000000000e+02
3.601000000000000336e-06,8.789942435103724749e-01,1.000000000000000000e+00,8.787878787878787845e-01,8.990000000000000000e+02
3.602000000000000411e-06,8.792382050446566621e-01,1.000000000000000000e+00,8.787878787878787845e-01,8.990000000000000000e+02
3.603000000000000062e-06,8.794821665789407383e-01,0.000000000000000000e+00,8.797653958944281483e-01,9.000000000000000000e+02
3.604000000000000138e-06,8.797261281132248145e-01,0.000000000000000000e+00,8.797653958944281483e-01,9.000000000000000000e+02
3.605000000000000213e-06,8.799700896475090017e-01,0.000000000000000000e+00,8.797653958944281483e-01,9.000000000000000000e+02
3.606000000000000288e-06,8.802140511817930779e-01,1.000000000000000000e+00,8.797653958944281483e-01,9.000000000000000000e+02
3.607000000000000363e-06,8.804580127160771541e-01,1.000000000000000000e+00,8.807429130009775120e-01,9.010000000000000000e+02
3.608000000000000015e-06,8.807019742503613413e-01,0.000000000000000000e+00,8.807429130009775120e-01,9.010000000000000000e+02
3.609000000000000090e-06,8.809459357846454175e-01,0.000000000000000000e+00,8.807429130009775120e-01,9.010000000000000000e+02
3.610000000000000165e-06,8.811898973189294937e-01,0.000000000000000000e+00,8.807429130009775120e-01,9.010000000000000000e+02
3.611000000000000240e-06,8.814338588532136809e-01,1.000000000000000000e+00,8.817204301075268758e-01,9.020000000000000000e+02
3.612000000000000315e-06,8.816778203874977571e-01,1.000000000000000000e+00,8.817204301075268758e-01,9.020000000000000000e+02
3.613000000000000390e-06,8.819217819217818333e-01,1.000000000000000000e+00,8.817204301075268758e-01,9.020000000000000000e+02
3.614000000000000042e-06,8.821657434560660205e-01,0.000000000000000000e+00,8.817204301075268758e-01,9.020000000000000000e+02
3.615000000000000117e-06,8.824097049903500967e-01,0.000000000000000000e+00,8.826979472140762395e-01,9.030000000000000000e+02
3.616000000000000192e-06,8.826536665246342839e-01,0.000000000000000000e+00,8.826979472140762395e-01,9.030000000000000000e+02
3.617000000000000267e-06,8.828976280589183601e-01,1.000000000000000000e+00,8.826979472140762395e-01,9.030000000000000000e+02
3.618000000000000342e-06,8.831415895932024362e-01,1.000000000000000000e+00,8.826979472140762395e-01,9.030000000000000000e+02
3.619000000000000418e-06,8.833855511274866235e-01,1.000000000000000000e+00,8.836754643206256032e-01,9.040000000000000000e+02
3.620000000000000069e-06,8.836295126617706996e-01,0.000000000000000000e+00,8.836754643206256032e-01,9.040000000000000000e+02
3.621000000000000144e-06,8.838734741960547758e-01,0.000000000000000000e+00,8.836754643206256032e-01,9.040000000000000000e+02
3.622000000000000219e-06,8.841174357303389630e-01,0.000000000000000000e+00,8.836754643206256032e-01,9.040000000000000000e+02
3.623000000000000295e-06,8.843613972646230392e-01,1.000000000000000000e+00,8.846529814271749670e-01,9.050000000000000000e+02
3.624000000000000370e-06,8.846053587989071154e-01,1.000000000000000000e+00,8.846529814271749670e-01,9.050000000000000000e+02
3.625000000000000021e-06,8.848493203331913026e-01,0.000000000000000000e+00,8.846529814271749670e-01,9.050000000000000000e+02
3.626000000000000096e-06,8.850932818674753788e-01,0.000000000000000000e+00,8.846529814271749670e-01,9.050000000000000000e+02
3.627000000000000172e-06,8.853372434017594550e-01,0.000000000000000000e+00,8.856304985337243307e-01,9.060000000000000000e+02
3.628000000000000247e-06,8.855812049360436422e-01,1.000000000000000000e+00,8.856304985337243307e-01,9.060000000000000000e+02
3.629000000000000322e-06,8.858251664703277184e-01,1.000000000000000000e+00,8.856304985337243307e-01,9.060000000000000000e+02
3.630000000000000397e-06,8.860691280046117946e-01,1.000000000000000000e+00,8.856304985337243307e-01,9.060000000000000000e+02
3.631000000000000049e-06,8.863130895388959818e-01,0.000000000000000000e+00,8.866080156402736945e-01,9.070000000000000000e+02
3.632000000000000124e-06,8.865570510731800580e-01,0.000000000000000000e+00,8.866080156402736945e-01,9.070000000000000000e+02
3.633000000000000199e-06,8.868010126074641342e-01,0.000000000000000000e+00,8.866080156402736945e-01,9.070000000000000000e+02
3.634000000000000274e-06,8.870449741417483214e-01,1.000000000000000000e+00,8.866080156402736945e-01,9.070000000000000000e+02
3.635000000000000349e-06,8.872889356760323976e-01,1.000000000000000000e+00,8.875855327468230582e-01,9.080000000000000000e+02
3.636000000000000424e-06,8.875328972103165848e-01,1.000000000000000000e+00,8.875855327468230582e-01,9.080000000000000000e+02
3.637000000000000076e-06,8.877768587446006610e-01,0.000000000000000000e+00,8.875855327468230582e-01,9.080000000000000000e+02
3.638000000000000151e-06,8.880208202788847371e-01,0.000000000000000000e+00,8.875855327468230582e-01,9.080000000000000000e+02
3.639000000000000226e-06,8.882647818131689244e-01,0.000000000000000000e+00,8.885630498533724220e-01,9.090000000000000000e+02
3.640000000000000301e-06,8.885087433474530005e-01,1.000000000000000000e+00,8.885630498533724220e-01,9.090000000000000000e+02
3.641000000000000376e-06,8.887527048817370767e-01,1.000000000000000000e+00,8.885630498533724220e-01,9.090000000000000000e+02
3.642000000000000028e-06,8.889966664160212639e-01,0.000000000000000000e+00,8.885630498533724220e-01,9.090000000000000000e+02
3.643000000000000103e-06,8.892406279503053401e-01,0.000000000000000000e+00,8.895405669599217857e-01,9.100000000000000000e+02
3.644000000000000178e-06,8.894845894845894163e-01,0.000000000000000000e+00,8.895405669599217857e-01,9.100000000000000000e+02
3.645000000000000253e-06,8.897285510188736035e-01,1.000000000000000000e+00,8.895405669599217857e-01,9.100000000000000000e+02
3.646000000000000328e-06,8.899725125531576797e-01,1.000000000000000000e+00,8.895405669599217857e-01,9.100000000000000000e+02
3.647000000000000404e-06,8.902164740874417559e-01,1.000000000000000000e+00,8.905180840664711495e-01,9.110000000000000000e+02
3.648000000000000055e-06,8.904604356217259431e-01,0.000000000000000000e+00,8.905180840664711495e-01,9.110000000000000000e+02
3.649000000000000130e-06,8.907043971560100193e-01,0.000000000000000000e+00,8.905180840664711495e-01,9.110000000000000000e+02
3.650000000000000205e-06,8.909483586902940955e-01,0.000000000000000000e+00,8.905180840664711495e-01,9.110000000000000000e+02
3.651000000000000281e-06,8.911923202245782827e-01,1.000000000000000000e+00,8.914956011730205132e-01,9.120000000000000000e+02
3.652000000000000356e-06,8.914362817588623589e-01,1.000000000000000000e+00,8.914956011730205132e-01,9.120000000000000000e+02
3.653000000000000431e-06,8.916802432931464351e-01,1.000000000000000000e+00,8.914956011730205132e-01,9.120000000000000000e+02
3.654000000000000082e-06,8.919242048274306223e-01,0.000000000000000000e+00,8.914956011730205132e-01,9.120000000000000000e+02
3.655000000000000158e-06,8.921681663617146985e-01,0.000000000000000000e+00,8.924731182795698770e-01,9.130000000000000000e+02
3.656000000000000233e-06,8.924121278959987746e-01,1.000000000000000000e+00,8.924731182795698770e-01,9.130000000000000000e+02
3.657000000000000308e-06,8.926560894302829618e-01,1.000000000000000000e+00,8.924731182795698770e-01,9.130000000000000000e+02
3.658000000000000383e-06,8.929000509645670380e-01,1.000000000000000000e+00,8.924731182795698770e-01,9.130000000000000000e+02
3.659000000000000035e-06,8.931440124988512252e-01,0.000000000000000000e+00,8.934506353861192407e-01,9.140000000000000000e+02
3.660000000000000110e-06,8.933879740331353014e-01,0.000000000000000000e+00,8.934506353861192407e-01,9.140000000000000000e+02
3.661000000000000185e-06,8.936319355674193776e-01,0.000000000000000000e+00,8.934506353861192407e-01,9.140000000000000000e+02
3.662000000000000260e-06,8.938758971017035648e-01,1.000000000000000000e+00,8.934506353861192407e-01,9.140000000000000000e+02
3.663000000000000335e-06,8.941198586359876410e-01,1.000000000000000000e+00,8.944281524926686044e-01,9.150000000000000000e+02
3.664000000000000410e-06,8.943638201702717172e-01,1.000000000000000000e+00,8.944281524926686044e-01,9.150000000000000000e+02
3.665000000000000062e-06,8.946077817045559044e-01,0.000000000000000000e+00,8.944281524926686044e-01,9.150000000000000000e+02
3.666000000000000137e-06,8.948517432388399806e-01,0.000000000000000000e+00,8.944281524926686044e-01,9.150000000000000000e+02
3.667000000000000212e-06,8.950957047731240568e-01,0.000000000000000000e+00,8.954056695992179682e-01,9.160000000000000000e+02
3.668000000000000287e-06,8.953396663074082440e-01,1.000000000000000000e+00,8.954056695992179682e-01,9.160000000000000000e+02
3.669000000000000362e-06,8.955836278416923202e-01,1.000000000000000000e+00,8.954056695992179682e-01,9.160000000000000000e+02
3.670000000000000437e-06,8.958275893759763964e-01,1.000000000000000000e+00,8.954056695992179682e-01,9.160000000000000000e+02
3.671000000000000089e-06,8.960715509102605836e-01,0.000000000000000000e+00,8.963831867057673319e-01,9.170000000000000000e+02
3.672000000000000164e-06,8.963155124445446598e-01,0.000000000000000000e+00,8.963831867057673319e-01,9.170000000000000000e+02
3.673000000000000239e-06,8.965594739788287360e-01,1.000000000000000000e+00,8.963831867057673319e-01,9.170000000000000000e+02
3.674000000000000314e-06,8.968034355131129232e-01,1.000000000000000000e+00,8.963831867057673319e-01,9.170000000000000000e+02
3.675000000000000390e-06,8.970473970473969993e-01,1.000000000000000000e+00,8.973607038123166957e-01,9.180000000000000000e+02
3.676000000000000041e-06,8.972913585816810755e-01,0.000000000000000000e+00,8.973607038123166957e-01,9.180000000000000000e+02
3.677000000000000116e-06,8.975353201159652627e-01,0.000000000000000000e+00,8.973607038123166957e-01,9.180000000000000000e+02
3.678000000000000191e-06,8.977792816502493389e-01,0.000000000000000000e+00,8.973607038123166957e-01,9.180000000000000000e+02
3.679000000000000267e-06,8.980232431845335261e-01,1.000000000000000000e+00,8.983382209188660594e-01,9.190000000000000000e+02
3.680000000000000342e-06,8.982672047188176023e-01,1.000000000000000000e+00,8.983382209188660594e-01,9.190000000000000000e+02
3.681000000000000417e-06,8.985111662531016785e-01,1.000000000000000000e+00,8.983382209188660594e-01,9.190000000000000000e+02
3.682000000000000068e-06,8.987551277873858657e-01,0.000000000000000000e+00,8.983382209188660594e-01,9.190000000000000000e+02
3.683000000000000144e-06,8.989990893216699419e-01,0.000000000000000000e+00,8.993157380254154232e-01,9.200000000000000000e+02
3.684000000000000219e-06,8.992430508559540181e-01,0.000000000000000000e+00,8.993157380254154232e-01,9.200000000000000000e+02
3.685000000000000294e-06,8.994870123902382053e-01,1.000000000000000000e+00,8.993157380254154232e-01,9.200000000000000000e+02
3.686000000000000369e-06,8.997309739245222815e-01,1.000000000000000000e+00,8.993157380254154232e-01,9.200000000000000000e+02
3.687000000000000021e-06,8.999749354588063577e-01,0.000000000000000000e+00,9.002932551319647869e-01,9.210000000000000000e+02
3.688000000000000096e-06,9.002188969930905449e-01,0.000000000000000000e+00,9.002932551319647869e-01,9.210000000000000000e+02
3.689000000000000171e-06,9.004628585273746211e-01,0.000000000000000000e+00,9.002932551319647869e-01,9.210000000000000000e+02
3.690000000000000246e-06,9.007068200616586973e-01,1.000000000000000000e+00,9.002932551319647869e-01,9.210000000000000000e+02
3.691000000000000321e-06,9.009507815959428845e-01,1.000000000000000000e+00,9.012707722385141507e-01,9.220000000000000000e+02
3.692000000000000396e-06,9.011947431302269607e-01,1.000000000000000000e+00,9.012707722385141507e-01,9.220000000000000000e+02
3.693000000000000048e-06,9.014387046645110368e-01,0.000000000000000000e+00,9.012707722385141507e-01,9.220000000000000000e+02
3.694000000000000123e-06,9.016826661987952241e-01,0.000000000000000000e+00,9.012707722385141507e-01,9.220000000000000000e+02
3.695000000000000198e-06,9.019266277330793002e-01,0.000000000000000000e+00,9.022482893450635144e-01,9.230000000000000000e+02
3.696000000000000273e-06,9.021705892673633764e-01,1.000000000000000000e+00,9.022482893450635144e-01,9.230000000000000000e+02
3.697000000000000348e-06,9.024145508016475636e-01,1.000000000000000000e+00,9.022482893450635144e-01,9.230000000000000000e+02
3.698000000000000423e-06,9.026585123359316398e-01,1.000000000000000000e+00,9.022482893450635144e-01,9.230000000000000000e+02
3.699000000000000075e-06,9.029024738702157160e-01,0.000000000000000000e+00,9.032258064516128782e-01,9.240000000000000000e+02
3.700000000000000150e-06,9.031464354044999032e-01,0.000000000000000000e+00,9.032258064516128782e-01,9.240000000000000000e+02
3.701000000000000225e-06,9.033903969387839794e-01,0.000000000000000000e+00,9.032258064516128782e-01,9.240000000000000000e+02
3.702000000000000300e-06,9.036343584730681666e-01,1.000000000000000000e+00,9.032258064516128782e-01,9.240000000000000000e+02
3.703000000000000376e-06,9.038783200073522428e-01,1.000000000000000000e+00,9.042033235581622419e-01,9.250000000000000000e+02
3.704000000000000027e-06,9.041222815416363190e-01,0.000000000000000000e+00,9.042033235581622419e-01,9.250000000000000000e+02
3.705000000000000102e-06,9.043662430759205062e-01,0.000000000000000000e+00,9.042033235581622419e-01,9.250000000000000000e+02
3.706000000000000177e-06,9.046102046102045824e-01,0.000000000000000000e+00,9.042033235581622419e-01,9.250000000000000000e+02
3.707000000000000253e-06,9.048541661444886586e-01,1.000000000000000000e+00,9.051808406647116056e-01,9.260000000000000000e+02
3.708000000000000328e-06,9.050981276787728458e-01,1.000000000000000000e+00,9.051808406647116056e-01,9.260000000000000000e+02
3.709000000000000403e-06,9.053420892130569220e-01,1.000000000000000000e+00,9.051808406647116056e-01,9.260000000000000000e+02
3.710000000000000054e-06,9.055860507473409982e-01,0.000000000000000000e+00,9.051808406647116056e-01,9.260000000000000000e+02
3.711000000000000130e-06,9.058300122816251854e-01,0.000000000000000000e+00,9.061583577712609694e-01,9.270000000000000000e+02
3.712000000000000205e-06,9.060739738159092616e-01,0.000000000000000000e+00,9.061583577712609694e-01,9.270000000000000000e+02
3.713000000000000280e-06,9.063179353501933377e-01,1.000000000000000000e+00,9.061583577712609694e-01,9.270000000000000000e+02
3.714000000000000355e-06,9.065618968844775249e-01,1.000000000000000000e+00,9.061583577712609694e-01,9.270000000000000000e+02
3.715000000000000430e-06,9.068058584187616011e-01,1.000000000000000000e+00,9.071358748778103331e-01,9.280000000000000000e+02
3.716000000000000082e-06,9.070498199530456773e-01,0.000000000000000000e+00,9.071358748778103331e-01,9.280000000000000000e+02
3.717000000000000157e-06,9.072937814873298645e-01,0.000000000000000000e+00,9.071358748778103331e-01,9.280000000000000000e+02
3.718000000000000232e-06,9.075377430216139407e-01,1.000000000000000000e+00,9.071358748778103331e-01,9.280000000000000000e+02
3.719000000000000307e-06,9.077817045558980169e-01,1.000000000000000000e+00,9.081133919843596969e-01,9.290000000000000000e+02
3.720000000000000382e-06,9.080256660901822041e-01,1.000000000000000000e+00,9.081133919843596969e-01,9.290000000000000000e+02
3.721000000000000034e-06,9.082696276244662803e-01,0.000000000000000000e+00,9.081133919843596969e-01,9.290000000000000000e+02
3.722000000000000109e-06,9.085135891587504675e-01,0.000000000000000000e+00,9.081133919843596969e-01,9.290000000000000000e+02
3.723000000000000184e-06,9.087575506930345437e-01,0.000000000000000000e+00,9.090909090909090606e-01,9.300000000000000000e+02
3.724000000000000259e-06,9.090015122273186199e-01,1.000000000000000000e+00,9.090909090909090606e-01,9.300000000000000000e+02
3.725000000000000334e-06,9.092454737616028071e-01,1.000000000000000000e+00,9.090909090909090606e-01,9.300000000000000000e+02
3.726000000000000409e-06,9.094894352958868833e-01,1.000000000000000000e+00,9.090909090909090606e-01,9.300000000000000000e+02
3.727000000000000061e-06,9.097333968301709595e-01,0.000000000000000000e+00,9.100684261974584244e-01,9.310000000000000000e+02
3.728000000000000136e-06,9.099773583644551467e-01,0.000000000000000000e+00,9.100684261974584244e-01,9.310000000000000000e+02
3.729000000000000211e-06,9.102213198987392229e-01,0.000000000000000000e+00,9.100684261974584244e-01,9.310000000000000000e+02
3.730000000000000286e-06,9.104652814330232991e-01,1.000000000000000000e+00,9.100684261974584244e-01,9.310000000000000000e+02
3.731000000000000362e-06,9.107092429673074863e-01,1.000000000000000000e+00,9.110459433040077881e-01,9.320000000000000000e+02
3.732000000000000437e-06,9.109532045015915624e-01,1.000000000000000000e+00,9.110459433040077881e-01,9.320000000000000000e+02
3.733000000000000088e-06,9.111971660358756386e-01,0.000000000000000000e+00,9.110459433040077881e-01,9.320000000000000000e+02
3.734000000000000163e-06,9.114411275701598258e-01,0.000000000000000000e+00,9.110459433040077881e-01,9.320000000000000000e+02
3.735000000000000239e-06,9.116850891044439020e-01,1.000000000000000000e+00,9.120234604105571519e-01,9.330000000000000000e+02
3.736000000000000314e-06,9.119290506387279782e-01,1.000000000000000000e+00,9.120234604105571519e-01,9.330000000000000000e+02
3.737000000000000389e-06,9.121730121730121654e-01,1.000000000000000000e+00,9.120234604105571519e-01,9.330000000000000000e+02
3.738000000000000040e-06,9.124169737072962416e-01,0.000000000000000000e+00,9.120234604105571519e-01,9.330000000000000000e+02
3.739000000000000116e-06,9.126609352415803178e-01,0.000000000000000000e+00,9.130009775171065156e-01,9.340000000000000000e+02
3.740000000000000191e-06,9.129048967758645050e-01,0.000000000000000000e+00,9.130009775171065156e-01,9.340000000000000000e+02
3.741000000000000266e-06,9.131488583101485812e-01,1.000000000000000000e+00,9.130009775171065156e-01,9.340000000000000000e+02
3.742000000000000341e-06,9.133928198444326574e-01,1.000000000000000000e+00,9.130009775171065156e-01,9.340000000000000000e+02
3.743000000000000416e-06,9.136367813787168446e-01,1.000000000000000000e+00,9.139784946236558794e-01,9.350000000000000000e+02
3.744000000000000068e-06,9.138807429130009208e-01,0.000000000000000000e+00,9.139784946236558794e-01,9.350000000000000000e+02
3.745000000000000143e-06,9.141247044472851080e-01,0.000000000000000000e+00,9.139784946236558794e-01,9.350000000000000000e+02
3.746000000000000218e-06,9.143686659815691842e-01,0.000000000000000000e+00,9.139784946236558794e-01,9.350000000000000000e+02
3.747000000000000293e-06,9.146126275158532604e-01,1.000000000000000000e+00,9.149560117302052431e-01,9.360000000000000000e+02
3.748000000000000368e-06,9.148565890501374476e-01,1.000000000000000000e+00,9.149560117302052431e-01,9.360000000000000000e+02
3.749000000000000443e-06,9.151005505844215238e-01,1.000000000000000000e+00,9.149560117302052431e-01,9.360000000000000000e+02
3.750000000000000095e-06,9.153445121187055999e-01,0.000000000000000000e+00,9.149560117302052431e-01,9.360000000000000000e+02
3.751000000000000170e-06,9.155884736529897872e-01,0.000000000000000000e+00,9.159335288367546068e-01,9.370000000000000000e+02
3.752000000000000245e-06,9.158324351872738633e-01,1.000000000000000000e+00,9.159335288367546068e-01,9.370000000000000000e+02
3.753000000000000320e-06,9.160763967215579395e-01,1.000000000000000000e+00,9.159335288367546068e-01,9.370000000000000000e+02
3.754000000000000396e-06,9.163203582558421267e-01,1.000000000000000000e+00,9.159335288367546068e-01,9.370000000000000000e+02
3.755000000000000047e-06,9.165643197901262029e-01,0.000000000000000000e+00,9.169110459433039706e-01,9.380000000000000000e+02
3.756000000000000122e-06,9.168082813244102791e-01,0.000000000000000000e+00,9.169110459433039706e-01,9.380000000000000000e+02
3.757000000000000197e-06,9.170522428586944663e-01,0.000000000000000000e+00,9.169110459433039706e-01,9.380000000000000000e+02
3.758000000000000273e-06,9.172962043929785425e-01,1.000000000000000000e+00,9.169110459433039706e-01,9.380000000000000000e+02
3.759000000000000348e-06,9.175401659272626187e-01,1.000000000000000000e+00,9.178885630498533343e-01,9.390000000000000000e+02
3.760000000000000423e-06,9.177841274615468059e-01,1.000000000000000000e+00,9.178885630498533343e-01,9.390000000000000000e+02
3.761000000000000074e-06,9.180280889958308821e-01,0.000000000000000000e+00,9.178885630498533343e-01,9.390000000000000000e+02
3.762000000000000150e-06,9.182720505301149583e-01,0.000000000000000000e+00,9.178885630498533343e-01,9.390000000000000000e+02
3.763000000000000225e-06,9.185160120643991455e-01,0.000000000000000000e+00,9.188660801564026981e-01,9.400000000000000000e+02
3.764000000000000300e-06,9.187599735986832217e-01,1.000000000000000000e+00,9.188660801564026981e-01,9.400000000000000000e+02
3.765000000000000375e-06,9.190039351329674089e-01,1.000000000000000000e+00,9.188660801564026981e-01,9.400000000000000000e+02
3.766000000000000027e-06,9.192478966672514851e-01,0.000000000000000000e+00,9.188660801564026981e-01,9.400000000000000000e+02
3.767000000000000102e-06,9.194918582015355613e-01,0.000000000000000000e+00,9.198435972629520618e-01,9.410000000000000000e+02
3.768000000000000177e-06,9.197358197358197485e-01,0.000000000000000000e+00,9.198435972629520618e-01,9.410000000000000000e+02
3.769000000000000252e-06,9.199797812701038247e-01,1.000000000000000000e+00,9.198435972629520618e-01,9.410000000000000000e+02
3.770000000000000327e-06,9.202237428043879008e-01,1.000000000000000000e+00,9.198435972629520618e-01,9.410000000000000000e+02
3.771000000000000402e-06,9.204677043386720880e-01,1.000000000000000000e+00,9.208211143695014256e-01,9.420000000000000000e+02
3.772000000000000054e-06,9.207116658729561642e-01,0.000000000000000000e+00,9.208211143695014256e-01,9.420000000000000000e+02
3.773000000000000129e-06,9.209556274072402404e-01,0.000000000000000000e+00,9.208211143695014256e-01,9.420000000000000000e+02
3.774000000000000204e-06,9.211995889415244276e-01,0.000000000000000000e+00,9.208211143695014256e-01,9.420000000000000000e+02
3.775000000000000279e-06,9.214435504758085038e-01,1.000000000000000000e+00,9.217986314760507893e-01,9.430000000000000000e+02
3.776000000000000354e-06,9.216875120100925800e-01,1.000000000000000000e+00,9.217986314760507893e-01,9.430000000000000000e+02
3.777000000000000429e-06,9.219314735443767672e-01,1.000000000000000000e+00,9.217986314760507893e-01,9.430000000000000000e+02
3.778000000000000081e-06,9.221754350786608434e-01,0.000000000000000000e+00,9.217986314760507893e-01,9.430000000000000000e+02
3.779000000000000156e-06,9.224193966129449196e-01,0.000000000000000000e+00,9.227761485826001531e-01,9.440000000000000000e+02
3.780000000000000231e-06,9.226633581472291068e-01,0.000000000000000000e+00,9.227761485826001531e-01,9.440000000000000000e+02
3.781000000000000306e-06,9.229073196815131830e-01,1.000000000000000000e+00,9.227761485826001531e-01,9.440000000000000000e+02
3.782000000000000382e-06,9.231512812157972592e-01,1.000000000000000000e+00,9.227761485826001531e-01,9.440000000000000000e+02
3.783000000000000033e-06,9.233952427500814464e-01,0.000000000000000000e+00,9.237536656891495168e-01,9.450000000000000000e+02
3.784000000000000108e-06,9.236392042843655226e-01,0.000000000000000000e+00,9.237536656891495168e-01,9.450000000000000000e+02
3.785000000000000183e-06,9.238831658186495988e-01,0.000000000000000000e+00,9.237536656891495168e-01,9.450000000000000000e+02
3.786000000000000259e-06,9.241271273529337860e-01,1.000000000000000000e+00,9.237536656891495168e-01,9.450000000000000000e+02
3.787000000000000334e-06,9.243710888872178622e-01,1.000000000000000000e+00,9.247311827956988806e-01,9.460000000000000000e+02
3.788000000000000409e-06,9.246150504215020494e-01,1.000000000000000000e+00,9.247311827956988806e-01,9.460000000000000000e+02
3.789000000000000060e-06,9.248590119557861255e-01,0.000000000000000000e+00,9.247311827956988806e-01,9.460000000000000000e+02
3.790000000000000136e-06,9.251029734900702017e-01,0.000000000000000000e+00,9.247311827956988806e-01,9.460000000000000000e+02
3.791000000000000211e-06,9.253469350243543889e-01,0.000000000000000000e+00,9.257086999022482443e-01,9.470000000000000000e+02
3.792000000000000286e-06,9.255908965586384651e-01,1.000000000000000000e+00,9.257086999022482443e-01,9.470000000000000000e+02
3.793000000000000361e-06,9.258348580929225413e-01,1.000000000000000000e+00,9.257086999022482443e-01,9.470000000000000000e+02
3.794000000000000436e-06,9.260788196272067285e-01,1.000000000000000000e+00,9.257086999022482443e-01,9.470000000000000000e+02
3.795000000000000088e-06,9.263227811614908047e-01,0.000000000000000000e+00,9.266862170087976081e-01,9.480000000000000000e+02
3.796000000000000163e-06,9.265667426957748809e-01,0.000000000000000000e+00,9.266862170087976081e-01,9.480000000000000000e+02
3.797000000000000238e-06,9.268107042300590681e-01,1.000000000000000000e+00,9.266862170087976081e-01,9.480000000000000000e+02
3.798000000000000313e-06,9.270546657643431443e-01,1.000000000000000000e+00,9.266862170087976081e-01,9.480000000000000000e+02
3.799000000000000388e-06,9.272986272986272205e-01,1.000000000000000000e+00,9.276637341153469718e-01,9.490000000000000000e+02
3.800000000000000040e-06,9.275425888329114077e-01,0.000000000000000000e+00,9.276637341153469718e-01,9.490000000000000000e+02
3.801000000000000115e-06,9.277865503671954839e-01,0.000000000000000000e+00,9.276637341153469718e-01,9.490000000000000000e+02
3.802000000000000190e-06,9.280305119014795601e-01,0.000000000000000000e+00,9.276637341153469718e-01,9.490000000000000000e+02
3.803000000000000265e-06,9.282744734357637473e-01,1.000000000000000000e+00,9.286412512218963355e-01,9.500000000000000000e+02
3.804000000000000340e-06,9.285184349700478235e-01,1.000000000000000000e+00,9.286412512218963355e-01,9.500000000000000000e+02
3.805000000000000415e-06,9.287623965043318996e-01,1.000000000000000000e+00,9.286412512218963355e-01,9.500000000000000000e+02
3.806000000000000067e-06,9.290063580386160869e-01,0.000000000000000000e+00,9.286412512218963355e-01,9.500000000000000000e+02
3.807000000000000142e-06,9.292503195729001630e-01,0.000000000000000000e+00,9.296187683284456993e-01,9.510000000000000000e+02
3.808000000000000217e-06,9.294942811071843503e-01,0.000000000000000000e+00,9.296187683284456993e-01,9.510000000000000000e+02
3.809000000000000292e-06,9.297382426414684264e-01,1.000000000000000000e+00,9.296187683284456993e-01,9.510000000000000000e+02
3.810000000000000368e-06,9.299822041757525026e-01,1.000000000000000000e+00,9.296187683284456993e-01,9.510000000000000000e+02
3.811000000000000443e-06,9.302261657100366898e-01,1.000000000000000000e+00,9.305962854349950630e-01,9.520000000000000000e+02
3.812000000000000094e-06,9.304701272443207660e-01,0.000000000000000000e+00,9.305962854349950630e-01,9.520000000000000000e+02
3.813000000000000169e-06,9.307140887786048422e-01,0.000000000000000000e+00,9.305962854349950630e-01,9.520000000000000000e+02
3.814000000000000245e-06,9.309580503128890294e-01,1.000000000000000000e+00,9.305962854349950630e-01,9.520000000000000000e+02
3.814999999999999896e-06,9.312020118471731056e-01,0.000000000000000000e+00,9.315738025415444268e-01,9.530000000000000000e+02
3.816000000000000395e-06,9.314459733814571818e-01,1.000000000000000000e+00,9.315738025415444268e-01,9.530000000000000000e+02
3.817000000000000046e-06,9.316899349157413690e-01,0.000000000000000000e+00,9.315738025415444268e-01,9.530000000000000000e+02
3.818000000000000545e-06,9.319338964500254452e-01,1.000000000000000000e+00,9.315738025415444268e-01,9.530000000000000000e+02
3.819000000000000197e-06,9.321778579843095214e-01,0.000000000000000000e+00,9.325513196480937905e-01,9.540000000000000000e+02
3.819999999999999848e-06,9.324218195185937086e-01,0.000000000000000000e+00,9.325513196480937905e-01,9.540000000000000000e+02
3.821000000000000347e-06,9.326657810528777848e-01,1.000000000000000000e+00,9.325513196480937905e-01,9.540000000000000000e+02
3.821999999999999999e-06,9.329097425871618610e-01,0.000000000000000000e+00,9.325513196480937905e-01,9.540000000000000000e+02
3.823000000000000497e-06,9.331537041214460482e-01,1.000000000000000000e+00,9.335288367546431543e-01,9.550000000000000000e+02
3.824000000000000149e-06,9.333976656557301244e-01,0.000000000000000000e+00,9.335288367546431543e-01,9.550000000000000000e+02
3.825000000000000647e-06,9.336416271900142005e-01,1.000000000000000000e+00,9.335288367546431543e-01,9.550000000000000000e+02
3.826000000000000299e-06,9.338855887242983878e-01,1.000000000000000000e+00,9.335288367546431543e-01,9.550000000000000000e+02
3.826999999999999951e-06,9.341295502585824639e-01,0.000000000000000000e+00,9.345063538611925180e-01,9.560000000000000000e+02
3.828000000000000449e-06,9.343735117928666511e-01,1.000000000000000000e+00,9.345063538611925180e-01,9.560000000000000000e+02
3.829000000000000101e-06,9.346174733271507273e-01,0.000000000000000000e+00,9.345063538611925180e-01,9.560000000000000000e+02
3.830000000000000600e-06,9.348614348614348035e-01,1.000000000000000000e+00,9.345063538611925180e-01,9.560000000000000000e+02
3.831000000000000251e-06,9.351053963957189907e-01,1.000000000000000000e+00,9.354838709677418818e-01,9.570000000000000000e+02
3.831999999999999903e-06,9.353493579300030669e-01,0.000000000000000000e+00,9.354838709677418818e-01,9.570000000000000000e+02
3.833000000000000401e-06,9.355933194642871431e-01,1.000000000000000000e+00,9.354838709677418818e-01,9.570000000000000000e+02
3.834000000000000053e-06,9.358372809985713303e-01,0.000000000000000000e+00,9.354838709677418818e-01,9.570000000000000000e+02
3.835000000000000552e-06,9.360812425328554065e-01,1.000000000000000000e+00,9.364613880742912455e-01,9.580000000000000000e+02
3.836000000000000203e-06,9.363252040671394827e-01,0.000000000000000000e+00,9.364613880742912455e-01,9.580000000000000000e+02
3.836999999999999855e-06,9.365691656014236699e-01,0.000000000000000000e+00,9.364613880742912455e-01,9.580000000000000000e+02
3.838000000000000354e-06,9.368131271357077461e-01,1.000000000000000000e+00,9.364613880742912455e-01,9.580000000000000000e+02
3.839000000000000005e-06,9.370570886699918223e-01,0.000000000000000000e+00,9.374389051808406093e-01,9.590000000000000000e+02
3.840000000000000504e-06,9.373010502042760095e-01,1.000000000000000000e+00,9.374389051808406093e-01,9.590000000000000000e+02
3.841000000000000155e-06,9.375450117385600857e-01,0.000000000000000000e+00,9.374389051808406093e-01,9.590000000000000000e+02
3.842000000000000654e-06,9.377889732728441619e-01,1.000000000000000000e+00,9.374389051808406093e-01,9.590000000000000000e+02
3.843000000000000306e-06,9.380329348071283491e-01,1.000000000000000000e+00,9.384164222873900840e-01,9.600000000000000000e+02
3.843999999999999957e-06,9.382768963414124253e-01,0.000000000000000000e+00,9.384164222873900840e-01,9.600000000000000000e+02
3.845000000000000456e-06,9.385208578756965014e-01,1.000000000000000000e+00,9.384164222873900840e-01,9.600000000000000000e+02
3.846000000000000108e-06,9.387648194099806886e-01,0.000000000000000000e+00,9.384164222873900840e-01,9.600000000000000000e+02
3.847000000000000606e-06,9.390087809442647648e-01,1.000000000000000000e+00,9.393939393939394478e-01,9.610000000000000000e+02
3.848000000000000258e-06,9.392527424785488410e-01,1.000000000000000000e+00,9.393939393939394478e-01,9.610000000000000000e+02
3.848999999999999909e-06,9.394967040128330282e-01,0.000000000000000000e+00,9.393939393939394478e-01,9.610000000000000000e+02
3.850000000000000408e-06,9.397406655471171044e-01,1.000000000000000000e+00,9.393939393939394478e-01,9.610000000000000000e+02
3.851000000000000060e-06,9.399846270814012916e-01,0.000000000000000000e+00,9.403714565004888115e-01,9.620000000000000000e+02
3.852000000000000558e-06,9.402285886156853678e-01,1.000000000000000000e+00,9.403714565004888115e-01,9.620000000000000000e+02
3.853000000000000210e-06,9.404725501499694440e-01,0.000000000000000000e+00,9.403714565004888115e-01,9.620000000000000000e+02
3.853999999999999862e-06,9.407165116842536312e-01,0.000000000000000000e+00,9.403714565004888115e-01,9.620000000000000000e+02
3.855000000000000360e-06,9.409604732185377074e-01,1.000000000000000000e+00,9.413489736070381753e-01,9.630000000000000000e+02
3.856000000000000012e-06,9.412044347528217836e-01,0.000000000000000000e+00,9.413489736070381753e-01,9.630000000000000000e+02
3.857000000000000511e-06,9.414483962871059708e-01,1.000000000000000000e+00,9.413489736070381753e-01,9.630000000000000000e+02
3.858000000000000162e-06,9.416923578213900470e-01,0.000000000000000000e+00,9.413489736070381753e-01,9.630000000000000000e+02
3.859000000000000661e-06,9.419363193556741232e-01,1.000000000000000000e+00,9.423264907135875390e-01,9.640000000000000000e+02
3.860000000000000312e-06,9.421802808899583104e-01,1.000000000000000000e+00,9.423264907135875390e-01,9.640000000000000000e+02
3.860999999999999964e-06,9.424242424242423866e-01,0.000000000000000000e+00,9.423264907135875390e-01,9.640000000000000000e+02
3.862000000000000463e-06,9.426682039585264627e-01,1.000000000000000000e+00,9.423264907135875390e-01,9.640000000000000000e+02
3.863000000000000114e-06,9.429121654928106500e-01,0.000000000000000000e+00,9.433040078201369028e-01,9.650000000000000000e+02
3.864000000000000613e-06,9.431561270270947261e-01,1.000000000000000000e+00,9.433040078201369028e-01,9.650000000000000000e+02
3.865000000000000264e-06,9.434000885613788023e-01,1.000000000000000000e+00,9.433040078201369028e-01,9.650000000000000000e+02
3.865999999999999916e-06,9.436440500956629895e-01,0.000000000000000000e+00,9.433040078201369028e-01,9.650000000000000000e+02
3.867000000000000415e-06,9.438880116299470657e-01,1.000000000000000000e+00,9.442815249266862665e-01,9.660000000000000000e+02
3.868000000000000066e-06,9.441319731642311419e-01,0.000000000000000000e+00,9.442815249266862665e-01,9.660000000000000000e+02
3.869000000000000565e-06,9.443759346985153291e-01,1.000000000000000000e+00,9.442815249266862665e-01,9.660000000000000000e+02
3.870000000000000217e-06,9.446198962327994053e-01,0.000000000000000000e+00,9.442815249266862665e-01,9.660000000000000000e+02
3.870999999999999868e-06,9.448638577670835925e-01,0.000000000000000000e+00,9.452590420332356302e-01,9.670000000000000000e+02
3.872000000000000367e-06,9.451078193013676687e-01,1.000000000000000000e+00,9.452590420332356302e-01,9.670000000000000000e+02
3.873000000000000018e-06,9.453517808356517449e-01,0.000000000000000000e+00,9.452590420332356302e-01,9.670000000000000000e+02
3.874000000000000517e-06,9.455957423699359321e-01,1.000000000000000000e+00,9.452590420332356302e-01,9.670000000000000000e+02
3.875000000000000169e-06,9.458397039042200083e-01,0.000000000000000000e+00,9.462365591397849940e-01,9.680000000000000000e+02
3.875999999999999820e-06,9.460836654385040845e-01,0.000000000000000000e+00,9.462365591397849940e-01,9.680000000000000000e+02
3.877000000000000319e-06,9.463276269727882717e-01,1.000000000000000000e+00,9.462365591397849940e-01,9.680000000000000000e+02
3.877999999999999971e-06,9.465715885070723479e-01,0.000000000000000000e+00,9.462365591397849940e-01,9.680000000000000000e+02
3.879000000000000469e-06,9.468155500413564241e-01,1.000000000000000000e+00,9.472140762463343577e-01,9.690000000000000000e+02
3.880000000000000121e-06,9.470595115756406113e-01,0.000000000000000000e+00,9.472140762463343577e-01,9.690000000000000000e+02
3.881000000000000620e-06,9.473034731099246875e-01,1.000000000000000000e+00,9.472140762463343577e-01,9.690000000000000000e+02
3.882000000000000271e-06,9.475474346442087636e-01,1.000000000000000000e+00,9.472140762463343577e-01,9.690000000000000000e+02
3.882999999999999923e-06,9.477913961784929509e-01,0.000000000000000000e+00,9.481915933528837215e-01,9.700000000000000000e+02
3.884000000000000421e-06,9.480353577127770270e-01,1.000000000000000000e+00,9.481915933528837215e-01,9.700000000000000000e+02
3.885000000000000073e-06,9.482793192470611032e-01,0.000000000000000000e+00,9.481915933528837215e-01,9.700000000000000000e+02
3.886000000000000572e-06,9.485232807813452904e-01,1.000000000000000000e+00,9.481915933528837215e-01,9.700000000000000000e+02
3.887000000000000223e-06,9.487672423156293666e-01,0.000000000000000000e+00,9.491691104594330852e-01,9.710000000000000000e+02
3.887999999999999875e-06,9.490112038499134428e-01,0.000000000000000000e+00,9.491691104594330852e-01,9.710000000000000000e+02
3.889000000000000374e-06,9.492551653841976300e-01,1.000000000000000000e+00,9.491691104594330852e-01,9.710000000000000000e+02
3.890000000000000025e-06,9.494991269184817062e-01,0.000000000000000000e+00,9.491691104594330852e-01,9.710000000000000000e+02
3.891000000000000524e-06,9.497430884527657824e-01,1.000000000000000000e+00,9.501466275659824490e-01,9.720000000000000000e+02
3.892000000000000175e-06,9.499870499870499696e-01,0.000000000000000000e+00,9.501466275659824490e-01,9.720000000000000000e+02
3.892999999999999827e-06,9.502310115213340458e-01,0.000000000000000000e+00,9.501466275659824490e-01,9.720000000000000000e+02
3.894000000000000326e-06,9.504749730556182330e-01,1.000000000000000000e+00,9.501466275659824490e-01,9.720000000000000000e+02
3.894999999999999977e-06,9.507189345899023092e-01,0.000000000000000000e+00,9.511241446725318127e-01,9.730000000000000000e+02
3.896000000000000476e-06,9.509628961241863854e-01,1.000000000000000000e+00,9.511241446725318127e-01,9.730000000000000000e+02
3.897000000000000128e-06,9.512068576584705726e-01,0.000000000000000000e+00,9.511241446725318127e-01,9.730000000000000000e+02
3.898000000000000626e-06,9.514508191927546488e-01,1.000000000000000000e+00,9.511241446725318127e-01,9.730000000000000000e+02
3.899000000000000278e-06,9.516947807270387250e-01,1.000000000000000000e+00,9.521016617790811765e-01,9.740000000000000000e+02
3.899999999999999929e-06,9.519387422613229122e-01,0.000000000000000000e+00,9.521016617790811765e-01,9.740000000000000000e+02
3.901000000000000428e-06,9.521827037956069884e-01,1.000000000000000000e+00,9.521016617790811765e-01,9.740000000000000000e+02
3.902000000000000080e-06,9.524266653298910645e-01,0.000000000000000000e+00,9.521016617790811765e-01,9.740000000000000000e+02
3.903000000000000578e-06,9.526706268641752517e-01,1.000000000000000000e+00,9.530791788856305402e-01,9.750000000000000000e+02
3.904000000000000230e-06,9.529145883984593279e-01,0.000000000000000000e+00,9.530791788856305402e-01,9.750000000000000000e+02
3.904999999999999882e-06,9.531585499327434041e-01,0.000000000000000000e+00,9.530791788856305402e-01,9.750000000000000000e+02
3.906000000000000380e-06,9.534025114670275913e-01,1.000000000000000000e+00,9.530791788856305402e-01,9.750000000000000000e+02
3.907000000000000032e-06,9.536464730013116675e-01,0.000000000000000000e+00,9.540566959921799040e-01,9.760000000000000000e+02
3.908000000000000530e-06,9.538904345355957437e-01,1.000000000000000000e+00,9.540566959921799040e-01,9.760000000000000000e+02
3.909000000000000182e-06,9.541343960698799309e-01,0.000000000000000000e+00,9.540566959921799040e-01,9.760000000000000000e+02
3.909999999999999834e-06,9.543783576041640071e-01,0.000000000000000000e+00,9.540566959921799040e-01,9.760000000000000000e+02
3.911000000000000332e-06,9.546223191384480833e-01,1.000000000000000000e+00,9.550342130987292677e-01,9.770000000000000000e+02
3.911999999999999984e-06,9.548662806727322705e-01,0.000000000000000000e+00,9.550342130987292677e-01,9.770000000000000000e+02
3.913000000000000483e-06,9.551102422070163467e-01,1.000000000000000000e+00,9.550342130987292677e-01,9.770000000000000000e+02
3.914000000000000134e-06,9.553542037413005339e-01,0.000000000000000000e+00,9.550342130987292677e-01,9.770000000000000000e+02
3.915000000000000633e-06,9.555981652755846101e-01,1.000000000000000000e+00,9.560117302052786314e-01,9.780000000000000000e+02
3.916000000000000284e-06,9.558421268098686863e-01,1.000000000000000000e+00,9.560117302052786314e-01,9.780000000000000000e+02
3.916999999999999936e-06,9.560860883441528735e-01,0.000000000000000000e+00,9.560117302052786314e-01,9.780000000000000000e+02
3.918000000000000435e-06,9.563300498784369497e-01,1.000000000000000000e+00,9.560117302052786314e-01,9.780000000000000000e+02
3.919000000000000086e-06,9.565740114127210258e-01,0.000000000000000000e+00,9.569892473118279952e-01,9.790000000000000000e+02
3.920000000000000585e-06,9.568179729470052131e-01,1.000000000000000000e+00,9.569892473118279952e-01,9.790000000000000000e+02
3.921000000000000237e-06,9.570619344812892892e-01,0.000000000000000000e+00,9.569892473118279952e-01,9.790000000000000000e+02
3.921999999999999888e-06,9.573058960155733654e-01,0.000000000000000000e+00,9.569892473118279952e-01,9.790000000000000000e+02
3.923000000000000387e-06,9.575498575498575526e-01,1.000000000000000000e+00,9.579667644183773589e-01,9.800000000000000000e+02
3.924000000000000038e-06,9.577938190841416288e-01,0.000000000000000000e+00,9.579667644183773589e-01,9.800000000000000000e+02
3.925000000000000537e-06,9.580377806184257050e-01,1.000000000000000000e+00,9.579667644183773589e-01,9.800000000000000000e+02
3.926000000000000189e-06,9.582817421527098922e-01,0.000000000000000000e+00,9.579667644183773589e-01,9.800000000000000000e+02
3.926999999999999840e-06,9.585257036869939684e-01,0.000000000000000000e+00,9.589442815249267227e-01,9.810000000000000000e+02
3.928000000000000339e-06,9.587696652212780446e-01,1.000000000000000000e+00,9.589442815249267227e-01,9.810000000000000000e+02
3.928999999999999991e-06,9.590136267555622318e-01,0.000000000000000000e+00,9.589442815249267227e-01,9.810000000000000000e+02
3.930000000000000489e-06,9.592575882898463080e-01,1.000000000000000000e+00,9.589442815249267227e-01,9.810000000000000000e+02
3.931000000000000141e-06,9.595015498241303842e-01,0.000000000000000000e+00,9.599217986314760864e-01,9.820000000000000000e+02
3.932000000000000639e-06,9.597455113584145714e-01,1.000000000000000000e+00,9.599217986314760864e-01,9.820000000000000000e+02
3.933000000000000291e-06,9.599894728926986476e-01,1.000000000000000000e+00,9.599217986314760864e-01,9.820000000000000000e+02
3.933999999999999943e-06,9.602334344269827238e-01,0.000000000000000000e+00,9.599217986314760864e-01,9.820000000000000000e+02
3.935000000000000441e-06,9.604773959612669110e-01,1.000000000000000000e+00,9.608993157380254502e-01,9.830000000000000000e+02
3.936000000000000093e-06,9.607213574955509872e-01,0.000000000000000000e+00,9.608993157380254502e-01,9.830000000000000000e+02
3.937000000000000592e-06,9.609653190298351744e-01,1.000000000000000000e+00,9.608993157380254502e-01,9.830000000000000000e+02
3.938000000000000243e-06,9.612092805641192506e-01,0.000000000000000000e+00,9.608993157380254502e-01,9.830000000000000000e+02
3.938999999999999895e-06,9.614532420984033267e-01,0.000000000000000000e+00,9.618768328445748139e-01,9.840000000000000000e+02
3.940000000000000393e-06,9.616972036326875140e-01,1.000000000000000000e+00,9.618768328445748139e-01,9.840000000000000000e+02
3.941000000000000045e-06,9.619411651669715901e-01,0.000000000000000000e+00,9.618768328445748139e-01,9.840000000000000000e+02
3.942000000000000544e-06,9.621851267012556663e-01,1.000000000000000000e+00,9.618768328445748139e-01,9.840000000000000000e+02
3.943000000000000195e-06,9.624290882355398535e-01,0.000000000000000000e+00,9.628543499511241777e-01,9.850000000000000000e+02
3.943999999999999847e-06,9.626730497698239297e-01,0.000000000000000000e+00,9.628543499511241777e-01,9.850000000000000000e+02
3.945000000000000346e-06,9.629170113041080059e-01,1.000000000000000000e+00,9.628543499511241777e-01,9.850000000000000000e+02
3.945999999999999997e-06,9.631609728383921931e-01,0.000000000000000000e+00,9.628543499511241777e-01,9.850000000000000000e+02
3.947000000000000496e-06,9.634049343726762693e-01,1.000000000000000000e+00,9.638318670576735414e-01,9.860000000000000000e+02
3.948000000000000147e-06,9.636488959069603455e-01,0.000000000000000000e+00,9.638318670576735414e-01,9.860000000000000000e+02
3.949000000000000646e-06,9.638928574412445327e-01,1.000000000000000000e+00,9.638318670576735414e-01,9.860000000000000000e+02
3.950000000000000298e-06,9.641368189755286089e-01,1.000000000000000000e+00,9.638318670576735414e-01,9.860000000000000000e+02
3.950999999999999949e-06,9.643807805098126851e-01,0.000000000000000000e+00,9.648093841642229052e-01,9.870000000000000000e+02
3.952000000000000448e-06,9.646247420440968723e-01,1.000000000000000000e+00,9.648093841642229052e-01,9.870000000000000000e+02
3.953000000000000100e-06,9.648687035783809485e-01,0.000000000000000000e+00,9.648093841642229052e-01,9.870000000000000000e+02
3.954000000000000598e-06,9.651126651126650247e-01,1.000000000000000000e+00,9.648093841642229052e-01,9.870000000000000000e+02
3.955000000000000250e-06,9.653566266469492119e-01,1.000000000000000000e+00,9.657869012707722689e-01,9.880000000000000000e+02
3.955999999999999901e-06,9.656005881812332881e-01,0.000000000000000000e+00,9.657869012707722689e-01,9.880000000000000000e+02
3.957000000000000400e-06,9.658445497155174753e-01,1.000000000000000000e+00,9.657869012707722689e-01,9.880000000000000000e+02
3.958000000000000052e-06,9.660885112498015515e-01,0.000000000000000000e+00,9.657869012707722689e-01,9.880000000000000000e+02
3.959000000000000550e-06,9.663324727840856276e-01,1.000000000000000000e+00,9.667644183773216326e-01,9.890000000000000000e+02
3.960000000000000202e-06,9.665764343183698148e-01,0.000000000000000000e+00,9.667644183773216326e-01,9.890000000000000000e+02
3.960999999999999854e-06,9.668203958526538910e-01,0.000000000000000000e+00,9.667644183773216326e-01,9.890000000000000000e+02
3.962000000000000352e-06,9.670643573869379672e-01,1.000000000000000000e+00,9.667644183773216326e-01,9.890000000000000000e+02
3.963000000000000004e-06,9.673083189212221544e-01,0.000000000000000000e+00,9.677419354838709964e-01,9.900000000000000000e+02
3.964000000000000502e-06,9.675522804555062306e-01,1.000000000000000000e+00,9.677419354838709964e-01,9.900000000000000000e+02
3.965000000000000154e-06,9.677962419897903068e-01,0.000000000000000000e+00,9.677419354838709964e-01,9.900000000000000000e+02
3.966000000000000653e-06,9.680402035240744940e-01,1.000000000000000000e+00,9.677419354838709964e-01,9.900000000000000000e+02
3.967000000000000304e-06,9.682841650583585702e-01,1.000000000000000000e+00,9.687194525904203601e-01,9.910000000000000000e+02
3.967999999999999956e-06,9.685281265926426464e-01,0.000000000000000000e+00,9.687194525904203601e-01,9.910000000000000000e+02
3.969000000000000455e-06,9.687720881269268336e-01,1.000000000000000000e+00,9.687194525904203601e-01,9.910000000000000000e+02
3.970000000000000106e-06,9.690160496612109098e-01,0.000000000000000000e+00,9.687194525904203601e-01,9.910000000000000000e+02
3.971000000000000605e-06,9.692600111954949860e-01,1.000000000000000000e+00,9.696969696969697239e-01,9.920000000000000000e+02
3.972000000000000256e-06,9.695039727297791732e-01,1.000000000000000000e+00,9.696969696969697239e-01,9.920000000000000000e+02
3.972999999999999908e-06,9.697479342640632494e-01,0.000000000000000000e+00,9.696969696969697239e-01,9.920000000000000000e+02
3.974000000000000407e-06,9.699918957983473256e-01,1.000000000000000000e+00,9.696969696969697239e-01,9.920000000000000000e+02
3.975000000000000058e-06,9.702358573326315128e-01,0.000000000000000000e+00,9.706744868035190876e-01,9.930000000000000000e+02
3.976000000000000557e-06,9.704798188669155889e-01,1.000000000000000000e+00,9.706744868035190876e-01,9.930000000000000000e+02
3.977000000000000209e-06,9.707237804011996651e-01,0.000000000000000000e+00,9.706744868035190876e-01,9.930000000000000000e+02
3.977999999999999860e-06,9.709677419354838523e-01,0.000000000000000000e+00,9.706744868035190876e-01,9.930000000000000000e+02
3.979000000000000359e-06,9.712117034697679285e-01,1.000000000000000000e+00,9.716520039100684514e-01,9.940000000000000000e+02
3.980000000000000010e-06,9.714556650040521157e-01,0.000000000000000000e+00,9.716520039100684514e-01,9.940000000000000000e+02
3.981000000000000509e-06,9.716996265383361919e-01,1.000000000000000000e+00,9.716520039100684514e-01,9.940000000000000000e+02
3.982000000000000161e-06,9.719435880726202681e-01,0.000000000000000000e+00,9.716520039100684514e-01,9.940000000000000000e+02
3.983000000000000659e-06,9.721875496069044553e-01,1.000000000000000000e+00,9.726295210166178151e-01,9.950000000000000000e+02
3.984000000000000311e-06,9.724315111411885315e-01,1.000000000000000000e+00,9.726295210166178151e-01,9.950000000000000000e+02
3.984999999999999963e-06,9.726754726754726077e-01,0.000000000000000000e+00,9.726295210166178151e-01,9.950000000000000000e+02
3.986000000000000461e-06,9.729194342097567949e-01,1.000000000000000000e+00,9.726295210166178151e-01,9.950000000000000000e+02
3.987000000000000113e-06,9.731633957440408711e-01,0.000000000000000000e+00,9.736070381231671789e-01,9.960000000000000000e+02
3.988000000000000612e-06,9.734073572783249473e-01,1.000000000000000000e+00,9.736070381231671789e-01,9.960000000000000000e+02
3.989000000000000263e-06,9.736513188126091345e-01,1.000000000000000000e+00,9.736070381231671789e-01,9.960000000000000000e+02
3.989999999999999915e-06,9.738952803468932107e-01,0.000000000000000000e+00,9.736070381231671789e-01,9.960000000000000000e+02
3.991000000000000413e-06,9.741392418811772869e-01,1.000000000000000000e+00,9.745845552297165426e-01,9.970000000000000000e+02
3.992000000000000065e-06,9.743832034154614741e-01,0.000000000000000000e+00,9.745845552297165426e-01,9.970000000000000000e+02
3.993000000000000564e-06,9.746271649497455503e-01,1.000000000000000000e+00,9.745845552297165426e-01,9.970000000000000000e+02
3.994000000000000215e-06,9.748711264840296264e-01,0.000000000000000000e+00,9.745845552297165426e-01,9.970000000000000000e+02
3.994999999999999867e-06,9.751150880183138137e-01,0.000000000000000000e+00,9.755620723362659064e-01,9.980000000000000000e+02
3.996000000000000366e-06,9.753590495525978898e-01,1.000000000000000000e+00,9.755620723362659064e-01,9.980000000000000000e+02
3.997000000000000017e-06,9.756030110868819660e-01,0.000000000000000000e+00,9.755620723362659064e-01,9.980000000000000000e+02
3.998000000000000516e-06,9.758469726211661532e-01,1.000000000000000000e+00,9.755620723362659064e-01,9.980000000000000000e+02
3.999000000000000167e-06,9.760909341554502294e-01,0.000000000000000000e+00,9.765395894428152701e-01,9.990000000000000000e+02
4.000000000000000666e-06,9.763348956897344166e-01,1.000000000000000000e+00,9.765395894428152701e-01,9.990000000000000000e+02
4.001000000000000318e-06,9.765788572240184928e-01,1.000000000000000000e+00,9.765395894428152701e-01,9.990000000000000000e+02
4.001999999999999969e-06,9.768228187583025690e-01,0.000000000000000000e+00,9.765395894428152701e-01,9.990000000000000000e+02
4.003000000000000468e-06,9.770667802925867562e-01,1.000000000000000000e+00,9.775171065493646338e-01,1.000000000000000000e+03
4.004000000000000120e-06,9.773107418268708324e-01,0.000000000000000000e+00,9.775171065493646338e-01,1.000000000000000000e+03
4.005000000000000618e-06,9.775547033611549086e-01,1.000000000000000000e+00,9.775171065493646338e-01,1.000000000000000000e+03
4.006000000000000270e-06,9.777986648954390958e-01,1.000000000000000000e+00,9.775171065493646338e-01,1.000000000000000000e+03
4.006999999999999921e-06,9.780426264297231720e-01,0.000000000000000000e+00,9.784946236559139976e-01,1.001000000000000000e+03
4.008000000000000420e-06,9.782865879640072482e-01,1.000000000000000000e+00,9.784946236559139976e-01,1.001000000000000000e+03
4.009000000000000072e-06,9.785305494982914354e-01,0.000000000000000000e+00,9.784946236559139976e-01,1.001000000000000000e+03
4.010000000000000570e-06,9.787745110325755116e-01,1.000000000000000000e+00,9.784946236559139976e-01,1.001000000000000000e+03
4.011000000000000222e-06,9.790184725668595878e-01,0.000000000000000000e+00,9.794721407624633613e-01,1.002000000000000000e+03
4.011999999999999874e-06,9.792624341011437750e-01,0.000000000000000000e+00,9.794721407624633613e-01,1.002000000000000000e+03
4.013000000000000372e-06,9.795063956354278512e-01,1.000000000000000000e+00,9.794721407624633613e-01,1.002000000000000000e+03
4.014000000000000024e-06,9.797503571697119273e-01,0.000000000000000000e+00,9.794721407624633613e-01,1.002000000000000000e+03
4.015000000000000522e-06,9.799943187039961146e-01,1.000000000000000000e+00,9.804496578690127251e-01,1.003000000000000000e+03
4.016000000000000174e-06,9.802382802382801907e-01,0.000000000000000000e+00,9.804496578690127251e-01,1.003000000000000000e+03
4.017000000000000673e-06,9.804822417725642669e-01,1.000000000000000000e+00,9.804496578690127251e-01,1.003000000000000000e+03
4.018000000000000324e-06,9.807262033068484541e-01,1.000000000000000000e+00,9.804496578690127251e-01,1.003000000000000000e+03
4.018999999999999976e-06,9.809701648411325303e-01,0.000000000000000000e+00,9.814271749755620888e-01,1.004000000000000000e+03
4.020000000000000475e-06,9.812141263754166065e-01,1.000000000000000000e+00,9.814271749755620888e-01,1.004000000000000000e+03
4.021000000000000126e-06,9.814580879097007937e-01,0.000000000000000000e+00,9.814271749755620888e-01,1.004000000000000000e+03
4.022000000000000625e-06,9.817020494439848699e-01,1.000000000000000000e+00,9.814271749755620888e-01,1.004000000000000000e+03
4.023000000000000276e-06,9.819460109782690571e-01,1.000000000000000000e+00,9.824046920821114526e-01,1.005000000000000000e+03
4.023999999999999928e-06,9.821899725125531333e-01,0.000000000000000000e+00,9.824046920821114526e-01,1.005000000000000000e+03
4.025000000000000427e-06,9.824339340468372095e-01,1.000000000000000000e+00,9.824046920821114526e-01,1.005000000000000000e+03
4.026000000000000078e-06,9.826778955811213967e-01,0.000000000000000000e+00,9.824046920821114526e-01,1.005000000000000000e+03
4.027000000000000577e-06,9.829218571154054729e-01,1.000000000000000000e+00,9.833822091886608163e-01,1.006000000000000000e+03
4.028000000000000229e-06,9.831658186496895491e-01,0.000000000000000000e+00,9.833822091886608163e-01,1.006000000000000000e+03
4.028999999999999880e-06,9.834097801839737363e-01,0.000000000000000000e+00,9.833822091886608163e-01,1.006000000000000000e+03
4.030000000000000379e-06,9.836537417182578125e-01,1.000000000000000000e+00,9.833822091886608163e-01,1.006000000000000000e+03
4.031000000000000030e-06,9.838977032525418887e-01,0.000000000000000000e+00,9.843597262952101801e-01,1.007000000000000000e+03
4.032000000000000529e-06,9.841416647868260759e-01,1.000000000000000000e+00,9.843597262952101801e-01,1.007000000000000000e+03
4.033000000000000181e-06,9.843856263211101520e-01,0.000000000000000000e+00,9.843597262952101801e-01,1.007000000000000000e+03
4.033999999999999832e-06,9.846295878553942282e-01,0.000000000000000000e+00,9.843597262952101801e-01,1.007000000000000000e+03
4.035000000000000331e-06,9.848735493896784154e-01,1.000000000000000000e+00,9.853372434017595438e-01,1.008000000000000000e+03
4.035999999999999983e-06,9.851175109239624916e-01,0.000000000000000000e+00,9.853372434017595438e-01,1.008000000000000000e+03
4.037000000000000481e-06,9.853614724582465678e-01,1.000000000000000000e+00,9.853372434017595438e-01,1.008000000000000000e+03
4.038000000000000133e-06,9.856054339925307550e-01,0.000000000000000000e+00,9.853372434017595438e-01,1.008000000000000000e+03
4.039000000000000631e-06,9.858493955268148312e-01,1.000000000000000000e+00,9.863147605083089076e-01,1.009000000000000000e+03
4.040000000000000283e-06,9.860933570610989074e-01,1.000000000000000000e+00,9.863147605083089076e-01,1.009000000000000000e+03
4.040999999999999935e-06,9.863373185953830946e-01,0.000000000000000000e+00,9.863147605083089076e-01,1.009000000000000000e+03
4.042000000000000433e-06,9.865812801296671708e-01,1.000000000000000000e+00,9.863147605083089076e-01,1.009000000000000000e+03
4.043000000000000085e-06,9.868252416639513580e-01,0.000000000000000000e+00,9.872922776148582713e-01,1.010000000000000000e+03
4.044000000000000584e-06,9.870692031982354342e-01,1.000000000000000000e+00,9.872922776148582713e-01,1.010000000000000000e+03
4.045000000000000235e-06,9.873131647325195104e-01,0.000000000000000000e+00,9.872922776148582713e-01,1.010000000000000000e+03
4.045999999999999887e-06,9.875571262668036976e-01,0.000000000000000000e+00,9.872922776148582713e-01,1.010000000000000000e+03
4.047000000000000385e-06,9.878010878010877738e-01,1.000000000000000000e+00,9.882697947214076351e-01,1.011000000000000000e+03
4.048000000000000037e-06,9.880450493353718500e-01,0.000000000000000000e+00,9.882697947214076351e-01,1.011000000000000000e+03
4.049000000000000536e-06,9.882890108696560372e-01,1.000000000000000000e+00,9.882697947214076351e-01,1.011000000000000000e+03
4.050000000000000187e-06,9.885329724039401134e-01,0.000000000000000000e+00,9.882697947214076351e-01,1.011000000000000000e+03
4.050999999999999839e-06,9.887769339382241895e-01,0.000000000000000000e+00,9.892473118279569988e-01,1.012000000000000000e+03
4.052000000000000338e-06,9.890208954725083768e-01,1.000000000000000000e+00,9.892473118279569988e-01,1.012000000000000000e+03
4.052999999999999989e-06,9.892648570067924529e-01,0.000000000000000000e+00,9.892473118279569988e-01,1.012000000000000000e+03
4.054000000000000488e-06,9.895088185410765291e-01,1.000000000000000000e+00,9.892473118279569988e-01,1.012000000000000000e+03
4.055000000000000139e-06,9.897527800753607163e-01,0.000000000000000000e+00,9.902248289345063625e-01,1.013000000000000000e+03
4.056000000000000638e-06,9.899967416096447925e-01,1.000000000000000000e+00,9.902248289345063625e-01,1.013000000000000000e+03
4.057000000000000290e-06,9.902407031439288687e-01,1.000000000000000000e+00,9.902248289345063625e-01,1.013000000000000000e+03
4.057999999999999941e-06,9.904846646782130559e-01,0.000000000000000000e+00,9.902248289345063625e-01,1.013000000000000000e+03
4.059000000000000440e-06,9.907286262124971321e-01,1.000000000000000000e+00,9.912023460410557263e-01,1.014000000000000000e+03
4.060000000000000092e-06,9.909725877467812083e-01,0.000000000000000000e+00,9.912023460410557263e-01,1.014000000000000000e+03
4.061000000000000590e-06,9.912165492810653955e-01,1.000000000000000000e+00,9.912023460410557263e-01,1.014000000000000000e+03
4.062000000000000242e-06,9.914605108153494717e-01,0.000000000000000000e+00,9.912023460410557263e-01,1.014000000000000000e+03
4.062999999999999893e-06,9.917044723496335479e-01,0.000000000000000000e+00,9.921798631476050900e-01,1.015000000000000000e+03
4.064000000000000392e-06,9.919484338839177351e-01,1.000000000000000000e+00,9.921798631476050900e-01,1.015000000000000000e+03
4.065000000000000044e-06,9.921923954182018113e-01,0.000000000000000000e+00,9.921798631476050900e-01,1.015000000000000000e+03
4.066000000000000542e-06,9.924363569524859985e-01,1.000000000000000000e+00,9.921798631476050900e-01,1.015000000000000000e+03
4.067000000000000194e-06,9.926803184867700747e-01,0.000000000000000000e+00,9.931573802541544538e-01,1.016000000000000000e+03
4.067999999999999846e-06,9.929242800210541509e-01,0.000000000000000000e+00,9.931573802541544538e-01,1.016000000000000000e+03
4.069000000000000344e-06,9.931682415553383381e-01,1.000000000000000000e+00,9.931573802541544538e-01,1.016000000000000000e+03
4.069999999999999996e-06,9.934122030896224143e-01,0.000000000000000000e+00,9.931573802541544538e-01,1.016000000000000000e+03
4.071000000000000494e-06,9.936561646239064904e-01,1.000000000000000000e+00,9.941348973607038175e-01,1.017000000000000000e+03
4.072000000000000146e-06,9.939001261581906776e-01,0.000000000000000000e+00,9.941348973607038175e-01,1.017000000000000000e+03
4.073000000000000645e-06,9.941440876924747538e-01,1.000000000000000000e+00,9.941348973607038175e-01,1.017000000000000000e+03
4.074000000000000296e-06,9.943880492267588300e-01,1.000000000000000000e+00,9.941348973607038175e-01,1.017000000000000000e+03
4.074999999999999948e-06,9.946320107610430172e-01,0.000000000000000000e+00,9.951124144672531813e-01,1.018000000000000000e+03
4.076000000000000447e-06,9.948759722953270934e-01,1.000000000000000000e+00,9.951124144672531813e-01,1.018000000000000000e+03
4.077000000000000098e-06,9.951199338296111696e-01,0.000000000000000000e+00,9.951124144672531813e-01,1.018000000000000000e+03
4.078000000000000597e-06,9.953638953638953568e-01,1.000000000000000000e+00,9.951124144672531813e-01,1.018000000000000000e+03
4.079000000000000248e-06,9.956078568981794330e-01,0.000000000000000000e+00,9.960899315738025450e-01,1.019000000000000000e+03
4.079999999999999900e-06,9.958518184324635092e-01,0.000000000000000000e+00,9.960899315738025450e-01,1.019000000000000000e+03
4.081000000000000399e-06,9.960957799667476964e-01,1.000000000000000000e+00,9.960899315738025450e-01,1.019000000000000000e+03
4.082000000000000050e-06,9.963397415010317726e-01,0.000000000000000000e+00,9.960899315738025450e-01,1.019000000000000000e+03
4.083000000000000549e-06,9.965837030353158488e-01,1.000000000000000000e+00,9.970674486803519088e-01,1.020000000000000000e+03
4.084000000000000201e-06,9.968276645696000360e-01,0.000000000000000000e+00,9.970674486803519088e-01,1.020000000000000000e+03
4.084999999999999852e-06,9.970716261038841122e-01,0.000000000000000000e+00,9.970674486803519088e-01,1.020000000000000000e+03
4.086000000000000351e-06,9.973155876381682994e-01,1.000000000000000000e+00,9.970674486803519088e-01,1.020000000000000000e+03
4.087000000000000002e-06,9.975595491724523756e-01,0.000000000000000000e+00,9.980449657869012725e-01,1.021000000000000000e+03
4.088000000000000501e-06,9.978035107067364518e-01,1.000000000000000000e+00,9.980449657869012725e-01,1.021000000000000000e+03
4.089000000000000153e-06,9.980474722410206390e-01,0.000000000000000000e+00,9.980449657869012725e-01,1.021000000000000000e+03
4.090000000000000651e-06,9.982914337753047151e-01,1.000000000000000000e+00,9.980449657869012725e-01,1.021000000000000000e+03
4.091000000000000303e-06,9.985353953095887913e-01,1.000000000000000000e+00,9.990224828934506363e-01,1.022000000000000000e+03
4.091999999999999955e-06,9.987793568438729785e-01,0.000000000000000000e+00,9.990224828934506363e-01,1.022000000000000000e+03
4.093000000000000453e-06,9.990233183781570547e-01,1.000000000000000000e+00,9.990224828934506363e-01,1.022000000000000000e+03
4.094000000000000105e-06,9.992672799124411309e-01,0.000000000000000000e+00,9.990224828934506363e-01,1.022000000000000000e+03
4.095000000000000603e-06,9.995112414467253181e-01,1.000000000000000000e+00,9.990224828934506363e-01,1.022000000000000000e+03
